player_id,transfer_date,transfer_season,from_club_id,to_club_id,from_club_name,to_club_name,transfer_fee,market_value_in_eur,player_name
326029,2026-07-01,26/27,405,12,Aston Villa,Roma,25000000.0,45000000.0,Donyell Malen
606752,2026-07-01,26/27,1075,336,Braga,Sporting,30000000.0,30000000.0,Rodrigo Zalazar
1138758,2026-07-01,26/27,336,631,Sporting,Chelsea,50700000.0,42000000.0,Geovany Quenda
1004301,2026-07-01,26/27,273,31,Stade Rennais,Liverpool,63600000.0,55000000.0,Jérémy Jacquet
830365,2026-07-01,26/27,336,6195,Sporting,Napoli,16500000.0,28000000.0,Alisson Santos
659813,2026-07-01,26/27,15,11,Leverkusen,Arsenal,52000000.0,50000000.0,Piero Hincapié
654982,2026-07-01,26/27,1003,79,Leicester,Stuttgart,15000000.0,35000000.0,Bilal El Khannouss
623325,2026-07-01,26/27,660,294,Shakhtar D.,Benfica,20250000.0,25000000.0,Georgiy Sudakov
610442,2026-07-01,26/27,985,6195,Man Utd,Napoli,44000000.0,60000000.0,Rasmus Højlund
357119,2026-07-01,26/27,31,515,Liverpool,Without Club,,45000000.0,Ibrahima Konaté
559328,2026-07-01,26/27,667,631,R. Strasbourg,Chelsea,,25000000.0,Emmanuel Emegha
425918,2026-07-01,26/27,11,720,Arsenal,Porto,17000000.0,35000000.0,Jakub Kiwior
357498,2026-07-01,26/27,506,515,Juventus,Without Club,,35000000.0,Dušan Vlahović
368887,2026-07-01,26/27,23826,506,Leipzig,Juventus,42750000.0,25000000.0,Loïs Openda
503733,2026-07-01,26/27,762,131,Newcastle,Barcelona,80000000.0,65000000.0,Anthony Gordon
454567,2026-07-01,26/27,294,114,Benfica,Besiktas,30000000.0,25000000.0,Orkun Kökçü
469781,2026-07-01,26/27,989,148,Bournemouth,Tottenham,0.0,25000000.0,Marcos Senesi
659813,2026-06-30,25/26,11,15,Arsenal,Leverkusen,0.0,50000000.0,Piero Hincapié
1005575,2026-06-30,25/26,12321,281,Girona,Man City,0.0,30000000.0,Vitor Reis
971570,2026-06-30,25/26,1041,418,Lyon,Real Madrid,0.0,40000000.0,Endrick
895937,2026-06-30,25/26,1390,800,Cagliari,Atalanta,0.0,35000000.0,Marco Palestra
892160,2026-06-30,25/26,41,148,Hamburg,Tottenham,0.0,60000000.0,Luka Vuskovic
890719,2026-06-30,25/26,244,11,Marseille,Arsenal,0.0,35000000.0,Ethan Nwaneri
834397,2026-06-30,25/26,667,631,R. Strasbourg,Chelsea,0.0,25000000.0,Mike Penders
830365,2026-06-30,25/26,6195,336,Napoli,Sporting,0.0,28000000.0,Alisson Santos
776890,2026-06-30,25/26,27,631,Bayern Munich,Chelsea,0.0,40000000.0,Nicolas Jackson
709372,2026-06-30,25/26,714,1050,Espanyol,Villarreal,0.0,25000000.0,Carlos Romero
700106,2026-06-30,25/26,23826,1237,Leipzig,Brighton,0.0,28000000.0,Brajan Gruda
654982,2026-06-30,25/26,79,1003,Stuttgart,Leicester,0.0,35000000.0,Bilal El Khannouss
623325,2026-06-30,25/26,294,660,Benfica,Shakhtar D.,0.0,25000000.0,Georgiy Sudakov
610442,2026-06-30,25/26,6195,985,Napoli,Man Utd,0.0,60000000.0,Rasmus Højlund
585959,2026-06-30,25/26,24,703,Frankfurt,Nott'm Forest,0.0,25000000.0,Arnaud Kalimuendo
500689,2026-06-30,25/26,873,405,Crystal Palace,Aston Villa,0.0,25000000.0,Evann Guessand
454567,2026-06-30,25/26,114,294,Besiktas,Benfica,0.0,25000000.0,Orkun Kökçü
425918,2026-06-30,25/26,720,11,Porto,Arsenal,0.0,35000000.0,Jakub Kiwior
368887,2026-06-30,25/26,506,23826,Juventus,Leipzig,0.0,25000000.0,Loïs Openda
326029,2026-06-30,25/26,12,405,Roma,Aston Villa,0.0,45000000.0,Donyell Malen
258923,2026-06-30,25/26,131,985,Barcelona,Man Utd,0.0,40000000.0,Marcus Rashford
780136,2026-06-28,26/27,2282,46,Club Brugge,Inter,23000000.0,32000000.0,Aleksandar Stanković
700106,2026-02-02,25/26,1237,23826,Brighton,Leipzig,0.0,28000000.0,Brajan Gruda
921655,2026-02-02,25/26,244,6574,Marseille,Sassuolo,10000000.0,14000000.0,Ismaël Koné
830365,2026-02-02,25/26,336,6195,Sporting,Napoli,0.0,4000000.0,Alisson Santos
406040,2026-02-02,25/26,800,13,Atalanta,Atlético,35000000.0,35000000.0,Ademola Lookman
429983,2026-02-02,25/26,543,873,Wolves,Crystal Palace,49700000.0,40000000.0,Jørgen Strand Larsen
921655,2026-02-01,25/26,6574,244,Sassuolo,Marseille,0.0,14000000.0,Ismaël Koné
500689,2026-01-30,25/26,405,873,Aston Villa,Crystal Palace,0.0,28000000.0,Evann Guessand
661207,2026-01-30,25/26,281,931,Man City,Fulham,31200000.0,25000000.0,Oscar Bobb
444523,2026-01-28,25/26,379,614,West Ham,Flamengo,42000000.0,35000000.0,Lucas Paquetá
1012564,2026-01-27,25/26,978,989,Vasco da Gama,Bournemouth,28500000.0,25000000.0,Rayan
420213,2026-01-23,25/26,234,244,Feyenoord,Marseille,4500000.0,25000000.0,Quinten Timber
890719,2026-01-23,25/26,11,244,Arsenal,Marseille,0.0,40000000.0,Ethan Nwaneri
392757,2026-01-19,25/26,873,281,Crystal Palace,Man City,23000000.0,55000000.0,Marc Guéhi
326029,2026-01-16,25/26,405,12,Aston Villa,Roma,0.0,25000000.0,Donyell Malen
488362,2026-01-14,25/26,13,148,Atlético,Tottenham,40000000.0,35000000.0,Conor Gallagher
470394,2026-01-09,25/26,610,398,Ajax,Lazio,16850000.0,23000000.0,Kenneth Taylor
583255,2026-01-09,25/26,989,281,Bournemouth,Man City,72000000.0,65000000.0,Antoine Semenyo
465830,2026-01-08,25/26,398,36,Lazio,Fenerbahçe,28000000.0,28000000.0,Mattéo Guendouzi
585959,2026-01-07,25/26,703,24,Nott'm Forest,Frankfurt,0.0,25000000.0,Arnaud Kalimuendo
1162012,2026-01-07,25/26,2300,720,Jagiellonia,Porto,8000000.0,12000000.0,Oskar Pietuszewski
522784,2026-01-05,25/26,398,379,Lazio,West Ham,29000000.0,25000000.0,Taty Castellanos
470607,2026-01-02,25/26,148,873,Tottenham,Crystal Palace,40000000.0,35000000.0,Brennan Johnson
971570,2026-01-01,25/26,418,1041,Real Madrid,Lyon,0.0,25000000.0,Endrick
729814,2025-09-01,25/26,1041,1050,Lyon,Villarreal,31000000.0,22000000.0,Georges Mikautadze
659813,2025-09-01,25/26,15,11,Leverkusen,Arsenal,0.0,50000000.0,Piero Hincapié
660867,2025-09-01,25/26,1237,667,Brighton,R. Strasbourg,9500000.0,22000000.0,Julio Enciso
610442,2025-09-01,25/26,985,6195,Man Utd,Napoli,0.0,35000000.0,Rasmus Højlund
776890,2025-09-01,25/26,631,27,Chelsea,Bayern Munich,0.0,50000000.0,Nicolas Jackson
900195,2025-09-01,25/26,660,931,Shakhtar D.,Fulham,40000000.0,12000000.0,Kevin
1006411,2025-09-01,25/26,415,873,Toulouse,Crystal Palace,23000000.0,4000000.0,Jaydee Canvot
654982,2025-09-01,25/26,1003,79,Leicester,Stuttgart,0.0,28000000.0,Bilal El Khannouss
425918,2025-09-01,25/26,11,720,Arsenal,Porto,0.0,28000000.0,Jakub Kiwior
602105,2025-09-01,25/26,985,150,Man Utd,Real Betis,22000000.0,35000000.0,Antony
349066,2025-09-01,25/26,762,31,Newcastle,Liverpool,145000000.0,120000000.0,Alexander Isak
540664,2025-09-01,25/26,667,703,R. Strasbourg,Nott'm Forest,35000000.0,25000000.0,Dilane Bakwa
315858,2025-09-01,25/26,583,281,PSG,Man City,30000000.0,40000000.0,Gianluigi Donnarumma
368887,2025-09-01,25/26,23826,506,Leipzig,Juventus,0.0,50000000.0,Loïs Openda
503883,2025-09-01,25/26,1096,985,Royal Antwerp,Man Utd,21000000.0,9000000.0,Senne Lammens
473169,2025-09-01,25/26,610,289,Ajax,Sunderland,20000000.0,22000000.0,Brian Brobbey
388165,2025-09-01,25/26,1148,762,Brentford,Newcastle,57700000.0,32000000.0,Yoane Wissa
344381,2025-08-30,25/26,631,5,Chelsea,AC Milan,37000000.0,35000000.0,Christopher Nkunku
455661,2025-08-30,25/26,79,762,Stuttgart,Newcastle,75000000.0,30000000.0,Nick Woltemade
623325,2025-08-30,25/26,660,294,Shakhtar D.,Benfica,0.0,32000000.0,Georgiy Sudakov
811779,2025-08-30,25/26,985,631,Man Utd,Chelsea,46200000.0,45000000.0,Alejandro Garnacho
892160,2025-08-29,25/26,148,41,Tottenham,Hamburg,0.0,12000000.0,Luka Vuskovic
880245,2025-08-29,25/26,180,379,Southampton,West Ham,44000000.0,15000000.0,Mateus Fernandes
568157,2025-08-29,25/26,1050,873,Villarreal,Crystal Palace,30000000.0,30000000.0,Yéremy Pino
566931,2025-08-29,25/26,23826,148,Leipzig,Tottenham,65000000.0,70000000.0,Xavi Simons
461607,2025-08-28,25/26,1420,273,Angers SCO,Stade Rennais,13500000.0,7000000.0,Estéban Lepaul
648779,2025-08-28,25/26,162,141,Monaco,Galatasaray,30770000.0,25000000.0,Wilfried Singo
895937,2025-08-26,25/26,800,1390,Atalanta,Cagliari,0.0,3500000.0,Marco Palestra
579459,2025-08-25,25/26,2790,533,FC Lugano,Hoffenheim,5000000.0,12000000.0,Albian Hajdari
672381,2025-08-24,25/26,244,1025,Marseille,Bologna,17000000.0,12000000.0,Jonathan Rowe
479999,2025-08-23,25/26,873,11,Crystal Palace,Arsenal,69300000.0,55000000.0,Eberechi Eze
805714,2025-08-22,25/26,631,1050,Chelsea,Villarreal,24500000.0,25000000.0,Renato Veiga
346890,2025-08-21,25/26,5,399,AC Milan,Leeds,19000000.0,13000000.0,Noah Okafor
434433,2025-08-20,25/26,1005,800,Lecce,Atalanta,25000000.0,15000000.0,Nikola Krstović
808348,2025-08-20,25/26,170,826,Rapid Vienna,Lens,8000000.0,6000000.0,Mamadou Sangaré
585959,2025-08-18,25/26,273,703,Stade Rennais,Nott'm Forest,30000000.0,22000000.0,Arnaud Kalimuendo
503749,2025-08-17,25/26,405,762,Aston Villa,Newcastle,45150000.0,32000000.0,Jacob Ramsey
823231,2025-08-16,25/26,989,1148,Bournemouth,Brentford,42800000.0,28000000.0,Dango Ouattara
741238,2025-08-16,25/26,677,703,Ipswich,Nott'm Forest,43400000.0,22000000.0,Omari Hutchinson
957874,2025-08-15,25/26,1467,23826,Göztepe,Leipzig,20000000.0,11000000.0,Rômulo
1086619,2025-08-15,25/26,130,31,Parma,Liverpool,29450000.0,18000000.0,Giovanni Leoni
1057316,2025-08-14,25/26,209,418,River Plate,Real Madrid,45000000.0,30000000.0,Franco Mastantuono
463605,2025-08-13,25/26,1082,989,Lille,Bournemouth,35000000.0,28000000.0,Bafodé Diakité
521964,2025-08-12,25/26,5,762,AC Milan,Newcastle,35000000.0,18000000.0,Malick Thiaw
659089,2025-08-12,25/26,989,583,Bournemouth,PSG,63000000.0,42000000.0,Ilya Zabarnyi
718303,2025-08-12,25/26,1090,15,AZ Alkmaar,Leverkusen,10000000.0,4000000.0,Ernest Poku
627442,2025-08-09,25/26,23826,985,Leipzig,Man Utd,76500000.0,70000000.0,Benjamin Sesko
463600,2025-08-09,25/26,1082,583,Lille,PSG,40000000.0,30000000.0,Lucas Chevalier
569366,2025-08-09,25/26,79,18487,Stuttgart,Al-Ahli,30000000.0,35000000.0,Enzo Millot
500689,2025-08-08,25/26,417,405,Nice,Aston Villa,30000000.0,25000000.0,Evann Guessand
1005575,2025-08-08,25/26,281,12321,Man City,Girona,0.0,30000000.0,Vitor Reis
475188,2025-08-06,25/26,631,29,Chelsea,Everton,28650000.0,20000000.0,Kiernan Dewsbury-Hall
608172,2025-08-06,25/26,2282,5,Club Brugge,AC Milan,36000000.0,32000000.0,Ardon Jashari
618494,2025-08-05,25/26,31,1041,Liverpool,Lyon,10000000.0,7000000.0,Tyler Morton
904802,2025-08-03,25/26,610,631,Ajax,Chelsea,44180000.0,35000000.0,Jorrel Hato
1241207,2025-08-01,25/26,10851,995,FC Nantes U19,FC Nantes,,,Tylel Tati
646991,2025-08-01,25/26,467,289,NEC Nijmegen,Sunderland,10500000.0,4000000.0,Robin Roefs
653610,2025-08-01,25/26,234,244,Feyenoord,Marseille,30000000.0,35000000.0,Igor Paixão
948278,2025-07-31,25/26,6767,1047,RM Castilla,Como,2500000.0,1000000.0,Jacobo Ramón
365108,2025-07-31,25/26,1025,703,Bologna,Nott'm Forest,42000000.0,35000000.0,Dan Ndoye
401923,2025-07-31,25/26,6195,141,Napoli,Galatasaray,75000000.0,70000000.0,Victor Osimhen
480692,2025-07-30,25/26,31,27,Liverpool,Bayern Munich,70000000.0,70000000.0,Luis Díaz
462250,2025-07-29,25/26,631,18544,Chelsea,Al-Nassr,35000000.0,20000000.0,João Félix
566799,2025-07-29,25/26,1132,281,Burnley,Man City,31200000.0,22000000.0,James Trafford
921655,2025-07-29,25/26,244,6574,Marseille,Sassuolo,0.0,9000000.0,Ismaël Koné
424784,2025-07-28,25/26,3302,336,UD Almería,Sporting,22950000.0,8000000.0,Luis Suárez
834397,2025-07-28,25/26,631,667,Chelsea,R. Strasbourg,0.0,12000000.0,Mike Penders
964580,2025-07-28,25/26,614,12,Flamengo,Roma,25000000.0,20000000.0,Wesley
1064871,2025-07-27,25/26,1108,667,Alavés,R. Strasbourg,17000000.0,7000000.0,Joaquín Panichelli
325443,2025-07-26,25/26,336,11,Sporting,Arsenal,66900000.0,75000000.0,Viktor Gyökeres
646750,2025-07-24,25/26,1049,11,Valencia,Arsenal,15000000.0,30000000.0,Cristhian Mosquera
780136,2025-07-24,25/26,46,2282,Inter,Club Brugge,9500000.0,11000000.0,Aleksandar Stanković
404418,2025-07-24,25/26,234,13,Feyenoord,Atlético,26000000.0,30000000.0,Dávid Hancko
548254,2025-07-24,25/26,3057,1082,Standard Liège,Lille,3000000.0,3500000.0,Nathan Ngoy
258923,2025-07-23,25/26,985,131,Man Utd,Barcelona,0.0,50000000.0,Marcus Rashford
709726,2025-07-23,25/26,24,31,Frankfurt,Liverpool,95000000.0,75000000.0,Hugo Ekitiké
844637,2025-07-23,25/26,3302,13,UD Almería,Atlético,16000000.0,4000000.0,Marc Pubill
926993,2025-07-23,25/26,190,720,Copenhagen,Porto,20000000.0,12000000.0,Victor Froholdt
344069,2025-07-22,25/26,533,399,Hoffenheim,Leeds,20000000.0,14000000.0,Anton Stach
487474,2025-07-22,25/26,720,506,Porto,Juventus,32000000.0,28000000.0,Francisco Conceição
735573,2025-07-22,25/26,1023,294,Palmeiras,Benfica,27000000.0,16000000.0,Richard Ríos
554903,2025-07-21,25/26,800,26069,Atalanta,Al-Qadsiah,61750000.0,45000000.0,Mateo Retegui
413039,2025-07-21,25/26,1148,985,Brentford,Man Utd,75000000.0,55000000.0,Bryan Mbeumo
668547,2025-07-18,25/26,281,1047,Man City,Como,13000000.0,12000000.0,Máximo Perrone
808509,2025-07-18,25/26,703,537,Nott'm Forest,Botafogo,23000000.0,28000000.0,Danilo
503987,2025-07-18,25/26,631,11,Chelsea,Arsenal,56000000.0,40000000.0,Noni Madueke
655217,2025-07-17,25/26,409,826,Salzburg,Lens,8000000.0,8000000.0,Samson Baidoo
465555,2025-07-16,25/26,631,989,Chelsea,Bournemouth,28900000.0,20000000.0,Djordje Petrovic
1084638,2025-07-16,25/26,2491,86,W. Bremen U19,Werder Bremen,,,Karim Coulibaly
1390649,2025-07-16,25/26,1244,23826,CD Leganés,Leipzig,20000000.0,1500000.0,Yan Diomande
487474,2025-07-15,24/25,506,720,Juventus,Porto,0.0,28000000.0,Francisco Conceição
1111589,2025-07-15,25/26,62,379,Slavia Praha,West Ham,22000000.0,18000000.0,El Hadji Malick Diouf
811778,2025-07-14,25/26,294,418,Benfica,Real Madrid,50000000.0,35000000.0,Álvaro Carreras
1056993,2025-07-14,25/26,1023,631,Palmeiras,Chelsea,45000000.0,60000000.0,Estêvão
467437,2025-07-12,25/26,383,15,PSV,Leverkusen,35000000.0,32000000.0,Malik Tillman
935231,2025-07-11,25/26,6767,331,RM Castilla,CA Osasuna,5000000.0,1000000.0,Víctor Muñoz
1364454,2025-07-11,25/26,1532,15,Albacete,Leverkusen,5250000.0,5000000.0,Christian Kofane
454567,2025-07-11,25/26,294,114,Benfica,Besiktas,0.0,30000000.0,Orkun Kökçü
583189,2025-07-11,25/26,703,762,Nott'm Forest,Newcastle,61400000.0,42000000.0,Anthony Elanga
543499,2025-07-10,25/26,379,148,West Ham,Tottenham,63800000.0,45000000.0,Mohammed Kudus
743384,2025-07-09,25/26,2282,289,Club Brugge,Sunderland,20000000.0,8000000.0,Chemsdine Talbi
937941,2025-07-09,25/26,1050,29,Villarreal,Everton,30000000.0,20000000.0,Thierno Barry
423440,2025-07-06,25/26,681,11,Real Sociedad,Arsenal,70000000.0,60000000.0,Martín Zubimendi
432164,2025-07-05,25/26,537,703,Botafogo,Nott'm Forest,19000000.0,15000000.0,Igor Jesus
670882,2025-07-05,25/26,16,631,Dortmund,Chelsea,56000000.0,50000000.0,Jamie Gittens
827734,2025-07-05,25/26,130,46,Parma,Inter,23000000.0,20000000.0,Ange-Yoan Bonny
1077175,2025-07-04,25/26,252,800,Genoa,Atalanta,16000000.0,5000000.0,Honest Ahanor
727089,2025-07-04,25/26,3948,289,Union SG,Sunderland,17000000.0,12000000.0,Noah Sadiki
743515,2025-07-04,25/26,667,826,R. Strasbourg,Lens,3000000.0,1500000.0,Robin Risser
533738,2025-07-04,25/26,1082,506,Lille,Juventus,0.0,45000000.0,Jonathan David
333647,2025-07-04,25/26,39,24,Mainz,Frankfurt,21000000.0,35000000.0,Jonathan Burkardt
548111,2025-07-02,25/26,1050,13,Villarreal,Atlético,42000000.0,55000000.0,Álex Baena
626724,2025-07-02,25/26,1237,631,Brighton,Chelsea,63700000.0,50000000.0,João Pedro
632349,2025-07-02,25/26,31,15,Liverpool,Leverkusen,35000000.0,20000000.0,Jarell Quansah
849410,2025-07-02,25/26,1237,667,Brighton,R. Strasbourg,10000000.0,12000000.0,Valentín Barco
1190411,2025-07-02,25/26,150,1047,Real Betis,Como,22500000.0,30000000.0,Jesús Rodríguez
892160,2025-07-01,25/26,447,148,Hajduk Split,Tottenham,11000000.0,12000000.0,Luka Vuskovic
733576,2025-07-01,25/26,472,1050,UD Las Palmas,Villarreal,16000000.0,25000000.0,Alberto Moleiro
823486,2025-07-01,25/26,430,1148,Fiorentina,Brentford,17500000.0,18000000.0,Michael Kayode
830365,2025-07-01,25/26,2125,336,EC Vitória,Sporting,2100000.0,1500000.0,Alisson Santos
855308,2025-07-01,25/26,347,410,FC Metz,Udinese,8000000.0,8000000.0,Arthur Atta
876631,2025-07-01,25/26,667,289,R. Strasbourg,Sunderland,31500000.0,20000000.0,Habib Diarra
1073632,2025-07-01,25/26,11137,159,Red Star U19,Red Star,,500000.0,Vasilije Kostov
905011,2025-07-01,25/26,44,15,Hertha BSC,Leverkusen,12000000.0,12000000.0,Ibrahim Maza
1060087,2025-07-01,25/26,683,1237,Olympiacos,Brighton,35000000.0,12000000.0,Charalampos Kostoulas
717329,2025-07-01,25/26,42,2282,Hannover 96,Club Brugge,7500000.0,9000000.0,Nicolò Tresoldi
1105541,2025-07-01,25/26,30857,58,RSCA Futures,RSC Anderlecht,,2500000.0,Nathan De Cat
1108466,2025-07-01,25/26,6922,31,Liverpool U18,Liverpool,,,Rio Ngumoha
1185888,2025-07-01,25/26,43570,583,Paris SG U23,PSG,,3000000.0,Ibrahim Mbaye
1187629,2025-07-01,25/26,5679,11,Arsenal U18,Arsenal,,,Max Dowman
730861,2025-07-01,25/26,989,31,Bournemouth,Liverpool,46900000.0,45000000.0,Milos Kerkez
735568,2025-07-01,25/26,6195,150,Napoli,Real Betis,9000000.0,9000000.0,Natan
679423,2025-07-01,25/26,41101,6574,Juve Next Gen,Sassuolo,2000000.0,7000000.0,Tarik Muharemović
580451,2025-07-01,25/26,419,1047,Dinamo Zagreb,Como,18000000.0,22000000.0,Martin Baturina
672381,2025-07-01,25/26,1123,244,Norwich,Marseille,14500000.0,12000000.0,Jonathan Rowe
429983,2025-07-01,25/26,940,543,Celta de Vigo,Wolves,27000000.0,30000000.0,Jørgen Strand Larsen
484547,2025-07-01,25/26,15,31,Leverkusen,Liverpool,40000000.0,50000000.0,Jeremie Frimpong
517894,2025-07-01,25/26,543,985,Wolves,Man Utd,74200000.0,60000000.0,Matheus Cunha
525704,2025-07-01,25/26,506,398,Juventus,Lazio,17000000.0,30000000.0,Nicolò Rovella
561613,2025-07-01,25/26,714,131,Espanyol,Barcelona,25000000.0,25000000.0,Joan García
340918,2025-07-01,25/26,31,1148,Liverpool,Brentford,14800000.0,20000000.0,Caoimhín Kelleher
585949,2025-07-01,25/26,5,506,AC Milan,Juventus,14300000.0,28000000.0,Pierre Kalulu
616631,2025-07-01,25/26,800,13,Atalanta,Atlético,17000000.0,16000000.0,Matteo Ruggeri
633992,2025-07-01,25/26,12,289,Roma,Sunderland,23750000.0,18000000.0,Enzo Le Fée
654539,2025-07-01,25/26,273,989,Stade Rennais,Bournemouth,13500000.0,15000000.0,Adrien Truffert
667457,2025-07-01,25/26,26,533,Basel,Hoffenheim,8000000.0,10000000.0,Leon Avdullahu
668606,2025-07-01,25/26,206,60,Bröndby IF,Freiburg,10000000.0,10000000.0,Yuito Suzuki
598577,2025-07-01,25/26,15,31,Leverkusen,Liverpool,125000000.0,140000000.0,Florian Wirtz
849410,2025-06-30,24/25,667,1237,R. Strasbourg,Brighton,0.0,12000000.0,Valentín Barco
711374,2025-06-30,24/25,13222,681,CD Mirandés,Real Sociedad,0.0,3000000.0,Jon Gorrotxategi
735568,2025-06-30,24/25,150,6195,Real Betis,Napoli,0.0,9000000.0,Natan
743515,2025-06-30,24/25,1154,667,Red Star FC,R. Strasbourg,0.0,1500000.0,Robin Risser
780136,2025-06-30,24/25,434,46,FC Luzern,Inter,0.0,11000000.0,Aleksandar Stanković
823486,2025-06-30,24/25,1148,430,Brentford,Fiorentina,0.0,18000000.0,Michael Kayode
955357,2025-06-30,24/25,1158,989,FC Lorient,Bournemouth,0.0,15000000.0,Junior Kroupi
855308,2025-06-30,24/25,410,347,Udinese,FC Metz,0.0,8000000.0,Arthur Atta
892160,2025-06-30,24/25,968,447,KVC Westerlo,Hajduk Split,0.0,12000000.0,Luka Vuskovic
921655,2025-06-30,24/25,273,244,Stade Rennais,Marseille,0.0,9000000.0,Ismaël Koné
1064871,2025-06-30,24/25,13222,1108,CD Mirandés,Alavés,0.0,7000000.0,Joaquín Panichelli
1168219,2025-06-30,24/25,1622,3,Viktoria Köln,1.FC Köln,0.0,3000000.0,Said El Mala
672381,2025-06-30,24/25,244,1123,Marseille,Norwich,0.0,12000000.0,Jonathan Rowe
679423,2025-06-30,24/25,6574,41101,Sassuolo,Juve Next Gen,0.0,7000000.0,Tarik Muharemović
668547,2025-06-30,24/25,1047,281,Como,Man City,0.0,12000000.0,Máximo Perrone
660867,2025-06-30,24/25,677,1237,Ipswich,Brighton,0.0,22000000.0,Julio Enciso
502676,2025-06-30,24/25,1049,31,Valencia,Liverpool,0.0,30000000.0,Giorgi Mamardashvili
258923,2025-06-30,24/25,405,985,Aston Villa,Man Utd,0.0,50000000.0,Marcus Rashford
401923,2025-06-30,24/25,141,6195,Galatasaray,Napoli,0.0,70000000.0,Victor Osimhen
429983,2025-06-30,24/25,543,940,Wolves,Celta de Vigo,0.0,30000000.0,Jørgen Strand Larsen
462250,2025-06-30,24/25,5,631,AC Milan,Chelsea,0.0,20000000.0,João Félix
465555,2025-06-30,24/25,667,631,R. Strasbourg,Chelsea,0.0,20000000.0,Djordje Petrovic
346890,2025-06-30,24/25,6195,5,Napoli,AC Milan,0.0,13000000.0,Noah Okafor
524290,2025-06-30,24/25,64,533,SV Elversberg,Hoffenheim,0.0,8000000.0,Fisnik Asllani
585949,2025-06-30,24/25,506,5,Juventus,AC Milan,0.0,28000000.0,Pierre Kalulu
602105,2025-06-30,24/25,150,985,Real Betis,Man Utd,0.0,35000000.0,Antony
633992,2025-06-30,24/25,289,12,Sunderland,Roma,0.0,18000000.0,Enzo Le Fée
525704,2025-06-30,24/25,398,506,Lazio,Juventus,0.0,30000000.0,Nicolò Rovella
796297,2025-06-10,25/26,289,16,Sunderland,Dortmund,30500000.0,22000000.0,Jobe Bellingham
930781,2025-06-10,24/25,3522,46,Spezia Calcio,Inter,0.0,25000000.0,Pio Esposito
805714,2025-06-10,24/25,506,631,Juventus,Chelsea,0.0,18000000.0,Renato Veiga
607223,2025-06-10,25/26,1041,281,Lyon,Man City,36500000.0,45000000.0,Rayan Cherki
460939,2025-06-10,25/26,5,281,AC Milan,Man City,54900000.0,50000000.0,Tijjani Reijnders
196357,2025-06-09,25/26,15,27,Leverkusen,Bayern Munich,2000000.0,30000000.0,Jonathan Tah
578391,2025-06-09,25/26,543,281,Wolves,Man City,36800000.0,35000000.0,Rayan Aït-Nouri
822959,2025-06-09,25/26,533,27,Hoffenheim,Bayern Munich,300000.0,30000000.0,Tom Bischof
699704,2025-06-05,25/26,18487,720,Al-Ahli,Porto,14970000.0,18000000.0,Gabri Veiga
610849,2025-06-04,25/26,677,631,Ipswich,Chelsea,35500000.0,40000000.0,Liam Delap
1075147,2025-06-01,25/26,1462,27,FC Bayern U19,Bayern Munich,,,Lennart Karl
935230,2025-06-01,25/26,6767,418,RM Castilla,Real Madrid,,5000000.0,Gonzalo García
890290,2025-06-01,25/26,989,418,Bournemouth,Real Madrid,62500000.0,60000000.0,Dean Huijsen
834397,2025-06-01,24/25,1184,631,Genk,Chelsea,0.0,10000000.0,Mike Penders
314353,2025-06-01,25/26,31,418,Liverpool,Real Madrid,10000000.0,75000000.0,Trent Alexander-Arnold
668207,2025-06-01,25/26,419,46,Dinamo Zagreb,Inter,14600000.0,14000000.0,Petar Sučić
743600,2025-05-31,24/25,667,631,R. Strasbourg,Chelsea,0.0,25000000.0,Andrey Santos
830365,2025-03-31,24/25,2639,2125,Leiria,EC Vitória,0.0,1500000.0,Alisson Santos
943837,2025-02-28,24/25,131,1023,Barcelona,Palmeiras,25500000.0,20000000.0,Vitor Roque
943837,2025-02-27,24/25,150,131,Real Betis,Barcelona,0.0,20000000.0,Vitor Roque
955357,2025-02-04,24/25,989,1158,Bournemouth,FC Lorient,0.0,10000000.0,Junior Kroupi
921655,2025-02-03,24/25,244,273,Marseille,Stade Rennais,0.0,12000000.0,Ismaël Koné
1004301,2025-02-03,24/25,3524,273,Clermont Foot,Stade Rennais,0.0,1000000.0,Jérémy Jacquet
955357,2025-02-03,24/25,1158,989,FC Lorient,Bournemouth,13000000.0,10000000.0,Junior Kroupi
924117,2025-02-03,24/25,4,79,1.FC Nuremberg,Stuttgart,9500000.0,5000000.0,Finn Jeltsch
523318,2025-02-03,24/25,940,1047,Celta de Vigo,Como,14000000.0,5000000.0,Anastasios Douvikas
466805,2025-02-03,24/25,720,281,Porto,Man City,60000000.0,18000000.0,Nico González
462250,2025-02-03,24/25,631,5,Chelsea,AC Milan,0.0,30000000.0,João Félix
346890,2025-02-03,24/25,5,6195,AC Milan,Napoli,0.0,15000000.0,Noah Okafor
258923,2025-02-02,24/25,985,405,Man Utd,Aston Villa,0.0,55000000.0,Marcus Rashford
849410,2025-02-02,24/25,1237,667,Brighton,R. Strasbourg,0.0,6000000.0,Valentín Barco
926952,2025-02-02,24/25,1005,985,Lecce,Man Utd,30000000.0,20000000.0,Patrick Dorgu
849410,2025-02-01,24/25,368,1237,Sevilla FC,Brighton,0.0,6000000.0,Valentín Barco
1067904,2025-02-01,24/25,1059,533,Hammarby,Hoffenheim,10000000.0,9000000.0,Bazoumana Touré
1078163,2025-02-01,24/25,9249,985,Arsenal U21,Man Utd,1800000.0,300000.0,Ayden Heaven
418659,2025-01-31,24/25,273,244,Stade Rennais,Marseille,19000000.0,20000000.0,Amine Gouiri
1004725,2025-01-31,24/25,585,720,São Paulo,Porto,9000000.0,6000000.0,William Gomes
566931,2025-01-30,24/25,583,23826,PSG,Leipzig,50000000.0,80000000.0,Xavi Simons
566931,2025-01-29,24/25,23826,583,Leipzig,PSG,0.0,80000000.0,Xavi Simons
805714,2025-01-27,24/25,631,506,Chelsea,Juventus,0.0,10000000.0,Renato Veiga
602105,2025-01-25,24/25,985,150,Man Utd,Real Betis,0.0,20000000.0,Antony
823486,2025-01-24,24/25,430,1148,Fiorentina,Brentford,0.0,18000000.0,Michael Kayode
957874,2025-01-24,24/25,679,1467,Athletico-PR,Göztepe,5300000.0,3700000.0,Rômulo
445939,2025-01-23,24/25,24,281,Frankfurt,Man City,75000000.0,60000000.0,Omar Marmoush
660867,2025-01-23,24/25,1237,677,Brighton,Ipswich,0.0,22000000.0,Julio Enciso
957874,2025-01-23,24/25,1467,679,Göztepe,Athletico-PR,0.0,3700000.0,Rômulo
1005575,2025-01-21,24/25,1023,281,Palmeiras,Man City,37000000.0,14000000.0,Vitor Reis
800175,2025-01-20,24/25,537,964,Botafogo,Zenit S-Pb,33000000.0,22000000.0,Luiz Henrique
763079,2025-01-20,24/25,826,281,Lens,Man City,40000000.0,12000000.0,Abdukodir Khusanov
502670,2025-01-17,24/25,6195,583,Napoli,PSG,80000000.0,85000000.0,Khvicha Kvaratskhelia
346314,2025-01-15,24/25,873,631,Crystal Palace,Chelsea,0.0,13000000.0,Trevoh Chalobah
326029,2025-01-14,24/25,16,405,Dortmund,Aston Villa,25000000.0,28000000.0,Donyell Malen
633992,2025-01-10,24/25,12,289,Roma,Sunderland,0.0,18000000.0,Enzo Le Fée
1364454,2025-01-09,24/25,11655,1532,Albacete U19,Albacete,,,Christian Kofane
1061282,2025-01-07,24/25,150,1047,Real Betis,Como,12000000.0,9000000.0,Assane Diao
1190411,2025-01-01,24/25,2865,150,Betis Deportivo,Real Betis,,1000000.0,Jesús Rodríguez
1390649,2025-01-01,24/25,129493,1244,DME Academy,CD Leganés,0.0,,Yan Diomande
996897,2025-01-01,24/25,69261,1237,Miami,Brighton,13000000.0,12000000.0,Diego Gómez
1075147,2025-01-01,24/25,21058,1462,FC Bayern U17,FC Bayern U19,,,Lennart Karl
1006411,2025-01-01,24/25,9371,415,Toulouse B,Toulouse,,50000.0,Jaydee Canvot
1004708,2024-12-18,24/25,9250,631,Chelsea U21,Chelsea,,1000000.0,Josh Acheampong
743515,2024-11-29,24/25,667,1154,R. Strasbourg,Red Star FC,0.0,500000.0,Robin Risser
1364454,2024-11-01,24/25,98895,11655,AS Nylon,Albacete U19,,,Christian Kofane
401923,2024-09-04,24/25,6195,141,Napoli,Galatasaray,0.0,100000000.0,Victor Osimhen
1108466,2024-09-04,24/25,50677,6922,Chelsea Youth,Liverpool U18,3200000.0,,Rio Ngumoha
855308,2024-08-30,24/25,347,410,FC Metz,Udinese,0.0,1000000.0,Arthur Atta
624690,2024-08-30,24/25,18,12,Mönchengladbach,Roma,18000000.0,20000000.0,Manu Koné
800176,2024-08-30,24/25,2462,543,Fluminense,Wolves,22000000.0,25000000.0,André
724129,2024-08-30,24/25,157,1082,KAA Gent,Lille,11500000.0,3000000.0,Matias Fernandez-Pardo
669380,2024-08-30,24/25,1091,82,PAOK,Wolfsburg,11750000.0,8000000.0,Konstantinos Koulierakis
346314,2024-08-30,24/25,631,873,Chelsea,Crystal Palace,0.0,13000000.0,Trevoh Chalobah
476701,2024-08-30,24/25,583,985,PSG,Man Utd,50000000.0,45000000.0,Manuel Ugarte
434224,2024-08-30,24/25,82,873,Wolfsburg,Crystal Palace,18000000.0,20000000.0,Maxence Lacroix
315969,2024-08-30,24/25,985,6195,Man Utd,Napoli,30500000.0,32000000.0,Scott McTominay
465555,2024-08-30,24/25,631,667,Chelsea,R. Strasbourg,0.0,20000000.0,Djordje Petrovic
654982,2024-08-29,24/25,1184,1003,Genk,Leicester,22500000.0,30000000.0,Bilal El Khannouss
830365,2024-08-29,24/25,2125,2639,EC Vitória,Leiria,0.0,,Alisson Santos
502676,2024-08-28,24/25,31,1049,Liverpool,Valencia,0.0,45000000.0,Giorgi Mamardashvili
679423,2024-08-28,24/25,41101,6574,Juve Next Gen,Sassuolo,0.0,1200000.0,Tarik Muharemović
834397,2024-08-28,24/25,631,1184,Chelsea,Genk,0.0,1000000.0,Mike Penders
572675,2024-08-27,24/25,1804,336,Toluca,Sporting,13730000.0,7500000.0,Maxi Araújo
834397,2024-08-27,24/25,1184,631,Genk,Chelsea,20000000.0,1000000.0,Mike Penders
487474,2024-08-27,24/25,720,506,Porto,Juventus,0.0,22000000.0,Francisco Conceição
502676,2024-08-27,24/25,1049,31,Valencia,Liverpool,30000000.0,45000000.0,Giorgi Mamardashvili
338424,2024-08-27,24/25,681,11,Real Sociedad,Arsenal,32000000.0,50000000.0,Mikel Merino
1086619,2024-08-27,24/25,1038,130,Sampdoria,Parma,7700000.0,4500000.0,Giovanni Leoni
830365,2024-08-26,24/25,4064,2125,Figueirense FC,EC Vitória,0.0,,Alisson Santos
943837,2024-08-26,24/25,131,150,Barcelona,Real Betis,0.0,30000000.0,Vitor Roque
668547,2024-08-25,24/25,281,1047,Man City,Como,0.0,9000000.0,Máximo Perrone
948294,2024-08-25,24/25,6767,1047,RM Castilla,Como,6000000.0,10000000.0,Nico Paz
369316,2024-08-24,24/25,36,1237,Fenerbahçe,Brighton,30000000.0,30000000.0,Ferdi Kadıoğlu
849410,2024-08-23,24/25,1237,368,Brighton,Sevilla FC,0.0,13000000.0,Valentín Barco
991268,2024-08-23,24/25,13,720,Atlético,Porto,32000000.0,35000000.0,Samu Aghehowa
672381,2024-08-23,24/25,1123,244,Norwich,Marseille,0.0,9000000.0,Jonathan Rowe
541231,2024-08-22,24/25,31,1148,Liverpool,Brentford,23600000.0,12000000.0,Sepp van den Berg
333014,2024-08-22,24/25,1132,931,Burnley,Fulham,23550000.0,20000000.0,Sander Berge
462250,2024-08-21,24/25,13,631,Atlético,Chelsea,52000000.0,30000000.0,João Félix
469822,2024-08-21,24/25,294,6195,Benfica,Napoli,28000000.0,25000000.0,David Neres
488362,2024-08-21,24/25,631,13,Chelsea,Atlético,42000000.0,50000000.0,Conor Gallagher
585949,2024-08-21,24/25,5,506,AC Milan,Juventus,0.0,20000000.0,Pierre Kalulu
937941,2024-08-21,24/25,26,1050,Basel,Villarreal,20000000.0,4000000.0,Thierno Barry
880245,2024-08-20,24/25,336,180,Sporting,Southampton,15000000.0,8000000.0,Mateus Fernandes
538977,2024-08-19,24/25,399,1237,Leeds,Brighton,46700000.0,18000000.0,Georginio Rutter
1064871,2024-08-19,24/25,1108,13222,Alavés,CD Mirandés,0.0,300000.0,Joaquín Panichelli
914562,2024-08-17,24/25,273,583,Stade Rennais,PSG,50000000.0,30000000.0,Désiré Doué
569598,2024-08-17,24/25,162,5,Monaco,AC Milan,26000000.0,30000000.0,Youssouf Fofana
655006,2024-08-16,24/25,631,667,Chelsea,R. Strasbourg,8500000.0,3000000.0,Diego Moreira
711337,2024-08-16,24/25,720,989,Porto,Bournemouth,37000000.0,35000000.0,Evanilson
735568,2024-08-15,24/25,6195,150,Napoli,Real Betis,0.0,12000000.0,Natan
700106,2024-08-14,24/25,39,1237,Mainz,Brighton,31500000.0,20000000.0,Brajan Gruda
326031,2024-08-13,24/25,27,985,Bayern Munich,Man Utd,45000000.0,65000000.0,Matthijs de Ligt
894914,2024-08-13,24/25,2282,23826,Club Brugge,Leipzig,21000000.0,15000000.0,Antonio Nusa
576024,2024-08-12,24/25,281,13,Man City,Atlético,75000000.0,90000000.0,Julián Alvarez
578392,2024-08-12,24/25,533,16,Hoffenheim,Dortmund,28500000.0,30000000.0,Maximilian Beier
487465,2024-08-11,24/25,543,631,Wolves,Chelsea,60000000.0,55000000.0,Pedro Neto
258889,2024-08-10,24/25,989,148,Bournemouth,Tottenham,64300000.0,40000000.0,Dominic Solanke
293385,2024-08-09,24/25,23826,131,Leipzig,Barcelona,61000000.0,60000000.0,Dani Olmo
711374,2024-08-09,24/25,681,13222,Real Sociedad,CD Mirandés,0.0,500000.0,Jon Gorrotxategi
661171,2024-08-09,24/25,24,583,Frankfurt,PSG,40000000.0,35000000.0,Willian Pacho
554903,2024-08-08,24/25,252,800,Genoa,Atalanta,24500000.0,16000000.0,Mateo Retegui
609556,2024-08-08,24/25,350,762,Sheff Utd,Newcastle,11600000.0,3000000.0,William Osula
670681,2024-08-05,24/25,294,583,Benfica,PSG,65920000.0,55000000.0,João Neves
553469,2024-08-04,24/25,1123,141,Norwich,Galatasaray,18000000.0,18000000.0,Gabriel Sara
474701,2024-08-03,24/25,399,379,Leeds,West Ham,29300000.0,20000000.0,Crysencio Summerville
410225,2024-08-01,24/25,244,873,Marseille,Crystal Palace,15000000.0,18000000.0,Ismaïla Sarr
574671,2024-07-31,24/25,409,5,Salzburg,AC Milan,18500000.0,25000000.0,Strahinja Pavlović
918969,2024-07-30,24/25,347,162,FC Metz,Monaco,15000000.0,10000000.0,Lamine Camara
668951,2024-07-30,24/25,506,12,Juventus,Roma,28600000.0,25000000.0,Matías Soulé
890290,2024-07-30,24/25,506,989,Juventus,Bournemouth,22100000.0,10000000.0,Dean Huijsen
502821,2024-07-29,24/25,1025,11,Bologna,Arsenal,43700000.0,45000000.0,Riccardo Calafiori
395516,2024-07-24,24/25,405,8023,Aston Villa,Al-Ittihad,60000000.0,55000000.0,Moussa Diaby
524290,2024-07-23,24/25,533,64,Hoffenheim,SV Elversberg,0.0,800000.0,Fisnik Asllani
926993,2024-07-23,24/25,16104,190,Copenhagen U19,Copenhagen,,400000.0,Victor Froholdt
485706,2024-07-22,24/25,29,405,Everton,Aston Villa,59350000.0,50000000.0,Amadou Onana
971570,2024-07-21,24/25,1023,418,Palmeiras,Real Madrid,47500000.0,60000000.0,Endrick
923831,2024-07-18,24/25,1082,985,Lille,Man Utd,62000000.0,50000000.0,Leny Yoro
743591,2024-07-18,24/25,1095,281,Troyes,Man City,25000000.0,50000000.0,Savinho
729814,2024-07-18,24/25,347,1041,FC Metz,Lyon,18500000.0,20000000.0,Georges Mikautadze
532826,2024-07-18,24/25,985,244,Man Utd,Marseille,26000000.0,25000000.0,Mason Greenwood
270541,2024-07-18,24/25,79,16,Stuttgart,Dortmund,18000000.0,40000000.0,Serhou Guirassy
413507,2024-07-18,24/25,430,703,Fiorentina,Nott'm Forest,12300000.0,15000000.0,Nikola Milenković
386446,2024-07-13,24/25,416,6195,Torino,Napoli,36500000.0,35000000.0,Alessandro Buongiorno
610849,2024-07-13,24/25,9265,677,Man City U21,Ipswich,17850000.0,8000000.0,Liam Delap
552655,2024-07-13,24/25,9254,1090,Tottenham U21,AZ Alkmaar,4000000.0,4500000.0,Troy Parrott
805714,2024-07-12,24/25,26,631,Basel,Chelsea,14000000.0,3000000.0,Renato Veiga
432164,2024-07-10,24/25,60529,537,Shabab Al-Ahli,Botafogo,0.0,2500000.0,Igor Jesus
463618,2024-07-10,24/25,417,506,Nice,Juventus,20600000.0,35000000.0,Khéphren Thuram
620477,2024-07-10,24/25,506,609,Juventus,Cruzeiro,7200000.0,4000000.0,Kaio Jorge
633992,2024-07-10,24/25,273,12,Stade Rennais,Roma,23000000.0,18000000.0,Enzo Le Fée
709372,2024-07-09,24/25,1050,714,Villarreal,Espanyol,0.0,1500000.0,Carlos Romero
892160,2024-07-09,24/25,447,968,Hajduk Split,KVC Westerlo,0.0,7000000.0,Luka Vuskovic
364135,2024-07-09,24/25,506,430,Juventus,Fiorentina,14500000.0,14000000.0,Moise Kean
597659,2024-07-08,24/25,399,415,Leeds,Toulouse,4500000.0,4000000.0,Charlie Cresswell
566723,2024-07-07,24/25,873,27,Crystal Palace,Bayern Munich,53000000.0,55000000.0,Michael Olise
415381,2024-07-05,24/25,234,1237,Feyenoord,Brighton,32000000.0,30000000.0,Mats Wieffer
485963,2024-07-05,24/25,244,1050,Marseille,Villarreal,0.0,6000000.0,Pape Gueye
262749,2024-07-04,24/25,1148,11,Brentford,Arsenal,31900000.0,35000000.0,David Raya
451677,2024-07-04,24/25,38,2282,F. Düsseldorf,Club Brugge,6500000.0,10000000.0,Christos Tzolis
548193,2024-07-04,24/25,58,336,RSC Anderlecht,Sporting,18050000.0,18000000.0,Zeno Debast
780136,2024-07-03,24/25,46,434,Inter,FC Luzern,0.0,1000000.0,Aleksandar Stanković
921655,2024-07-03,24/25,1010,244,Watford,Marseille,12000000.0,11000000.0,Ismaël Koné
643574,2024-07-03,24/25,2241,39,Kashima Antlers,Mainz,2500000.0,1500000.0,Kaishu Sano
623570,2024-07-03,24/25,244,29,Marseille,Everton,18000000.0,15000000.0,Iliman Ndiaye
475188,2024-07-02,24/25,1003,631,Leicester,Chelsea,35400000.0,30000000.0,Kiernan Dewsbury-Hall
816585,2024-07-02,24/25,4,24,1.FC Nuremberg,Frankfurt,11000000.0,12000000.0,Can Uzun
922693,2024-07-02,24/25,399,148,Leeds,Tottenham,41250000.0,18000000.0,Archie Gray
1168219,2024-07-02,24/25,3,1622,1.FC Köln,Viktoria Köln,0.0,300000.0,Said El Mala
429983,2024-07-02,24/25,940,543,Celta de Vigo,Wolves,0.0,25000000.0,Jørgen Strand Larsen
964426,2024-07-01,24/25,91868,683,Olympiacos B,Olympiacos,,250000.0,Christos Mouzakitis
1018920,2024-07-01,24/25,2464,131,Barça Atlètic,Barcelona,,1000000.0,Marc Bernal
1012534,2024-07-01,24/25,762,1237,Newcastle,Brighton,35000000.0,16000000.0,Yankuba Minteh
1011131,2024-07-01,24/25,6942,931,Fulham U18,Fulham,,200000.0,Josh King
1006411,2024-07-01,24/25,9372,9371,Toulouse U19,Toulouse B,,,Jaydee Canvot
1004708,2024-07-01,24/25,6918,9250,Chelsea U18,Chelsea U21,,300000.0,Josh Acheampong
997903,2024-07-01,24/25,50220,234,Feyenoord U18,Feyenoord,,800000.0,Givairo Read
938729,2024-07-01,24/25,6688,621,Bilbao Athletic,Athletic Club,,800000.0,Mikel Jauregizar
957653,2024-07-01,24/25,10331,720,FC Porto B,Porto,,3000000.0,Rodrigo Mora
948278,2024-07-01,24/25,28870,6767,Real Madrid U19,RM Castilla,,100000.0,Jacobo Ramón
927353,2024-07-01,24/25,245,60,SC Freiburg II,Freiburg,,250000.0,Johan Manzambi
897424,2024-07-01,24/25,33,23826,FC Schalke 04,Leipzig,10000000.0,10000000.0,Assan Ouédraogo
895937,2024-07-01,24/25,41110,800,Atalanta U23,Atalanta,,1000000.0,Marco Palestra
1060087,2024-07-01,24/25,91868,683,Olympiacos B,Olympiacos,,500000.0,Charalampos Kostoulas
1018938,2024-07-01,24/25,9899,681,Real Sociedad B,Real Sociedad,,2000000.0,Jon Martín
890719,2024-07-01,24/25,9249,11,Arsenal U21,Arsenal,,8000000.0,Ethan Nwaneri
1064871,2024-07-01,24/25,8880,1108,Alavés B,Alavés,,300000.0,Joaquín Panichelli
1073632,2024-07-01,24/25,54866,11137,Red Star U17,Red Star U19,,,Vasilije Kostov
1075147,2024-07-01,24/25,18936,21058,B. München Yth.,FC Bayern U17,,,Lennart Karl
1077175,2024-07-01,24/25,8517,252,Genoa U20,Genoa,,1000000.0,Honest Ahanor
1078163,2024-07-01,24/25,5679,9249,Arsenal U18,Arsenal U21,,300000.0,Ayden Heaven
1084638,2024-07-01,24/25,2509,2491,HSV U19,W. Bremen U19,0.0,,Karim Coulibaly
1086619,2024-07-01,24/25,3037,1038,Padova,Sampdoria,1500000.0,4500000.0,Giovanni Leoni
1105541,2024-07-01,24/25,66529,30857,Anderlecht U18,RSCA Futures,,,Nathan De Cat
1138758,2024-07-01,24/25,67909,336,Sporting CP U23,Sporting,,,Geovany Quenda
1162012,2024-07-01,24/25,15518,2300,Jagiellonia U19,Jagiellonia,,,Oskar Pietuszewski
1168219,2024-07-01,24/25,1622,3,Viktoria Köln,1.FC Köln,2230000.0,300000.0,Said El Mala
1185888,2024-07-01,24/25,6326,43570,Paris SG U19,Paris SG U23,,,Ibrahim Mbaye
1187629,2024-07-01,24/25,50683,5679,Arsenal Youth,Arsenal U18,,,Max Dowman
1241207,2024-07-01,24/25,69157,10851,FC Nantes U17,FC Nantes U19,,,Tylel Tati
890721,2024-07-01,24/25,9249,11,Arsenal U21,Arsenal,,2000000.0,Myles Lewis-Skelly
485585,2024-07-01,24/25,631,405,Chelsea,Aston Villa,44500000.0,40000000.0,Ian Maatsen
866246,2024-07-01,24/25,1044,148,Djurgården,Tottenham,20000000.0,10000000.0,Lucas Bergvall
618494,2024-07-01,24/25,9252,31,Liverpool U21,Liverpool,,8000000.0,Tyler Morton
859035,2024-07-01,24/25,11368,1090,AZ Alkmaar U21,AZ Alkmaar,,800000.0,Kees Smit
324503,2024-07-01,24/25,1090,294,AZ Alkmaar,Benfica,18000000.0,25000000.0,Vangelis Pavlidis
342229,2024-07-01,24/25,583,418,PSG,Real Madrid,0.0,180000000.0,Kylian Mbappé
435772,2024-07-01,24/25,5,800,AC Milan,Atalanta,23700000.0,34000000.0,Charles De Ketelaere
436064,2024-07-01,24/25,234,79,Feyenoord,Stuttgart,1000000.0,800000.0,Ramon Hendriks
451677,2024-07-01,24/25,1123,38,Norwich,F. Düsseldorf,3500000.0,10000000.0,Christos Tzolis
465830,2024-07-01,24/25,244,398,Marseille,Lazio,14800000.0,25000000.0,Mattéo Guendouzi
467437,2024-07-01,24/25,27,383,Bayern Munich,PSV,12000000.0,20000000.0,Malik Tillman
318470,2024-07-01,24/25,16704,583,Krasnodar,PSG,20000000.0,20000000.0,Matvey Safonov
487474,2024-07-01,24/25,610,720,Ajax,Porto,10240000.0,22000000.0,Francisco Conceição
518505,2024-07-01,24/25,89,79,Union Berlin,Stuttgart,6000000.0,9000000.0,Jamie Leweling
567576,2024-07-01,24/25,762,703,Newcastle,Nott'm Forest,41200000.0,15000000.0,Elliot Anderson
608172,2024-07-01,24/25,434,2282,FC Luzern,Club Brugge,6000000.0,6000000.0,Ardon Jashari
455661,2024-07-01,24/25,86,79,Werder Bremen,Stuttgart,0.0,4000000.0,Nick Woltemade
670858,2024-07-01,24/25,631,762,Chelsea,Newcastle,33000000.0,18000000.0,Lewis Hall
842341,2024-07-01,24/25,969,1132,Montpellier,Burnley,12000000.0,7000000.0,Maxime Estève
705395,2024-07-01,24/25,2464,131,Barça Atlètic,Barcelona,,400000.0,Gerard Martín
813137,2024-07-01,24/25,11997,12,Roma U20,Roma,,3500000.0,Niccolò Pisilli
811778,2024-07-01,24/25,985,294,Man Utd,Benfica,14300000.0,7000000.0,Álvaro Carreras
780136,2024-07-01,24/25,5380,46,Inter U20,Inter,,1000000.0,Aleksandar Stanković
743413,2024-07-01,24/25,9265,281,Man City U21,Man City,,,Nico O'Reilly
808348,2024-07-01,24/25,409,170,Salzburg,Rapid Vienna,1700000.0,1200000.0,Mamadou Sangaré
741238,2024-07-01,24/25,631,677,Chelsea,Ipswich,23500000.0,7000000.0,Omari Hutchinson
739443,2024-07-01,24/25,2282,1148,Club Brugge,Brentford,33000000.0,25000000.0,Igor Thiago
729814,2024-07-01,24/25,610,347,Ajax,FC Metz,13000000.0,15000000.0,Georges Mikautadze
711374,2024-07-01,24/25,9899,681,Real Sociedad B,Real Sociedad,,500000.0,Jon Gorrotxategi
709726,2024-07-01,24/25,583,24,PSG,Frankfurt,31500000.0,20000000.0,Hugo Ekitiké
709372,2024-07-01,24/25,11972,1050,Villarreal CF B,Villarreal,,1500000.0,Carlos Romero
743591,2024-06-30,23/24,12321,1095,Girona,Troyes,0.0,50000000.0,Savinho
670858,2024-06-30,23/24,762,631,Newcastle,Chelsea,0.0,18000000.0,Lewis Hall
691892,2024-06-30,23/24,4,24,1.FC Nuremberg,Frankfurt,0.0,3000000.0,Nathaniel Brown
709726,2024-06-30,23/24,24,583,Frankfurt,PSG,0.0,20000000.0,Hugo Ekitiké
729814,2024-06-30,23/24,347,610,FC Metz,Ajax,0.0,15000000.0,Georges Mikautadze
741238,2024-06-30,23/24,677,631,Ipswich,Chelsea,0.0,7000000.0,Omari Hutchinson
742201,2024-06-30,23/24,1108,13,Alavés,Atlético,0.0,3000000.0,Giuliano Simeone
743515,2024-06-30,23/24,2969,667,Dijon,R. Strasbourg,0.0,500000.0,Robin Risser
991268,2024-06-30,23/24,1108,13,Alavés,Atlético,0.0,35000000.0,Samu Aghehowa
808348,2024-06-30,23/24,4467,409,TSV Hartberg,Salzburg,0.0,1200000.0,Mamadou Sangaré
811778,2024-06-30,23/24,294,985,Benfica,Man Utd,0.0,7000000.0,Álvaro Carreras
842341,2024-06-30,23/24,1132,969,Burnley,Montpellier,0.0,7000000.0,Maxime Estève
880245,2024-06-30,23/24,1465,336,Estoril,Sporting,0.0,8000000.0,Mateus Fernandes
890290,2024-06-30,23/24,12,506,Roma,Juventus,0.0,10000000.0,Dean Huijsen
892160,2024-06-30,23/24,7154,447,Radomiak,Hajduk Split,0.0,7000000.0,Luka Vuskovic
1012534,2024-06-30,23/24,234,762,Feyenoord,Newcastle,0.0,16000000.0,Yankuba Minteh
1086619,2024-06-30,23/24,1038,3037,Sampdoria,Padova,0.0,4500000.0,Giovanni Leoni
668951,2024-06-30,23/24,8970,506,Frosinone,Juventus,0.0,25000000.0,Matías Soulé
670103,2024-06-30,23/24,2778,294,Nordsjaelland,Benfica,0.0,10000000.0,Andreas Schjelderup
620477,2024-06-30,23/24,8970,506,Frosinone,Juventus,0.0,4000000.0,Kaio Jorge
668547,2024-06-30,23/24,472,281,UD Las Palmas,Man City,0.0,9000000.0,Máximo Perrone
467437,2024-06-30,23/24,383,27,PSV,Bayern Munich,0.0,20000000.0,Malik Tillman
262749,2024-06-30,23/24,11,1148,Arsenal,Brentford,0.0,35000000.0,David Raya
435772,2024-06-30,23/24,800,5,Atalanta,AC Milan,0.0,34000000.0,Charles De Ketelaere
436064,2024-06-30,23/24,499,234,Vitesse,Feyenoord,0.0,800000.0,Ramon Hendriks
451677,2024-06-30,23/24,38,1123,F. Düsseldorf,Norwich,0.0,10000000.0,Christos Tzolis
462250,2024-06-30,23/24,131,13,Barcelona,Atlético,0.0,30000000.0,João Félix
465830,2024-06-30,23/24,398,244,Lazio,Marseille,0.0,25000000.0,Mattéo Guendouzi
552655,2024-06-30,23/24,798,9254,Excelsior,Tottenham U21,0.0,4500000.0,Troy Parrott
466794,2024-06-30,23/24,12321,131,Girona,Barcelona,0.0,20000000.0,Eric García
483046,2024-06-30,23/24,15,27,Leverkusen,Bayern Munich,0.0,28000000.0,Josip Stanisic
483348,2024-06-30,23/24,252,148,Genoa,Tottenham,0.0,8000000.0,Djed Spence
485585,2024-06-30,23/24,16,631,Dortmund,Chelsea,0.0,40000000.0,Ian Maatsen
487474,2024-06-30,23/24,720,610,Porto,Ajax,0.0,22000000.0,Francisco Conceição
518505,2024-06-30,23/24,79,89,Stuttgart,Union Berlin,0.0,9000000.0,Jamie Leweling
524290,2024-06-30,23/24,14,533,Austria Vienna,Hoffenheim,0.0,800000.0,Fisnik Asllani
532826,2024-06-30,23/24,3709,985,Getafe,Man Utd,0.0,25000000.0,Mason Greenwood
541231,2024-06-30,23/24,39,31,Mainz,Liverpool,0.0,12000000.0,Sepp van den Berg
1005575,2024-06-01,23/24,14807,1023,Palmeiras U20,Palmeiras,,,Vitor Reis
610849,2024-05-31,23/24,3008,9265,Hull City,Man City U21,0.0,8000000.0,Liam Delap
618494,2024-05-31,23/24,3008,9252,Hull City,Liverpool U21,0.0,8000000.0,Tyler Morton
667287,2024-05-31,23/24,164,1237,Blackburn,Brighton,0.0,4500000.0,Yasin Ayari
1067904,2024-03-04,23/24,3891,1059,ASEC Mimosas,Hammarby,443000.0,,Bazoumana Touré
1168219,2024-02-19,23/24,10075,1622,Vikt. Köln U19,Viktoria Köln,,,Said El Mala
957874,2024-02-07,23/24,679,1467,Athletico-PR,Göztepe,0.0,1700000.0,Rômulo
503743,2024-02-01,23/24,641,405,Middlesbrough,Aston Villa,9400000.0,2800000.0,Morgan Rogers
709726,2024-02-01,23/24,583,24,PSG,Frankfurt,0.0,15000000.0,Hugo Ekitiké
743600,2024-02-01,23/24,631,667,Chelsea,R. Strasbourg,0.0,14000000.0,Andrey Santos
744149,2024-02-01,23/24,164,873,Blackburn,Crystal Palace,21100000.0,10000000.0,Adam Wharton
800175,2024-02-01,23/24,150,537,Real Betis,Botafogo,16000000.0,12000000.0,Luiz Henrique
842341,2024-02-01,23/24,969,1132,Montpellier,Burnley,0.0,7000000.0,Maxime Estève
1086619,2024-02-01,23/24,3037,1038,Padova,Sampdoria,0.0,100000.0,Giovanni Leoni
892160,2024-01-31,23/24,447,7154,Hajduk Split,Radomiak,0.0,7000000.0,Luka Vuskovic
849520,2024-01-30,23/24,1029,1025,Vélez Sarsfield,Bologna,13200000.0,7000000.0,Santiago Castro
1004301,2024-01-29,23/24,273,3524,Stade Rennais,Clermont Foot,0.0,50000.0,Jérémy Jacquet
461607,2024-01-25,23/24,10838,1420,SAS Epinal,Angers SCO,150000.0,600000.0,Estéban Lepaul
939964,2024-01-25,23/24,1420,24,Angers SCO,Frankfurt,8000000.0,2500000.0,Jean-Mattéo Bahoya
655006,2024-01-22,23/24,1041,631,Lyon,Chelsea,0.0,3000000.0,Diego Moreira
849410,2024-01-20,23/24,189,1237,Boca Juniors,Brighton,9150000.0,13000000.0,Valentín Barco
900195,2024-01-19,23/24,1023,660,Palmeiras,Shakhtar D.,14800000.0,4000000.0,Kevin
1056993,2024-01-18,23/24,14807,1023,Palmeiras U20,Palmeiras,,10000000.0,Estêvão
811778,2024-01-16,23/24,985,294,Man Utd,Benfica,0.0,7000000.0,Álvaro Carreras
811778,2024-01-14,23/24,16795,985,Granada CF,Man Utd,0.0,7000000.0,Álvaro Carreras
485585,2024-01-12,23/24,631,16,Chelsea,Dortmund,0.0,20000000.0,Ian Maatsen
1111589,2024-01-11,23/24,1293,62,Tromsø IL,Slavia Praha,5640000.0,1300000.0,El Hadji Malick Diouf
483348,2024-01-11,23/24,148,252,Tottenham,Genoa,0.0,8000000.0,Djed Spence
743386,2024-01-10,23/24,157,1041,KAA Gent,Lyon,19500000.0,8000000.0,Malick Fofana
890290,2024-01-06,23/24,506,12,Juventus,Roma,0.0,2500000.0,Dean Huijsen
667287,2024-01-05,23/24,1237,164,Brighton,Blackburn,0.0,5000000.0,Yasin Ayari
483348,2024-01-04,23/24,399,148,Leeds,Tottenham,0.0,8000000.0,Djed Spence
667287,2024-01-04,23/24,990,1237,Coventry,Brighton,0.0,5000000.0,Yasin Ayari
691892,2024-01-04,23/24,24,4,Frankfurt,1.FC Nuremberg,0.0,3000000.0,Nathaniel Brown
729814,2024-01-04,23/24,610,347,Ajax,FC Metz,0.0,8000000.0,Georges Mikautadze
743600,2024-01-03,23/24,703,631,Nott'm Forest,Chelsea,0.0,14000000.0,Andrey Santos
691892,2024-01-03,23/24,4,24,1.FC Nuremberg,Frankfurt,5500000.0,3000000.0,Nathaniel Brown
990148,2024-01-01,23/24,46736,1184,Jong Genk,Genk,,1500000.0,Konstantinos Karetsas
1185888,2024-01-01,23/24,54295,6326,Paris SG U17,Paris SG U19,,,Ibrahim Mbaye
1162012,2024-01-01,23/24,51486,15518,Białystok Youth,Jagiellonia U19,,,Oskar Pietuszewski
1084638,2024-01-01,23/24,21063,2509,Hamburg U17,HSV U19,,,Karim Coulibaly
1077175,2024-01-01,23/24,49744,8517,Genoa U17,Genoa U19,,,Honest Ahanor
1057316,2024-01-01,23/24,15108,209,River Plate U20,River Plate,,,Franco Mastantuono
1004725,2024-01-01,23/24,14679,585,São Paulo U17,São Paulo,,,William Gomes
1004301,2024-01-01,23/24,8154,273,Rennes B,Stade Rennais,,50000.0,Jérémy Jacquet
1005575,2024-01-01,23/24,14880,14807,Palmeiras U17,Palmeiras U20,,,Vitor Reis
962110,2024-01-01,23/24,2464,131,Barça Atlètic,Barcelona,,1500000.0,Pau Cubarsí
943837,2024-01-01,23/24,679,131,Athletico-PR,Barcelona,30000000.0,40000000.0,Vitor Roque
550550,2024-01-01,23/24,294,583,Benfica,PSG,65000000.0,50000000.0,Gonçalo Ramos
903693,2024-01-01,23/24,6326,583,Paris SG U19,PSG,,,Senny Mayulu
830365,2024-01-01,23/24,2125,4064,EC Vitória,Figueirense FC,0.0,50000.0,Alisson Santos
748804,2024-01-01,23/24,8817,610,Ajax U21,Ajax,,2000000.0,Mika Godts
720286,2024-01-01,23/24,11749,932,Loko Moscow II,Loko Moscow,,200000.0,Aleksey Batrakov
651580,2024-01-01,23/24,11755,2410,CSKA Moscow II,CSKA Moscow,,250000.0,Matvey Kislyak
550550,2023-12-31,23/24,583,294,PSG,Benfica,0.0,50000000.0,Gonçalo Ramos
845654,2023-11-07,23/24,41101,506,Juve Next Gen,Juventus,,1000000.0,Kenan Yıldız
890290,2023-11-07,23/24,41101,506,Juve Next Gen,Juventus,,400000.0,Dean Huijsen
792380,2023-11-01,23/24,28,27,FC Bayern II,Bayern Munich,,200000.0,Aleksandar Pavlovic
924117,2023-10-04,23/24,2613,4,Nürnberg U19,1.FC Nuremberg,,,Finn Jeltsch
1061282,2023-10-03,23/24,2865,150,Betis Deportivo,Real Betis,,200000.0,Assane Diao
1190411,2023-10-01,23/24,40422,2865,Betis U19,Betis Deportivo,,,Jesús Rodríguez
830365,2023-09-14,23/24,2646,2125,Náutico,EC Vitória,0.0,,Alisson Santos
811778,2023-09-01,23/24,985,16795,Man Utd,Granada CF,0.0,7000000.0,Álvaro Carreras
532826,2023-09-01,23/24,985,3709,Man Utd,Getafe,0.0,5000000.0,Mason Greenwood
670103,2023-09-01,23/24,294,2778,Benfica,Nordsjaelland,0.0,9000000.0,Andreas Schjelderup
655006,2023-09-01,23/24,631,1041,Chelsea,Lyon,0.0,2000000.0,Diego Moreira
618494,2023-09-01,23/24,9252,3008,Liverpool U21,Hull City,0.0,7000000.0,Tyler Morton
601883,2023-09-01,23/24,543,281,Wolves,Man City,62000000.0,45000000.0,Matheus Nunes
568177,2023-09-01,23/24,281,631,Man City,Chelsea,47000000.0,18000000.0,Cole Palmer
724520,2023-09-01,23/24,131,150,Barcelona,Real Betis,7500000.0,15000000.0,Abde Ezzalzouli
487474,2023-09-01,23/24,610,720,Ajax,Porto,0.0,8000000.0,Francisco Conceição
462250,2023-09-01,23/24,13,131,Atlético,Barcelona,0.0,50000000.0,João Félix
344069,2023-09-01,23/24,39,533,Mainz,Hoffenheim,12000000.0,15000000.0,Anton Stach
392768,2023-09-01,23/24,631,703,Chelsea,Nott'm Forest,3500000.0,15000000.0,Callum Hudson-Odoi
478573,2023-09-01,23/24,27,31,Bayern Munich,Liverpool,40000000.0,30000000.0,Ryan Gravenberch
466794,2023-09-01,23/24,131,12321,Barcelona,Girona,0.0,10000000.0,Eric García
470607,2023-09-01,23/24,703,148,Nott'm Forest,Tottenham,55000000.0,38000000.0,Brennan Johnson
502821,2023-08-31,23/24,26,1025,Basel,Bologna,23850000.0,4500000.0,Riccardo Calafiori
1005649,2023-08-31,23/24,199,703,Corinthians,Nott'm Forest,12000000.0,3500000.0,Murillo
524290,2023-08-31,23/24,533,14,Hoffenheim,Austria Vienna,0.0,800000.0,Fisnik Asllani
708265,2023-08-31,23/24,1041,583,Lyon,PSG,45000000.0,18000000.0,Bradley Barcola
465830,2023-08-31,23/24,244,398,Marseille,Lazio,0.0,25000000.0,Mattéo Guendouzi
436064,2023-08-31,23/24,234,499,Feyenoord,Vitesse,0.0,750000.0,Ramon Hendriks
258919,2023-08-31,23/24,985,873,Man Utd,Crystal Palace,17500000.0,18000000.0,Dean Henderson
483348,2023-08-30,23/24,148,399,Tottenham,Leeds,0.0,10000000.0,Djed Spence
729814,2023-08-30,23/24,347,610,FC Metz,Ajax,16000000.0,10000000.0,Georges Mikautadze
503770,2023-08-30,23/24,11,162,Arsenal,Monaco,30000000.0,30000000.0,Folarin Balogun
620477,2023-08-29,23/24,506,8970,Juventus,Frosinone,0.0,3000000.0,Kaio Jorge
880245,2023-08-29,23/24,336,1465,Sporting,Estoril,0.0,1500000.0,Mateus Fernandes
973085,2023-08-29,23/24,1082,1237,Lille,Brighton,27000000.0,5000000.0,Carlos Baleba
523318,2023-08-28,23/24,200,940,Utrecht,Celta de Vigo,12000000.0,9000000.0,Anastasios Douvikas
668951,2023-08-28,23/24,506,8970,Juventus,Frosinone,0.0,4000000.0,Matías Soulé
805714,2023-08-28,23/24,10949,26,Sporting B,Basel,4600000.0,1000000.0,Renato Veiga
543499,2023-08-27,23/24,610,379,Ajax,West Ham,43000000.0,40000000.0,Mohammed Kudus
699704,2023-08-26,23/24,940,18487,Celta de Vigo,Al-Ahli,30000000.0,30000000.0,Gabri Veiga
991268,2023-08-26,23/24,13,1108,Atlético,Alavés,0.0,200000.0,Samu Aghehowa
465555,2023-08-26,23/24,626,631,New England,Chelsea,16000000.0,6000000.0,Djordje Petrovic
743600,2023-08-25,23/24,631,703,Chelsea,Nott'm Forest,0.0,15000000.0,Andrey Santos
443710,2023-08-25,23/24,533,79,Hoffenheim,Stuttgart,5500000.0,5000000.0,Angelo Stiller
486049,2023-08-24,23/24,273,281,Stade Rennais,Man City,60000000.0,28000000.0,Jérémy Doku
552655,2023-08-24,23/24,9254,798,Tottenham U21,Excelsior,0.0,4000000.0,Troy Parrott
668547,2023-08-23,23/24,281,472,Man City,UD Las Palmas,0.0,10000000.0,Máximo Perrone
670858,2023-08-22,23/24,631,762,Chelsea,Newcastle,0.0,10000000.0,Lewis Hall
667287,2023-08-21,23/24,1237,990,Brighton,Coventry,0.0,6000000.0,Yasin Ayari
991268,2023-08-21,23/24,16795,13,Granada CF,Atlético,6000000.0,200000.0,Samu Aghehowa
332705,2023-08-20,23/24,399,989,Leeds,Bournemouth,26900000.0,18000000.0,Tyler Adams
483046,2023-08-20,23/24,27,15,Bayern Munich,Leverkusen,0.0,12000000.0,Josip Stanisic
434433,2023-08-18,23/24,4529,1005,Dunajska Streda,Lecce,8150000.0,2200000.0,Nikola Krstović
648779,2023-08-17,23/24,416,162,Torino,Monaco,9100000.0,12000000.0,Wilfried Singo
756990,2023-08-16,23/24,189,720,Boca Juniors,Porto,8000000.0,9000000.0,Alan Varela
435772,2023-08-16,23/24,5,800,AC Milan,Atalanta,0.0,22000000.0,Charles De Ketelaere
525704,2023-08-16,23/24,506,398,Juventus,Lazio,0.0,18000000.0,Nicolò Rovella
262749,2023-08-15,23/24,1148,11,Brentford,Arsenal,0.0,30000000.0,David Raya
805714,2023-08-15,23/24,167,10949,Augsburg,Sporting B,0.0,1000000.0,Renato Veiga
334526,2023-08-14,23/24,506,162,Juventus,Monaco,20000000.0,18000000.0,Denis Zakaria
365108,2023-08-14,23/24,26,1025,Basel,Bologna,16450000.0,3500000.0,Dan Ndoye
687626,2023-08-14,23/24,1237,631,Brighton,Chelsea,116000000.0,75000000.0,Moisés Caicedo
461496,2023-08-13,23/24,1005,336,Lecce,Sporting,19500000.0,15000000.0,Morten Hjulmand
132098,2023-08-12,23/24,148,27,Tottenham,Bayern Munich,95000000.0,90000000.0,Harry Kane
288230,2023-08-12,23/24,131,583,Barcelona,PSG,50000000.0,60000000.0,Ousmane Dembélé
618472,2023-08-11,23/24,1041,23826,Lyon,Leipzig,30000000.0,25000000.0,Castello Lukeba
668606,2023-08-11,23/24,1062,206,Shimizu S-Pulse,Bröndby IF,600000.0,600000.0,Yuito Suzuki
855256,2023-08-10,23/24,698,989,Bristol City,Bournemouth,23000000.0,20000000.0,Alex Scott
537844,2023-08-10,23/24,660,294,Shakhtar D.,Benfica,10000000.0,22000000.0,Anatoliy Trubin
467437,2023-08-10,23/24,27,383,Bayern Munich,PSV,0.0,5000000.0,Malik Tillman
844637,2023-08-09,23/24,3368,3302,Levante,UD Almería,7750000.0,1000000.0,Marc Pubill
333014,2023-08-09,23/24,350,1132,Sheff Utd,Burnley,13900000.0,20000000.0,Sander Berge
503981,2023-08-08,23/24,180,762,Southampton,Newcastle,37200000.0,25000000.0,Tino Livramento
557459,2023-08-08,23/24,82,148,Wolfsburg,Tottenham,40000000.0,30000000.0,Micky van de Ven
540664,2023-08-08,23/24,40,667,G. Bordeaux,R. Strasbourg,10000000.0,4000000.0,Dilane Bakwa
315867,2023-08-07,23/24,379,800,West Ham,Atalanta,28000000.0,22000000.0,Gianluca Scamacca
550550,2023-08-07,23/24,294,583,Benfica,PSG,0.0,50000000.0,Gonçalo Ramos
735568,2023-08-07,23/24,8793,6195,RB Bragantino,Napoli,9500000.0,5500000.0,Natan
451677,2023-08-06,23/24,1123,38,Norwich,F. Düsseldorf,0.0,5000000.0,Christos Tzolis
475959,2023-08-05,23/24,23826,281,Leipzig,Man City,90000000.0,75000000.0,Josko Gvardiol
610442,2023-08-05,23/24,800,985,Atalanta,Man Utd,79800000.0,45000000.0,Rasmus Højlund
623570,2023-08-01,23/24,350,244,Sheff Utd,Marseille,17000000.0,18000000.0,Iliman Ndiaye
930781,2023-08-01,23/24,46,3522,Inter,Spezia Calcio,0.0,,Pio Esposito
466805,2023-07-29,23/24,131,720,Barcelona,Porto,21200000.0,10000000.0,Nico González
461883,2023-07-28,23/24,610,931,Ajax,Fulham,22500000.0,15000000.0,Calvin Bassey
727089,2023-07-27,23/24,58,3948,RSC Anderlecht,Union SG,900000.0,2000000.0,Noah Sadiki
554903,2023-07-26,23/24,11831,252,Tigre,Genoa,15250000.0,16000000.0,Mateo Retegui
554903,2023-07-25,23/24,189,11831,Boca Juniors,Tigre,8430000.0,16000000.0,Mateo Retegui
583189,2023-07-25,23/24,985,703,Man Utd,Nott'm Forest,22930000.0,18000000.0,Anthony Elanga
410225,2023-07-24,23/24,1010,244,Watford,Marseille,13000000.0,20000000.0,Ismaïla Sarr
554903,2023-07-24,23/24,11831,189,Tigre,Boca Juniors,0.0,16000000.0,Mateo Retegui
763079,2023-07-24,23/24,27204,826,Energetik-BGU,Lens,450000.0,400000.0,Abdukodir Khusanov
808348,2023-07-24,23/24,409,4467,Salzburg,TSV Hartberg,0.0,600000.0,Mamadou Sangaré
398065,2023-07-23,23/24,1003,762,Leicester,Newcastle,44000000.0,35000000.0,Harvey Barnes
346890,2023-07-22,23/24,409,5,Salzburg,AC Milan,15500000.0,20000000.0,Noah Okafor
395516,2023-07-22,23/24,15,405,Leverkusen,Aston Villa,55000000.0,50000000.0,Moussa Diaby
559328,2023-07-22,23/24,122,667,Sturm Graz,R. Strasbourg,13000000.0,8000000.0,Emmanuel Emegha
667457,2023-07-21,23/24,5299,26,FC Basel U21,Basel,,100000.0,Leon Avdullahu
742201,2023-07-21,23/24,13,1108,Atlético,Alavés,0.0,2500000.0,Giuliano Simeone
522784,2023-07-21,23/24,40058,398,New York City,Lazio,18600000.0,15000000.0,Taty Castellanos
566799,2023-07-20,23/24,281,1132,Man City,Burnley,17300000.0,15000000.0,James Trafford
730861,2023-07-20,23/24,1090,989,AZ Alkmaar,Bournemouth,20470000.0,15000000.0,Milos Kerkez
741238,2023-07-20,23/24,631,677,Chelsea,Ipswich,0.0,1000000.0,Omari Hutchinson
566931,2023-07-19,23/24,583,23826,PSG,Leipzig,0.0,40000000.0,Xavi Simons
705395,2023-07-19,23/24,16196,2464,UE Cornellà,Barça Atlètic,100000.0,200000.0,Gerard Martín
996897,2023-07-19,23/24,9875,69261,Libertad,Miami,2700000.0,3000000.0,Diego Gómez
460939,2023-07-19,23/24,1090,5,AZ Alkmaar,AC Milan,24800000.0,14000000.0,Tijjani Reijnders
392771,2023-07-19,23/24,631,399,Chelsea,Leeds,8100000.0,9000000.0,Ethan Ampadu
566931,2023-07-18,23/24,383,583,PSV,PSG,4000000.0,40000000.0,Xavi Simons
652275,2023-07-17,23/24,190,1082,Copenhagen,Lille,15000000.0,6000000.0,Hákon Arnar Haraldsson
357662,2023-07-15,23/24,379,11,West Ham,Arsenal,116600000.0,90000000.0,Declan Rice
368887,2023-07-14,23/24,826,23826,Lens,Leipzig,40000000.0,35000000.0,Loïs Openda
420243,2023-07-14,23/24,610,11,Ajax,Arsenal,40000000.0,42000000.0,Jurriën Timber
606752,2023-07-14,23/24,33,1075,FC Schalke 04,Braga,8400000.0,4000000.0,Rodrigo Zalazar
541231,2023-07-13,23/24,31,39,Liverpool,Mainz,0.0,5000000.0,Sepp van den Berg
743591,2023-07-13,23/24,1095,12321,Troyes,Girona,0.0,5000000.0,Savinho
315779,2023-07-13,23/24,631,5,Chelsea,AC Milan,20800000.0,25000000.0,Christian Pulisic
518505,2023-07-13,23/24,89,79,Union Berlin,Stuttgart,0.0,3000000.0,Jamie Leweling
325443,2023-07-13,23/24,990,336,Coventry,Sporting,24000000.0,13000000.0,Viktor Gyökeres
441986,2023-07-12,23/24,678,46,Aarhus GF,Inter,7200000.0,5000000.0,Yann Bisseck
900195,2023-07-12,23/24,14807,1023,Palmeiras U20,Palmeiras,,1000000.0,Kevin
557149,2023-07-08,23/24,237,583,RCD Mallorca,PSG,22000000.0,22000000.0,Kang-in Lee
476701,2023-07-07,23/24,336,583,Sporting,PSG,60000000.0,50000000.0,Manuel Ugarte
503743,2023-07-07,23/24,9265,641,Man City U21,Middlesbrough,1200000.0,1800000.0,Morgan Rogers
627207,2023-07-07,23/24,167,383,Augsburg,PSV,11000000.0,9000000.0,Ricardo Pepi
633992,2023-07-07,23/24,1158,273,FC Lorient,Stade Rennais,20000000.0,20000000.0,Enzo Le Fée
743515,2023-07-07,23/24,667,2969,R. Strasbourg,Dijon,0.0,150000.0,Robin Risser
861410,2023-07-06,23/24,36,418,Fenerbahçe,Real Madrid,28000000.0,15000000.0,Arda Güler
461607,2023-07-05,23/24,10868,10838,US Orléans,SAS Epinal,0.0,250000.0,Estéban Lepaul
346483,2023-07-05,23/24,631,985,Chelsea,Man Utd,67700000.0,60000000.0,Mason Mount
469050,2023-07-04,23/24,543,1148,Wolves,Brentford,26850000.0,22000000.0,Nathan Collins
565093,2023-07-03,23/24,58,1237,RSC Anderlecht,Brighton,20000000.0,10000000.0,Bart Verbruggen
937941,2023-07-03,23/24,28643,26,SK Beveren,Basel,3000000.0,1300000.0,Thierno Barry
397033,2023-07-03,23/24,5,762,AC Milan,Newcastle,60800000.0,50000000.0,Sandro Tonali
406640,2023-07-03,23/24,82,16,Wolfsburg,Dortmund,30000000.0,15000000.0,Felix Nmecha
451276,2023-07-02,23/24,23826,31,Leipzig,Liverpool,70000000.0,50000000.0,Dominik Szoboszlai
610849,2023-07-02,23/24,9265,3008,Man City U21,Hull City,0.0,5000000.0,Liam Delap
1012534,2023-07-02,23/24,762,234,Newcastle,Feyenoord,0.0,2000000.0,Yankuba Minteh
948294,2023-07-01,23/24,28870,6767,Real Madrid U19,RM Castilla,,2000000.0,Nico Paz
926952,2023-07-01,23/24,14355,1005,Nordsjaell. U19,Lecce,220000.0,400000.0,Patrick Dorgu
948278,2023-07-01,23/24,39822,28870,Real Madrid U18,Real Madrid U19,,,Jacobo Ramón
947411,2023-07-01,23/24,9264,289,Sunderland U21,Sunderland,,,Chris Rigg
938729,2023-07-01,23/24,6665,6688,CD Basconia,Bilbao Athletic,,,Mikel Jauregizar
937958,2023-07-01,23/24,2470,131,Barça U19,Barcelona,,,Lamine Yamal
935231,2023-07-01,23/24,92878,6767,Real Madrid C,RM Castilla,,,Víctor Muñoz
935230,2023-07-01,23/24,28870,6767,Real Madrid U19,RM Castilla,,,Gonzalo García
931838,2023-07-01,23/24,496,24,Malmö,Frankfurt,9000000.0,9000000.0,Hugo Larsson
930781,2023-07-01,23/24,5380,46,Inter U19,Inter,,,Pio Esposito
927353,2023-07-01,23/24,4042,245,SC Freiburg U19,SC Freiburg II,,,Johan Manzambi
922693,2023-07-01,23/24,10161,399,Leeds U18,Leeds,,200000.0,Archie Gray
924117,2023-07-01,23/24,21049,2613,Nürnberg U17,Nürnberg U19,,,Finn Jeltsch
922769,2023-07-01,23/24,9253,762,Newcastle U21,Newcastle,,,Lewis Miley
955357,2023-07-01,23/24,16662,1158,Lorient B,FC Lorient,,400000.0,Junior Kroupi
918969,2023-07-01,23/24,8179,347,FC Metz B,FC Metz,,200000.0,Lamine Camara
905011,2023-07-01,23/24,2827,44,Hertha BSC U19,Hertha BSC,,600000.0,Ibrahim Maza
903693,2023-07-01,23/24,54295,6326,Paris SG U17,Paris SG U19,,,Senny Mayulu
897424,2023-07-01,23/24,1463,33,Schalke 04 U19,FC Schalke 04,,500000.0,Assan Ouédraogo
895937,2023-07-01,23/24,11998,41110,Atalanta U19,Atalanta U23,,200000.0,Marco Palestra
893661,2023-07-01,23/24,43560,2282,Club NXT,Club Brugge,,1500000.0,Joel Ordóñez
890721,2023-07-01,23/24,5679,9249,Arsenal U18,Arsenal U21,,,Myles Lewis-Skelly
890719,2023-07-01,23/24,5679,9249,Arsenal U18,Arsenal U21,,,Ethan Nwaneri
867688,2023-07-01,23/24,39336,1237,Brighton U21,Brighton,,,Jack Hinshelwood
964426,2023-07-01,23/24,7661,91868,Olympiacos U19,Olympiacos B,,75000.0,Christos Mouzakitis
957653,2023-07-01,23/24,47962,10331,FC Porto U17,FC Porto B,,150000.0,Rodrigo Mora
1073632,2023-07-01,23/24,71599,54866,Red Star U15,Red Star U17,,,Vasilije Kostov
1241207,2023-07-01,23/24,2602,69157,INF Clairefontaine,FC Nantes U17,,,Tylel Tati
1190411,2023-07-01,23/24,70827,40422,Calavera U19,Betis U19,,,Jesús Rodríguez
1168219,2023-07-01,23/24,49129,10075,Meerbusch U17,Vikt. Köln U19,0.0,,Said El Mala
1138758,2023-07-01,23/24,48365,67909,Sporting U17,Sporting CP U23,,,Geovany Quenda
1105541,2023-07-01,23/24,25005,66529,Anderlecht Yth.,Anderlecht U18,,,Nathan De Cat
1097139,2023-07-01,23/24,7875,1082,LOSC Lille U19,Lille,,,Ayyoub Bouaddi
1086619,2023-07-01,23/24,68620,3037,Padova U17,Padova,,100000.0,Giovanni Leoni
1084638,2023-07-01,23/24,12786,21063,HSV Yth.,Hamburg U17,,,Karim Coulibaly
1078163,2023-07-01,23/24,50683,5679,Arsenal Youth,Arsenal U18,,,Ayden Heaven
1077175,2023-07-01,23/24,29349,49744,Genoa CFC Youth,Genoa U17,,,Honest Ahanor
1060087,2023-07-01,23/24,7661,91868,Olympiacos U19,Olympiacos B,,75000.0,Charalampos Kostoulas
962110,2023-07-01,23/24,2470,2464,Barça U19,Barça Atlètic,,,Pau Cubarsí
1018938,2023-07-01,23/24,9900,9899,R. Sociedad U19,Real Sociedad B,,,Jon Martín
1018920,2023-07-01,23/24,14321,2464,Barça U16,Barça Atlètic,,,Marc Bernal
1012564,2023-07-01,23/24,14724,978,Vasco U20,Vasco da Gama,,,Rayan
1012534,2023-07-01,23/24,173,762,Odense BK,Newcastle,8000000.0,2000000.0,Yankuba Minteh
1011131,2023-07-01,23/24,32580,6942,Fulham Youth,Fulham U18,,,Josh King
1006411,2023-07-01,23/24,107748,9372,Toulouse FC U17,Toulouse U19,,,Jaydee Canvot
997903,2023-07-01,23/24,20299,50220,Volendam U21,Feyenoord U18,0.0,25000.0,Givairo Read
991268,2023-07-01,23/24,21550,16795,Recre Granada,Granada CF,,200000.0,Samu Aghehowa
990148,2023-07-01,23/24,34282,46736,KRC Genk Youth,Jong Genk,,,Konstantinos Karetsas
962110,2023-07-01,23/24,39813,2470,Barça U18,Barça U19,,,Pau Cubarsí
880245,2023-07-01,23/24,10949,336,Sporting B,Sporting,,1500000.0,Mateus Fernandes
626724,2023-07-01,23/24,1010,1237,Watford,Brighton,34200000.0,32000000.0,João Pedro
859035,2023-07-01,23/24,81349,11368,AZ U18,AZ Alkmaar U21,,,Kees Smit
371149,2023-07-01,23/24,24,12,Frankfurt,Roma,0.0,28000000.0,Evan Ndicka
534033,2023-07-01,23/24,1237,31,Brighton,Liverpool,42000000.0,65000000.0,Alexis Mac Allister
517894,2023-07-01,23/24,13,543,Atlético,Wolves,50000000.0,25000000.0,Matheus Cunha
503883,2023-07-01,23/24,2282,1096,Club Brugge,Royal Antwerp,0.0,500000.0,Senne Lammens
485585,2023-07-01,23/24,9250,631,Chelsea U21,Chelsea,,12000000.0,Ian Maatsen
473050,2023-07-01,23/24,60,1148,Freiburg,Brentford,25000000.0,25000000.0,Kevin Schade
454567,2023-07-01,23/24,234,294,Feyenoord,Benfica,29700000.0,35000000.0,Orkun Kökçü
445939,2023-07-01,23/24,82,24,Wolfsburg,Frankfurt,0.0,6000000.0,Omar Marmoush
849410,2023-07-01,23/24,14831,189,Boca Juniors II,Boca Juniors,,1500000.0,Valentín Barco
412669,2023-07-01,23/24,131,336,Barcelona,Sporting,18000000.0,15000000.0,Francisco Trincão
404950,2023-07-01,23/24,409,23826,Salzburg,Leipzig,20000000.0,20000000.0,Nicolas Seiwald
364135,2023-07-01,23/24,29,506,Everton,Juventus,30000000.0,18000000.0,Moise Kean
566799,2023-07-01,23/24,9265,281,Man City U21,Man City,,2500000.0,James Trafford
344381,2023-07-01,23/24,23826,631,Leipzig,Chelsea,60000000.0,80000000.0,Christopher Nkunku
330659,2023-07-01,23/24,12,989,Roma,Bournemouth,10800000.0,14000000.0,Justin Kluivert
324278,2023-07-01,23/24,533,23826,Hoffenheim,Leipzig,25500000.0,24000000.0,Christoph Baumgartner
318528,2023-07-01,23/24,18,46,Mönchengladbach,Inter,0.0,32000000.0,Marcus Thuram
309400,2023-07-01,23/24,631,11,Chelsea,Arsenal,75000000.0,55000000.0,Kai Havertz
270541,2023-07-01,23/24,273,79,Stade Rennais,Stuttgart,9000000.0,14000000.0,Serhou Guirassy
265088,2023-07-01,23/24,6574,506,Sassuolo,Juventus,36400000.0,30000000.0,Manuel Locatelli
249565,2023-07-01,23/24,1003,405,Leicester,Aston Villa,0.0,25000000.0,Youri Tielemans
225161,2023-07-01,23/24,543,1114,Wolves,Al-Hilal,55000000.0,40000000.0,Rúben Neves
223967,2023-07-01,23/24,23826,27,Leipzig,Bayern Munich,0.0,28000000.0,Konrad Laimer
553875,2023-07-01,23/24,336,148,Sporting,Tottenham,40000000.0,40000000.0,Pedro Porro
424784,2023-07-01,23/24,244,3302,Marseille,UD Almería,8000000.0,8000000.0,Luis Suárez
581678,2023-07-01,23/24,16,418,Dortmund,Real Madrid,127000000.0,120000000.0,Jude Bellingham
724129,2023-07-01,23/24,43562,157,Jong KAA Gent,KAA Gent,,,Matias Fernandez-Pardo
834764,2023-07-01,23/24,6182,1049,Valencia B,Valencia,,2000000.0,Javi Guerra
624258,2023-07-01,23/24,9252,31,Liverpool U21,Liverpool,,1500000.0,Conor Bradley
823486,2023-07-01,23/24,8505,430,Fiorentina U19,Fiorentina,,800000.0,Michael Kayode
816585,2023-07-01,23/24,2613,4,Nürnberg U19,1.FC Nuremberg,,500000.0,Can Uzun
796297,2023-07-01,23/24,337,289,Birmingham,Sunderland,1750000.0,5000000.0,Jobe Bellingham
792380,2023-07-01,23/24,1462,28,FC Bayern U19,FC Bayern II,,,Aleksandar Pavlovic
776890,2023-07-01,23/24,1050,631,Villarreal,Chelsea,37000000.0,30000000.0,Nicolas Jackson
743413,2023-07-01,23/24,6930,9265,Man City U18,Man City U21,,,Nico O'Reilly
741238,2023-07-01,23/24,9250,631,Chelsea U21,Chelsea,,1000000.0,Omari Hutchinson
739443,2023-07-01,23/24,31614,2282,Ludogorets,Club Brugge,11000000.0,4000000.0,Igor Thiago
834397,2023-07-01,23/24,46736,1184,Jong Genk,Genk,,150000.0,Mike Penders
718303,2023-07-01,23/24,11368,1090,AZ Alkmaar U21,AZ Alkmaar,,300000.0,Ernest Poku
661171,2023-07-01,23/24,1096,24,Royal Antwerp,Frankfurt,13650000.0,11000000.0,Willian Pacho
717411,2023-07-01,23/24,54704,1148,Brentford B,Brentford,,400000.0,Yegor Yarmolyuk
632349,2023-07-01,23/24,9252,31,Liverpool U21,Liverpool,,400000.0,Jarell Quansah
636703,2023-07-01,23/24,2464,131,Barça Atlètic,Barcelona,,300000.0,Fermín López
655006,2023-07-01,23/24,10330,631,Benfica B,Chelsea,0.0,2000000.0,Diego Moreira
627442,2023-07-01,23/24,409,23826,Salzburg,Leipzig,31650000.0,24000000.0,Benjamin Sesko
661207,2023-07-01,23/24,9265,281,Man City U21,Man City,,,Oscar Bobb
670858,2023-07-01,23/24,9250,631,Chelsea U21,Chelsea,,10000000.0,Lewis Hall
701979,2023-07-01,23/24,10949,336,Sporting B,Sporting,,600000.0,Geny Catamo
709726,2023-07-01,23/24,1421,583,Stade Reims,PSG,28500000.0,20000000.0,Hugo Ekitiké
661053,2023-06-30,22/23,383,29,PSV,Everton,0.0,10000000.0,Jarrad Branthwaite
522784,2023-06-30,22/23,12321,40058,Girona,New York City,0.0,15000000.0,Taty Castellanos
525704,2023-06-30,22/23,2919,506,Monza,Juventus,0.0,18000000.0,Nicolò Rovella
541231,2023-06-30,22/23,33,31,FC Schalke 04,Liverpool,0.0,5000000.0,Sepp van den Berg
553875,2023-06-30,22/23,148,336,Tottenham,Sporting,0.0,40000000.0,Pedro Porro
556385,2023-06-30,22/23,410,148,Udinese,Tottenham,0.0,25000000.0,Destiny Udogie
578392,2023-06-30,22/23,42,533,Hannover 96,Hoffenheim,0.0,2000000.0,Maximilian Beier
620322,2023-06-30,22/23,1041,631,Lyon,Chelsea,0.0,25000000.0,Malo Gusto
627207,2023-06-30,22/23,202,167,FC Groningen,Augsburg,0.0,9000000.0,Ricardo Pepi
636703,2023-06-30,22/23,12351,2464,Linares,Barça Atlètic,0.0,300000.0,Fermín López
724520,2023-06-30,22/23,331,131,CA Osasuna,Barcelona,0.0,15000000.0,Abde Ezzalzouli
668207,2023-06-30,22/23,6808,419,Zrinjski Mostar,Dinamo Zagreb,0.0,400000.0,Petar Sučić
668606,2023-06-30,22/23,667,1062,R. Strasbourg,Shimizu S-Pulse,0.0,600000.0,Yuito Suzuki
701979,2023-06-30,22/23,1301,10949,Marítimo,Sporting B,0.0,600000.0,Geny Catamo
709726,2023-06-30,22/23,583,1421,PSG,Stade Reims,0.0,20000000.0,Hugo Ekitiké
742201,2023-06-30,22/23,142,13,Real Zaragoza,Atlético,0.0,2500000.0,Giuliano Simeone
743591,2023-06-30,22/23,383,1095,PSV,Troyes,0.0,5000000.0,Savinho
808348,2023-06-30,22/23,4467,409,TSV Hartberg,Salzburg,0.0,600000.0,Mamadou Sangaré
926952,2023-06-30,22/23,5618,14355,Lecce U19,Nordsjaell. U19,0.0,400000.0,Patrick Dorgu
504087,2023-06-30,22/23,2424,294,Gil Vicente,Benfica,0.0,5000000.0,Tomás Araújo
517894,2023-06-30,22/23,543,13,Wolves,Atlético,0.0,25000000.0,Matheus Cunha
743600,2023-06-30,22/23,978,631,Vasco da Gama,Chelsea,0.0,15000000.0,Andrey Santos
503770,2023-06-30,22/23,1421,11,Stade Reims,Arsenal,0.0,30000000.0,Folarin Balogun
412669,2023-06-30,22/23,336,131,Sporting,Barcelona,0.0,15000000.0,Francisco Trincão
265088,2023-06-30,22/23,506,6574,Juventus,Sassuolo,0.0,30000000.0,Manuel Locatelli
270541,2023-06-30,22/23,79,273,Stuttgart,Stade Rennais,0.0,14000000.0,Serhou Guirassy
314678,2023-06-30,22/23,5,418,AC Milan,Real Madrid,0.0,20000000.0,Brahim Díaz
500689,2023-06-30,22/23,995,417,FC Nantes,Nice,0.0,4500000.0,Evann Guessand
330659,2023-06-30,22/23,1049,12,Valencia,Roma,0.0,14000000.0,Justin Kluivert
332697,2023-06-30,22/23,399,506,Leeds,Juventus,0.0,18000000.0,Weston McKennie
334526,2023-06-30,22/23,631,506,Chelsea,Juventus,0.0,18000000.0,Denis Zakaria
364135,2023-06-30,22/23,506,29,Juventus,Everton,0.0,18000000.0,Moise Kean
392771,2023-06-30,22/23,3522,631,Spezia Calcio,Chelsea,0.0,9000000.0,Ethan Ampadu
392768,2023-06-30,22/23,15,631,Leverkusen,Chelsea,0.0,15000000.0,Callum Hudson-Odoi
424784,2023-06-30,22/23,3302,244,UD Almería,Marseille,0.0,8000000.0,Luis Suárez
436064,2023-06-30,22/23,200,234,Utrecht,Feyenoord,0.0,750000.0,Ramon Hendriks
455661,2023-06-30,22/23,64,86,SV Elversberg,Werder Bremen,0.0,1500000.0,Nick Woltemade
459763,2023-06-30,22/23,2239,800,Cremonese,Atalanta,0.0,13000000.0,Marco Carnesecchi
462250,2023-06-30,22/23,631,13,Chelsea,Atlético,0.0,50000000.0,João Félix
466805,2023-06-30,22/23,1049,131,Valencia,Barcelona,0.0,10000000.0,Nico González
467437,2023-06-30,22/23,124,27,Rangers,Bayern Munich,0.0,5000000.0,Malik Tillman
473050,2023-06-30,22/23,1148,60,Brentford,Freiburg,0.0,25000000.0,Kevin Schade
483348,2023-06-30,22/23,273,148,Stade Rennais,Tottenham,0.0,10000000.0,Djed Spence
485963,2023-06-30,22/23,368,244,Sevilla FC,Marseille,0.0,10000000.0,Pape Gueye
610849,2023-05-31,22/23,466,9265,Preston,Man City U21,0.0,7000000.0,Liam Delap
811778,2023-05-31,22/23,466,985,Preston,Man Utd,0.0,6000000.0,Álvaro Carreras
632349,2023-05-31,22/23,2455,9252,Bristol Rovers,Liverpool U21,0.0,400000.0,Jarell Quansah
624258,2023-05-31,22/23,355,9252,Bolton,Liverpool U21,0.0,1500000.0,Conor Bradley
618494,2023-05-31,22/23,164,9252,Blackburn,Liverpool U21,0.0,7000000.0,Tyler Morton
614258,2023-05-31,22/23,1237,631,Brighton,Chelsea,0.0,16000000.0,Levi Colwill
503743,2023-05-31,22/23,1181,9265,Blackpool,Man City U21,0.0,1800000.0,Morgan Rogers
597659,2023-05-31,22/23,1028,399,Millwall,Leeds,0.0,5000000.0,Charlie Cresswell
566799,2023-05-31,22/23,355,9265,Bolton,Man City U21,0.0,2500000.0,James Trafford
552655,2023-05-31,22/23,466,9254,Preston,Tottenham U21,0.0,4000000.0,Troy Parrott
536835,2023-05-31,22/23,289,985,Sunderland,Man Utd,0.0,13000000.0,Amad Diallo
485585,2023-05-31,22/23,1132,9250,Burnley,Chelsea U21,0.0,9000000.0,Ian Maatsen
258919,2023-05-31,22/23,703,985,Nott'm Forest,Man Utd,0.0,22000000.0,Dean Henderson
904802,2023-05-05,22/23,8817,610,Ajax U21,Ajax,,2500000.0,Jorrel Hato
579459,2023-04-01,22/23,41101,2790,Juve Next Gen,FC Lugano,742000.0,400000.0,Albian Hajdari
579459,2023-03-31,22/23,2790,41101,FC Lugano,Juve Next Gen,0.0,400000.0,Albian Hajdari
735573,2023-03-28,22/23,1755,1023,Guarani,Palmeiras,1380000.0,300000.0,Richard Ríos
845654,2023-03-13,22/23,11008,41101,Juventus U19,Juve Next Gen,,,Kenan Yıldız
830365,2023-03-08,22/23,2125,2646,EC Vitória,Náutico,0.0,,Alisson Santos
743600,2023-03-01,22/23,631,978,Chelsea,Vasco da Gama,0.0,12000000.0,Andrey Santos
892160,2023-02-24,22/23,11032,447,Hajduk U19,Hajduk Split,,,Luka Vuskovic
1111589,2023-02-21,22/23,31623,1293,Academy Mawade Wade,Tromsø IL,50000.0,,El Hadji Malick Diouf
918969,2023-02-10,22/23,30031,8179,Génération Foot,FC Metz B,,,Lamine Camara
808348,2023-02-06,22/23,409,4467,Salzburg,TSV Hartberg,0.0,350000.0,Mamadou Sangaré
808348,2023-02-05,22/23,3508,409,Zulte Waregem,Salzburg,0.0,350000.0,Mamadou Sangaré
866246,2023-02-01,22/23,1092,1044,Brommapojkarna,Djurgården,900000.0,800000.0,Lucas Bergvall
483348,2023-01-31,22/23,148,273,Tottenham,Stade Rennais,0.0,13000000.0,Djed Spence
553875,2023-01-31,22/23,336,148,Sporting,Tottenham,0.0,25000000.0,Pedro Porro
648195,2023-01-31,22/23,294,631,Benfica,Chelsea,121000000.0,55000000.0,Enzo Fernández
659089,2023-01-31,22/23,338,989,Dynamo Kyiv,Bournemouth,33000000.0,15000000.0,Ilya Zabarnyi
748804,2023-01-31,22/23,46736,8817,Jong Genk,Ajax U21,1000000.0,800000.0,Mika Godts
805714,2023-01-31,22/23,10949,167,Sporting B,Augsburg,0.0,,Renato Veiga
974982,2023-01-31,22/23,865,336,Midtjylland,Sporting,14500000.0,400000.0,Ousmane Diomande
332697,2023-01-30,22/23,506,399,Juventus,Leeds,0.0,21000000.0,Weston McKennie
451677,2023-01-30,22/23,317,1123,FC Twente,Norwich,0.0,7000000.0,Christos Tzolis
485963,2023-01-30,22/23,244,368,Marseille,Sevilla FC,0.0,10000000.0,Pape Gueye
620322,2023-01-30,22/23,631,1041,Chelsea,Lyon,0.0,15000000.0,Malo Gusto
667287,2023-01-30,22/23,272,1237,AIK,Brighton,4000000.0,4000000.0,Yasin Ayari
735570,2023-01-30,22/23,614,543,Flamengo,Wolves,18700000.0,15000000.0,João Gomes
974982,2023-01-30,22/23,7056,865,Mafra,Midtjylland,0.0,400000.0,Ousmane Diomande
620322,2023-01-29,22/23,1041,631,Lyon,Chelsea,30000000.0,15000000.0,Malo Gusto
503733,2023-01-29,22/23,29,762,Everton,Newcastle,45600000.0,40000000.0,Anthony Gordon
583255,2023-01-27,22/23,698,989,Bristol City,Bournemouth,10250000.0,3000000.0,Antoine Semenyo
668606,2023-01-27,22/23,1062,667,Shimizu S-Pulse,R. Strasbourg,0.0,700000.0,Yuito Suzuki
855308,2023-01-25,22/23,8179,347,FC Metz B,FC Metz,,,Arthur Atta
927353,2023-01-24,22/23,5506,4042,Servette U18,SC Freiburg U19,,,Johan Manzambi
425918,2023-01-23,22/23,3522,11,Spezia Calcio,Arsenal,19500000.0,8000000.0,Jakub Kiwior
668547,2023-01-23,22/23,1029,281,Vélez Sarsfield,Man City,11000000.0,8500000.0,Máximo Perrone
775605,2023-01-23,22/23,3679,13,Atl. Madrileño,Atlético,,500000.0,Pablo Barrios
503987,2023-01-20,22/23,383,631,PSV,Chelsea,35000000.0,15000000.0,Noni Madueke
632349,2023-01-20,22/23,9252,2455,Liverpool U21,Bristol Rovers,0.0,,Jarell Quansah
823231,2023-01-19,22/23,1158,989,FC Lorient,Bournemouth,22500000.0,10000000.0,Dango Ouattara
370789,2023-01-17,22/23,89,16,Union Berlin,Dortmund,5000000.0,7500000.0,Julian Ryerson
808509,2023-01-16,22/23,1023,703,Palmeiras,Nott'm Forest,20000000.0,25000000.0,Danilo
538977,2023-01-14,22/23,533,399,Hoffenheim,Leeds,40500000.0,16000000.0,Georginio Rutter
990148,2023-01-13,22/23,25005,34282,Anderlecht Yth.,KRC Genk Youth,,,Konstantinos Karetsas
1064871,2023-01-13,22/23,14837,8880,River Plate II,Alavés B,3300000.0,25000.0,Joaquín Panichelli
670103,2023-01-12,22/23,2778,294,Nordsjaelland,Benfica,9000000.0,9000000.0,Andreas Schjelderup
610849,2023-01-12,22/23,9265,466,Man City U21,Preston,0.0,7000000.0,Liam Delap
462250,2023-01-11,22/23,13,631,Atlético,Chelsea,0.0,50000000.0,João Félix
610849,2023-01-11,22/23,512,9265,Stoke City,Man City U21,0.0,7000000.0,Liam Delap
643574,2023-01-09,22/23,23568,2241,Machida Zelvia,Kashima Antlers,,750000.0,Kaishu Sano
473050,2023-01-04,22/23,60,1148,Freiburg,Brentford,0.0,12000000.0,Kevin Schade
503743,2023-01-04,22/23,9265,1181,Man City U21,Blackpool,0.0,1800000.0,Morgan Rogers
609556,2023-01-04,22/23,22,350,Derby,Sheff Utd,0.0,,William Osula
926993,2023-01-01,22/23,52880,16104,FCK Youth,Copenhagen U19,,,Victor Froholdt
939964,2023-01-01,22/23,16672,1420,Angers SCO B,Angers SCO,,100000.0,Jean-Mattéo Bahoya
964580,2023-01-01,22/23,15002,614,Flamengo U20,Flamengo,,150000.0,Wesley
971570,2023-01-01,22/23,14807,1023,Palmeiras U20,Palmeiras,,20000000.0,Endrick
904802,2023-01-01,22/23,52068,8817,Ajax U18,Ajax U21,,,Jorrel Hato
1005649,2023-01-01,22/23,14876,199,Corinthians U20,Corinthians,,,Murillo
1056993,2023-01-01,22/23,14880,14807,Palmeiras U17,Palmeiras U20,,,Estêvão
1097139,2023-01-01,22/23,107691,7875,LOSC Lille U17,LOSC Lille U19,,,Ayyoub Bouaddi
1185888,2023-01-01,22/23,82891,54295,PSG Youth,Paris SG U17,,,Ibrahim Mbaye
921655,2023-01-01,22/23,4078,1010,Montréal,Watford,8000000.0,6000000.0,Ismaël Koné
646750,2023-01-01,22/23,6182,1049,Valencia B,Valencia,,1000000.0,Cristhian Mosquera
890290,2023-01-01,22/23,11008,41101,Juventus U19,Juve Next Gen,,,Dean Huijsen
820374,2023-01-01,22/23,9251,985,Man Utd U21,Man Utd,,300000.0,Kobbie Mainoo
743600,2023-01-01,22/23,978,631,Vasco da Gama,Chelsea,12500000.0,10000000.0,Andrey Santos
743384,2023-01-01,22/23,43560,2282,Club NXT,Club Brugge,,600000.0,Chemsdine Talbi
670681,2023-01-01,22/23,10330,294,Benfica B,Benfica,,500000.0,João Neves
572675,2023-01-01,22/23,5662,1804,Puebla FC,Toluca,5600000.0,4000000.0,Maxi Araújo
517894,2023-01-01,22/23,13,543,Atlético,Wolves,0.0,20000000.0,Matheus Cunha
434675,2023-01-01,22/23,383,31,PSV,Liverpool,42000000.0,60000000.0,Cody Gakpo
424784,2023-01-01,22/23,244,3302,Marseille,UD Almería,0.0,9000000.0,Luis Suárez
1061282,2022-12-01,22/23,40422,2865,Betis U19,Betis Deportivo,,,Assane Diao
700106,2022-11-18,22/23,5369,39,Mainz 05 U19,Mainz,,,Brajan Gruda
1012534,2022-10-27,22/23,14364,173,Odense BK U19,Odense BK,,100000.0,Yankuba Minteh
796297,2022-09-23,22/23,6938,337,Birmingham U18,Birmingham,,500000.0,Jobe Bellingham
1060087,2022-09-20,22/23,62555,7661,Olympiacos U17,Olympiacos U19,,,Charalampos Kostoulas
270541,2022-09-01,22/23,273,79,Stade Rennais,Stuttgart,0.0,10000000.0,Serhou Guirassy
330659,2022-09-01,22/23,12,1049,Roma,Valencia,0.0,15000000.0,Justin Kluivert
334526,2022-09-01,22/23,506,631,Juventus,Chelsea,0.0,27000000.0,Denis Zakaria
392771,2022-09-01,22/23,631,3522,Chelsea,Spezia Calcio,0.0,13000000.0,Ethan Ampadu
418659,2022-09-01,22/23,417,273,Nice,Stade Rennais,28000000.0,42000000.0,Amine Gouiri
429983,2022-09-01,22/23,202,940,FC Groningen,Celta de Vigo,15040000.0,6000000.0,Jørgen Strand Larsen
505219,2022-09-01,22/23,985,29,Man Utd,Everton,10400000.0,7000000.0,James Garner
609556,2022-09-01,22/23,350,22,Sheff Utd,Derby,0.0,,William Osula
701979,2022-09-01,22/23,10949,1301,Sporting B,Marítimo,0.0,800000.0,Geny Catamo
724520,2022-09-01,22/23,131,331,Barcelona,CA Osasuna,0.0,8000000.0,Abde Ezzalzouli
627207,2022-08-31,22/23,167,202,Augsburg,FC Groningen,0.0,9000000.0,Ricardo Pepi
536835,2022-08-31,22/23,985,289,Man Utd,Sunderland,0.0,15000000.0,Amad Diallo
525704,2022-08-31,22/23,506,2919,Juventus,Monza,0.0,10000000.0,Nicolò Rovella
502821,2022-08-31,22/23,12,26,Roma,Basel,10540000.0,3500000.0,Riccardo Calafiori
475411,2022-08-31,22/23,1003,631,Leicester,Chelsea,80400000.0,40000000.0,Wesley Fofana
459763,2022-08-31,22/23,800,2239,Atalanta,Cremonese,0.0,8000000.0,Marco Carnesecchi
350219,2022-08-30,22/23,6195,583,Napoli,PSG,22500000.0,55000000.0,Fabián Ruiz
355915,2022-08-30,22/23,800,148,Atalanta,Tottenham,53800000.0,48000000.0,Cristian Romero
392768,2022-08-30,22/23,631,15,Chelsea,Leverkusen,0.0,25000000.0,Callum Hudson-Odoi
455661,2022-08-30,22/23,86,64,Werder Bremen,SV Elversberg,0.0,600000.0,Nick Woltemade
541231,2022-08-30,22/23,31,33,Liverpool,FC Schalke 04,0.0,5000000.0,Sepp van den Berg
602105,2022-08-30,22/23,610,985,Ajax,Man Utd,95000000.0,35000000.0,Antony
355915,2022-08-29,22/23,148,800,Tottenham,Atalanta,0.0,48000000.0,Cristian Romero
444523,2022-08-29,22/23,1041,379,Lyon,West Ham,42950000.0,35000000.0,Lucas Paquetá
521964,2022-08-29,22/23,33,5,FC Schalke 04,AC Milan,12800000.0,6000000.0,Malick Thiaw
610442,2022-08-27,22/23,122,800,Sturm Graz,Atalanta,21000000.0,4500000.0,Rasmus Højlund
349066,2022-08-26,22/23,681,762,Real Sociedad,Newcastle,77500000.0,30000000.0,Alexander Isak
404418,2022-08-22,22/23,197,234,Sparta Prague,Feyenoord,8300000.0,4500000.0,Dávid Hancko
429014,2022-08-19,22/23,543,703,Wolves,Nott'm Forest,29500000.0,11000000.0,Morgan Gibbs-White
636703,2022-08-19,22/23,2464,12351,Barça Atlètic,Linares,0.0,,Fermín López
1012534,2022-08-19,22/23,10428,14364,Steve Biko FC,Odense BK U19,,,Yankuba Minteh
418543,2022-08-18,22/23,610,416,Ajax,Torino,9400000.0,7000000.0,Perr Schuurs
601883,2022-08-18,22/23,336,543,Sporting,Wolves,47400000.0,35000000.0,Matheus Nunes
610849,2022-08-18,22/23,9265,512,Man City U21,Stoke City,0.0,1500000.0,Liam Delap
653610,2022-08-17,22/23,776,234,Coritiba FC,Feyenoord,4500000.0,800000.0,Igor Paixão
556385,2022-08-16,22/23,410,148,Udinese,Tottenham,18000000.0,17000000.0,Destiny Udogie
556385,2022-08-16,22/23,148,410,Tottenham,Udinese,0.0,17000000.0,Destiny Udogie
466805,2022-08-13,22/23,131,1049,Barcelona,Valencia,0.0,20000000.0,Nico González
585959,2022-08-11,22/23,583,273,PSG,Stade Rennais,20000000.0,18000000.0,Arnaud Kalimuendo
540941,2022-08-10,22/23,1038,1148,Sampdoria,Brentford,15000000.0,15000000.0,Mikkel Damsgaard
485706,2022-08-09,22/23,1082,29,Lille,Everton,39870000.0,10000000.0,Amadou Onana
469781,2022-08-08,22/23,234,989,Feyenoord,Bournemouth,15000000.0,17000000.0,Marcos Senesi
284857,2022-08-05,22/23,1237,631,Brighton,Chelsea,65300000.0,28000000.0,Marc Cucurella
614258,2022-08-05,22/23,631,1237,Chelsea,Brighton,0.0,5000000.0,Levi Colwill
974982,2022-08-05,22/23,865,7056,Midtjylland,Mafra,0.0,,Ousmane Diomande
463605,2022-08-05,22/23,415,1082,Toulouse,Lille,3000000.0,3000000.0,Bafodé Diakité
406040,2022-08-04,22/23,23826,800,Leipzig,Atalanta,16100000.0,10000000.0,Ademola Lookman
559328,2022-08-04,22/23,1096,122,Royal Antwerp,Sturm Graz,3240000.0,900000.0,Emmanuel Emegha
735573,2022-08-04,22/23,614,1755,Flamengo,Guarani,0.0,300000.0,Richard Ríos
503770,2022-08-03,22/23,11,1421,Arsenal,Stade Reims,0.0,4000000.0,Folarin Balogun
435772,2022-08-02,22/23,2282,5,Club Brugge,AC Milan,37500000.0,30000000.0,Charles De Ketelaere
893661,2022-08-02,22/23,19309,43560,Independiente,Club NXT,3900000.0,600000.0,Joel Ordóñez
399434,2022-08-01,22/23,641,989,Middlesbrough,Bournemouth,11900000.0,4500000.0,Marcus Tavernier
618494,2022-08-01,22/23,9252,164,Liverpool U21,Blackburn,0.0,3000000.0,Tyler Morton
947411,2022-08-01,22/23,12797,9264,Sunderland U18,Sunderland U21,,,Chris Rigg
1390649,2022-08-01,22/23,132716,129493,Yulee Hornets,DME Academy,0.0,,Yan Diomande
318204,2022-07-31,22/23,533,23826,Hoffenheim,Leipzig,26000000.0,20000000.0,David Raum
420213,2022-07-28,22/23,200,234,Utrecht,Feyenoord,7400000.0,4000000.0,Quinten Timber
411975,2022-07-28,22/23,368,131,Sevilla FC,Barcelona,50000000.0,60000000.0,Jules Koundé
480762,2022-07-27,22/23,610,985,Ajax,Man Utd,57370000.0,32000000.0,Lisandro Martínez
504087,2022-07-27,22/23,294,2424,Benfica,Gil Vicente,0.0,2000000.0,Tomás Araújo
578539,2022-07-27,22/23,27,873,Bayern Munich,Crystal Palace,12000000.0,7500000.0,Chris Richards
315867,2022-07-26,22/23,6574,379,Sassuolo,West Ham,38600000.0,30000000.0,Gianluca Scamacca
811778,2022-07-26,22/23,985,466,Man Utd,Preston,0.0,2000000.0,Álvaro Carreras
522784,2022-07-25,22/23,40058,12321,New York City,Girona,0.0,12000000.0,Taty Castellanos
552655,2022-07-25,22/23,9254,466,Tottenham U21,Preston,0.0,5000000.0,Troy Parrott
451677,2022-07-22,22/23,1123,317,Norwich,FC Twente,0.0,8000000.0,Christos Tzolis
473169,2022-07-22,22/23,23826,610,Leipzig,Ajax,16350000.0,9000000.0,Brian Brobbey
743591,2022-07-22,22/23,1095,383,Troyes,PSV,0.0,6000000.0,Savinho
487474,2022-07-21,22/23,720,610,Porto,Ajax,5070000.0,8000000.0,Francisco Conceição
926952,2022-07-21,22/23,14355,5618,Nordsjaell. U19,Lecce U19,0.0,,Patrick Dorgu
516716,2022-07-20,22/23,416,506,Torino,Juventus,51300000.0,35000000.0,Bremer
461883,2022-07-20,22/23,124,610,Rangers,Ajax,23000000.0,10000000.0,Calvin Bassey
424784,2022-07-20,22/23,16795,244,Granada CF,Marseille,10000000.0,9000000.0,Luis Suárez
483348,2022-07-19,22/23,641,148,Middlesbrough,Tottenham,14700000.0,8000000.0,Djed Spence
326031,2022-07-19,22/23,506,27,Juventus,Bayern Munich,67000000.0,70000000.0,Matthijs de Ligt
844797,2022-07-18,22/23,333,1023,Lanús,Palmeiras,9500000.0,8000000.0,José Manuel López
661053,2022-07-17,22/23,29,383,Everton,PSV,0.0,3000000.0,Jarrad Branthwaite
709726,2022-07-16,22/23,1421,583,Stade Reims,PSG,0.0,28000000.0,Hugo Ekitiké
741238,2022-07-16,22/23,9249,9250,Arsenal U21,Chelsea U21,,,Omari Hutchinson
553469,2022-07-15,22/23,585,1123,São Paulo,Norwich,10500000.0,6500000.0,Gabriel Sara
866246,2022-07-15,22/23,8955,1092,IF Bromma U19,Brommapojkarna,,,Lucas Bergvall
485585,2022-07-15,22/23,9250,1132,Chelsea U21,Burnley,0.0,5000000.0,Ian Maatsen
467437,2022-07-15,22/23,27,124,Bayern Munich,Rangers,0.0,1500000.0,Malik Tillman
648195,2022-07-14,22/23,209,294,River Plate,Benfica,44250000.0,15000000.0,Enzo Fernández
717411,2022-07-14,22/23,60551,54704,SC Dnipro-1,Brentford B,1500000.0,400000.0,Yegor Yarmolyuk
411295,2022-07-13,22/23,399,131,Leeds,Barcelona,58000000.0,45000000.0,Raphinha
412669,2022-07-13,22/23,131,336,Barcelona,Sporting,0.0,20000000.0,Francisco Trincão
644401,2022-07-12,22/23,3008,1148,Hull City,Brentford,19000000.0,12000000.0,Keane Lewis-Potter
845654,2022-07-12,22/23,1462,11008,FC Bayern U19,Juventus U19,0.0,,Kenan Yıldız
469050,2022-07-12,22/23,1132,543,Burnley,Wolves,24300000.0,10000000.0,Nathan Collins
618341,2022-07-12,22/23,6767,398,RM Castilla,Lazio,6000000.0,500000.0,Mario Gila
500689,2022-07-12,22/23,417,995,Nice,FC Nantes,0.0,3000000.0,Evann Guessand
503680,2022-07-10,22/23,31,703,Liverpool,Nott'm Forest,20000000.0,8000000.0,Neco Williams
579459,2022-07-08,22/23,41101,2790,Juve Next Gen,FC Lugano,0.0,300000.0,Albian Hajdari
576024,2022-07-07,22/23,209,281,River Plate,Man City,0.0,23000000.0,Julián Alvarez
332705,2022-07-06,22/23,23826,399,Leipzig,Leeds,17000000.0,17000000.0,Tyler Adams
368887,2022-07-06,22/23,2282,826,Club Brugge,Lens,15390000.0,7500000.0,Loïs Openda
607854,2022-07-06,22/23,380,800,Salernitana,Atalanta,22900000.0,13000000.0,Éderson
743591,2022-07-06,22/23,330,1095,Atlético-MG,Troyes,6500000.0,6000000.0,Savinho
937941,2022-07-06,22/23,10825,28643,FC Sochaux B,SK Beveren,0.0,,Thierno Barry
597659,2022-07-04,22/23,399,1028,Leeds,Millwall,0.0,3000000.0,Charlie Cresswell
742201,2022-07-04,22/23,13,142,Atlético,Real Zaragoza,0.0,500000.0,Giuliano Simeone
668207,2022-07-02,22/23,419,6808,Dinamo Zagreb,Zrinjski Mostar,0.0,150000.0,Petar Sučić
258919,2022-07-02,22/23,985,703,Man Utd,Nott'm Forest,0.0,18000000.0,Dean Henderson
834764,2022-07-01,22/23,10200,6182,Valencia U19,Valencia B,,,Javi Guerra
904802,2022-07-01,22/23,51645,52068,Ajax U17,Ajax U18,,,Jorrel Hato
897424,2022-07-01,22/23,21061,1463,Schalke 04 U17,Schalke 04 U19,,,Assan Ouédraogo
895937,2022-07-01,22/23,49568,11998,Atalanta U17,Atalanta U19,,,Marco Palestra
892160,2022-07-01,22/23,36344,11032,Hajduk U17,Hajduk U19,,,Luka Vuskovic
890721,2022-07-01,22/23,50683,5679,Arsenal Youth,Arsenal U18,,,Myles Lewis-Skelly
890719,2022-07-01,22/23,50683,5679,Arsenal Youth,Arsenal U18,,,Ethan Nwaneri
890290,2022-07-01,22/23,49567,11008,Juventus U17,Juventus U19,,,Dean Huijsen
880245,2022-07-01,22/23,67909,10949,Sporting CP U23,Sporting B,,,Mateus Fernandes
876631,2022-07-01,22/23,11199,667,Strasbourg U19,R. Strasbourg,,600000.0,Habib Diarra
867688,2022-07-01,22/23,9606,39336,Brighton U18,Brighton U21,,,Jack Hinshelwood
859035,2022-07-01,22/23,51646,81349,AZ U17,AZ U18,,,Kees Smit
855308,2022-07-01,22/23,10849,8179,FC Metz U19,FC Metz B,,,Arthur Atta
844637,2022-07-01,22/23,11516,3368,Atl. Levante,Levante,,800000.0,Marc Pubill
834397,2022-07-01,22/23,66531,46736,KRC Genk U18,Jong Genk,,,Mike Penders
744149,2022-07-01,22/23,9258,164,Blackburn U21,Blackburn,,,Adam Wharton
820374,2022-07-01,22/23,5242,9251,Man Utd U18,Man Utd U21,,,Kobbie Mainoo
816585,2022-07-01,22/23,21049,2613,Nürnberg U17,Nürnberg U19,,,Can Uzun
813137,2022-07-01,22/23,76094,11997,Roma U18,Roma U19,,,Niccolò Pisilli
811779,2022-07-01,22/23,9251,985,Man Utd U21,Man Utd,,2000000.0,Alejandro Garnacho
811778,2022-07-01,22/23,9251,985,Man Utd U21,Man Utd,,2000000.0,Álvaro Carreras
810092,2022-07-01,22/23,6326,583,Paris SG U19,PSG,,,Warren Zaïre-Emery
808348,2022-07-01,22/23,409,3508,Salzburg,Zulte Waregem,0.0,350000.0,Mamadou Sangaré
805714,2022-07-01,22/23,67909,10949,Sporting CP U23,Sporting B,,,Renato Veiga
800175,2022-07-01,22/23,2462,150,Fluminense,Real Betis,10400000.0,12000000.0,Luiz Henrique
780136,2022-07-01,22/23,48967,5380,Inter U17,Inter U19,,,Aleksandar Stanković
776890,2022-07-01,22/23,11972,1050,Villarreal CF B,Villarreal,,1000000.0,Nicolas Jackson
775605,2022-07-01,22/23,31506,3679,Atl. Madrid U19,Atl. Madrileño,,,Pablo Barrios
748804,2022-07-01,22/23,66531,46736,KRC Genk U18,Jong Genk,,,Mika Godts
905011,2022-07-01,22/23,21066,2827,Hertha BSC U17,Hertha BSC U19,,,Ibrahim Maza
914562,2022-07-01,22/23,8154,273,Rennes B,Stade Rennais,,400000.0,Désiré Doué
922769,2022-07-01,22/23,6943,9253,Newcastle U18,Newcastle U21,,,Lewis Miley
923831,2022-07-01,22/23,12765,1082,LOSC Lille B,Lille,,150000.0,Leny Yoro
1190411,2022-07-01,22/23,14743,70827,Real Betis Yth.,Calavera U19,,,Jesús Rodríguez
1138758,2022-07-01,22/23,53956,48365,Sporting Sub-15,Sporting U17,,,Geovany Quenda
1097139,2022-07-01,22/23,59856,107691,LOSC Lille Yth.,LOSC Lille U17,,,Ayyoub Bouaddi
1075147,2022-07-01,22/23,38880,18936,Aschaff. Yth.,B. München Yth.,0.0,,Lennart Karl
1061282,2022-07-01,22/23,14743,40422,Real Betis Yth.,Betis U19,,,Assane Diao
1018938,2022-07-01,22/23,14967,9900,Real Sociedad Y,R. Sociedad U19,,,Jon Martín
1018920,2022-07-01,22/23,70295,14321,Barça Youth,Barça U16,,,Marc Bernal
1012564,2022-07-01,22/23,15036,14724,Vasco U17,Vasco U20,,,Rayan
1004708,2022-07-01,22/23,50677,6918,Chelsea Youth,Chelsea U18,,,Josh Acheampong
1004301,2022-07-01,22/23,7874,8154,Rennes U19,Rennes B,,,Jérémy Jacquet
996897,2022-07-01,21/22,24816,9875,Libertad U19,Libertad,,500000.0,Diego Gómez
991268,2022-07-01,22/23,39452,21550,Granada CF U19,Recre Granada,,,Samu Aghehowa
982575,2022-07-01,22/23,20728,3329,Famalicão U19,Famalicão,,,Gustavo Sá
974982,2022-07-01,22/23,9054,865,Midtjylland U19,Midtjylland,,,Ousmane Diomande
973085,2022-07-01,22/23,12765,1082,LOSC Lille B,Lille,,150000.0,Carlos Baleba
962110,2022-07-01,22/23,70295,39813,Barça Youth,Barça U18,,,Pau Cubarsí
957653,2022-07-01,22/23,56765,47962,FC Porto U15,FC Porto U17,,,Rodrigo Mora
955357,2022-07-01,22/23,99399,16662,FC Lorient U17,Lorient B,,,Junior Kroupi
948294,2022-07-01,22/23,39822,28870,Real Madrid U18,Real Madrid U19,,,Nico Paz
948278,2022-07-01,22/23,13711,39822,Real Madrid U17,Real Madrid U18,,,Jacobo Ramón
939964,2022-07-01,22/23,105954,16672,Angers SCO U17,Angers SCO B,,,Jean-Mattéo Bahoya
938729,2022-07-01,22/23,28860,6665,Bilbao U19,CD Basconia,,,Mikel Jauregizar
937958,2022-07-01,22/23,14321,2470,Barça U16,Barça U19,,,Lamine Yamal
935231,2022-07-01,22/23,28870,92878,Real Madrid U19,RSC Inter FC,,,Víctor Muñoz
935230,2022-07-01,22/23,39822,28870,Real Madrid U18,Real Madrid U19,,,Gonzalo García
930781,2022-07-01,22/23,48967,5380,Inter U17,Inter U19,,,Pio Esposito
927353,2022-07-01,22/23,14179,5506,Servette M-17,Servette U18,,,Johan Manzambi
745200,2022-07-01,22/23,9668,162,Monaco U21,Monaco,,1000000.0,Maghnes Akliouche
488362,2022-07-01,22/23,9250,631,Chelsea U21,Chelsea,,25000000.0,Conor Gallagher
743515,2022-07-01,22/23,11199,667,Strasbourg U19,R. Strasbourg,,,Robin Risser
616341,2022-07-01,22/23,336,583,Sporting,PSG,38000000.0,40000000.0,Nuno Mendes
609556,2022-07-01,22/23,8824,350,Sheff Utd U21,Sheff Utd,,,William Osula
606752,2022-07-01,22/23,24,33,Frankfurt,FC Schalke 04,1500000.0,3500000.0,Rodrigo Zalazar
574671,2022-07-01,22/23,162,409,Monaco,Salzburg,7000000.0,5000000.0,Strahinja Pavlović
567576,2022-07-01,22/23,9253,762,Newcastle U21,Newcastle,,200000.0,Elliot Anderson
556385,2022-07-01,22/23,276,410,Hellas Verona,Udinese,5200000.0,17000000.0,Destiny Udogie
553875,2022-07-01,22/23,281,336,Man City,Sporting,8770000.0,25000000.0,Pedro Porro
518505,2022-07-01,22/23,65,89,Greuther Fürth,Union Berlin,4000000.0,4500000.0,Jamie Leweling
504087,2022-07-01,22/23,10330,294,Benfica B,Benfica,,2000000.0,Tomás Araújo
503770,2022-07-01,22/23,9249,11,Arsenal U21,Arsenal,,4000000.0,Folarin Balogun
502670,2022-07-01,22/23,11344,6195,Dinamo Batumi,Napoli,13300000.0,15000000.0,Khvicha Kvaratskhelia
496094,2022-07-01,22/23,409,16,Salzburg,Dortmund,30000000.0,35000000.0,Karim Adeyemi
338670,2022-07-01,22/23,294,12,Benfica,Roma,0.0,2000000.0,Mile Svilar
487469,2022-07-01,22/23,720,583,Porto,PSG,41500000.0,30000000.0,Vitinha
478573,2022-07-01,22/23,610,27,Ajax,Bayern Munich,18500000.0,35000000.0,Ryan Gravenberch
469822,2022-07-01,22/23,660,294,Shakhtar D.,Benfica,15300000.0,20000000.0,David Neres
465830,2022-07-01,22/23,11,244,Arsenal,Marseille,11000000.0,25000000.0,Mattéo Guendouzi
441986,2022-07-01,22/23,3,678,1.FC Köln,Aarhus GF,1720000.0,1000000.0,Yann Bisseck
436064,2022-07-01,22/23,234,200,Feyenoord,Utrecht,0.0,800000.0,Ramon Hendriks
418560,2022-07-01,22/23,16,281,Dortmund,Man City,60000000.0,150000000.0,Erling Haaland
415381,2022-07-01,22/23,798,234,Excelsior,Feyenoord,575000.0,400000.0,Mats Wieffer
413112,2022-07-01,22/23,162,418,Monaco,Real Madrid,80000000.0,60000000.0,Aurélien Tchouaméni
394327,2022-07-01,22/23,244,405,Marseille,Aston Villa,0.0,25000000.0,Boubacar Kamara
388198,2022-07-01,22/23,60,16,Freiburg,Dortmund,20000000.0,33000000.0,Nico Schlotterbeck
378710,2022-07-01,22/23,29,148,Everton,Tottenham,58000000.0,48000000.0,Richarlison
365108,2022-07-01,22/23,417,26,Nice,Basel,2000000.0,4000000.0,Dan Ndoye
361093,2022-07-01,22/23,1082,762,Lille,Newcastle,37000000.0,30000000.0,Sven Botman
743386,2022-07-01,22/23,43562,157,Jong KAA Gent,KAA Gent,,,Malick Fofana
614258,2022-07-01,22/23,9250,631,Chelsea U21,Chelsea,,5000000.0,Levi Colwill
566931,2022-07-01,22/23,583,383,PSG,PSV,0.0,4000000.0,Xavi Simons
624258,2022-07-01,22/23,9252,355,Liverpool U21,Bolton,0.0,1000000.0,Conor Bradley
670882,2022-07-01,22/23,1464,16,B. Dortmund U19,Dortmund,,4000000.0,Jamie Gittens
743384,2022-07-01,22/23,66530,43560,Club Brugge U18,Club NXT,,,Chemsdine Talbi
742201,2022-07-01,22/23,3679,13,Atl. Madrileño,Atlético,,500000.0,Giuliano Simeone
727089,2022-07-01,22/23,30857,58,RSCA Futures,RSC Anderlecht,,,Noah Sadiki
724520,2022-07-01,22/23,2464,131,Barça Atlètic,Barcelona,,8000000.0,Abde Ezzalzouli
720286,2022-07-01,22/23,84699,11749,Ak.Loko U16,Loko Moscow II,,,Aleksey Batrakov
717329,2022-07-01,22/23,2663,42,Hannover 96 U19,Hannover 96,,400000.0,Nicolò Tresoldi
711374,2022-07-01,22/23,44822,9899,Real Sociedad C,Real Sociedad B,,150000.0,Jon Gorrotxategi
636688,2022-07-01,22/23,2464,131,Barça Atlètic,Barcelona,,4000000.0,Alejandro Balde
702869,2022-07-01,22/23,9715,383,PSV U21,PSV,,450000.0,Ismael Saibari
701057,2022-07-01,22/23,6930,281,Man City U18,Man City,,,Rico Lewis
699704,2022-07-01,22/23,8733,940,Celta Vigo B,Celta de Vigo,,1500000.0,Gabri Veiga
691892,2022-07-01,22/23,2613,4,Nürnberg U19,1.FC Nuremberg,,100000.0,Nathaniel Brown
679423,2022-07-01,22/23,11008,41101,Juventus U19,Juve Next Gen,,600000.0,Tarik Muharemović
709372,2022-07-01,22/23,12853,11972,FC Villarreal C,Villarreal CF B,,,Carlos Romero
670681,2022-07-01,22/23,8889,10330,Benfica U19,Benfica B,,400000.0,João Neves
668951,2022-07-01,22/23,41101,506,Juve Next Gen,Juventus,,2500000.0,Matías Soulé
668207,2022-07-01,22/23,44796,419,Din. Zagreb II,Dinamo Zagreb,,150000.0,Petar Sučić
667457,2022-07-01,22/23,14322,5299,FC Basel U18,FC Basel U21,,,Leon Avdullahu
660867,2022-07-01,22/23,9875,1237,Libertad,Brighton,11600000.0,11000000.0,Julio Enciso
655217,2022-07-01,22/23,37024,409,FC Liefering,Salzburg,,600000.0,Samson Baidoo
655006,2022-07-01,22/23,8889,10330,Benfica U19,Benfica B,,750000.0,Diego Moreira
654982,2022-07-01,22/23,46736,1184,Jong Genk,Genk,,100000.0,Bilal El Khannouss
651580,2022-07-01,22/23,84698,11755,Ak.ZSKA U16,CSKA Moscow II,,,Matvey Kislyak
650568,2022-07-01,22/23,68780,294,Benfica U23,Benfica,,300000.0,António Silva
646750,2022-07-01,22/23,10200,6182,Valencia U19,Valencia B,,1000000.0,Cristhian Mosquera
636703,2022-07-01,22/23,2470,2464,Barça U19,Barça Atlètic,,,Fermín López
669380,2022-07-01,22/23,91869,1091,PAOK Saloniki B,PAOK,,300000.0,Konstantinos Koulierakis
578539,2022-06-30,21/22,533,27,Hoffenheim,Bayern Munich,0.0,7500000.0,Chris Richards
579459,2022-06-30,21/22,26,41101,Basel,Juventus U23,0.0,300000.0,Albian Hajdari
556385,2022-06-30,21/22,410,276,Udinese,Hellas Verona,0.0,17000000.0,Destiny Udogie
574671,2022-06-30,21/22,26,162,Basel,Monaco,0.0,5000000.0,Strahinja Pavlović
606752,2022-06-30,21/22,33,24,FC Schalke 04,Frankfurt,0.0,3500000.0,Rodrigo Zalazar
585959,2022-06-30,21/22,826,583,Lens,PSG,0.0,18000000.0,Arnaud Kalimuendo
808348,2022-06-30,21/22,316,409,Grazer AK 1902,Salzburg,0.0,350000.0,Mamadou Sangaré
616341,2022-06-30,21/22,583,336,PSG,Sporting,0.0,40000000.0,Nuno Mendes
616631,2022-06-30,21/22,380,800,Salernitana,Atalanta,0.0,2000000.0,Matteo Ruggeri
701979,2022-06-30,21/22,2420,10949,Vit. Guimarães,Sporting B,0.0,800000.0,Geny Catamo
729814,2022-06-30,21/22,2715,347,RFC Seraing,FC Metz,0.0,2200000.0,Georges Mikautadze
735573,2022-06-30,21/22,82696,614,Mazatlán FC,Flamengo,0.0,300000.0,Richard Ríos
1018938,2022-06-30,21/22,99608,14967,Beasain U19,Real Sociedad Y,0.0,,Jon Martín
548111,2022-06-30,21/22,12321,1050,Girona,Villarreal,0.0,3000000.0,Álex Baena
553875,2022-06-30,21/22,336,281,Sporting,Man City,0.0,25000000.0,Pedro Porro
568693,2022-06-30,21/22,347,148,FC Metz,Tottenham,0.0,15000000.0,Pape Matar Sarr
525704,2022-06-30,21/22,252,506,Genoa,Juventus,0.0,10000000.0,Nicolò Rovella
441986,2022-06-30,21/22,678,3,Aarhus GF,1.FC Köln,0.0,1000000.0,Yann Bisseck
330659,2022-06-30,21/22,417,12,Nice,Roma,0.0,15000000.0,Justin Kluivert
365108,2022-06-30,21/22,26,417,Basel,Nice,0.0,4000000.0,Dan Ndoye
368887,2022-06-30,21/22,499,2282,Vitesse,Club Brugge,0.0,7500000.0,Loïs Openda
392771,2022-06-30,21/22,607,631,Venezia,Chelsea,0.0,13000000.0,Ethan Ampadu
406040,2022-06-30,21/22,1003,23826,Leicester,Leipzig,0.0,10000000.0,Ademola Lookman
412669,2022-06-30,21/22,543,131,Wolves,Barcelona,0.0,20000000.0,Francisco Trincão
502821,2022-06-30,21/22,252,12,Genoa,Roma,0.0,3500000.0,Riccardo Calafiori
445939,2022-06-30,21/22,79,82,Stuttgart,Wolfsburg,0.0,6000000.0,Omar Marmoush
463600,2022-06-30,21/22,1423,1082,Valenciennes FC,Lille,0.0,2500000.0,Lucas Chevalier
465830,2022-06-30,21/22,244,11,Marseille,Arsenal,0.0,25000000.0,Mattéo Guendouzi
473169,2022-06-30,21/22,610,23826,Ajax,Leipzig,0.0,9000000.0,Brian Brobbey
495666,2022-06-30,21/22,244,11,Marseille,Arsenal,0.0,30000000.0,William Saliba
459763,2022-06-30,21/22,2239,800,Cremonese,Atalanta,0.0,8000000.0,Marco Carnesecchi
505219,2022-05-31,21/22,703,985,Nott'm Forest,Man Utd,0.0,7000000.0,James Garner
614258,2022-05-31,21/22,1110,9250,Huddersfield,Chelsea U23,0.0,5000000.0,Levi Colwill
576314,2022-05-31,21/22,164,1237,Blackburn,Brighton,0.0,5000000.0,Jan Paul van Hecke
567576,2022-05-31,21/22,2455,9253,Bristol Rovers,Newcastle U23,0.0,200000.0,Elliot Anderson
541231,2022-05-31,21/22,466,31,Preston,Liverpool,0.0,5000000.0,Sepp van den Berg
536835,2022-05-31,21/22,124,985,Rangers,Man Utd,0.0,18000000.0,Amad Diallo
552655,2022-05-31,21/22,991,9254,MK Dons,Tottenham U23,0.0,3600000.0,Troy Parrott
503770,2022-05-31,21/22,641,9249,Middlesbrough,Arsenal U23,0.0,4000000.0,Folarin Balogun
485585,2022-05-31,21/22,990,9250,Coventry,Chelsea U23,0.0,5000000.0,Ian Maatsen
429014,2022-05-31,21/22,350,543,Sheff Utd,Wolves,0.0,11000000.0,Morgan Gibbs-White
483348,2022-05-31,21/22,703,641,Nott'm Forest,Middlesbrough,0.0,8000000.0,Djed Spence
503743,2022-05-31,21/22,989,9265,Bournemouth,Man City U23,0.0,1800000.0,Morgan Rogers
488362,2022-05-31,21/22,873,9250,Crystal Palace,Chelsea U23,0.0,25000000.0,Conor Gallagher
503680,2022-05-31,21/22,931,31,Fulham,Liverpool,0.0,8000000.0,Neco Williams
943837,2022-04-11,21/22,609,679,Cruzeiro,Athletico-PR,4700000.0,300000.0,Vitor Roque
465555,2022-04-06,21/22,6621,626,Cukaricki,New England,915000.0,1200000.0,Djordje Petrovic
502670,2022-03-31,21/22,2698,11344,Rubin Kazan,Dinamo Batumi,6960000.0,16000000.0,Khvicha Kvaratskhelia
763079,2022-03-17,21/22,85976,27204,Bunyodkor U18,Energetik-BGU,800000.0,,Abdukodir Khusanov
931838,2022-03-04,21/22,7917,496,Malmö FF U19,Malmö,,,Hugo Larsson
739443,2022-02-28,21/22,609,31614,Cruzeiro,Ludogorets,1320000.0,400000.0,Igor Thiago
574671,2022-02-15,21/22,162,26,Monaco,Basel,0.0,8000000.0,Strahinja Pavlović
554903,2022-02-08,21/22,189,11831,Boca Juniors,Tigre,0.0,1300000.0,Mateo Retegui
576024,2022-02-01,21/22,281,209,Man City,River Plate,0.0,20000000.0,Julián Alvarez
567576,2022-01-31,21/22,9253,2455,Newcastle U23,Bristol Rovers,0.0,200000.0,Elliot Anderson
701979,2022-01-31,21/22,10949,2420,Sporting B,Vit. Guimarães,0.0,,Geny Catamo
576024,2022-01-31,21/22,209,281,River Plate,Man City,21400000.0,20000000.0,Julián Alvarez
503680,2022-01-31,21/22,31,931,Liverpool,Fulham,0.0,8000000.0,Neco Williams
559328,2022-01-31,21/22,468,1096,Sparta R.,Royal Antwerp,2000000.0,500000.0,Emmanuel Emegha
334526,2022-01-31,21/22,18,506,Mönchengladbach,Juventus,11350000.0,27000000.0,Denis Zakaria
420002,2022-01-31,21/22,39,873,Mainz,Crystal Palace,11000000.0,5000000.0,Jean-Philippe Mateta
420002,2022-01-30,21/22,873,39,Crystal Palace,Mainz,0.0,5000000.0,Jean-Philippe Mateta
480692,2022-01-30,21/22,720,31,Porto,Liverpool,49000000.0,40000000.0,Luis Díaz
520624,2022-01-30,21/22,1041,762,Lyon,Newcastle,42100000.0,30000000.0,Bruno Guimarães
607854,2022-01-30,21/22,199,380,Corinthians,Salernitana,6500000.0,5000000.0,Éderson
607854,2022-01-29,21/22,10870,199,Fortaleza,Corinthians,0.0,5000000.0,Éderson
730861,2022-01-29,21/22,10958,1090,Milan U19,AZ Alkmaar,2700000.0,300000.0,Milos Kerkez
661171,2022-01-28,21/22,19309,1096,Independiente,Royal Antwerp,5570000.0,2500000.0,Willian Pacho
357498,2022-01-28,21/22,430,506,Fiorentina,Juventus,85400000.0,70000000.0,Dušan Vlahović
610442,2022-01-28,21/22,190,122,Copenhagen,Sturm Graz,1950000.0,1000000.0,Rasmus Højlund
536835,2022-01-27,21/22,985,124,Man Utd,Rangers,0.0,18000000.0,Amad Diallo
608172,2022-01-27,21/22,5494,434,Luzern U21,FC Luzern,,100000.0,Ardon Jashari
974982,2022-01-20,21/22,72504,9054,OS Abobo,Midtjylland U19,,,Ousmane Diomande
668207,2022-01-19,21/22,25095,44796,Zr. Mostar U19,Din. Zagreb II,200000.0,,Petar Sučić
469822,2022-01-14,21/22,610,660,Ajax,Shakhtar D.,12000000.0,20000000.0,David Neres
502821,2022-01-14,21/22,12,252,Roma,Genoa,0.0,4000000.0,Riccardo Calafiori
973085,2022-01-14,21/22,66477,12765,Brasseries,LOSC Lille B,,,Carlos Baleba
566799,2022-01-13,21/22,9265,355,Man City U23,Bolton,0.0,,James Trafford
503770,2022-01-12,21/22,9249,641,Arsenal U23,Middlesbrough,0.0,4000000.0,Folarin Balogun
687626,2022-01-12,21/22,41274,1237,Beerschot VA,Brighton,0.0,4500000.0,Moisés Caicedo
566799,2022-01-12,21/22,3688,9265,Accrington,Man City U23,0.0,,James Trafford
708265,2022-01-07,21/22,12764,1041,Olymp. Lyon B,Lyon,,,Bradley Barcola
408574,2022-01-04,21/22,306,383,Heerenveen,PSV,6000000.0,7000000.0,Joey Veerman
524290,2022-01-04,21/22,983,533,Hoffenheim II,Hoffenheim,,400000.0,Fisnik Asllani
579459,2022-01-04,21/22,11008,26,Juventus U19,Basel,0.0,300000.0,Albian Hajdari
627207,2022-01-03,21/22,8816,167,Dallas,Augsburg,16360000.0,8000000.0,Ricardo Pepi
923831,2022-01-01,21/22,7875,12765,LOSC Lille U19,LOSC Lille B,,,Leny Yoro
845654,2022-01-01,21/22,21058,1462,FC Bayern U17,FC Bayern U19,,,Kenan Yıldız
849520,2022-01-01,21/22,14842,1029,Vélez II,Vélez Sarsfield,,,Santiago Castro
866246,2022-01-01,21/22,42543,8955,IF Bromma U17,IF Bromma U19,,,Lucas Bergvall
893661,2022-01-01,21/22,39950,19309,Independiente B,Independiente,,50000.0,Joel Ordóñez
997903,2022-01-01,21/22,44865,20299,Volendam Youth,Volendam U21,,,Givairo Read
943837,2022-01-01,21/22,14866,609,Cruzeiro U17,Cruzeiro,,300000.0,Vitor Roque
957874,2022-01-01,21/22,15038,679,Athletico U20,Athletico-PR,,,Rômulo
743600,2022-01-01,21/22,14724,978,Vasco U20,Vasco da Gama,,,Andrey Santos
1075147,2022-01-01,21/22,12016,38880,Frankfurt Yth.,Aschaff. Yth.,0.0,,Lennart Karl
744149,2022-01-01,21/22,6949,9258,Blackburn U18,Blackburn U23,,,Adam Wharton
964426,2022-01-01,21/22,62555,7661,Olympiacos U17,Olympiacos U19,,,Christos Mouzakitis
735568,2022-01-01,21/22,614,8793,Flamengo,RB Bragantino,3500000.0,3500000.0,Natan
502676,2022-01-01,21/22,663,1049,Dinamo Tbilisi,Valencia,3850000.0,3000000.0,Giorgi Mamardashvili
724129,2022-01-01,21/22,66532,43562,KAA Gent U18,KAA Gent U21,,,Matias Fernandez-Pardo
398184,2022-01-01,21/22,281,131,Man City,Barcelona,55000000.0,45000000.0,Ferran Torres
404842,2022-01-01,21/22,338,29,Dynamo Kyiv,Everton,23500000.0,17000000.0,Vitaliy Mykolenko
473169,2022-01-01,21/22,23826,610,Leipzig,Ajax,0.0,7500000.0,Brian Brobbey
583189,2022-01-01,21/22,9251,985,Man Utd U23,Man Utd,,4000000.0,Anthony Elanga
566931,2022-01-01,21/22,6326,583,Paris SG U19,PSG,,1500000.0,Xavi Simons
672381,2022-01-01,21/22,33614,1123,Norwich City U23,Norwich,,,Jonathan Rowe
668547,2022-01-01,21/22,14842,1029,Vélez II,Vélez Sarsfield,,,Máximo Perrone
670858,2022-01-01,21/22,6918,9250,Chelsea U18,Chelsea U23,,,Lewis Hall
502676,2021-12-31,21/22,1049,663,Valencia,Dinamo Tbilisi,0.0,3000000.0,Giorgi Mamardashvili
554903,2021-12-31,21/22,3938,189,CA Talleres,Boca Juniors,0.0,1300000.0,Mateo Retegui
735568,2021-12-31,21/22,8793,614,RB Bragantino,Flamengo,0.0,3500000.0,Natan
667287,2021-10-22,21/22,16574,272,AIK U19,AIK,,350000.0,Yasin Ayari
434433,2021-09-04,21/22,159,4529,Red Star,Dunajska Streda,400000.0,500000.0,Nikola Krstović
971570,2021-08-31,21/22,14880,14807,Palmeiras U17,Palmeiras U20,,,Endrick
894914,2021-08-31,21/22,1274,2282,Stabæk,Club Brugge,5700000.0,400000.0,Antonio Nusa
827734,2021-08-31,21/22,12761,130,Châteauroux B,Parma,0.0,,Ange-Yoan Bonny
724520,2021-08-31,21/22,7971,2464,Hércules CF,Barcelona B,2000000.0,100000.0,Abde Ezzalzouli
687626,2021-08-31,21/22,1237,41274,Brighton,Beerschot VA,0.0,5000000.0,Moisés Caicedo
640428,2021-08-31,21/22,273,418,Stade Rennais,Real Madrid,31000000.0,55000000.0,Eduardo Camavinga
616341,2021-08-31,21/22,336,583,Sporting,PSG,0.0,40000000.0,Nuno Mendes
585959,2021-08-31,21/22,583,826,PSG,Lens,0.0,10000000.0,Arnaud Kalimuendo
578539,2021-08-31,21/22,27,533,Bayern Munich,Hoffenheim,0.0,7500000.0,Chris Richards
557459,2021-08-31,21/22,724,82,FC Volendam,Wolfsburg,8500000.0,1300000.0,Micky van de Ven
429014,2021-08-31,21/22,543,350,Wolves,Sheff Utd,0.0,7000000.0,Morgan Gibbs-White
425918,2021-08-31,21/22,1443,3522,MSK Zilina,Spezia Calcio,2400000.0,400000.0,Jakub Kiwior
406040,2021-08-31,21/22,23826,1003,Leipzig,Leicester,0.0,11000000.0,Ademola Lookman
392771,2021-08-31,21/22,631,607,Chelsea,Venezia,0.0,15000000.0,Ethan Ampadu
365108,2021-08-31,21/22,417,26,Nice,Basel,0.0,4000000.0,Dan Ndoye
364135,2021-08-31,21/22,29,506,Everton,Juventus,0.0,35000000.0,Moise Kean
284857,2021-08-31,21/22,3709,1237,Getafe,Brighton,18000000.0,20000000.0,Marc Cucurella
483348,2021-08-31,21/22,641,703,Middlesbrough,Nott'm Forest,0.0,2000000.0,Djed Spence
729814,2021-08-30,21/22,347,2715,FC Metz,RFC Seraing,0.0,1200000.0,Georges Mikautadze
445939,2021-08-30,21/22,82,79,Wolfsburg,Stuttgart,0.0,2000000.0,Omar Marmoush
557149,2021-08-30,21/22,1049,237,Valencia,RCD Mallorca,0.0,10000000.0,Kang-in Lee
576314,2021-08-29,21/22,1237,164,Brighton,Blackburn,0.0,2200000.0,Jan Paul van Hecke
157509,2021-08-28,21/22,631,379,Chelsea,West Ham,35000000.0,32000000.0,Kurt Zouma
568693,2021-08-28,21/22,148,347,Tottenham,FC Metz,0.0,10000000.0,Pape Matar Sarr
568693,2021-08-27,21/22,347,148,FC Metz,Tottenham,16900000.0,10000000.0,Pape Matar Sarr
517894,2021-08-25,21/22,44,13,Hertha BSC,Atlético,35000000.0,30000000.0,Matheus Cunha
503743,2021-08-23,21/22,9265,989,Man City U23,Bournemouth,0.0,1300000.0,Morgan Rogers
505219,2021-08-22,21/22,985,703,Man Utd,Nott'm Forest,0.0,4000000.0,James Garner
316264,2021-08-20,21/22,418,11,Real Madrid,Arsenal,35000000.0,40000000.0,Martin Ødegaard
548111,2021-08-19,21/22,1050,12321,Villarreal,Girona,0.0,2500000.0,Álex Baena
578392,2021-08-19,21/22,533,42,Hoffenheim,Hannover 96,0.0,2000000.0,Maximilian Beier
265088,2021-08-18,21/22,6574,506,Sassuolo,Juventus,0.0,35000000.0,Manuel Locatelli
620477,2021-08-17,21/22,221,506,Santos,Juventus,7000000.0,12000000.0,Kaio Jorge
659813,2021-08-16,21/22,3938,15,CA Talleres,Leverkusen,6350000.0,8000000.0,Piero Hincapié
321528,2021-08-14,21/22,383,46,PSV,Inter,14250000.0,16000000.0,Denzel Dumfries
569366,2021-08-14,21/22,162,79,Monaco,Stuttgart,1750000.0,1000000.0,Enzo Millot
921655,2021-08-13,21/22,92448,4078,Saint-Laurent,Montréal,0.0,,Ismaël Koné
451677,2021-08-12,21/22,1091,1123,PAOK,Norwich,11000000.0,12000000.0,Christos Tzolis
388165,2021-08-10,21/22,1158,1148,FC Lorient,Brentford,10000000.0,10000000.0,Yoane Wissa
679423,2021-08-10,21/22,4441,11008,Wolfsberger AC,Juventus U19,0.0,400000.0,Tarik Muharemović
476701,2021-08-09,21/22,3329,336,Famalicão,Sporting,24500000.0,5000000.0,Manuel Ugarte
355915,2021-08-06,21/22,506,800,Juventus,Atalanta,17000000.0,35000000.0,Cristian Romero
355915,2021-08-06,21/22,800,148,Atalanta,Tottenham,0.0,35000000.0,Cristian Romero
485706,2021-08-05,21/22,41,1082,Hamburg,Lille,13570000.0,3000000.0,Amadou Onana
355915,2021-08-04,21/22,800,506,Atalanta,Juventus,0.0,35000000.0,Cristian Romero
606752,2021-08-04,21/22,24,33,Frankfurt,FC Schalke 04,0.0,2500000.0,Rodrigo Zalazar
503981,2021-08-02,21/22,9250,180,Chelsea U23,Southampton,26200000.0,,Tino Livramento
483046,2021-08-01,21/22,28,27,FC Bayern II,Bayern Munich,,400000.0,Josip Stanisic
344069,2021-07-31,21/22,65,39,Greuther Fürth,Mainz,4500000.0,2500000.0,Anton Stach
335721,2021-07-30,21/22,1237,11,Brighton,Arsenal,58500000.0,28000000.0,Ben White
485585,2021-07-30,21/22,9250,990,Chelsea U23,Coventry,0.0,,Ian Maatsen
488362,2021-07-30,21/22,9250,873,Chelsea U23,Crystal Palace,0.0,15000000.0,Conor Gallagher
552655,2021-07-29,21/22,9254,991,Tottenham U23,MK Dons,0.0,3600000.0,Troy Parrott
326029,2021-07-27,21/22,383,16,PSV,Dortmund,30000000.0,30000000.0,Donyell Malen
616631,2021-07-27,21/22,800,380,Atalanta,Salernitana,0.0,2000000.0,Matteo Ruggeri
279455,2021-07-24,21/22,31,931,Liverpool,Fulham,14000000.0,17000000.0,Harry Wilson
823486,2021-07-23,21/22,13484,8505,Gozzano,Fiorentina U19,,125000.0,Michael Kayode
406640,2021-07-21,21/22,9265,82,Man City U23,Wolfsburg,0.0,450000.0,Felix Nmecha
330659,2021-07-20,21/22,12,417,Roma,Nice,0.0,14000000.0,Justin Kluivert
314678,2021-07-19,21/22,418,5,Real Madrid,AC Milan,0.0,15000000.0,Brahim Díaz
392757,2021-07-18,21/22,631,873,Chelsea,Crystal Palace,23340000.0,10000000.0,Marc Guéhi
495666,2021-07-15,21/22,11,244,Arsenal,Marseille,0.0,18000000.0,William Saliba
556385,2021-07-15,21/22,276,410,Hellas Verona,Udinese,0.0,1000000.0,Destiny Udogie
579459,2021-07-15,21/22,5299,11008,FC Basel U21,Juventus U19,0.0,300000.0,Albian Hajdari
890290,2021-07-14,21/22,25260,49567,Málaga CF Youth,Juventus U17,470000.0,,Dean Huijsen
315858,2021-07-14,21/22,5,583,AC Milan,PSG,0.0,60000000.0,Gianluigi Donnarumma
861410,2021-07-13,21/22,41854,36,Fenerbahce U19,Fenerbahçe,,100000.0,Arda Güler
541537,2021-07-10,21/22,12388,141,A. Keciörengücü,Galatasaray,2100000.0,1000000.0,Barış Alper Yılmaz
324503,2021-07-09,21/22,403,1090,Willem II,AZ Alkmaar,2500000.0,2500000.0,Vangelis Pavlidis
325443,2021-07-09,21/22,1237,990,Brighton,Coventry,1200000.0,1000000.0,Viktor Gyökeres
463600,2021-07-09,21/22,1082,1423,Lille,Valenciennes FC,0.0,500000.0,Lucas Chevalier
571604,2021-07-09,21/22,11998,800,Atalanta U19,Atalanta,,,Giorgio Scalvini
578391,2021-07-09,21/22,1420,543,Angers SCO,Wolves,11100000.0,18000000.0,Rayan Aït-Nouri
397033,2021-07-08,21/22,19,5,Brescia,AC Milan,14280000.0,27000000.0,Sandro Tonali
566723,2021-07-08,21/22,1032,873,Reading,Crystal Palace,9300000.0,15000000.0,Michael Olise
465830,2021-07-06,21/22,11,244,Arsenal,Marseille,0.0,20000000.0,Mattéo Guendouzi
398073,2021-07-06,21/22,46,583,Inter,PSG,68000000.0,60000000.0,Achraf Hakimi
344695,2021-07-05,21/22,23826,27,Leipzig,Bayern Munich,42500000.0,60000000.0,Dayot Upamecano
412669,2021-07-04,21/22,131,543,Barcelona,Wolves,0.0,22000000.0,Francisco Trincão
844637,2021-07-01,21/22,12798,11516,Levante U19,Atl. Levante,,,Marc Pubill
845654,2021-07-01,21/22,18936,21058,B. München Yth.,FC Bayern U17,,,Kenan Yıldız
855256,2021-07-01,21/22,14650,698,Bristol U18,Bristol City,,50000.0,Alex Scott
859035,2021-07-01,21/22,32793,51646,AZ Alkmaar Yth.,AZ U17,,,Kees Smit
876631,2021-07-01,21/22,33906,11199,Strasbourg U17,Strasbourg U19,,,Habib Diarra
867688,2021-07-01,21/22,54168,9606,Brighton Yth.,Brighton U18,,,Jack Hinshelwood
743384,2021-07-01,21/22,25003,66530,Club Brugge Yth,Club Brugge U18,,,Chemsdine Talbi
900195,2021-07-01,21/22,42746,14807,Desportivo U20,Palmeiras U20,125000.0,,Kevin
880245,2021-07-01,21/22,10283,67909,Sporting U19,Sporting CP U23,,,Mateus Fernandes
892160,2021-07-01,21/22,36360,36344,Hajduk Yth.,Hajduk U17,,,Luka Vuskovic
895937,2021-07-01,21/22,29344,49568,Atalanta Youth,Atalanta U17,,,Marco Palestra
897424,2021-07-01,21/22,11884,21061,Schalke 04 Yth.,Schalke 04 U17,,,Assan Ouédraogo
834397,2021-07-01,21/22,34282,66531,KRC Genk Youth,KRC Genk U18,,,Mike Penders
842341,2021-07-01,21/22,6572,969,Montpellier B,Montpellier,,,Maxime Estève
808348,2021-07-01,21/22,409,316,Salzburg,Grazer AK 1902,0.0,200000.0,Mamadou Sangaré
823231,2021-07-01,21/22,16662,1158,Lorient B,FC Lorient,,,Dango Ouattara
822959,2021-07-01,21/22,21082,533,Hoffenheim U17,Hoffenheim,,,Tom Bischof
820374,2021-07-01,21/22,50672,5242,Man Utd Youth,Man Utd U18,,,Kobbie Mainoo
813137,2021-07-01,21/22,49576,76094,Roma U17,Roma U18,,,Niccolò Pisilli
811779,2021-07-01,21/22,5242,9251,Man Utd U18,Man Utd U23,,,Alejandro Garnacho
810092,2021-07-01,21/22,54295,6326,Paris SG U17,Paris SG U19,,,Warren Zaïre-Emery
904802,2021-07-01,21/22,32791,51645,Ajax Youth ,Ajax U17,,,Jorrel Hato
796297,2021-07-01,21/22,53004,6938,Birmingham Aca.,Birmingham U18,,,Jobe Bellingham
792380,2021-07-01,21/22,21058,1462,FC Bayern U17,FC Bayern U19,,,Aleksandar Pavlovic
780136,2021-07-01,21/22,24432,48967,Inter Youth,Inter U17,,,Aleksandar Stanković
775605,2021-07-01,21/22,21609,31506,Atl.Madleño U18,Atl. Madrid U19,,,Pablo Barrios
748804,2021-07-01,21/22,34282,66531,KRC Genk Youth,KRC Genk U18,,,Mika Godts
743515,2021-07-01,21/22,33906,11199,Strasbourg U17,Strasbourg U19,,,Robin Risser
743413,2021-07-01,21/22,50678,6930,Man City Youth,Man City U18,,,Nico O'Reilly
903693,2021-07-01,21/22,82891,54295,PSG Youth,Paris SG U17,,,Senny Mayulu
926952,2021-07-01,21/22,52882,14355,FCN Youth,Nordsjaell. U19,,,Patrick Dorgu
905011,2021-07-01,21/22,11844,21066,Hertha BSC Yth.,Hertha BSC U17,,,Ibrahim Maza
948278,2021-07-01,21/22,70321,13711,R.Madrid Yth.,Real Madrid U17,,,Jacobo Ramón
1190411,2021-07-01,21/22,77524,14743,Nervión Yth.,Real Betis Yth.,,,Jesús Rodríguez
1168219,2021-07-01,21/22,11845,49129,M'gladbach Yth.,Meerbusch U17,0.0,,Said El Mala
1086619,2021-07-01,21/22,19919,68620,Padova Youth,Padova U17,,,Giovanni Leoni
1073632,2021-07-01,21/22,98607,71599,Red Star Youth,Red Star U15,,,Vasilije Kostov
1061282,2021-07-01,21/22,64536,14743,Balón de Cádiz ,Real Betis Yth.,0.0,,Assane Diao
1018938,2021-07-01,21/22,14967,99608,Real Sociedad Y,Beasain U19,0.0,,Jon Martín
1006411,2021-07-01,21/22,83011,107748,AS Bondy Yth.,Toulouse FC U17,0.0,,Jaydee Canvot
1004301,2021-07-01,21/22,107721,7874,Rennes U17,Rennes U19,,,Jérémy Jacquet
991268,2021-07-01,21/22,77523,39452,Nervión U19,Granada CF U19,0.0,,Samu Aghehowa
982575,2021-07-01,21/22,58400,20728,Famalicão S17,Famalicão U19,,,Gustavo Sá
955357,2021-07-01,21/22,100157,99399,Lorient Yth.,FC Lorient U17,,,Junior Kroupi
948294,2021-07-01,21/22,13711,39822,Real Madrid U17,Real Madrid U18,,,Nico Paz
947411,2021-07-01,21/22,58235,12797,Sunderland Yth.,Sunderland U18,,,Chris Rigg
914562,2021-07-01,21/22,107721,8154,Rennes U17,Rennes B,,,Désiré Doué
938729,2021-07-01,21/22,40169,28860,Bermeo FT,Bilbao U19,,,Mikel Jauregizar
937958,2021-07-01,21/22,70295,14321,Barça Youth,Barça U16,,,Lamine Yamal
937941,2021-07-01,21/22,16194,10825,SC Toulon U19,FC Sochaux B,0.0,,Thierno Barry
935231,2021-07-01,21/22,34466,28870,Damm U19,Real Madrid U19,,,Víctor Muñoz
935230,2021-07-01,21/22,13711,39822,Real Madrid U17,Real Madrid U18,,,Gonzalo García
931838,2021-07-01,21/22,40593,7917,Malmö FF U17,Malmö FF U19,,,Hugo Larsson
930781,2021-07-01,21/22,24432,48967,Inter Youth,Inter U17,,,Pio Esposito
927353,2021-07-01,21/22,78008,14179,Servette U16,Servette M-17,,,Johan Manzambi
924117,2021-07-01,21/22,20462,21049,Nürnberg Yth.,Nürnberg U17,,,Finn Jeltsch
923831,2021-07-01,21/22,107691,7875,LOSC Lille U17,LOSC Lille U19,,,Leny Yoro
922769,2021-07-01,21/22,55899,6943,Newcastle Yth.,Newcastle U18,,,Lewis Miley
922693,2021-07-01,21/22,84125,10161,Leeds Youth,Leeds U18,,,Archie Gray
743386,2021-07-01,21/22,34281,43562,KAA Gent Youth,KAA Gent U21,,,Malick Fofana
1097139,2021-07-01,21/22,82559,59856,Creil Youth,LOSC Lille Yth.,0.0,,Ayyoub Bouaddi
741238,2021-07-01,21/22,5679,9249,Arsenal U18,Arsenal U23,,,Omari Hutchinson
469050,2021-07-01,21/22,512,1132,Stoke City,Burnley,14000000.0,8000000.0,Nathan Collins
561613,2021-07-01,21/22,10773,714,RCD Espanyol B,Espanyol,,150000.0,Joan García
548254,2021-07-01,21/22,24394,3057,Standard U21,Standard Liège,,200000.0,Nathan Ngoy
548193,2021-07-01,21/22,30857,58,Anderlecht U21,RSC Anderlecht,,800000.0,Zeno Debast
526845,2021-07-01,21/22,245,60,SC Freiburg II,Freiburg,,350000.0,Noah Atubolu
523318,2021-07-01,21/22,60949,200,Volos NFC,Utrecht,1200000.0,1200000.0,Anastasios Douvikas
515744,2021-07-01,21/22,41194,16704,Krasnodar 2,Krasnodar,,800000.0,Eduard Spertsyan
504087,2021-07-01,21/22,68780,10330,Benfica U23,Benfica B,,600000.0,Tomás Araújo
502676,2021-07-01,21/22,663,1049,Dinamo Tbilisi,Valencia,0.0,800000.0,Giorgi Mamardashvili
475959,2021-07-01,21/22,419,23826,Dinamo Zagreb,Leipzig,36800000.0,19000000.0,Josko Gvardiol
475188,2021-07-01,21/22,39341,1003,Leicester U23,Leicester,,2000000.0,Kiernan Dewsbury-Hall
474701,2021-07-01,21/22,20116,399,Leeds United U23,Leeds,,1500000.0,Crysencio Summerville
473169,2021-07-01,21/22,8817,23826,Ajax U21,Leipzig,0.0,7500000.0,Brian Brobbey
473050,2021-07-01,21/22,245,60,SC Freiburg II,Freiburg,,450000.0,Kevin Schade
467437,2021-07-01,21/22,28,27,FC Bayern II,Bayern Munich,,500000.0,Malik Tillman
568177,2021-07-01,21/22,9265,281,Man City U23,Man City,,500000.0,Cole Palmer
466805,2021-07-01,21/22,2464,131,Barcelona B,Barcelona,,500000.0,Nico González
466794,2021-07-01,21/22,281,131,Man City,Barcelona,0.0,20000000.0,Eric García
461607,2021-07-01,21/22,10838,10868,SAS Epinal,US Orléans,0.0,,Estéban Lepaul
443710,2021-07-01,21/22,28,533,FC Bayern II,Hoffenheim,0.0,2500000.0,Angelo Stiller
441986,2021-07-01,21/22,3,678,1.FC Köln,Aarhus GF,0.0,325000.0,Yann Bisseck
420213,2021-07-01,21/22,8817,200,Ajax U21,Utrecht,0.0,1600000.0,Quinten Timber
404418,2021-07-01,21/22,430,197,Fiorentina,Sparta Prague,2500000.0,2700000.0,Dávid Hancko
357119,2021-07-01,21/22,23826,31,Leipzig,Liverpool,40000000.0,35000000.0,Ibrahima Konaté
346314,2021-07-01,21/22,9250,631,Chelsea U23,Chelsea,,3500000.0,Trevoh Chalobah
332697,2021-07-01,21/22,33,506,FC Schalke 04,Juventus,21900000.0,25000000.0,Weston McKennie
318204,2021-07-01,21/22,65,533,Greuther Fürth,Hoffenheim,0.0,5000000.0,David Raum
257814,2021-07-01,21/22,79,16,Stuttgart,Dortmund,15000000.0,13000000.0,Gregor Kobel
735573,2021-07-01,21/22,614,82696,Flamengo,Mazatlán FC,0.0,,Richard Ríos
566799,2021-07-01,21/22,9265,3688,Man City U23,Accrington,0.0,,James Trafford
1064871,2021-07-01,21/22,15108,14837,River Plate U20,River Plate II,,,Joaquín Panichelli
580451,2021-07-01,21/22,44796,419,Din. Zagreb II,Dinamo Zagreb,,600000.0,Martin Baturina
661207,2021-07-01,21/22,6930,9265,Man City U18,Man City U23,,,Oscar Bobb
733576,2021-07-01,21/22,40495,472,Las Palmas U19,UD Las Palmas,,100000.0,Alberto Moleiro
724129,2021-07-01,21/22,34281,66532,KAA Gent Youth,KAA Gent U18,,,Matias Fernandez-Pardo
718303,2021-07-01,21/22,81349,11368,AZ U18,AZ Alkmaar U21,,,Ernest Poku
597659,2021-07-01,21/22,20116,399,Leeds United U23,Leeds,,200000.0,Charlie Cresswell
717329,2021-07-01,21/22,21064,2663,Hannover 96 U17,Hannover 96 U19,,,Nicolò Tresoldi
709726,2021-07-01,21/22,11204,1421,Stade Reims B,Stade Reims,,600000.0,Hugo Ekitiké
709187,2021-07-01,21/22,6688,621,Bilbao Athletic,Athletic Club,,1500000.0,Nico Williams
701057,2021-07-01,21/22,50678,6930,Man City Youth,Man City U18,,,Rico Lewis
700106,2021-07-01,21/22,21051,5369,Mainz 05 U17,Mainz 05 U19,,,Brajan Gruda
672381,2021-07-01,21/22,6898,33614,Norwich U18,Norwich City U23,,,Jonathan Rowe
670681,2021-07-01,21/22,45618,8889,Benfica U17,Benfica U19,,,João Neves
669380,2021-07-01,21/22,8511,91869,PAOK U19,PAOK Saloniki B,,,Konstantinos Koulierakis
668951,2021-07-01,21/22,11008,41101,Juventus U19,Juventus U23,,,Matías Soulé
705395,2021-07-01,21/22,70373,16196,Cornellà U19,UE Cornellà,,,Gerard Martín
655217,2021-07-01,21/22,11263,37024,AKA Salzb. U18,FC Liefering,,,Samson Baidoo
632349,2021-07-01,21/22,6922,9252,Liverpool U18,Liverpool U23,,,Jarell Quansah
609556,2021-07-01,21/22,12806,8824,Sheff Utd U18,Sheffield U23,,,William Osula
654982,2021-07-01,21/22,66531,46736,KRC Genk U18,KRC Genk U21,,,Bilal El Khannouss
610442,2021-07-01,21/22,16104,190,Copenhagen U19,Copenhagen,,200000.0,Rasmus Højlund
614258,2021-07-01,21/22,9250,1110,Chelsea U23,Huddersfield,0.0,,Levi Colwill
618472,2021-07-01,21/22,12764,1041,Olymp. Lyon B,Lyon,,,Castello Lukeba
623570,2021-07-01,21/22,8824,350,Sheffield U23,Sheff Utd,,200000.0,Iliman Ndiaye
620322,2021-07-01,21/22,12764,1041,Olymp. Lyon B,Lyon,,500000.0,Malo Gusto
636703,2021-07-01,21/22,39813,2470,Barça U18,Barça U19,,,Fermín López
646740,2021-07-01,21/22,2470,131,Barça U19,Barcelona,,,Gavi
646991,2021-07-01,21/22,11154,467,NEC U21,NEC Nijmegen,,,Robin Roefs
648195,2021-07-01,21/22,14837,209,River Plate II,River Plate,,5000000.0,Enzo Fernández
652275,2021-07-01,21/22,16104,190,Copenhagen U19,Copenhagen,,100000.0,Hákon Arnar Haraldsson
500689,2021-06-30,20/21,527,417,Lausanne-Sport,Nice,0.0,2000000.0,Evann Guessand
606752,2021-06-30,20/21,35,24,St. Pauli,Frankfurt,0.0,2500000.0,Rodrigo Zalazar
502676,2021-06-30,20/21,6365,663,FC Locomotive,Dinamo Tbilisi,0.0,800000.0,Giorgi Mamardashvili
576314,2021-06-30,20/21,306,1237,Heerenveen,Brighton,0.0,2200000.0,Jan Paul van Hecke
578391,2021-06-30,20/21,543,1420,Wolves,Angers SCO,0.0,18000000.0,Rayan Aït-Nouri
578539,2021-06-30,20/21,533,27,Hoffenheim,Bayern Munich,0.0,7500000.0,Chris Richards
585959,2021-06-30,20/21,826,583,Lens,PSG,0.0,10000000.0,Arnaud Kalimuendo
808348,2021-06-30,20/21,37024,409,FC Liefering,Salzburg,0.0,200000.0,Mamadou Sangaré
624690,2021-06-30,20/21,415,18,Toulouse,Mönchengladbach,0.0,7000000.0,Manu Koné
627442,2021-06-30,20/21,37024,409,FC Liefering,Salzburg,0.0,5000000.0,Benjamin Sesko
648195,2021-06-30,20/21,2402,14837,Defensa,River Plate II,0.0,5000000.0,Enzo Fernández
709726,2021-06-30,20/21,443,11204,Vejle BK,Stade Reims B,0.0,600000.0,Hugo Ekitiké
729814,2021-06-30,20/21,2715,347,RFC Seraing,FC Metz,0.0,1200000.0,Georges Mikautadze
776890,2021-06-30,20/21,13222,11972,CD Mirandés,Villarreal CF B,0.0,300000.0,Nicolas Jackson
900195,2021-06-30,20/21,14807,42746,Palmeiras U20,Desportivo U20,0.0,,Kevin
487469,2021-06-30,20/21,543,720,Wolves,Porto,0.0,7000000.0,Vitinha
495666,2021-06-30,20/21,417,11,Nice,Arsenal,0.0,18000000.0,William Saliba
574671,2021-06-30,20/21,520,162,Cercle Brugge,Monaco,0.0,8000000.0,Strahinja Pavlović
465830,2021-06-30,20/21,44,11,Hertha BSC,Arsenal,0.0,20000000.0,Mattéo Guendouzi
357147,2021-06-30,20/21,5,985,AC Milan,Man Utd,0.0,10000000.0,Diogo Dalot
445939,2021-06-30,20/21,35,82,St. Pauli,Wolfsburg,0.0,2000000.0,Omar Marmoush
198116,2021-06-30,20/21,276,46,Hellas Verona,Inter,0.0,10000000.0,Federico Dimarco
314678,2021-06-30,20/21,5,418,AC Milan,Real Madrid,0.0,15000000.0,Brahim Díaz
315867,2021-06-30,20/21,252,6574,Genoa,Sassuolo,0.0,15000000.0,Gianluca Scamacca
316264,2021-06-30,20/21,11,418,Arsenal,Real Madrid,0.0,40000000.0,Martin Ødegaard
330659,2021-06-30,20/21,23826,12,Leipzig,Roma,0.0,14000000.0,Justin Kluivert
346314,2021-06-30,20/21,1158,9250,FC Lorient,Chelsea U23,0.0,3500000.0,Trevoh Chalobah
332697,2021-06-30,20/21,506,33,Juventus,FC Schalke 04,0.0,25000000.0,Weston McKennie
364135,2021-06-30,20/21,583,29,PSG,Everton,0.0,35000000.0,Moise Kean
388198,2021-06-30,20/21,89,60,Union Berlin,Freiburg,0.0,7500000.0,Nico Schlotterbeck
397033,2021-06-30,20/21,5,19,AC Milan,Brescia,0.0,27000000.0,Sandro Tonali
404418,2021-06-30,20/21,197,430,Sparta Prague,Fiorentina,0.0,2700000.0,Dávid Hancko
406040,2021-06-30,20/21,931,23826,Fulham,Leipzig,0.0,11000000.0,Ademola Lookman
436064,2021-06-30,20/21,132,234,NAC Breda,Feyenoord,0.0,500000.0,Ramon Hendriks
441986,2021-06-30,20/21,15136,3,Guimarães B,1.FC Köln,0.0,325000.0,Yann Bisseck
485585,2021-05-31,20/21,358,9250,Charlton,Chelsea U23,0.0,,Ian Maatsen
661053,2021-05-31,20/21,164,29,Blackburn,Everton,0.0,3000000.0,Jarrad Branthwaite
552655,2021-05-31,20/21,677,9254,Ipswich,Tottenham U23,0.0,3600000.0,Troy Parrott
503743,2021-05-31,20/21,1198,9265,Lincoln City,Man City U23,0.0,1300000.0,Morgan Rogers
503733,2021-05-31,20/21,466,29,Preston,Everton,0.0,5000000.0,Anthony Gordon
488362,2021-05-31,20/21,984,9250,West Brom,Chelsea U23,0.0,12000000.0,Conor Gallagher
505219,2021-05-31,20/21,703,985,Nott'm Forest,Man Utd,0.0,4000000.0,James Garner
475188,2021-05-31,20/21,1031,39341,Luton,Leicester U23,0.0,2000000.0,Kiernan Dewsbury-Hall
470607,2021-05-31,20/21,1198,703,Lincoln City,Nott'm Forest,0.0,,Brennan Johnson
392771,2021-05-31,20/21,350,631,Sheff Utd,Chelsea,0.0,15000000.0,Ethan Ampadu
392757,2021-05-31,20/21,2288,631,Swansea,Chelsea,0.0,6000000.0,Marc Guéhi
325443,2021-05-31,20/21,990,1237,Coventry,Brighton,0.0,800000.0,Viktor Gyökeres
279455,2021-05-31,20/21,603,31,Cardiff,Liverpool,0.0,17000000.0,Harry Wilson
894914,2021-05-06,20/21,17331,1274,Stabæk Yth.,Stabæk,,,Antonio Nusa
679423,2021-04-01,20/21,33549,4441,Wolfsberg II,Wolfsberger AC,,,Tarik Muharemović
735568,2021-03-26,20/21,614,8793,Flamengo,RB Bragantino,0.0,1000000.0,Natan
607854,2021-03-08,20/21,199,10870,Corinthians,Fortaleza,0.0,4000000.0,Éderson
653610,2021-03-01,20/21,15539,776,Coritiba U20,Coritiba FC,,,Igor Paixão
800176,2021-03-01,20/21,14702,2462,Fluminense U20,Fluminense,,250000.0,André
735570,2021-02-19,19/20,15002,614,Flamengo U20,Flamengo,,500000.0,João Gomes
487474,2021-02-10,20/21,10331,720,FC Porto B,Porto,,2500000.0,Francisco Conceição
730861,2021-02-01,20/21,6055,10958,ETO FC,Milan U19,200000.0,200000.0,Milos Kerkez
578539,2021-02-01,20/21,27,533,Bayern Munich,Hoffenheim,0.0,5000000.0,Chris Richards
687626,2021-02-01,20/21,19309,1237,Independiente,Brighton,28200000.0,5000000.0,Moisés Caicedo
538977,2021-02-01,20/21,273,533,Stade Rennais,Hoffenheim,750000.0,1500000.0,Georginio Rutter
552655,2021-02-01,20/21,9254,677,Tottenham U23,Ipswich,0.0,3600000.0,Troy Parrott
541231,2021-02-01,20/21,31,466,Liverpool,Preston,0.0,1800000.0,Sepp van den Berg
503733,2021-02-01,20/21,29,466,Everton,Preston,0.0,5000000.0,Anthony Gordon
552655,2021-01-31,20/21,1028,9254,Millwall,Tottenham U23,0.0,3600000.0,Troy Parrott
653610,2021-01-31,20/21,1693,15539,Londrina-PR,Coritiba U20,0.0,,Igor Paixão
505219,2021-01-30,20/21,985,703,Man Utd,Nott'm Forest,0.0,3500000.0,James Garner
505219,2021-01-29,20/21,1010,985,Watford,Man Utd,0.0,3500000.0,James Garner
709726,2021-01-29,20/21,11204,443,Stade Reims B,Vejle BK,0.0,400000.0,Hugo Ekitiké
525704,2021-01-28,20/21,252,506,Genoa,Juventus,26000000.0,4000000.0,Nicolò Rovella
525704,2021-01-28,20/21,506,252,Juventus,Genoa,0.0,4000000.0,Nicolò Rovella
316264,2021-01-27,20/21,418,11,Real Madrid,Arsenal,0.0,40000000.0,Martin Ødegaard
484547,2021-01-27,20/21,371,15,Celtic,Leverkusen,11000000.0,4000000.0,Jeremie Frimpong
624690,2021-01-22,20/21,18,415,Mönchengladbach,Toulouse,0.0,5000000.0,Manu Koné
420002,2021-01-21,20/21,39,873,Mainz,Crystal Palace,0.0,15000000.0,Jean-Philippe Mateta
624690,2021-01-21,20/21,415,18,Toulouse,Mönchengladbach,9000000.0,5000000.0,Manu Koné
574671,2021-01-21,20/21,162,520,Monaco,Cercle Brugge,0.0,8000000.0,Strahinja Pavlović
461496,2021-01-16,20/21,503,1005,Admira Wacker,Lecce,2500000.0,700000.0,Morten Hjulmand
325443,2021-01-15,20/21,1237,990,Brighton,Coventry,0.0,1000000.0,Viktor Gyökeres
325443,2021-01-14,20/21,2288,1237,Swansea,Brighton,0.0,1000000.0,Viktor Gyökeres
661053,2021-01-14,20/21,29,164,Everton,Blackburn,0.0,2000000.0,Jarrad Branthwaite
861410,2021-01-13,20/21,43426,41854,Fenerbahce U16,Fenerbahce U19,,,Arda Güler
429014,2021-01-06,20/21,2288,543,Swansea,Wolves,0.0,6000000.0,Morgan Gibbs-White
580451,2021-01-06,20/21,9641,44796,Din. Zagreb U19,Din. Zagreb II,,400000.0,Martin Baturina
436064,2021-01-05,20/21,234,132,Feyenoord,NAC Breda,0.0,,Ramon Hendriks
445939,2021-01-05,20/21,82,35,Wolfsburg,St. Pauli,0.0,400000.0,Omar Marmoush
459763,2021-01-05,20/21,800,2239,Atalanta,Cremonese,0.0,2000000.0,Marco Carnesecchi
495666,2021-01-04,20/21,11,417,Arsenal,Nice,0.0,17000000.0,William Saliba
503743,2021-01-04,20/21,9265,1198,Man City U23,Lincoln City,0.0,1300000.0,Morgan Rogers
476701,2021-01-04,20/21,3829,3329,CA Fénix,Famalicão,9100000.0,3000000.0,Manuel Ugarte
536835,2021-01-02,20/21,800,985,Atalanta,Man Utd,27300000.0,15000000.0,Amad Diallo
727089,2021-01-01,20/21,66529,30857,Anderlecht U18,Anderlecht U21,,,Noah Sadiki
964580,2021-01-01,20/21,82268,15002,Tubarão-SC U20,Flamengo U20,,,Wesley
893661,2021-01-01,20/21,39908,39950,IDV U20,Independiente B,,,Joel Ordóñez
866246,2021-01-01,20/21,102525,42543,Bromma Jgd.,IF Bromma U17,,,Lucas Bergvall
849520,2021-01-01,20/21,15113,14842,Vélez U20,Vélez II,,,Santiago Castro
849410,2021-01-01,20/21,15098,14831,CABJ U20,Boca Juniors II,,,Valentín Barco
844797,2021-01-01,20/21,15106,333,Lanús U20,Lanús,,,José Manuel López
756990,2021-01-01,20/21,14831,189,Boca Juniors II,Boca Juniors,,,Alan Varela
735573,2021-01-01,20/21,15002,614,Flamengo U20,Flamengo,,,Richard Ríos
830365,2021-01-01,20/21,15555,2125,Vitória U20,EC Vitória,,,Alisson Santos
670103,2021-01-01,20/21,14355,2778,Nordsjaell. U19,Nordsjaelland,,,Andreas Schjelderup
660867,2021-01-01,20/21,24816,9875,Libertad U19,Libertad,,500000.0,Julio Enciso
636688,2021-01-01,20/21,2470,2464,Barça U19,Barcelona B,,200000.0,Alejandro Balde
623325,2021-01-01,20/21,8963,660,Shakhtar II,Shakhtar D.,,100000.0,Georgiy Sudakov
618494,2021-01-01,20/21,6922,9252,Liverpool U18,Liverpool U23,,,Tyler Morton
548254,2021-01-01,20/21,66533,24394,Standard U18,Standard U21,,,Nathan Ngoy
451276,2021-01-01,20/21,409,23826,Salzburg,Leipzig,36000000.0,25000000.0,Dominik Szoboszlai
441986,2021-01-01,20/21,2420,15136,Vit. Guimarães,Guimarães B,,325000.0,Yann Bisseck
436064,2021-01-01,20/21,24366,234,Feyenoord U21,Feyenoord,,,Ramon Hendriks
742201,2021-01-01,20/21,31506,3679,Atl. Madrid U19,Atl. Madrileño,,,Giuliano Simeone
627207,2020-11-30,20/21,71021,8816,North Texas SC,Dallas,0.0,600000.0,Ricardo Pepi
470394,2020-11-10,20/21,8817,610,Ajax U21,Ajax,,3000000.0,Kenneth Taylor
554903,2020-10-26,20/21,189,3938,Boca Juniors,CA Talleres,0.0,675000.0,Mateo Retegui
475188,2020-10-16,20/21,39341,1031,Leicester U23,Luton,0.0,,Kiernan Dewsbury-Hall
279455,2020-10-16,20/21,31,603,Liverpool,Cardiff,0.0,16000000.0,Harry Wilson
485585,2020-10-13,20/21,9250,358,Chelsea U23,Charlton,0.0,,Ian Maatsen
776890,2020-10-05,20/21,11972,13222,Villarreal CF B,CD Mirandés,0.0,,Nicolas Jackson
486049,2020-10-05,20/21,58,273,RSC Anderlecht,Stade Rennais,26000000.0,9000000.0,Jérémy Doku
585959,2020-10-05,20/21,583,826,PSG,Lens,0.0,1000000.0,Arnaud Kalimuendo
411295,2020-10-05,20/21,273,399,Stade Rennais,Leeds,18600000.0,16000000.0,Raphinha
465830,2020-10-05,20/21,11,44,Arsenal,Hertha BSC,0.0,32000000.0,Mattéo Guendouzi
330659,2020-10-05,20/21,12,23826,Roma,Leipzig,0.0,20000000.0,Justin Kluivert
357147,2020-10-04,20/21,985,5,Man Utd,AC Milan,0.0,12000000.0,Diogo Dalot
364135,2020-10-04,20/21,29,583,Everton,PSG,0.0,25000000.0,Moise Kean
578391,2020-10-04,20/21,1420,543,Angers SCO,Wolves,0.0,20000000.0,Rayan Aït-Nouri
432164,2020-10-02,20/21,776,60529,Coritiba FC,Shabab Al-Ahli,2000000.0,950000.0,Igor Jesus
811779,2020-10-02,20/21,70320,5242,Atlético Yth.,Man Utd U18,465000.0,,Alejandro Garnacho
808509,2020-10-02,20/21,88140,1023,PFC Cajazeiras,Palmeiras,100000.0,,Danilo
475411,2020-10-02,20/21,618,1003,Saint-Étienne,Leicester,35000000.0,10000000.0,Wesley Fofana
424784,2020-10-02,20/21,1010,16795,Watford,Granada CF,10000000.0,7500000.0,Luis Suárez
325443,2020-10-02,20/21,1237,2288,Brighton,Swansea,0.0,1000000.0,Viktor Gyökeres
315867,2020-10-02,20/21,6574,252,Sassuolo,Genoa,0.0,5000000.0,Gianluca Scamacca
550550,2020-10-01,20/21,10330,294,Benfica B,Benfica,,675000.0,Gonçalo Ramos
808509,2020-10-01,20/21,14807,88140,Palmeiras U20,PFC Cajazeiras,0.0,,Danilo
406040,2020-09-30,20/21,23826,931,Leipzig,Fulham,0.0,10000000.0,Ademola Lookman
444523,2020-09-30,20/21,5,1041,AC Milan,Lyon,23000000.0,20000000.0,Lucas Paquetá
500689,2020-09-30,20/21,417,527,Nice,Lausanne-Sport,0.0,,Evann Guessand
258004,2020-09-29,20/21,294,281,Benfica,Man City,71600000.0,35000000.0,Rúben Dias
627207,2020-09-25,20/21,8816,71021,Dallas,North Texas SC,0.0,600000.0,Ricardo Pepi
470607,2020-09-25,20/21,703,1198,Nott'm Forest,Lincoln City,0.0,,Brennan Johnson
340950,2020-09-19,20/21,543,31,Wolves,Liverpool,44700000.0,28000000.0,Diogo Jota
420243,2020-09-18,20/21,8817,610,Ajax U21,Ajax,,2000000.0,Jurriën Timber
505219,2020-09-18,20/21,985,1010,Man Utd,Watford,0.0,2700000.0,James Garner
576314,2020-09-18,20/21,1237,306,Brighton,Heerenveen,0.0,1800000.0,Jan Paul van Hecke
488362,2020-09-17,20/21,9250,984,Chelsea U23,West Brom,0.0,5400000.0,Conor Gallagher
670882,2020-09-17,20/21,50678,1464,Man City Youth,B. Dortmund U19,0.0,,Jamie Gittens
474701,2020-09-16,20/21,2862,20116,Feyenoord U19,Leeds United U23,6000000.0,1500000.0,Crysencio Summerville
568693,2020-09-15,20/21,30031,347,Génération Foot,FC Metz,,,Pape Matar Sarr
579459,2020-09-14,20/21,11008,5299,Juventus U19,FC Basel U21,0.0,,Albian Hajdari
811778,2020-09-11,20/21,13711,9251,Real Madrid U17,Man Utd U23,0.0,,Álvaro Carreras
423440,2020-09-10,20/21,9899,681,Real Sociedad B,Real Sociedad,,250000.0,Martín Zubimendi
487469,2020-09-10,20/21,720,543,Porto,Wolves,0.0,5000000.0,Vitinha
576314,2020-09-10,20/21,132,1237,NAC Breda,Brighton,2000000.0,1800000.0,Jan Paul van Hecke
324358,2020-09-09,20/21,1148,405,Brentford,Aston Villa,34000000.0,12000000.0,Ollie Watkins
397033,2020-09-09,20/21,19,5,Brescia,AC Milan,0.0,32000000.0,Sandro Tonali
429983,2020-09-09,20/21,10217,202,Sarpsborg 08,FC Groningen,1100000.0,300000.0,Jørgen Strand Larsen
711337,2020-09-09,20/21,3234,720,Tombense,Porto,12050000.0,7500000.0,Evanilson
541537,2020-09-08,20/21,12524,12388,Ankara Demir,A. Keciörengücü,0.0,50000.0,Barış Alper Yılmaz
711337,2020-09-08,20/21,2462,3234,Fluminense,Tombense,0.0,4000000.0,Evanilson
579459,2020-09-07,20/21,14322,11008,FC Basel U18,Juventus U19,4500000.0,,Albian Hajdari
392771,2020-09-07,20/21,631,350,Chelsea,Sheff Utd,0.0,9000000.0,Ethan Ampadu
355915,2020-09-05,20/21,506,800,Juventus,Atalanta,0.0,14000000.0,Cristian Romero
309400,2020-09-04,20/21,15,631,Leverkusen,Chelsea,100000000.0,81000000.0,Kai Havertz
314678,2020-09-04,20/21,418,5,Real Madrid,AC Milan,0.0,13500000.0,Brahim Díaz
808348,2020-09-04,20/21,409,37024,Salzburg,FC Liefering,0.0,,Mamadou Sangaré
808348,2020-09-03,20/21,60309,409,Yeelen,Salzburg,,,Mamadou Sangaré
540941,2020-09-01,20/21,2778,1038,Nordsjaelland,Sampdoria,6750000.0,6500000.0,Mikkel Damsgaard
813137,2020-09-01,20/21,25545,49576,AS Rom Youth,Roma U17,,,Niccolò Pisilli
730861,2020-09-01,20/21,62652,6055,Győr U17,ETO FC,,,Milos Kerkez
668951,2020-09-01,20/21,49567,11008,Juventus U17,Juventus U19,,,Matías Soulé
616631,2020-09-01,20/21,11998,800,Atalanta U19,Atalanta,,,Matteo Ruggeri
571604,2020-09-01,20/21,49568,11998,Atalanta U17,Atalanta U19,,,Giorgio Scalvini
556385,2020-09-01,20/21,16996,276,Verona U19,Hellas Verona,,,Destiny Udogie
585949,2020-09-01,20/21,12764,5,Olymp. Lyon B,AC Milan,1390000.0,,Pierre Kalulu
536835,2020-09-01,20/21,11998,800,Atalanta U19,Atalanta,,,Amad Diallo
398073,2020-09-01,20/21,418,46,Real Madrid,Inter,43000000.0,54000000.0,Achraf Hakimi
255942,2020-09-01,20/21,1390,46,Cagliari,Inter,38500000.0,50000000.0,Nicolò Barella
332697,2020-09-01,20/21,33,506,FC Schalke 04,Juventus,0.0,20000000.0,Weston McKennie
525704,2020-09-01,20/21,8517,252,Genoa U19,Genoa,,800000.0,Nicolò Rovella
401923,2020-09-01,20/21,1082,6195,Lille,Napoli,78900000.0,40000000.0,Victor Osimhen
435338,2020-09-01,20/21,1082,11,Lille,Arsenal,26000000.0,20000000.0,Gabriel
502821,2020-09-01,20/21,11997,12,Roma U19,Roma,,,Riccardo Calafiori
315867,2020-08-31,19/20,408,6574,Ascoli,Sassuolo,0.0,5000000.0,Gianluca Scamacca
355915,2020-08-31,19/20,252,506,Genoa,Juventus,0.0,14000000.0,Cristian Romero
386446,2020-08-31,19/20,4331,416,Trapani,Torino,0.0,600000.0,Alessandro Buongiorno
459763,2020-08-31,19/20,4331,800,Trapani,Atalanta,0.0,2100000.0,Marco Carnesecchi
735568,2020-08-31,20/21,15002,614,Flamengo U20,Flamengo,,,Natan
255942,2020-08-31,19/20,46,1390,Inter,Cagliari,0.0,50000000.0,Nicolò Barella
479999,2020-08-28,20/21,1039,873,QPR,Crystal Palace,17800000.0,9000000.0,Eberechi Eze
270541,2020-08-27,20/21,1416,273,Amiens SC,Stade Rennais,15000000.0,8000000.0,Serhou Guirassy
565093,2020-08-26,20/21,7462,58,NAC Breda U19,RSC Anderlecht,2300000.0,25000.0,Bart Verbruggen
392757,2020-08-26,20/21,631,2288,Chelsea,Swansea,0.0,2700000.0,Marc Guéhi
429014,2020-08-25,20/21,543,2288,Wolves,Swansea,0.0,7200000.0,Morgan Gibbs-White
434224,2020-08-25,20/21,750,82,FC Sochaux,Wolfsburg,5000000.0,1000000.0,Maxence Lacroix
648195,2020-08-22,20/21,14837,2402,River Plate II,Defensa,0.0,,Enzo Fernández
523318,2020-08-21,20/21,6676,60949,Asteras Tripoli,Volos NFC,600000.0,250000.0,Anastasios Douvikas
655006,2020-08-20,20/21,10459,8889,Standard Yth,Benfica U19,,,Diego Moreira
659813,2020-08-20,20/21,19309,3938,Independiente,CA Talleres,3550000.0,600000.0,Piero Hincapié
346314,2020-08-18,20/21,9250,1158,Chelsea U23,FC Lorient,0.0,2700000.0,Trevoh Chalobah
426620,2020-08-18,20/21,3329,336,Famalicão,Sporting,13500000.0,7000000.0,Pedro Gonçalves
461607,2020-08-18,20/21,12764,10838,Olymp. Lyon B,SAS Epinal,0.0,,Estéban Lepaul
553875,2020-08-15,20/21,281,336,Man City,Sporting,0.0,9000000.0,Pedro Porro
533738,2020-08-11,20/21,157,1082,KAA Gent,Lille,27000000.0,25000000.0,Jonathan David
424784,2020-08-06,19/20,142,1010,Real Zaragoza,Watford,0.0,7500000.0,Luis Suárez
606752,2020-08-06,20/21,24,35,Frankfurt,St. Pauli,0.0,250000.0,Rodrigo Zalazar
571020,2020-08-04,20/21,6688,621,Bilbao Athletic,Athletic Club,,2300000.0,Oihan Sancet
398184,2020-08-04,20/21,1049,281,Valencia,Man City,33500000.0,45000000.0,Ferran Torres
412669,2020-08-03,20/21,1075,131,Braga,Barcelona,30940000.0,16000000.0,Francisco Trincão
451677,2020-08-03,20/21,8511,1091,PAOK U19,PAOK,,,Christos Tzolis
487474,2020-08-03,20/21,9844,10331,FC Porto U19,FC Porto B,,,Francisco Conceição
659089,2020-08-03,20/21,21218,338,Dynamo Kyiv II,Dynamo Kyiv,,,Ilya Zabarnyi
743591,2020-08-03,20/21,15037,330,Atlético-MG U20,Atlético-MG,,,Savinho
441986,2020-08-03,20/21,3,2420,1.FC Köln,Vit. Guimarães,0.0,325000.0,Yann Bisseck
552655,2020-08-01,20/21,9254,1028,Tottenham U23,Millwall,0.0,3600000.0,Troy Parrott
717411,2020-08-01,20/21,75354,60551,SK Dnipro-1 II,SC Dnipro-1,,,Yegor Yarmolyuk
610442,2020-08-01,20/21,52880,16104,FCK Youth,Copenhagen U19,,,Rasmus Højlund
568157,2020-08-01,20/21,12853,1050,FC Villarreal C,Villarreal,,,Yéremy Pino
652275,2020-08-01,20/21,52880,16104,FCK Youth,Copenhagen U19,,,Hákon Arnar Haraldsson
548111,2020-08-01,20/21,11972,1050,Villarreal CF B,Villarreal,,200000.0,Álex Baena
404950,2020-08-01,20/21,37024,409,FC Liefering,Salzburg,,700000.0,Nicolas Seiwald
365108,2020-08-01,19/20,527,417,Lausanne-Sport,Nice,0.0,1300000.0,Dan Ndoye
258919,2020-08-01,20/21,9251,985,Man Utd U23,Man Utd,,20000000.0,Dean Henderson
503987,2020-08-01,20/21,9715,383,PSV U21,PSV,,4500000.0,Noni Madueke
388198,2020-07-31,20/21,60,89,Freiburg,Union Berlin,0.0,4000000.0,Nico Schlotterbeck
683840,2020-07-31,19/20,472,131,UD Las Palmas,Barcelona,0.0,7200000.0,Pedri
543499,2020-07-31,20/21,2778,610,Nordsjaelland,Ajax,9000000.0,9000000.0,Mohammed Kudus
488362,2020-07-31,19/20,2288,9250,Swansea,Chelsea U23,0.0,5400000.0,Conor Gallagher
392757,2020-07-31,19/20,2288,631,Swansea,Chelsea,0.0,2700000.0,Marc Guéhi
361093,2020-07-31,20/21,8817,1082,Ajax U21,Lille,8000000.0,1300000.0,Sven Botman
346314,2020-07-31,19/20,1110,9250,Huddersfield,Chelsea U23,0.0,2700000.0,Trevoh Chalobah
335721,2020-07-31,19/20,399,1237,Leeds,Brighton,0.0,5500000.0,Ben White
279455,2020-07-31,19/20,989,31,Bournemouth,Liverpool,0.0,17500000.0,Harry Wilson
258919,2020-07-31,20/21,350,9251,Sheff Utd,Man Utd U23,0.0,20000000.0,Dean Henderson
702869,2020-07-29,20/21,46736,9715,KRC Genk U21,PSV U21,200000.0,,Ismael Saibari
257814,2020-07-28,20/21,533,79,Hoffenheim,Stuttgart,7200000.0,4000000.0,Gregor Kobel
581678,2020-07-23,20/21,337,16,Birmingham,Dortmund,30150000.0,11000000.0,Jude Bellingham
368887,2020-07-21,20/21,2282,499,Club Brugge,Vitesse,0.0,4000000.0,Loïs Openda
316264,2020-07-20,20/21,681,418,Real Sociedad,Real Madrid,0.0,45000000.0,Martin Ødegaard
553875,2020-07-20,19/20,366,281,Real Valladolid,Man City,0.0,9000000.0,Pedro Porro
670103,2020-07-08,20/21,19351,14355,Bodø/Glimt Yth.,Nordsjaell. U19,0.0,,Andreas Schjelderup
729814,2020-07-02,20/21,347,2715,FC Metz,RFC Seraing,0.0,,Georges Mikautadze
717329,2020-07-01,20/21,17295,21064,Hannover Yth.,Hannover 96 U17,,,Nicolò Tresoldi
775605,2020-07-01,20/21,14734,21609,Atl. Madrid U17,Atl.Madleño U18,,,Pablo Barrios
748804,2020-07-01,20/21,25005,34282,Anderlecht Yth.,KRC Genk Youth,0.0,,Mika Godts
745200,2020-07-01,20/21,9669,9668,Monaco U19,Monaco B,,,Maghnes Akliouche
744149,2020-07-01,20/21,53243,6949,Blackburn Acad.,Blackburn U18,,,Adam Wharton
741238,2020-07-01,20/21,50683,5679,Arsenal Youth,Arsenal U18,,,Omari Hutchinson
730893,2020-07-01,20/21,6945,873,Palace U23,Crystal Palace,,,Tyrick Mitchell
729814,2020-07-01,20/21,8179,347,FC Metz B,FC Metz,,,Georges Mikautadze
727089,2020-07-01,20/21,25005,66529,Anderlecht Yth.,Anderlecht U18,,,Noah Sadiki
724129,2020-07-01,20/21,59856,34281,LOSC Lille Yth.,KAA Gent Youth,0.0,,Matias Fernandez-Pardo
718303,2020-07-01,20/21,32793,81349,AZ Alkmaar Yth.,AZ U18,,,Ernest Poku
709372,2020-07-01,20/21,28868,12853,Villarreal U19,FC Villarreal C,,,Carlos Romero
711374,2020-07-01,20/21,9900,44822,R. Sociedad U19,Real Sociedad C,,,Jon Gorrotxategi
709187,2020-07-01,20/21,28860,6688,Bilbao U19,Bilbao Athletic,,,Nico Williams
708265,2020-07-01,20/21,7813,12764,Olymp. Lyon U19,Olymp. Lyon B,,,Bradley Barcola
701979,2020-07-01,20/21,1414,10949,Amora FC,Sporting B,4000000.0,,Geny Catamo
700106,2020-07-01,20/21,17588,21051,Mainz 05 Yth.,Mainz 05 U17,,,Brajan Gruda
691892,2020-07-01,20/21,21049,2613,Nürnberg U17,Nürnberg U19,,,Nathaniel Brown
679423,2020-07-01,20/21,4386,33549,AKA WAC U18,Wolfsberg II,,,Tarik Muharemović
792380,2020-07-01,20/21,18936,21058,B. München Yth.,FC Bayern U17,,,Aleksandar Pavlovic
668207,2020-07-01,20/21,50305,25095,Zr. Mostar U17,Zr. Mostar U19,,,Petar Sučić
667457,2020-07-01,20/21,32336,14322,FC Basel U16,FC Basel U18,,,Leon Avdullahu
655217,2020-07-01,20/21,42826,11263,AKA Salzb. U16,AKA Salzb. U18,,,Samson Baidoo
776890,2020-07-01,20/21,28868,11972,Villarreal U19,Villarreal CF B,,,Nicolas Jackson
927353,2020-07-01,20/21,70702,78008,Servette Yth.,Servette U16,,,Johan Manzambi
800175,2020-07-01,20/21,14702,2462,Fluminense U20,Fluminense,,,Luiz Henrique
914562,2020-07-01,20/21,99634,107721,Rennes Jugend,Rennes U17,,,Désiré Doué
1061282,2020-07-01,20/21,114128,64536,Fl. Negra S19,Balón de Cádiz ,0.0,,Assane Diao
1004301,2020-07-01,20/21,99634,107721,Rennes Jugend,Rennes U17,,,Jérémy Jacquet
990148,2020-07-01,20/21,34282,25005,KRC Genk Youth,Anderlecht Yth.,0.0,,Konstantinos Karetsas
957653,2020-07-01,20/21,56766,56765,FC Porto Youth,FC Porto U15,,,Rodrigo Mora
948294,2020-07-01,20/21,70321,13711,R.Madrid Yth.,Real Madrid U17,,,Nico Paz
939964,2020-07-01,20/21,100151,105954,Angers For.,Angers SCO U17,,,Jean-Mattéo Bahoya
935231,2020-07-01,20/21,45258,34466,CF Damm Youth,Damm U19,,,Víctor Muñoz
935230,2020-07-01,20/21,70321,13711,R.Madrid Yth.,Real Madrid U17,,,Gonzalo García
654539,2020-07-01,20/21,8154,273,Rennes B,Stade Rennais,,,Adrien Truffert
923831,2020-07-01,20/21,59856,107691,LOSC Lille Yth.,LOSC Lille U17,,,Leny Yoro
880245,2020-07-01,20/21,48365,10283,Sporting U17,Sporting U19,,,Mateus Fernandes
805714,2020-07-01,20/21,48365,67909,Sporting U17,Sporting CP U23,,,Renato Veiga
855308,2020-07-01,20/21,46608,10849,Metz U17,FC Metz U19,,,Arthur Atta
844637,2020-07-01,20/21,70378,12798,G. Manresa U19,Levante U19,0.0,,Marc Pubill
842341,2020-07-01,20/21,10852,6572,Montpellier U19,Montpellier B,,,Maxime Estève
834764,2020-07-01,20/21,70397,10200,Valencia U18,Valencia U19,,,Javi Guerra
827734,2020-07-01,20/21,12762,12761,Châteauroux U19,Châteauroux B,,,Ange-Yoan Bonny
823486,2020-07-01,20/21,5232,13484,Juventus Youth,Gozzano,,,Michael Kayode
823231,2020-07-01,20/21,87091,16662,SC Majestic,Lorient B,,,Dango Ouattara
822959,2020-07-01,20/21,17474,21082,Hoffenheim Yth.,Hoffenheim U17,,,Tom Bischof
816585,2020-07-01,20/21,20462,21049,Nürnberg Yth.,Nürnberg U17,,,Can Uzun
810092,2020-07-01,20/21,82891,54295,PSG Youth,Paris SG U17,,,Warren Zaïre-Emery
654982,2020-07-01,20/21,34282,66531,KRC Genk Youth,KRC Genk U18,,,Bilal El Khannouss
670858,2020-07-01,20/21,50677,6918,Chelsea Youth,Chelsea U18,,,Lewis Hall
650568,2020-07-01,20/21,45618,68780,Benfica U17,Benfica U23,,,António Silva
540664,2020-07-01,20/21,10872,40,G. Bordeaux B,G. Bordeaux,,,Dilane Bakwa
526845,2020-07-01,20/21,4042,245,SC Freiburg U19,SC Freiburg II,,,Noah Atubolu
524290,2020-07-01,20/21,7802,983,U. Berlin U19,Hoffenheim II,0.0,,Fisnik Asllani
521964,2020-07-01,20/21,1463,33,Schalke 04 U19,FC Schalke 04,,,Malick Thiaw
505219,2020-07-01,20/21,9251,985,Man Utd U23,Man Utd,,2700000.0,James Garner
504087,2020-07-01,20/21,8889,68780,Benfica U19,Benfica U23,,,Tomás Araújo
503981,2020-07-01,20/21,6918,9250,Chelsea U18,Chelsea U23,,,Tino Livramento
503883,2020-07-01,20/21,43560,2282,Club NXT,Club Brugge,,,Senne Lammens
503749,2020-07-01,20/21,12124,405,Aston Villa U23,Aston Villa,,,Jacob Ramsey
500689,2020-07-01,20/21,8158,417,OGC Nice B,Nice,,,Evann Guessand
485963,2020-07-01,20/21,738,244,Le Havre AC,Marseille,0.0,1600000.0,Pape Gueye
485706,2020-07-01,20/21,8925,41,Hoffenheim U19,Hamburg,0.0,,Amadou Onana
467437,2020-07-01,20/21,1462,28,FC Bayern U19,FC Bayern II,,500000.0,Malik Tillman
466805,2020-07-01,20/21,2470,2464,Barça U19,Barcelona B,,,Nico González
463600,2020-07-01,20/21,12765,1082,LOSC Lille B,Lille,,,Lucas Chevalier
461883,2020-07-01,20/21,39341,124,Leicester U23,Rangers,0.0,,Calvin Bassey
455661,2020-07-01,20/21,2491,86,W. Bremen U19,Werder Bremen,,325000.0,Nick Woltemade
445939,2020-07-01,20/21,143,82,Wolfsburg II,Wolfsburg,,125000.0,Omar Marmoush
436064,2020-07-01,20/21,2862,24366,Feyenoord U19,Feyenoord U21,,,Ramon Hendriks
433188,2020-07-01,20/21,9252,31,Liverpool U23,Liverpool,,1800000.0,Curtis Jones
646991,2020-07-01,20/21,43843,11154,NEC U17,NEC U21,,,Robin Roefs
415381,2020-07-01,20/21,18026,798,FC Twente U21,Excelsior,0.0,25000.0,Mats Wieffer
344069,2020-07-01,20/21,143,65,Wolfsburg II,Greuther Fürth,0.0,125000.0,Anton Stach
284857,2020-07-01,20/21,131,3709,Barcelona,Getafe,11800000.0,18000000.0,Marc Cucurella
538977,2020-07-01,20/21,8154,273,Rennes B,Stade Rennais,,150000.0,Georginio Rutter
418659,2020-07-01,20/21,1041,417,Lyon,Nice,7000000.0,4000000.0,Amine Gouiri
549006,2020-07-01,20/21,67909,336,Sporting CP U23,Sporting,,,Gonçalo Inácio
597659,2020-07-01,20/21,10161,20116,Leeds U18,Leeds United U23,,,Charlie Cresswell
559328,2020-07-01,20/21,10703,468,Sparta U19,Sparta R.,,,Emmanuel Emegha
646750,2020-07-01,20/21,70397,10200,Valencia U18,Valencia U19,,,Cristhian Mosquera
646740,2020-07-01,20/21,14321,2470,Barça U16,Barça U19,,,Gavi
624258,2020-07-01,20/21,6922,9252,Liverpool U18,Liverpool U23,,,Conor Bradley
620322,2020-07-01,20/21,7813,12764,Olymp. Lyon U19,Olymp. Lyon B,,,Malo Gusto
618472,2020-07-01,20/21,7813,12764,Olymp. Lyon U19,Olymp. Lyon B,,,Castello Lukeba
614258,2020-07-01,20/21,6918,9250,Chelsea U18,Chelsea U23,,,Levi Colwill
610849,2020-07-01,20/21,6930,9265,Man City U18,Man City U23,,,Liam Delap
608172,2020-07-01,20/21,14332,5494,Luzern U18,Luzern U21,,,Ardon Jashari
598577,2020-07-01,20/21,4713,15,Leverkusen U19,Leverkusen,,,Florian Wirtz
602105,2020-07-01,20/21,585,610,São Paulo,Ajax,15750000.0,18000000.0,Antony
585959,2020-07-01,20/21,6326,583,Paris SG U19,PSG,,,Arnaud Kalimuendo
569366,2020-07-01,20/21,9668,162,Monaco B,Monaco,,150000.0,Enzo Millot
561613,2020-07-01,20/21,9478,10773,Espanyol U19,RCD Espanyol B,,50000.0,Joan García
566799,2020-07-01,20/21,6930,9265,Man City U18,Man City U23,,,James Trafford
583189,2020-07-01,20/21,5242,9251,Man Utd U18,Man Utd U23,,,Anthony Elanga
568177,2020-07-01,20/21,6930,9265,Man City U18,Man City U23,,,Cole Palmer
567576,2020-07-01,20/21,6943,9253,Newcastle U18,Newcastle U23,,,Elliot Anderson
578392,2020-07-01,20/21,8925,533,Hoffenheim U19,Hoffenheim,,300000.0,Maximilian Beier
578539,2020-07-01,20/21,28,27,FC Bayern II,Bayern Munich,,1800000.0,Chris Richards
580195,2020-07-01,20/21,1462,27,FC Bayern U19,Bayern Munich,,1000000.0,Jamal Musiala
580451,2020-07-01,20/21,36342,9641,Din. Zagreb U17,Din. Zagreb U19,,,Martin Baturina
844797,2020-06-30,19/20,128521,15106,Colegiales (TA),Lanús U20,0.0,,José Manuel López
823486,2020-06-30,19/20,53785,5232,Gozzano Youth,Juventus Youth,0.0,,Michael Kayode
701979,2020-06-30,19/20,10283,1414,Sporting U19,Amora FC,0.0,,Geny Catamo
574671,2020-06-30,19/20,669,162,Partizan,Monaco,0.0,10000000.0,Strahinja Pavlović
441986,2020-06-30,19/20,192,3,Roda JC,1.FC Köln,0.0,325000.0,Yann Bisseck
495666,2020-06-30,19/20,618,11,Saint-Étienne,Arsenal,0.0,22500000.0,William Saliba
460939,2020-06-30,19/20,235,1090,RKC Waalwijk,AZ Alkmaar,0.0,625000.0,Tijjani Reijnders
554903,2020-06-30,19/20,288,189,Estudiantes LP,Boca Juniors,0.0,675000.0,Mateo Retegui
434433,2020-06-30,19/20,4655,159,Graficar,Red Star,0.0,300000.0,Nikola Krstović
398073,2020-06-30,19/20,16,418,Dortmund,Real Madrid,0.0,54000000.0,Achraf Hakimi
392771,2020-06-30,19/20,23826,631,Leipzig,Chelsea,0.0,9000000.0,Ethan Ampadu
361093,2020-06-30,19/20,306,8817,Heerenveen,Ajax U21,0.0,1300000.0,Sven Botman
325443,2020-06-30,19/20,35,1237,St. Pauli,Brighton,0.0,800000.0,Viktor Gyökeres
284857,2020-06-30,19/20,3709,131,Getafe,Barcelona,0.0,18000000.0,Marc Cucurella
257814,2020-06-30,19/20,79,533,Stuttgart,Hoffenheim,0.0,4000000.0,Gregor Kobel
475188,2020-05-31,19/20,1181,39341,Blackpool,Leicester U23,0.0,,Kiernan Dewsbury-Hall
503749,2020-05-31,19/20,2454,12124,Doncaster,Aston Villa U23,0.0,,Jacob Ramsey
583255,2020-05-31,19/20,289,698,Sunderland,Bristol City,0.0,450000.0,Antoine Semenyo
623570,2020-05-31,19/20,4282,8824,Hyde United,Sheffield U23,0.0,,Iliman Ndiaye
474701,2020-05-05,19/20,1268,2862,ADO Den Haag,Feyenoord U19,0.0,900000.0,Crysencio Summerville
601883,2020-05-01,19/20,67909,336,Sporting CP U23,Sporting,,,Matheus Nunes
606752,2020-04-30,19/20,6110,24,Korona Kielce,Frankfurt,0.0,50000.0,Rodrigo Zalazar
607854,2020-02-21,19/20,609,199,Cruzeiro,Corinthians,0.0,2500000.0,Éderson
434433,2020-02-04,19/20,159,4655,Red Star,Graficar,0.0,600000.0,Nikola Krstović
1064871,2020-02-03,20/21,29751,15108,CA Atalaya,River Plate U20,,,Joaquín Panichelli
668606,2020-02-01,19/20,24092,1062,Ichifuna HS,Shimizu S-Pulse,0.0,,Yuito Suzuki
534033,2020-01-31,19/20,189,1237,Boca Juniors,Brighton,0.0,12500000.0,Alexis Mac Allister
598577,2020-01-31,19/20,21048,4713,1.FC Köln U17,Leverkusen U19,200000.0,,Florian Wirtz
583255,2020-01-31,19/20,698,289,Bristol City,Sunderland,0.0,500000.0,Antoine Semenyo
564545,2020-01-31,19/20,2420,15,Vit. Guimarães,Leverkusen,20200000.0,4500000.0,Edmond Tapsoba
198116,2020-01-31,19/20,46,276,Inter,Hellas Verona,0.0,5000000.0,Federico Dimarco
517894,2020-01-31,19/20,23826,44,Leipzig,Hertha BSC,18000000.0,13000000.0,Matheus Cunha
503749,2020-01-31,19/20,12124,2454,Aston Villa U23,Doncaster,0.0,,Jacob Ramsey
346890,2020-01-31,19/20,26,409,Basel,Salzburg,11200000.0,8000000.0,Noah Okafor
314875,2020-01-31,19/20,3008,379,Hull City,West Ham,21300000.0,10000000.0,Jarrod Bowen
333014,2020-01-30,19/20,1184,350,Genk,Sheff Utd,25000000.0,22000000.0,Sander Berge
520624,2020-01-30,19/20,679,1041,Athletico-PR,Lyon,20000000.0,20000000.0,Bruno Guimarães
240306,2020-01-29,19/20,336,985,Sporting,Man Utd,65000000.0,60000000.0,Bruno Fernandes
413112,2020-01-29,19/20,40,162,G. Bordeaux,Monaco,18000000.0,14000000.0,Aurélien Tchouaméni
569598,2020-01-29,19/20,667,162,R. Strasbourg,Monaco,15000000.0,6000000.0,Youssouf Fofana
365108,2020-01-28,19/20,417,527,Nice,Lausanne-Sport,0.0,1000000.0,Dan Ndoye
365108,2020-01-27,19/20,527,417,Lausanne-Sport,Nice,,1000000.0,Dan Ndoye
475188,2020-01-27,19/20,39341,1181,Leicester U23,Blackpool,0.0,,Kiernan Dewsbury-Hall
293385,2020-01-25,19/20,419,23826,Dinamo Zagreb,Leipzig,34200000.0,35000000.0,Dani Olmo
623570,2020-01-24,19/20,8824,4282,Sheffield U23,Hyde United,0.0,,Iliman Ndiaye
488362,2020-01-15,19/20,9250,2288,Chelsea U23,Swansea,0.0,2000000.0,Conor Gallagher
488362,2020-01-14,19/20,358,9250,Charlton,Chelsea U23,0.0,2000000.0,Conor Gallagher
574671,2020-01-14,19/20,162,669,Monaco,Partizan,0.0,8000000.0,Strahinja Pavlović
661053,2020-01-13,19/20,1220,29,Carlisle United,Everton,1100000.0,,Jarrad Branthwaite
711337,2020-01-13,19/20,3234,2462,Tombense,Fluminense,0.0,50000.0,Evanilson
386446,2020-01-11,19/20,416,4331,Torino,Trapani,0.0,500000.0,Alessandro Buongiorno
392757,2020-01-10,19/20,631,2288,Chelsea,Swansea,0.0,1500000.0,Marc Guéhi
668951,2020-01-10,19/20,15113,49567,Vélez U20,Juventus U17,0.0,,Matías Soulé
711337,2020-01-10,19/20,2462,3234,Fluminense,Tombense,,50000.0,Evanilson
487469,2020-01-09,19/20,10331,720,FC Porto B,Porto,,1500000.0,Vitinha
653610,2020-01-06,19/20,15539,1693,Coritiba U20,Londrina-PR,0.0,,Igor Paixão
861410,2020-01-06,19/20,43423,43426,Fenerbahce Yth.,Fenerbahce U16,,,Arda Güler
460939,2020-01-02,19/20,1090,235,AZ Alkmaar,RKC Waalwijk,0.0,700000.0,Tijjani Reijnders
626724,2020-01-01,19/20,2462,1010,Fluminense,Watford,11500000.0,20000000.0,João Pedro
651580,2020-01-01,19/20,84702,84698,Ak.Cherta U16,Ak.ZSKA U16,,,Matvey Kislyak
661171,2020-01-01,19/20,39950,19309,Independiente B,Independiente,,,Willian Pacho
659089,2020-01-01,19/20,36949,21218,Dynamo Kyiv U19,Dynamo Kyiv II,,,Ilya Zabarnyi
659813,2020-01-01,19/20,39950,19309,Independiente B,Independiente,,100000.0,Piero Hincapié
900195,2020-01-01,19/20,42746,14807,Desportivo U20,Palmeiras U20,0.0,,Kevin
667287,2020-01-01,19/20,42331,16574,AIK U17,AIK U19,,,Yasin Ayari
687626,2020-01-01,19/20,39950,19309,Independiente B,Independiente,,50000.0,Moisés Caicedo
739443,2020-01-01,20/21,16658,609,Cruzeiro U20,Cruzeiro,,,Igor Thiago
849410,2020-01-01,19/20,121692,15098,CABJ JV,CABJ U20,,,Valentín Barco
849520,2020-01-01,19/20,121719,15113,Vélez JV,Vélez U20,,,Santiago Castro
580195,2020-01-01,19/20,21058,1462,FC Bayern U17,FC Bayern U19,,,Jamal Musiala
607223,2020-01-01,19/20,12764,1041,Olymp. Lyon B,Lyon,,8000000.0,Rayan Cherki
559328,2020-01-01,19/20,44767,10703,Sparta R. U17,Sparta U19,,,Emmanuel Emegha
574671,2020-01-01,19/20,669,162,Partizan,Monaco,10000000.0,8000000.0,Strahinja Pavlović
483348,2020-01-01,19/20,9256,641,Boro U23,Middlesbrough,,,Djed Spence
392757,2020-01-01,19/20,9250,631,Chelsea U23,Chelsea,,1500000.0,Marc Guéhi
401578,2020-01-01,19/20,209,15,River Plate,Leverkusen,17000000.0,25000000.0,Exequiel Palacios
572675,2020-01-01,19/20,2403,5662,Wanderers,Puebla FC,2000000.0,450000.0,Maxi Araújo
443710,2020-01-01,19/20,1462,28,FC Bayern U19,FC Bayern II,,200000.0,Angelo Stiller
418560,2020-01-01,19/20,409,16,Salzburg,Dortmund,20000000.0,45000000.0,Erling Haaland
502676,2020-01-01,19/20,663,6365,Dinamo Tbilisi,FC Locomotive,0.0,250000.0,Giorgi Mamardashvili
503680,2020-01-01,19/20,9252,31,Liverpool U23,Liverpool,,,Neco Williams
537844,2020-01-01,19/20,8963,660,Shakhtar II,Shakhtar D.,,,Anatoliy Trubin
548193,2020-01-01,19/20,66529,30857,Anderlecht U18,Anderlecht U21,,,Zeno Debast
566723,2020-01-01,19/20,11994,1032,Reading U18,Reading,,200000.0,Michael Olise
496094,2019-12-31,19/20,37024,409,FC Liefering,Salzburg,0.0,7500000.0,Karim Adeyemi
502676,2019-12-31,19/20,1799,663,Rustavi,Dinamo Tbilisi,0.0,250000.0,Giorgi Mamardashvili
724520,2019-11-11,19/20,15066,7971,Hércules CF B,Hércules CF,,,Abde Ezzalzouli
1078163,2019-11-05,19/20,52975,50683,West Ham Yth.,Arsenal Youth,0.0,,Ayden Heaven
918969,2019-11-01,19/20,22419,30031,Casa Sports,Génération Foot,,,Lamine Camara
518505,2019-09-18,19/20,2612,65,Gr. Fürth U19,Greuther Fürth,,,Jamie Leweling
478573,2019-09-12,19/20,8817,610,Ajax U21,Ajax,,5000000.0,Ryan Gravenberch
742201,2019-09-11,19/20,15108,31506,River Plate U20,Atl. Madrid U19,0.0,,Giuliano Simeone
624258,2019-09-03,19/20,41143,6922,Dungannon U18,Liverpool U18,60000.0,,Conor Bradley
683840,2019-09-03,19/20,131,472,Barcelona,UD Las Palmas,0.0,,Pedri
411295,2019-09-02,19/20,336,273,Sporting,Stade Rennais,21000000.0,8000000.0,Raphinha
469781,2019-09-02,19/20,1775,234,San Lorenzo,Feyenoord,7000000.0,7000000.0,Marcos Senesi
484547,2019-09-02,19/20,9265,371,Man City U23,Celtic,380000.0,,Jeremie Frimpong
683840,2019-09-02,19/20,472,131,UD Las Palmas,Barcelona,23000000.0,,Pedri
776890,2019-09-02,19/20,118044,28868,Casa Sports U17,Villarreal U19,,,Nicolas Jackson
408574,2019-08-30,19/20,724,306,FC Volendam,Heerenveen,550000.0,350000.0,Joey Veerman
474701,2019-08-30,19/20,2862,1268,Feyenoord U19,ADO Den Haag,0.0,350000.0,Crysencio Summerville
503987,2019-08-26,19/20,4575,9715,PSV U19,PSV U21,,,Noni Madueke
441986,2019-08-22,19/20,3,192,1.FC Köln,Roda JC,0.0,250000.0,Yann Bisseck
441986,2019-08-21,19/20,269,3,Holstein Kiel,1.FC Köln,0.0,250000.0,Yann Bisseck
553875,2019-08-12,19/20,281,366,Man City,Real Valladolid,0.0,10000000.0,Pedro Porro
346314,2019-08-08,19/20,9250,1110,Chelsea U23,Huddersfield,0.0,3000000.0,Trevoh Chalobah
410225,2019-08-08,19/20,273,1010,Stade Rennais,Watford,30000000.0,30000000.0,Ismaïla Sarr
553875,2019-08-08,19/20,12321,281,Girona,Man City,12000000.0,10000000.0,Pedro Porro
279455,2019-08-06,19/20,31,989,Liverpool,Bournemouth,0.0,12000000.0,Harry Wilson
413039,2019-08-05,19/20,1095,1148,Troyes,Brentford,6500000.0,3500000.0,Bryan Mbeumo
364135,2019-08-04,19/20,506,29,Juventus,Everton,27500000.0,40000000.0,Moise Kean
404418,2019-08-03,19/20,430,197,Fiorentina,Sparta Prague,0.0,2500000.0,Dávid Hancko
488362,2019-08-02,19/20,9250,358,Chelsea U23,Charlton,0.0,,Conor Gallagher
487465,2019-08-02,19/20,398,543,Lazio,Wolves,17900000.0,2500000.0,Pedro Neto
425918,2019-08-02,19/20,20063,1443,Podbrezova,MSK Zilina,250000.0,200000.0,Jakub Kiwior
401923,2019-08-01,19/20,172,1082,R Charleroi SC,Lille,22400000.0,13000000.0,Victor Osimhen
503743,2019-08-01,19/20,6951,9265,West Brom U18,Man City U23,4400000.0,,Morgan Rogers
357164,2019-08-01,19/20,1082,5,Lille,AC Milan,49500000.0,15000000.0,Rafael Leão
569366,2019-07-30,19/20,9669,9668,Monaco U19,Monaco B,,,Enzo Millot
730861,2019-07-30,19/20,83461,62652,Hódmez. Jgd,Győr U17,0.0,,Milos Kerkez
361093,2019-07-27,19/20,8817,306,Ajax U21,Heerenveen,0.0,300000.0,Sven Botman
258919,2019-07-26,19/20,9251,350,Man Utd U23,Sheff Utd,0.0,2500000.0,Dean Henderson
495666,2019-07-26,19/20,11,618,Arsenal,Saint-Étienne,0.0,12000000.0,William Saliba
459763,2019-07-25,19/20,800,4331,Atalanta,Trapani,0.0,300000.0,Marco Carnesecchi
495666,2019-07-25,19/20,618,11,Saint-Étienne,Arsenal,30000000.0,12000000.0,William Saliba
406040,2019-07-25,19/20,29,23826,Everton,Leipzig,18000000.0,20000000.0,Ademola Lookman
325443,2019-07-25,19/20,1237,35,Brighton,St. Pauli,0.0,500000.0,Viktor Gyökeres
333241,2019-07-23,19/20,533,762,Hoffenheim,Newcastle,43500000.0,35000000.0,Joelinton
566931,2019-07-23,19/20,14321,6326,Barça U16,Paris SG U19,0.0,,Xavi Simons
318528,2019-07-22,19/20,855,18,Guingamp,Mönchengladbach,9000000.0,9000000.0,Marcus Thuram
392771,2019-07-22,19/20,631,23826,Chelsea,Leipzig,0.0,10000000.0,Ethan Ampadu
284857,2019-07-18,19/20,131,3709,Barcelona,Getafe,0.0,10000000.0,Marc Cucurella
326031,2019-07-18,19/20,610,506,Ajax,Juventus,85500000.0,75000000.0,Matthijs de Ligt
344381,2019-07-18,19/20,583,23826,PSG,Leipzig,19500000.0,12000000.0,Christopher Nkunku
284857,2019-07-16,19/20,1533,131,SD Eibar,Barcelona,4000000.0,10000000.0,Marc Cucurella
607854,2019-07-15,19/20,17300,609,Desp. Brasil,Cruzeiro,295000.0,100000.0,Éderson
315867,2019-07-14,19/20,6574,408,Sassuolo,Ascoli,0.0,700000.0,Gianluca Scamacca
355915,2019-07-13,19/20,506,252,Juventus,Genoa,0.0,15000000.0,Cristian Romero
255942,2019-07-12,19/20,1390,46,Cagliari,Inter,0.0,36000000.0,Nicolò Barella
355915,2019-07-12,19/20,252,506,Genoa,Juventus,31500000.0,15000000.0,Cristian Romero
661207,2019-07-12,19/20,51888,6930,Vålerenga Yth.,Man City U18,,,Oscar Bobb
957874,2019-07-12,19/20,104270,15038,Maringá-PR U20,Athletico U20,1200000.0,,Rômulo
413403,2019-07-11,19/20,1148,405,Brentford,Aston Villa,13300000.0,3500000.0,Ezri Konsa
480692,2019-07-10,19/20,11854,720,Junior FC,Porto,7220000.0,2000000.0,Luis Díaz
249565,2019-07-08,19/20,162,1003,Monaco,Leicester,45000000.0,38000000.0,Youri Tielemans
607223,2019-07-07,19/20,7813,12764,Olymp. Lyon U19,Olymp. Lyon B,,,Rayan Cherki
502670,2019-07-06,19/20,1799,2698,Rustavi,Rubin Kazan,600000.0,900000.0,Khvicha Kvaratskhelia
262749,2019-07-06,19/20,164,1148,Blackburn,Brentford,3350000.0,1500000.0,David Raya
463618,2019-07-06,19/20,162,417,Monaco,Nice,0.0,500000.0,Khéphren Thuram
316264,2019-07-05,19/20,418,681,Real Madrid,Real Sociedad,0.0,15000000.0,Martin Ødegaard
606752,2019-07-05,19/20,24,6110,Frankfurt,Korona Kielce,0.0,50000.0,Rodrigo Zalazar
357565,2019-07-04,19/20,13,281,Atlético,Man City,70000000.0,80000000.0,Rodri
580195,2019-07-04,19/20,50677,21058,Chelsea Youth,FC Bayern U17,200000.0,,Jamal Musiala
411975,2019-07-03,19/20,40,368,G. Bordeaux,Sevilla FC,35000000.0,15000000.0,Jules Koundé
462250,2019-07-03,19/20,294,13,Benfica,Atlético,127200000.0,70000000.0,João Félix
627442,2019-07-02,19/20,409,37024,Salzburg,FC Liefering,0.0,,Benjamin Sesko
655488,2019-07-02,19/20,4773,11,Ituano,Arsenal,7100000.0,,Gabriel Martinelli
426620,2019-07-02,19/20,24226,3329,Wolves U23,Famalicão,1300000.0,,Pedro Gonçalves
606752,2019-07-02,19/20,5649,24,Atl. Malagueño,Frankfurt,0.0,50000.0,Rodrigo Zalazar
670681,2019-07-01,19/20,53954,45618,Benfica U15,Benfica U17,,,João Neves
669380,2019-07-01,19/20,65272,8511,PAOK U17,PAOK U19,,,Konstantinos Koulierakis
668547,2019-07-01,19/20,15113,14842,Vélez U20,Vélez II,,,Máximo Perrone
667457,2019-07-01,19/20,42366,32336,FC Basel Yth.,FC Basel U16,,,Leon Avdullahu
655217,2019-07-01,19/20,42825,42826,AKA Salzb. U15,AKA Salzb. U16,,,Samson Baidoo
654982,2019-07-01,19/20,25005,34282,Anderlecht Yth.,KRC Genk Youth,0.0,,Bilal El Khannouss
654539,2019-07-01,19/20,7874,8154,Rennes U19,Rennes B,,,Adrien Truffert
652275,2019-07-01,19/20,1231,52880,ÍA Akranes,FCK Youth,2770000.0,,Hákon Arnar Haraldsson
648779,2019-07-01,19/20,12130,416,Torino U19,Torino,,125000.0,Wilfried Singo
632349,2019-07-01,19/20,50906,6922,Liverpool Youth,Liverpool U18,,,Jarell Quansah
646750,2019-07-01,19/20,16200,70397,Valencia CF You,Valencia U18,,,Cristhian Mosquera
646740,2019-07-01,19/20,70295,14321,Barça Youth,Barça U16,,,Gavi
636703,2019-07-01,19/20,14321,39813,Barça U16,Barça U18,,,Fermín López
636688,2019-07-01,19/20,14321,2470,Barça U16,Barça U19,,,Alejandro Balde
633992,2019-07-01,19/20,16662,1158,Lorient B,FC Lorient,,,Enzo Le Fée
616341,2019-07-01,19/20,67909,336,Sporting CP U23,Sporting,,,Nuno Mendes
627442,2019-07-01,19/20,59704,409,NK Domzale U17,Salzburg,2500000.0,,Benjamin Sesko
624690,2019-07-01,19/20,9371,415,Toulouse B,Toulouse,,,Manu Koné
623570,2019-07-01,19/20,43750,8824,Boreham W. U19,Sheffield U23,0.0,,Iliman Ndiaye
623325,2019-07-01,19/20,14300,8963,Shakhtar U19,Shakhtar II,,,Georgiy Sudakov
620322,2019-07-01,19/20,106295,7813,Olymp. Lyon U17,Olymp. Lyon U19,,,Malo Gusto
