appearance_id,game_id,player_id,player_club_id,player_current_club_id,date,player_name,competition_id,yellow_cards,red_cards,goals,assists,minutes_played
4776668_763079,4776668,763079,3563,281,2026-06-28,Abdukodir Khusanov,FIWC,1,0,0,0,90
4776665_948294,4776665,948294,3437,1047,2026-06-28,Nico Paz,FIWC,0,0,0,0,61
4776667_225161,4776667,225161,3300,1114,2026-06-28,Rúben Neves,FIWC,0,0,0,0,45
4776666_905011,4776666,905011,3614,15,2026-06-28,Ibrahim Maza,FIWC,0,0,0,0,90
4776666_578391,4776666,578391,3614,281,2026-06-28,Rayan Aït-Nouri,FIWC,0,0,0,0,19
4776666_418659,4776666,418659,3614,244,2026-06-28,Amine Gouiri,FIWC,0,0,0,0,71
4776666_404950,4776666,404950,3383,23826,2026-06-28,Nicolas Seiwald,FIWC,0,0,0,0,90
4776666_223967,4776666,223967,3383,27,2026-06-28,Konrad Laimer,FIWC,0,0,0,1,90
4776665_844797,4776665,844797,3437,1023,2026-06-28,José Manuel López,FIWC,0,0,0,0,8
4776667_258004,4776667,258004,3300,281,2026-06-28,Rúben Dias,FIWC,0,0,0,0,90
4776665_742201,4776665,742201,3437,13,2026-06-28,Giuliano Simeone,FIWC,0,0,0,0,71
4776665_576024,4776665,576024,3437,13,2026-06-28,Julián Alvarez,FIWC,0,0,0,0,82
4776665_534033,4776665,534033,3437,31,2026-06-28,Alexis Mac Allister,FIWC,0,0,0,0,29
4776665_469781,4776665,469781,3437,989,2026-06-28,Marcos Senesi,FIWC,0,0,0,1,90
4776665_406625,4776665,406625,3437,46,2026-06-28,Lautaro Martínez,FIWC,0,0,1,0,60
4776665_401578,4776665,401578,3437,15,2026-06-28,Exequiel Palacios,FIWC,0,0,0,0,90
4776667_240306,4776667,240306,3300,985,2026-06-28,Bruno Fernandes,FIWC,0,0,0,0,90
4776665_849410,4776665,849410,3437,667,2026-06-28,Valentín Barco,FIWC,0,0,0,0,19
4776667_357147,4776667,357147,3300,985,2026-06-28,Diogo Dalot,FIWC,0,0,0,0,45
4776667_601883,4776667,601883,3300,281,2026-06-28,Matheus Nunes,FIWC,0,0,0,0,1
4776667_357153,4776667,357153,3300,720,2026-06-28,Diogo Costa,FIWC,0,0,0,0,90
4776668_727089,4776668,727089,3854,289,2026-06-28,Noah Sadiki,FIWC,1,0,0,0,90
4776668_388165,4776668,388165,3854,762,2026-06-28,Yoane Wissa,FIWC,0,0,2,0,90
4776667_805714,4776667,805714,3300,1050,2026-06-28,Renato Veiga,FIWC,0,0,0,0,90
4776667_670681,4776667,670681,3300,583,2026-06-28,João Neves,FIWC,0,0,0,0,45
4776667_616341,4776667,616341,3300,583,2026-06-28,Nuno Mendes,FIWC,0,0,0,0,90
4776667_735573,4776667,735573,3816,294,2026-06-28,Richard Ríos,FIWC,0,0,0,0,30
4776667_487469,4776667,487469,3300,583,2026-06-28,Vitinha,FIWC,0,0,0,0,70
4776667_487465,4776667,487465,3300,631,2026-06-28,Pedro Neto,FIWC,0,0,0,0,90
4776667_480692,4776667,480692,3816,27,2026-06-28,Luis Díaz,FIWC,0,0,0,0,90
4776667_462250,4776667,462250,3300,18544,2026-06-28,João Félix,FIWC,0,0,0,0,70
4776667_424784,4776667,424784,3816,336,2026-06-28,Luis Suárez,FIWC,0,0,0,0,30
4776667_357164,4776667,357164,3300,5,2026-06-28,Rafael Leão,FIWC,0,0,0,0,20
4776661_683840,4776661,683840,3375,131,2026-06-27,Pedri,FIWC,0,0,0,0,60
4776661_351478,4776661,351478,3375,681,2026-06-27,Mikel Oyarzabal,FIWC,0,0,0,0,76
4776661_572675,4776661,572675,3449,336,2026-06-27,Maxi Araújo,FIWC,0,0,0,0,90
4776661_568157,4776661,568157,3375,1050,2026-06-27,Yéremy Pino,FIWC,0,0,0,0,24
4776661_548111,4776661,548111,3375,13,2026-06-27,Álex Baena,FIWC,1,0,1,0,66
4776661_476701,4776661,476701,3449,985,2026-06-27,Manuel Ugarte,FIWC,0,0,0,0,45
4776661_398184,4776661,398184,3375,131,2026-06-27,Ferran Torres,FIWC,0,0,0,0,14
4776661_369081,4776661,369081,3449,418,2026-06-27,Federico Valverde,FIWC,0,0,0,0,57
4776661_357565,4776661,357565,3375,281,2026-06-27,Rodri,FIWC,0,0,0,0,90
4776659_435772,4776659,435772,3382,800,2026-06-27,Charles De Ketelaere,FIWC,0,0,0,0,85
4776661_350219,4776661,350219,3375,583,2026-06-27,Fabián Ruiz,FIWC,0,0,0,0,30
4776661_338424,4776661,338424,3375,11,2026-06-27,Mikel Merino,FIWC,0,0,0,0,60
4776661_293385,4776661,293385,3375,131,2026-06-27,Dani Olmo,FIWC,0,0,0,0,30
4776660_445939,4776660,445939,3672,281,2026-06-27,Omar Marmoush,FIWC,0,0,0,0,45
4776659_724129,4776659,724129,3382,1082,2026-06-27,Matias Fernandez-Pardo,FIWC,0,0,0,0,34
4776659_486049,4776659,486049,3382,281,2026-06-27,Jérémy Doku,FIWC,0,0,0,0,56
4776659_485706,4776659,485706,3382,405,2026-06-27,Amadou Onana,FIWC,0,0,0,0,18
4776659_249565,4776659,249565,3382,405,2026-06-27,Youri Tielemans,FIWC,0,0,0,0,85
4776661_937958,4776661,937958,3375,131,2026-06-27,Lamine Yamal,FIWC,0,0,0,0,76
4776661_709187,4776661,709187,3375,621,2026-06-27,Nico Williams,FIWC,0,0,0,0,14
4776661_284857,4776661,284857,3375,631,2026-06-27,Marc Cucurella,FIWC,0,0,0,0,90
4776661_962110,4776661,962110,3375,131,2026-06-27,Pau Cubarsí,FIWC,0,0,0,0,90
4776669_567576,4776669,567576,3299,703,2026-06-27,Elliot Anderson,FIWC,0,0,0,0,84
4776669_132098,4776669,132098,3299,27,2026-06-27,Harry Kane,FIWC,0,0,1,0,84
4776670_668207,4776670,668207,3556,46,2026-06-27,Petar Sučić,FIWC,0,0,1,0,90
4776670_583255,4776670,583255,3441,281,2026-06-27,Antoine Semenyo,FIWC,0,0,0,0,90
4776670_580451,4776670,580451,3556,1047,2026-06-27,Martin Baturina,FIWC,0,0,0,0,88
4776670_483046,4776670,483046,3556,27,2026-06-27,Josip Stanisic,FIWC,0,0,0,0,90
4776669_743413,4776669,743413,3299,281,2026-06-27,Nico O'Reilly,FIWC,0,0,0,0,90
4776669_632349,4776669,632349,3299,15,2026-06-27,Jarell Quansah,FIWC,1,0,0,0,63
4776669_581678,4776669,581678,3299,418,2026-06-27,Jude Bellingham,FIWC,0,0,1,1,71
4776670_475959,4776670,475959,3556,281,2026-06-27,Josko Gvardiol,FIWC,0,0,0,0,2
4776669_503987,4776669,503987,3299,11,2026-06-27,Noni Madueke,FIWC,0,0,0,0,27
4776669_483348,4776669,483348,3299,148,2026-06-27,Djed Spence,FIWC,0,0,0,0,27
4776669_479999,4776669,479999,3299,11,2026-06-27,Eberechi Eze,FIWC,0,0,0,0,19
4776669_433177,4776669,433177,3299,11,2026-06-27,Bukayo Saka,FIWC,0,0,0,1,63
4776669_413403,4776669,413403,3299,405,2026-06-27,Ezri Konsa,FIWC,0,0,0,0,90
4776669_392757,4776669,392757,3299,281,2026-06-27,Marc Guéhi,FIWC,0,0,0,0,90
4776669_324358,4776669,324358,3299,405,2026-06-27,Ollie Watkins,FIWC,0,0,0,0,6
4776669_503743,4776669,503743,3299,405,2026-06-27,Morgan Rogers,FIWC,0,0,0,0,90
4776669_258923,4776669,258923,3299,131,2026-06-27,Marcus Rashford,FIWC,0,0,0,0,90
4776663_357119,4776663,357119,3377,31,2026-06-26,Ibrahima Konaté,FIWC,0,0,0,0,14
4776658_866246,4776658,866246,3557,148,2026-06-26,Lucas Bergvall,FIWC,0,0,0,0,53
4776663_288230,4776663,288230,3377,583,2026-06-26,Ousmane Dembélé,FIWC,0,0,3,0,65
4776663_342229,4776663,342229,3377,418,2026-06-26,Kylian Mbappé,FIWC,0,0,0,2,87
4776663_344695,4776663,344695,3377,27,2026-06-26,Dayot Upamecano,FIWC,0,0,0,0,76
4776663_429983,4776663,429983,3440,543,2026-06-26,Jørgen Strand Larsen,FIWC,0,0,0,0,90
4776663_411975,4776663,411975,3377,131,2026-06-26,Jules Koundé,FIWC,0,0,0,0,87
4776663_413112,4776663,413112,3377,418,2026-06-26,Aurélien Tchouaméni,FIWC,1,0,0,1,90
4776663_420002,4776663,420002,3377,873,2026-06-26,Jean-Philippe Mateta,FIWC,0,0,0,0,3
4776658_583189,4776658,583189,3557,762,2026-06-26,Anthony Elanga,FIWC,0,0,1,0,90
4776663_434224,4776663,434224,3377,873,2026-06-26,Maxence Lacroix,FIWC,0,0,0,0,90
4776658_667287,4776658,667287,3557,1237,2026-06-26,Yasin Ayari,FIWC,0,0,0,0,90
4776657_330659,4776657,330659,3379,989,2026-06-26,Justin Kluivert,FIWC,0,0,0,0,18
4776658_349066,4776658,349066,3557,31,2026-06-26,Alexander Isak,FIWC,0,0,0,0,90
4776658_325443,4776658,325443,3557,11,2026-06-26,Viktor Gyökeres,FIWC,1,0,0,1,90
4776657_576314,4776657,576314,3379,1237,2026-06-26,Jan Paul van Hecke,FIWC,0,0,1,0,90
4776657_565093,4776657,565093,3379,1237,2026-06-26,Bart Verbruggen,FIWC,0,0,0,0,90
4776657_478573,4776657,478573,3379,31,2026-06-26,Ryan Gravenberch,FIWC,0,0,0,0,90
4776657_474701,4776657,474701,3379,379,2026-06-26,Crysencio Summerville,FIWC,0,0,0,0,18
4776657_473169,4776657,473169,3379,289,2026-06-26,Brian Brobbey,FIWC,0,0,1,0,77
4776657_460939,4776657,460939,3379,281,2026-06-26,Tijjani Reijnders,FIWC,0,0,0,1,72
4776657_434675,4776657,434675,3379,31,2026-06-26,Cody Gakpo,FIWC,0,0,0,0,84
4776663_607223,4776663,607223,3377,281,2026-06-26,Rayan Cherki,FIWC,0,0,0,0,25
4776657_326330,4776657,326330,3379,131,2026-06-26,Frenkie de Jong,FIWC,0,0,0,0,72
4776657_326029,4776657,326029,3379,12,2026-06-26,Donyell Malen,FIWC,0,0,0,0,72
4776657_321528,4776657,321528,3379,46,2026-06-26,Denzel Dumfries,FIWC,0,0,0,1,90
4776663_566723,4776663,566723,3377,27,2026-06-26,Michael Olise,FIWC,0,0,0,0,65
4776663_894914,4776663,894914,3440,23826,2026-06-26,Antonio Nusa,FIWC,0,0,0,0,7
4776663_620322,4776663,620322,3377,631,2026-06-26,Malo Gusto,FIWC,0,0,0,0,3
4776664_918969,4776664,918969,3499,162,2026-06-26,Lamine Camara,FIWC,0,0,0,1,57
4868900_996897,4868900,996897,3581,1237,2026-06-26,Diego Gómez,FIWC,1,0,0,0,90
4868900_660867,4868900,660867,3581,667,2026-06-26,Julio Enciso,FIWC,0,0,0,0,90
4868899_861410,4868899,861410,3381,418,2026-06-26,Arda Güler,FIWC,0,0,1,0,90
4868899_845654,4868899,845654,3381,506,2026-06-26,Kenan Yıldız,FIWC,0,0,0,0,84
4868899_816585,4868899,816585,3381,24,2026-06-26,Can Uzun,FIWC,0,0,0,1,6
4868899_627207,4868899,627207,3505,383,2026-06-26,Ricardo Pepi,FIWC,0,0,0,0,90
4868899_541537,4868899,541537,3381,141,2026-06-26,Barış Alper Yılmaz,FIWC,0,0,1,1,90
4776663_624690,4776663,624690,3377,12,2026-06-26,Manu Koné,FIWC,0,0,0,0,90
4868899_454567,4868899,454567,3381,114,2026-06-26,Orkun Kökçü,FIWC,0,0,0,1,88
4868899_332697,4868899,332697,3505,506,2026-06-26,Weston McKennie,FIWC,0,0,0,0,86
4868899_315779,4868899,315779,3505,5,2026-06-26,Christian Pulisic,FIWC,0,0,0,0,32
4868899_467437,4868899,467437,3505,15,2026-06-26,Malik Tillman,FIWC,0,0,0,0,4
4776664_876631,4776664,876631,3499,289,2026-06-26,Habib Diarra,FIWC,0,0,1,0,57
4776664_1061282,4776664,1061282,3499,1047,2026-06-26,Assane Diao,FIWC,0,0,0,0,9
4776664_776890,4776664,776890,3499,27,2026-06-26,Nicolas Jackson,FIWC,0,0,0,0,33
4776663_670103,4776663,670103,3440,294,2026-06-26,Andreas Schjelderup,FIWC,0,0,0,1,83
4776663_708265,4776663,708265,3377,583,2026-06-26,Bradley Barcola,FIWC,0,0,0,1,25
4776663_914562,4776663,914562,3377,583,2026-06-26,Désiré Doué,FIWC,0,0,1,0,90
4776663_661207,4776663,661207,3440,281,2026-06-26,Oscar Bobb,FIWC,0,0,0,0,83
4776664_1185888,4776664,1185888,3499,583,2026-06-26,Ibrahim Mbaye,FIWC,0,0,0,0,57
4776664_410225,4776664,410225,3499,873,2026-06-26,Ismaïla Sarr,FIWC,0,0,1,1,81
4776664_485963,4776664,485963,3499,1050,2026-06-26,Pape Gueye,FIWC,1,0,2,1,33
4776664_623570,4776664,623570,3499,29,2026-06-26,Iliman Ndiaye,FIWC,0,0,1,1,33
4776655_598577,4776655,598577,3262,31,2026-06-25,Florian Wirtz,FIWC,0,0,0,1,73
4776648_557149,4776648,557149,3589,583,2026-06-25,Kang-in Lee,FIWC,0,0,0,0,90
4776655_161056,4776655,161056,3262,27,2026-06-25,Joshua Kimmich,FIWC,0,0,0,0,60
4776655_309400,4776655,309400,3262,11,2026-06-25,Kai Havertz,FIWC,0,0,0,0,60
4776655_318204,4776655,318204,3262,23826,2026-06-25,David Raum,FIWC,0,0,0,0,90
4776655_406640,4776655,406640,3262,16,2026-06-25,Felix Nmecha,FIWC,0,0,0,0,64
4776655_443710,4776655,443710,3262,79,2026-06-25,Angelo Stiller,FIWC,0,0,0,0,45
4776655_521964,4776655,521964,3262,762,2026-06-25,Malick Thiaw,FIWC,0,0,0,0,30
4776655_578392,4776655,578392,3262,16,2026-06-25,Maximilian Beier,FIWC,0,0,0,0,26
4776655_580195,4776655,580195,3262,27,2026-06-25,Jamal Musiala,FIWC,0,0,0,0,90
4776655_196357,4776655,196357,3262,27,2026-06-25,Jonathan Tah,FIWC,0,0,0,0,90
4776655_659813,4776655,659813,5750,11,2026-06-25,Piero Hincapié,FIWC,1,0,0,0,71
4776655_687626,4776655,687626,5750,631,2026-06-25,Moisés Caicedo,FIWC,0,0,0,0,90
4776655_792380,4776655,792380,3262,27,2026-06-25,Aleksandar Pavlovic,FIWC,1,0,0,0,45
4776655_893661,4776655,893661,5750,2282,2026-06-25,Joel Ordóñez,FIWC,0,0,0,0,90
4776656_1067904,4776656,1067904,3591,533,2026-06-25,Bazoumana Touré,FIWC,0,0,0,0,23
4776656_1390649,4776656,1390649,3591,23826,2026-06-25,Yan Diomande,FIWC,0,0,0,1,67
4776656_536835,4776656,536835,3591,985,2026-06-25,Amad Diallo,FIWC,0,0,0,0,45
4776655_661171,4776655,661171,5750,583,2026-06-25,Willian Pacho,FIWC,0,0,0,0,90
4776656_827734,4776656,827734,3591,46,2026-06-25,Ange-Yoan Bonny,FIWC,0,0,0,0,67
4776656_974982,4776656,974982,3591,336,2026-06-25,Ousmane Diomande,FIWC,0,0,0,0,90
4776646_475959,4776646,475959,3556,281,2026-06-24,Josko Gvardiol,FIWC,0,0,0,0,45
4776649_533738,4776649,533738,3510,506,2026-06-24,Jonathan David,FIWC,0,0,0,0,90
4776649_365108,4776649,365108,3384,703,2026-06-24,Dan Ndoye,FIWC,0,0,0,0,10
4776649_257814,4776649,257814,3384,16,2026-06-24,Gregor Kobel,FIWC,0,0,0,0,90
4776646_668207,4776646,668207,3556,46,2026-06-24,Petar Sučić,FIWC,1,0,0,0,18
4776646_483046,4776646,483046,3556,27,2026-06-24,Josip Stanisic,FIWC,0,0,0,1,90
4776644_388165,4776644,388165,3854,762,2026-06-24,Yoane Wissa,FIWC,0,0,0,0,90
4776644_735573,4776644,735573,3816,294,2026-06-24,Richard Ríos,FIWC,0,0,0,0,13
4776644_727089,4776644,727089,3854,289,2026-06-24,Noah Sadiki,FIWC,0,0,0,0,45
4776644_480692,4776644,480692,3816,27,2026-06-24,Luis Díaz,FIWC,0,0,0,0,90
4776644_424784,4776644,424784,3816,336,2026-06-24,Luis Suárez,FIWC,0,0,0,0,58
4776651_1012564,4776651,1012564,3439,989,2026-06-24,Rayan,FIWC,0,0,0,1,82
4776649_927353,4776649,927353,3384,60,2026-06-24,Johan Manzambi,FIWC,0,0,1,1,85
4776646_580451,4776646,580451,3556,1047,2026-06-24,Martin Baturina,FIWC,0,0,0,0,90
4776651_181767,4776651,181767,3439,583,2026-06-24,Marquinhos,FIWC,0,0,0,0,90
4776651_655488,4776651,655488,3439,11,2026-06-24,Gabriel Martinelli,FIWC,0,0,0,0,24
4776651_315969,4776651,315969,3380,6195,2026-06-24,Scott McTominay,FIWC,0,0,0,0,90
4776652_702869,4776652,702869,3575,383,2026-06-24,Ismael Saibari,FIWC,0,0,1,0,70
4776652_398073,4776652,398073,3575,583,2026-06-24,Achraf Hakimi,FIWC,0,0,1,1,90
4776652_314678,4776652,314678,3575,418,2026-06-24,Brahim Díaz,FIWC,0,0,0,0,70
4776651_971570,4776651,971570,3439,418,2026-06-24,Endrick,FIWC,0,0,0,0,8
4776652_654982,4776652,654982,3575,79,2026-06-24,Bilal El Khannouss,FIWC,0,0,0,0,90
4776651_520624,4776651,520624,3439,762,2026-06-24,Bruno Guimarães,FIWC,0,0,0,2,90
4776651_517894,4776651,517894,3439,985,2026-06-24,Matheus Cunha,FIWC,0,0,1,0,76
4776651_444523,4776651,444523,3439,379,2026-06-24,Lucas Paquetá,FIWC,0,0,0,0,66
4776651_435338,4776651,435338,3439,11,2026-06-24,Gabriel,FIWC,0,0,0,0,90
4776651_371998,4776651,371998,3439,418,2026-06-24,Vinicius Junior,FIWC,0,0,2,0,90
4776643_412669,4776643,412669,3300,336,2026-06-23,Francisco Trincão,FIWC,0,0,0,0,26
4776640_776890,4776640,776890,3499,27,2026-06-23,Nicolas Jackson,FIWC,0,0,0,1,90
4776643_357164,4776643,357164,3300,5,2026-06-23,Rafael Leão,FIWC,0,0,1,0,7
4776643_357153,4776643,357153,3300,720,2026-06-23,Diogo Costa,FIWC,0,0,0,0,90
4776643_258004,4776643,258004,3300,281,2026-06-23,Rúben Dias,FIWC,0,0,0,0,90
4776643_240306,4776643,240306,3300,985,2026-06-23,Bruno Fernandes,FIWC,0,0,0,1,90
4776642_905011,4776642,905011,3614,15,2026-06-23,Ibrahim Maza,FIWC,0,0,0,0,90
4776642_578391,4776642,578391,3614,281,2026-06-23,Rayan Aït-Nouri,FIWC,0,0,0,0,85
4776642_418659,4776642,418659,3614,244,2026-06-23,Amine Gouiri,FIWC,0,0,1,0,86
4776640_918969,4776640,918969,3499,162,2026-06-23,Lamine Camara,FIWC,0,0,0,0,63
4776640_894914,4776640,894914,3440,23826,2026-06-23,Antonio Nusa,FIWC,0,0,0,0,71
4776640_410225,4776640,410225,3499,873,2026-06-23,Ismaïla Sarr,FIWC,0,0,2,0,90
4776640_670103,4776640,670103,3440,294,2026-06-23,Andreas Schjelderup,FIWC,0,0,0,0,19
4776640_661207,4776640,661207,3440,281,2026-06-23,Oscar Bobb,FIWC,0,0,0,0,6
4776640_568693,4776640,568693,3499,148,2026-06-23,Pape Matar Sarr,FIWC,0,0,0,0,18
4776640_485963,4776640,485963,3499,1050,2026-06-23,Pape Gueye,FIWC,0,0,0,0,54
4776640_1111589,4776640,1111589,3499,379,2026-06-23,El Hadji Malick Diouf,FIWC,0,0,0,0,54
4776640_370789,4776640,370789,3440,16,2026-06-23,Julian Ryerson,FIWC,0,0,0,0,13
4776640_333014,4776640,333014,3440,931,2026-06-23,Sander Berge,FIWC,0,0,0,0,90
4776640_316264,4776640,316264,3440,11,2026-06-23,Martin Ødegaard,FIWC,0,0,0,1,90
4776640_1185888,4776640,1185888,3499,583,2026-06-23,Ibrahim Mbaye,FIWC,0,0,0,0,36
4776643_487465,4776643,487465,3300,631,2026-06-23,Pedro Neto,FIWC,0,0,0,0,45
4776643_462250,4776643,462250,3300,18544,2026-06-23,João Félix,FIWC,0,0,0,0,64
4776640_418560,4776640,418560,3440,281,2026-06-23,Erling Haaland,FIWC,0,0,2,0,90
4776643_487469,4776643,487469,3300,583,2026-06-23,Vitinha,FIWC,0,0,0,0,83
4776645_472423,4776645,472423,3299,631,2026-06-23,Reece James,FIWC,0,0,0,0,90
4776643_487474,4776643,487474,3300,506,2026-06-23,Francisco Conceição,FIWC,0,0,0,0,45
4776645_743413,4776645,743413,3299,281,2026-06-23,Nico O'Reilly,FIWC,0,0,0,0,24
4776645_583255,4776645,583255,3441,281,2026-06-23,Antoine Semenyo,FIWC,0,0,0,0,90
4776645_581678,4776645,581678,3299,418,2026-06-23,Jude Bellingham,FIWC,0,0,0,0,73
4776645_567576,4776645,567576,3299,703,2026-06-23,Elliot Anderson,FIWC,0,0,0,0,74
4776645_503987,4776645,503987,3299,11,2026-06-23,Noni Madueke,FIWC,0,0,0,0,83
4776645_503733,4776645,503733,3299,762,2026-06-23,Anthony Gordon,FIWC,0,0,0,0,65
4776645_483348,4776645,483348,3299,148,2026-06-23,Djed Spence,FIWC,0,0,0,0,66
4776645_479999,4776645,479999,3299,11,2026-06-23,Eberechi Eze,FIWC,0,0,0,0,16
4776645_503743,4776645,503743,3299,405,2026-06-23,Morgan Rogers,FIWC,0,0,0,0,17
4776645_433177,4776645,433177,3299,11,2026-06-23,Bukayo Saka,FIWC,0,0,0,0,25
4776645_132098,4776645,132098,3299,27,2026-06-23,Harry Kane,FIWC,0,0,0,0,90
4776645_413403,4776645,413403,3299,405,2026-06-23,Ezri Konsa,FIWC,0,0,0,0,90
4776643_670681,4776643,670681,3300,583,2026-06-23,João Neves,FIWC,0,0,0,0,76
4776643_763079,4776643,763079,3563,281,2026-06-23,Abdukodir Khusanov,FIWC,0,0,0,0,90
4776643_805714,4776643,805714,3300,1050,2026-06-23,Renato Veiga,FIWC,1,0,0,0,90
4776643_616341,4776643,616341,3300,583,2026-06-23,Nuno Mendes,FIWC,0,0,1,0,90
4776645_258923,4776645,258923,3299,131,2026-06-23,Marcus Rashford,FIWC,0,0,0,0,7
4776645_357662,4776645,357662,3299,11,2026-06-23,Declan Rice,FIWC,1,0,0,0,90
4776645_392757,4776645,392757,3299,281,2026-06-23,Marc Guéhi,FIWC,0,0,0,0,90
4776639_624690,4776639,624690,3377,12,2026-06-22,Manu Koné,FIWC,0,0,0,0,90
4776636_445939,4776636,445939,3672,281,2026-06-22,Omar Marmoush,FIWC,0,0,0,0,76
4776639_288230,4776639,288230,3377,583,2026-06-22,Ousmane Dembélé,FIWC,0,0,1,1,68
4776639_318528,4776639,318528,3377,46,2026-06-22,Marcus Thuram,FIWC,0,0,0,0,1
4776639_342229,4776639,342229,3377,418,2026-06-22,Kylian Mbappé,FIWC,0,0,2,0,90
4776639_344695,4776639,344695,3377,27,2026-06-22,Dayot Upamecano,FIWC,0,0,0,0,90
4776639_411975,4776639,411975,3377,131,2026-06-22,Jules Koundé,FIWC,0,0,0,0,83
4776639_495666,4776639,495666,3377,11,2026-06-22,William Saliba,FIWC,0,0,0,0,90
4776639_566723,4776639,566723,3377,27,2026-06-22,Michael Olise,FIWC,0,0,0,2,68
4776639_607223,4776639,607223,3377,281,2026-06-22,Rayan Cherki,FIWC,0,0,0,0,22
4776639_620322,4776639,620322,3377,631,2026-06-22,Malo Gusto,FIWC,0,0,0,0,7
4776641_404950,4776641,404950,3383,23826,2026-06-22,Nicolas Seiwald,FIWC,0,0,0,0,90
4776639_708265,4776639,708265,3377,583,2026-06-22,Bradley Barcola,FIWC,0,0,0,0,83
4776639_914562,4776639,914562,3377,583,2026-06-22,Désiré Doué,FIWC,0,0,0,0,22
4776641_223967,4776641,223967,3383,27,2026-06-22,Konrad Laimer,FIWC,1,0,0,0,90
4776641_355915,4776641,355915,3437,148,2026-06-22,Cristian Romero,FIWC,0,0,0,0,57
4776641_406625,4776641,406625,3437,46,2026-06-22,Lautaro Martínez,FIWC,0,0,0,0,65
4776641_480762,4776641,480762,3437,985,2026-06-22,Lisandro Martínez,FIWC,0,0,0,0,90
4776641_534033,4776641,534033,3437,31,2026-06-22,Alexis Mac Allister,FIWC,0,0,0,0,90
4776641_576024,4776641,576024,3437,13,2026-06-22,Julián Alvarez,FIWC,0,0,0,0,26
4776641_648195,4776641,648195,3437,631,2026-06-22,Enzo Fernández,FIWC,0,0,0,0,90
4776639_745200,4776639,745200,3377,162,2026-06-22,Maghnes Akliouche,FIWC,0,0,0,0,7
4776635_249565,4776635,249565,3382,405,2026-06-21,Youri Tielemans,FIWC,0,0,0,0,90
4776637_338424,4776637,338424,3375,11,2026-06-21,Mikel Merino,FIWC,0,0,0,0,29
4776637_293385,4776637,293385,3375,131,2026-06-21,Dani Olmo,FIWC,0,0,0,1,61
4776637_284857,4776637,284857,3375,631,2026-06-21,Marc Cucurella,FIWC,0,0,0,1,90
4776635_724129,4776635,724129,3382,1082,2026-06-21,Matias Fernandez-Pardo,FIWC,0,0,0,0,3
4776635_548254,4776635,548254,3382,1082,2026-06-21,Nathan Ngoy,FIWC,0,0,0,0,66
4776632_661171,4776632,661171,5750,583,2026-06-21,Willian Pacho,FIWC,0,0,0,0,90
4776634_668606,4776634,668606,3435,60,2026-06-21,Yuito Suzuki,FIWC,0,0,0,0,12
4776634_643574,4776634,643574,3435,39,2026-06-21,Kaishu Sano,FIWC,0,0,0,1,90
4776632_659813,4776632,659813,5750,11,2026-06-21,Piero Hincapié,FIWC,0,0,0,0,90
4776632_687626,4776632,687626,5750,631,2026-06-21,Moisés Caicedo,FIWC,0,0,0,0,90
4776637_351478,4776637,351478,3375,681,2026-06-21,Mikel Oyarzabal,FIWC,0,0,2,1,45
4776637_350219,4776637,350219,3375,583,2026-06-21,Fabián Ruiz,FIWC,0,0,0,0,20
4776638_369081,4776638,369081,3449,418,2026-06-21,Federico Valverde,FIWC,0,0,0,0,90
4776637_357565,4776637,357565,3375,281,2026-06-21,Rodri,FIWC,0,0,0,0,90
4776637_548111,4776637,548111,3375,13,2026-06-21,Álex Baena,FIWC,0,0,0,0,61
4776637_553875,4776637,553875,3375,148,2026-06-21,Pedro Porro,FIWC,0,0,0,0,90
4776637_568157,4776637,568157,3375,1050,2026-06-21,Yéremy Pino,FIWC,0,0,0,0,45
4776637_683840,4776637,683840,3375,131,2026-06-21,Pedri,FIWC,0,0,0,0,70
4776637_709187,4776637,709187,3375,621,2026-06-21,Nico Williams,FIWC,0,0,0,0,29
4776637_937958,4776637,937958,3375,131,2026-06-21,Lamine Yamal,FIWC,0,0,1,0,45
4776637_962110,4776637,962110,3375,131,2026-06-21,Pau Cubarsí,FIWC,0,0,0,0,90
4776638_476701,4776638,476701,3449,985,2026-06-21,Manuel Ugarte,FIWC,0,0,0,0,70
4776638_572675,4776638,572675,3449,336,2026-06-21,Maxi Araújo,FIWC,0,0,1,1,81
4776637_398184,4776637,398184,3375,131,2026-06-21,Ferran Torres,FIWC,0,0,0,0,45
4776631_500689,4776631,500689,3591,873,2026-06-20,Evann Guessand,FIWC,0,0,0,0,15
4776631_161056,4776631,161056,3262,27,2026-06-20,Joshua Kimmich,FIWC,0,0,0,0,90
4776631_196357,4776631,196357,3262,27,2026-06-20,Jonathan Tah,FIWC,0,0,0,0,90
4776631_309400,4776631,309400,3262,11,2026-06-20,Kai Havertz,FIWC,0,0,0,0,85
4776631_406640,4776631,406640,3262,16,2026-06-20,Felix Nmecha,FIWC,0,0,0,1,90
4776631_648779,4776631,648779,3591,141,2026-06-20,Wilfried Singo,FIWC,0,0,0,0,82
4776631_518505,4776631,518505,3262,79,2026-06-20,Jamie Leweling,FIWC,0,0,0,0,30
4776631_536835,4776631,536835,3591,985,2026-06-20,Amad Diallo,FIWC,0,0,0,0,75
4776631_580195,4776631,580195,3262,27,2026-06-20,Jamal Musiala,FIWC,0,0,0,0,60
4776631_598577,4776631,598577,3262,31,2026-06-20,Florian Wirtz,FIWC,0,0,0,0,90
4776627_971570,4776627,971570,3439,418,2026-06-20,Endrick,FIWC,0,0,0,0,26
4776631_1390649,4776631,1390649,3591,23826,2026-06-20,Yan Diomande,FIWC,0,0,0,0,85
4776627_517894,4776627,517894,3439,985,2026-06-20,Matheus Cunha,FIWC,0,0,2,0,64
4776627_808509,4776627,808509,3439,537,2026-06-20,Danilo,FIWC,0,0,0,0,9
4776627_655488,4776627,655488,3439,11,2026-06-20,Gabriel Martinelli,FIWC,0,0,0,0,26
4776627_607854,4776627,607854,3439,800,2026-06-20,Éderson,FIWC,0,0,0,0,9
4776627_520624,4776627,520624,3439,762,2026-06-20,Bruno Guimarães,FIWC,0,0,0,0,81
4776627_444523,4776627,444523,3439,379,2026-06-20,Lucas Paquetá,FIWC,0,0,0,1,64
4776627_435338,4776627,435338,3439,11,2026-06-20,Gabriel,FIWC,0,0,0,0,90
4776627_411295,4776627,411295,3439,131,2026-06-20,Raphinha,FIWC,0,0,0,0,40
4776627_371998,4776627,371998,3439,418,2026-06-20,Vinicius Junior,FIWC,0,0,1,1,81
4776627_181767,4776627,181767,3439,583,2026-06-20,Marquinhos,FIWC,0,0,0,0,90
4776627_1012564,4776627,1012564,3439,989,2026-06-20,Rayan,FIWC,0,0,0,0,50
4776631_792380,4776631,792380,3262,27,2026-06-20,Aleksandar Pavlovic,FIWC,0,0,0,0,60
4776631_691892,4776631,691892,3262,24,2026-06-20,Nathaniel Brown,FIWC,0,0,0,0,90
4776631_388198,4776631,388198,3262,16,2026-06-20,Nico Schlotterbeck,FIWC,0,0,0,0,45
4776631_827734,4776631,827734,3591,46,2026-06-20,Ange-Yoan Bonny,FIWC,0,0,0,0,75
4776633_565093,4776633,565093,3379,1237,2026-06-20,Bart Verbruggen,FIWC,0,0,0,0,90
4868898_996897,4868898,996897,3581,1237,2026-06-20,Diego Gómez,FIWC,0,0,0,0,67
4868898_861410,4868898,861410,3381,418,2026-06-20,Arda Güler,FIWC,0,0,0,0,90
4868898_845654,4868898,845654,3381,506,2026-06-20,Kenan Yıldız,FIWC,0,0,0,0,90
4868898_816585,4868898,816585,3381,24,2026-06-20,Can Uzun,FIWC,0,0,0,0,30
4868898_660867,4868898,660867,3581,667,2026-06-20,Julio Enciso,FIWC,0,0,0,1,90
4868898_541537,4868898,541537,3381,141,2026-06-20,Barış Alper Yılmaz,FIWC,0,0,0,0,45
4868898_454567,4868898,454567,3381,114,2026-06-20,Orkun Kökçü,FIWC,0,0,0,0,4
4868898_369316,4868898,369316,3381,1237,2026-06-20,Ferdi Kadıoğlu,FIWC,0,0,0,0,70
4776633_866246,4776633,866246,3557,148,2026-06-20,Lucas Bergvall,FIWC,1,0,0,0,34
4776633_583189,4776633,583189,3557,762,2026-06-20,Anthony Elanga,FIWC,0,0,1,0,35
4776633_576314,4776633,576314,3379,1237,2026-06-20,Jan Paul van Hecke,FIWC,0,0,0,0,90
4776633_667287,4776633,667287,3557,1237,2026-06-20,Yasin Ayari,FIWC,1,0,0,0,79
4776633_557459,4776633,557459,3379,148,2026-06-20,Micky van de Ven,FIWC,0,0,0,0,90
4776633_434675,4776633,434675,3379,31,2026-06-20,Cody Gakpo,FIWC,0,0,2,1,90
4776633_325443,4776633,325443,3557,11,2026-06-20,Viktor Gyökeres,FIWC,0,0,0,0,90
4776633_326029,4776633,326029,3379,12,2026-06-20,Donyell Malen,FIWC,0,0,0,0,45
4776633_478573,4776633,478573,3379,31,2026-06-20,Ryan Gravenberch,FIWC,0,0,0,0,90
4776633_349066,4776633,349066,3557,31,2026-06-20,Alexander Isak,FIWC,0,0,0,1,90
4776633_326330,4776633,326330,3379,131,2026-06-20,Frenkie de Jong,FIWC,0,0,0,0,59
4776633_460939,4776633,460939,3379,281,2026-06-20,Tijjani Reijnders,FIWC,0,0,0,0,59
4776633_473169,4776633,473169,3379,289,2026-06-20,Brian Brobbey,FIWC,0,0,2,0,72
4776633_321528,4776633,321528,3379,46,2026-06-20,Denzel Dumfries,FIWC,0,0,0,2,90
4776633_474701,4776633,474701,3379,379,2026-06-20,Crysencio Summerville,FIWC,0,0,1,1,45
4776628_743384,4776628,743384,3575,289,2026-06-19,Chemsdine Talbi,FIWC,0,0,0,0,6
4776624_557149,4776624,557149,3589,583,2026-06-19,Kang-in Lee,FIWC,1,0,0,0,90
4776628_1097139,4776628,1097139,3575,1082,2026-06-19,Ayyoub Bouaddi,FIWC,0,0,0,0,90
4776628_314678,4776628,314678,3575,418,2026-06-19,Brahim Díaz,FIWC,0,0,0,1,84
4776628_398073,4776628,398073,3575,583,2026-06-19,Achraf Hakimi,FIWC,0,0,0,0,90
4776628_654982,4776628,654982,3575,79,2026-06-19,Bilal El Khannouss,FIWC,0,0,0,0,84
4776628_702869,4776628,702869,3575,383,2026-06-19,Ismael Saibari,FIWC,0,0,1,0,84
4776628_315969,4776628,315969,3380,6195,2026-06-19,Scott McTominay,FIWC,0,0,0,0,90
4868897_332697,4868897,332697,3505,506,2026-06-19,Weston McKennie,FIWC,0,0,0,0,90
4868897_467437,4868897,467437,3505,15,2026-06-19,Malik Tillman,FIWC,0,0,0,0,90
4868897_332705,4868897,332705,3505,989,2026-06-19,Tyler Adams,FIWC,0,0,0,0,90
4868897_503770,4868897,503770,3505,162,2026-06-19,Folarin Balogun,FIWC,1,0,0,1,90
4868897_578539,4868897,578539,3505,873,2026-06-19,Chris Richards,FIWC,1,0,0,0,90
4868897_627207,4868897,627207,3505,383,2026-06-19,Ricardo Pepi,FIWC,0,0,0,0,74
4776625_257814,4776625,257814,3384,16,2026-06-18,Gregor Kobel,FIWC,0,0,0,0,90
4776620_424784,4776620,424784,3816,336,2026-06-18,Luis Suárez,FIWC,0,0,0,0,80
4776620_480692,4776620,480692,3816,27,2026-06-18,Luis Díaz,FIWC,0,0,1,1,90
4776620_735573,4776620,735573,3816,294,2026-06-18,Richard Ríos,FIWC,0,0,0,0,10
4776620_763079,4776620,763079,3563,281,2026-06-18,Abdukodir Khusanov,FIWC,1,0,0,0,90
4776622_583255,4776622,583255,3441,281,2026-06-18,Antoine Semenyo,FIWC,0,0,0,0,90
4776625_365108,4776625,365108,3384,703,2026-06-18,Dan Ndoye,FIWC,0,0,0,0,71
4776625_679423,4776625,679423,3446,6574,2026-06-18,Tarik Muharemović,FIWC,0,0,0,0,80
4776625_927353,4776625,927353,3384,60,2026-06-18,Johan Manzambi,FIWC,0,0,2,0,19
4776626_533738,4776626,533738,3510,506,2026-06-18,Jonathan David,FIWC,0,0,3,0,90
4776626_921655,4776626,921655,3510,6574,2026-06-18,Ismaël Koné,FIWC,0,0,0,0,57
4776618_404950,4776618,404950,3383,23826,2026-06-17,Nicolas Seiwald,FIWC,0,0,0,0,90
4776619_504087,4776619,504087,3300,294,2026-06-17,Tomás Araújo,FIWC,1,0,0,0,90
4776619_550550,4776619,550550,3300,583,2026-06-17,Gonçalo Ramos,FIWC,0,0,0,0,7
4776619_487474,4776619,487474,3300,506,2026-06-17,Francisco Conceição,FIWC,0,0,0,0,45
4776619_487469,4776619,487469,3300,583,2026-06-17,Vitinha,FIWC,0,0,0,0,83
4776619_487465,4776619,487465,3300,631,2026-06-17,Pedro Neto,FIWC,0,0,0,1,71
4776619_388165,4776619,388165,3854,762,2026-06-17,Yoane Wissa,FIWC,0,0,1,0,90
4776619_357164,4776619,357164,3300,5,2026-06-17,Rafael Leão,FIWC,0,0,0,0,19
4776619_357153,4776619,357153,3300,720,2026-06-17,Diogo Costa,FIWC,0,0,0,0,90
4776619_240306,4776619,240306,3300,985,2026-06-17,Bruno Fernandes,FIWC,0,0,0,0,90
4776617_406625,4776617,406625,3437,46,2026-06-17,Lautaro Martínez,FIWC,0,0,0,0,55
4776618_223967,4776618,223967,3383,27,2026-06-17,Konrad Laimer,FIWC,0,0,0,0,90
4776617_905011,4776617,905011,3614,15,2026-06-17,Ibrahim Maza,FIWC,0,0,0,0,82
4776617_648195,4776617,648195,3437,631,2026-06-17,Enzo Fernández,FIWC,0,0,0,0,90
4776617_578391,4776617,578391,3614,281,2026-06-17,Rayan Aït-Nouri,FIWC,0,0,0,0,90
4776617_576024,4776617,576024,3437,13,2026-06-17,Julián Alvarez,FIWC,0,0,0,0,35
4776617_534033,4776617,534033,3437,31,2026-06-17,Alexis Mac Allister,FIWC,0,0,0,0,90
4776617_480762,4776617,480762,3437,985,2026-06-17,Lisandro Martínez,FIWC,0,0,0,0,90
4776617_418659,4776617,418659,3614,244,2026-06-17,Amine Gouiri,FIWC,0,0,0,0,64
4776617_355915,4776617,355915,3437,148,2026-06-17,Cristian Romero,FIWC,0,0,0,0,80
4776619_670681,4776619,670681,3300,583,2026-06-17,João Neves,FIWC,0,0,1,0,90
4776619_616341,4776619,616341,3300,583,2026-06-17,Nuno Mendes,FIWC,0,0,0,0,72
4776617_948294,4776617,948294,3437,1047,2026-06-17,Nico Paz,FIWC,0,0,0,0,10
4776619_727089,4776619,727089,3854,289,2026-06-17,Noah Sadiki,FIWC,0,0,0,0,33
4776621_483348,4776621,483348,3299,148,2026-06-17,Djed Spence,FIWC,0,0,0,0,10
4776621_892160,4776621,892160,3556,148,2026-06-17,Luka Vuskovic,FIWC,0,0,0,0,66
4776621_743413,4776621,743413,3299,281,2026-06-17,Nico O'Reilly,FIWC,0,0,0,0,90
4776621_668207,4776621,668207,3556,46,2026-06-17,Petar Sučić,FIWC,0,0,0,1,90
4776621_581678,4776621,581678,3299,418,2026-06-17,Jude Bellingham,FIWC,0,0,1,0,80
4776621_567576,4776621,567576,3299,703,2026-06-17,Elliot Anderson,FIWC,0,0,0,1,90
4776621_503987,4776621,503987,3299,11,2026-06-17,Noni Madueke,FIWC,0,0,0,1,72
4776621_503743,4776621,503743,3299,405,2026-06-17,Morgan Rogers,FIWC,0,0,0,0,18
4776621_503733,4776621,503733,3299,762,2026-06-17,Anthony Gordon,FIWC,0,0,0,0,72
4776619_805714,4776619,805714,3300,1050,2026-06-17,Renato Veiga,FIWC,0,0,0,0,90
4776621_580451,4776621,580451,3556,1047,2026-06-17,Martin Baturina,FIWC,0,0,1,0,78
4776621_483046,4776621,483046,3556,27,2026-06-17,Josip Stanisic,FIWC,0,0,0,0,90
4776621_472423,4776621,472423,3299,631,2026-06-17,Reece James,FIWC,0,0,0,0,90
4776621_433177,4776621,433177,3299,11,2026-06-17,Bukayo Saka,FIWC,0,0,0,1,18
4776621_413403,4776621,413403,3299,405,2026-06-17,Ezri Konsa,FIWC,0,0,0,0,90
4776621_392757,4776621,392757,3299,281,2026-06-17,Marc Guéhi,FIWC,0,0,0,0,3
4776621_357662,4776621,357662,3299,11,2026-06-17,Declan Rice,FIWC,0,0,0,1,72
4776621_258923,4776621,258923,3299,131,2026-06-17,Marcus Rashford,FIWC,0,0,1,0,18
4776621_132098,4776621,132098,3299,27,2026-06-17,Harry Kane,FIWC,0,0,2,0,90
4776621_475959,4776621,475959,3556,281,2026-06-17,Josko Gvardiol,FIWC,0,0,0,0,90
4776615_410225,4776615,410225,3499,873,2026-06-16,Ismaïla Sarr,FIWC,0,0,0,0,75
4776615_566723,4776615,566723,3377,27,2026-06-16,Michael Olise,FIWC,0,0,0,2,90
4776615_495666,4776615,495666,3377,11,2026-06-16,William Saliba,FIWC,0,0,0,0,90
4776615_485963,4776615,485963,3499,1050,2026-06-16,Pape Gueye,FIWC,0,0,0,0,83
4776615_413112,4776615,413112,3377,418,2026-06-16,Aurélien Tchouaméni,FIWC,0,0,0,0,90
4776615_411975,4776615,411975,3377,131,2026-06-16,Jules Koundé,FIWC,0,0,0,0,90
4776615_1185888,4776615,1185888,3499,583,2026-06-16,Ibrahim Mbaye,FIWC,0,0,1,0,15
4776615_344695,4776615,344695,3377,27,2026-06-16,Dayot Upamecano,FIWC,0,0,0,0,90
4776615_342229,4776615,342229,3377,418,2026-06-16,Kylian Mbappé,FIWC,0,0,2,0,90
4776615_288230,4776615,288230,3377,583,2026-06-16,Ousmane Dembélé,FIWC,0,0,0,0,80
4776615_1111589,4776615,1111589,3499,379,2026-06-16,El Hadji Malick Diouf,FIWC,0,0,0,0,90
4776615_623570,4776615,623570,3499,29,2026-06-16,Iliman Ndiaye,FIWC,0,0,0,1,7
4776615_607223,4776615,607223,3377,281,2026-06-16,Rayan Cherki,FIWC,0,0,0,0,3
4776615_776890,4776615,776890,3499,27,2026-06-16,Nicolas Jackson,FIWC,0,0,0,0,83
4776615_708265,4776615,708265,3377,583,2026-06-16,Bradley Barcola,FIWC,0,0,1,0,10
4776616_333014,4776616,333014,3440,931,2026-06-16,Sander Berge,FIWC,0,0,0,0,90
4776616_894914,4776616,894914,3440,23826,2026-06-16,Antonio Nusa,FIWC,0,0,0,0,73
4776616_670103,4776616,670103,3440,294,2026-06-16,Andreas Schjelderup,FIWC,0,0,0,0,17
4776616_418560,4776616,418560,3440,281,2026-06-16,Erling Haaland,FIWC,0,0,2,1,90
4776616_370789,4776616,370789,3440,16,2026-06-16,Julian Ryerson,FIWC,0,0,0,0,90
4776616_661207,4776616,661207,3440,281,2026-06-16,Oscar Bobb,FIWC,0,0,0,0,17
4776616_316264,4776616,316264,3440,11,2026-06-16,Martin Ødegaard,FIWC,0,0,0,1,81
4776615_918969,4776615,918969,3499,162,2026-06-16,Lamine Camara,FIWC,0,0,0,0,76
4776615_914562,4776615,914562,3377,583,2026-06-16,Désiré Doué,FIWC,0,0,0,0,87
4776615_876631,4776615,876631,3499,289,2026-06-16,Habib Diarra,FIWC,0,0,0,0,14
4776608_893661,4776608,893661,5750,2282,2026-06-15,Joel Ordóñez,FIWC,0,0,0,0,90
4776611_435772,4776611,435772,3382,800,2026-06-15,Charles De Ketelaere,FIWC,0,0,0,0,66
4776611_249565,4776611,249565,3382,405,2026-06-15,Youri Tielemans,FIWC,0,0,0,0,90
4776610_866246,4776610,866246,3557,148,2026-06-15,Lucas Bergvall,FIWC,0,0,0,1,25
4776610_667287,4776610,667287,3557,1237,2026-06-15,Yasin Ayari,FIWC,0,0,2,0,90
4776610_583189,4776610,583189,3557,762,2026-06-15,Anthony Elanga,FIWC,0,0,0,0,1
4776610_349066,4776610,349066,3557,31,2026-06-15,Alexander Isak,FIWC,0,0,1,2,90
4776610_325443,4776610,325443,3557,11,2026-06-15,Viktor Gyökeres,FIWC,0,0,1,1,90
4776608_536835,4776608,536835,3591,985,2026-06-15,Amad Diallo,FIWC,0,0,1,0,34
4776608_827734,4776608,827734,3591,46,2026-06-15,Ange-Yoan Bonny,FIWC,0,0,0,0,34
4776608_687626,4776608,687626,5750,631,2026-06-15,Moisés Caicedo,FIWC,0,0,0,0,90
4776608_661171,4776608,661171,5750,583,2026-06-15,Willian Pacho,FIWC,0,0,0,0,90
4776608_659813,4776608,659813,5750,11,2026-06-15,Piero Hincapié,FIWC,0,0,0,0,90
4776608_648779,4776608,648779,3591,141,2026-06-15,Wilfried Singo,FIWC,0,0,0,1,90
4776611_485706,4776611,485706,3382,405,2026-06-15,Amadou Onana,FIWC,0,0,0,0,56
4776608_1067904,4776608,1067904,3591,533,2026-06-15,Bazoumana Touré,FIWC,0,0,0,0,56
4776608_1390649,4776608,1390649,3591,23826,2026-06-15,Yan Diomande,FIWC,0,0,0,0,90
4776611_445939,4776611,445939,3672,281,2026-06-15,Omar Marmoush,FIWC,0,0,0,0,90
4776614_476701,4776614,476701,3449,985,2026-06-15,Manuel Ugarte,FIWC,0,0,0,0,72
4776611_486049,4776611,486049,3382,281,2026-06-15,Jérémy Doku,FIWC,0,0,0,0,86
4776613_398184,4776613,398184,3375,131,2026-06-15,Ferran Torres,FIWC,0,0,0,0,81
4776611_548254,4776611,548254,3382,1082,2026-06-15,Nathan Ngoy,FIWC,0,0,0,0,90
4776614_369081,4776614,369081,3449,418,2026-06-15,Federico Valverde,FIWC,0,0,0,0,90
4776613_962110,4776613,962110,3375,131,2026-06-15,Pau Cubarsí,FIWC,0,0,0,0,90
4776613_937958,4776613,937958,3375,131,2026-06-15,Lamine Yamal,FIWC,0,0,0,0,19
4776613_709187,4776613,709187,3375,621,2026-06-15,Nico Williams,FIWC,0,0,0,0,3
4776613_683840,4776613,683840,3375,131,2026-06-15,Pedri,FIWC,1,0,0,0,90
4776613_646740,4776613,646740,3375,131,2026-06-15,Gavi,FIWC,0,0,0,0,71
4776614_572675,4776614,572675,3449,336,2026-06-15,Maxi Araújo,FIWC,0,0,1,0,81
4776613_357565,4776613,357565,3375,281,2026-06-15,Rodri,FIWC,0,0,0,0,87
4776613_350219,4776613,350219,3375,583,2026-06-15,Fabián Ruiz,FIWC,0,0,0,0,71
4776613_338424,4776613,338424,3375,11,2026-06-15,Mikel Merino,FIWC,0,0,0,0,19
4776613_293385,4776613,293385,3375,131,2026-06-15,Dani Olmo,FIWC,0,0,0,0,9
4776613_284857,4776613,284857,3375,631,2026-06-15,Marc Cucurella,FIWC,0,0,0,0,90
4776611_724129,4776611,724129,3382,1082,2026-06-15,Matias Fernandez-Pardo,FIWC,0,0,0,0,4
4776613_351478,4776613,351478,3375,681,2026-06-15,Mikel Oyarzabal,FIWC,0,0,0,0,90
4776607_406640,4776607,406640,3262,16,2026-06-14,Felix Nmecha,FIWC,0,0,1,1,73
4776609_326029,4776609,326029,3379,12,2026-06-14,Donyell Malen,FIWC,0,0,0,0,70
4776609_321528,4776609,321528,3379,46,2026-06-14,Denzel Dumfries,FIWC,0,0,0,0,90
4776607_792380,4776607,792380,3262,27,2026-06-14,Aleksandar Pavlovic,FIWC,0,0,0,0,90
4776607_691892,4776607,691892,3262,24,2026-06-14,Nathaniel Brown,FIWC,0,0,1,1,73
4776607_598577,4776607,598577,3262,31,2026-06-14,Florian Wirtz,FIWC,0,0,0,1,90
4776607_580195,4776607,580195,3262,27,2026-06-14,Jamal Musiala,FIWC,0,0,1,0,64
4776607_309400,4776607,309400,3262,11,2026-06-14,Kai Havertz,FIWC,0,0,2,0,90
4776607_388198,4776607,388198,3262,16,2026-06-14,Nico Schlotterbeck,FIWC,0,0,1,0,90
4776607_318204,4776607,318204,3262,23826,2026-06-14,David Raum,FIWC,0,0,0,0,17
4776607_196357,4776607,196357,3262,27,2026-06-14,Jonathan Tah,FIWC,0,0,0,0,73
4776607_161056,4776607,161056,3262,27,2026-06-14,Joshua Kimmich,FIWC,0,0,0,2,83
4776604_315969,4776604,315969,3380,6195,2026-06-14,Scott McTominay,FIWC,0,0,0,0,90
4776609_420213,4776609,420213,3379,244,2026-06-14,Quinten Timber,FIWC,0,0,0,0,20
4776609_326330,4776609,326330,3379,131,2026-06-14,Frenkie de Jong,FIWC,0,0,0,0,90
4868896_861410,4868896,861410,3381,418,2026-06-14,Arda Güler,FIWC,0,0,0,0,90
4776609_434675,4776609,434675,3379,31,2026-06-14,Cody Gakpo,FIWC,0,0,0,0,85
4776609_576314,4776609,576314,3379,1237,2026-06-14,Jan Paul van Hecke,FIWC,0,0,0,0,90
4776609_460939,4776609,460939,3379,281,2026-06-14,Tijjani Reijnders,FIWC,0,0,0,0,70
4868896_845654,4868896,845654,3381,506,2026-06-14,Kenan Yıldız,FIWC,0,0,0,0,45
4868896_541537,4868896,541537,3381,141,2026-06-14,Barış Alper Yılmaz,FIWC,0,0,0,0,45
4868896_369316,4868896,369316,3381,1237,2026-06-14,Ferdi Kadıoğlu,FIWC,0,0,0,0,90
4776609_643574,4776609,643574,3435,39,2026-06-14,Kaishu Sano,FIWC,0,0,0,0,90
4868896_454567,4868896,454567,3381,114,2026-06-14,Orkun Kökçü,FIWC,0,0,0,0,62
4776609_565093,4776609,565093,3379,1237,2026-06-14,Bart Verbruggen,FIWC,0,0,0,0,90
4776609_557459,4776609,557459,3379,148,2026-06-14,Micky van de Ven,FIWC,1,0,0,0,90
4776609_478573,4776609,478573,3379,31,2026-06-14,Ryan Gravenberch,FIWC,0,0,0,2,81
4776609_474701,4776609,474701,3379,379,2026-06-14,Crysencio Summerville,FIWC,1,0,1,0,70
4776609_473169,4776609,473169,3379,289,2026-06-14,Brian Brobbey,FIWC,0,0,0,0,5
4776603_181767,4776603,181767,3439,583,2026-06-13,Marquinhos,FIWC,0,0,0,0,90
4776603_444523,4776603,444523,3439,379,2026-06-13,Lucas Paquetá,FIWC,0,0,0,0,61
4776603_435338,4776603,435338,3439,11,2026-06-13,Gabriel,FIWC,0,0,0,0,90
4776603_411295,4776603,411295,3439,131,2026-06-13,Raphinha,FIWC,0,0,0,0,90
4776603_398073,4776603,398073,3575,583,2026-06-13,Achraf Hakimi,FIWC,0,0,0,0,90
4776603_371998,4776603,371998,3439,418,2026-06-13,Vinicius Junior,FIWC,0,0,1,0,90
4776603_314678,4776603,314678,3575,418,2026-06-13,Brahim Díaz,FIWC,0,0,0,1,65
4776602_257814,4776602,257814,3384,16,2026-06-13,Gregor Kobel,FIWC,0,0,0,0,90
4776603_1097139,4776603,1097139,3575,1082,2026-06-13,Ayyoub Bouaddi,FIWC,0,0,0,0,90
4776602_927353,4776602,927353,3384,60,2026-06-13,Johan Manzambi,FIWC,0,0,0,0,25
4776602_608172,4776602,608172,3384,5,2026-06-13,Ardon Jashari,FIWC,0,0,0,0,1
4776602_365108,4776602,365108,3384,703,2026-06-13,Dan Ndoye,FIWC,0,0,0,0,65
4776602_334526,4776602,334526,3384,162,2026-06-13,Denis Zakaria,FIWC,1,0,0,0,90
4776603_520624,4776603,520624,3439,762,2026-06-13,Bruno Guimarães,FIWC,0,0,0,1,80
4776603_517894,4776603,517894,3439,985,2026-06-13,Matheus Cunha,FIWC,0,0,0,0,29
4868895_315779,4868895,315779,3505,5,2026-06-13,Christian Pulisic,FIWC,0,0,0,1,45
4776603_654982,4776603,654982,3575,79,2026-06-13,Bilal El Khannouss,FIWC,0,0,0,0,80
4776603_702869,4776603,702869,3575,383,2026-06-13,Ismael Saibari,FIWC,0,0,1,0,89
4776603_739443,4776603,739443,3439,1148,2026-06-13,Igor Thiago,FIWC,0,0,0,0,62
4776603_743384,4776603,743384,3575,289,2026-06-13,Chemsdine Talbi,FIWC,0,0,0,0,25
4776603_800175,4776603,800175,3439,964,2026-06-13,Luiz Henrique,FIWC,0,0,0,0,28
4776603_808509,4776603,808509,3439,537,2026-06-13,Danilo,FIWC,0,0,0,0,10
4868895_332697,4868895,332697,3505,506,2026-06-13,Weston McKennie,FIWC,0,0,0,1,90
4868895_332705,4868895,332705,3505,989,2026-06-13,Tyler Adams,FIWC,1,0,0,0,90
4868895_467437,4868895,467437,3505,15,2026-06-13,Malik Tillman,FIWC,0,0,0,1,82
4868895_503770,4868895,503770,3505,162,2026-06-13,Folarin Balogun,FIWC,0,0,2,0,72
4868895_578539,4868895,578539,3505,873,2026-06-13,Chris Richards,FIWC,0,0,0,0,90
4868895_627207,4868895,627207,3505,383,2026-06-13,Ricardo Pepi,FIWC,0,0,0,0,18
4868895_660867,4868895,660867,3581,667,2026-06-13,Julio Enciso,FIWC,0,0,0,1,90
4868895_996897,4868895,996897,3581,1237,2026-06-13,Diego Gómez,FIWC,1,0,0,0,80
4776601_679423,4776601,679423,3446,6574,2026-06-12,Tarik Muharemović,FIWC,0,0,0,0,90
4776601_533738,4776601,533738,3510,506,2026-06-12,Jonathan David,FIWC,0,0,0,0,61
4776600_557149,4776600,557149,3589,583,2026-06-12,Kang-in Lee,FIWC,0,0,0,1,90
4776601_921655,4776601,921655,3510,6574,2026-06-12,Ismaël Koné,FIWC,0,0,0,0,90
4626168_926952,4626168,926952,985,985,2026-05-24,Patrick Dorgu,GB1,0,0,1,1,62
4626170_744149,4626170,744149,873,873,2026-05-24,Adam Wharton,GB1,0,0,0,0,16
4626170_730893,4626170,730893,873,873,2026-05-24,Tyrick Mitchell,GB1,0,0,0,0,45
4626170_659813,4626170,659813,11,11,2026-05-24,Piero Hincapié,GB1,0,0,0,0,90
4626170_655488,4626170,655488,11,11,2026-05-24,Gabriel Martinelli,GB1,0,0,0,1,90
4626170_646750,4626170,646750,11,11,2026-05-24,Cristhian Mosquera,GB1,0,0,0,0,90
4626170_568157,4626170,568157,873,1050,2026-05-24,Yéremy Pino,GB1,0,0,0,1,45
4626170_503987,4626170,503987,11,11,2026-05-24,Noni Madueke,GB1,0,0,1,0,83
4626170_502821,4626170,502821,11,11,2026-05-24,Riccardo Calafiori,GB1,0,0,0,0,45
4626170_500689,4626170,500689,873,873,2026-05-24,Evann Guessand,GB1,0,0,0,0,28
4626170_479999,4626170,479999,11,11,2026-05-24,Eberechi Eze,GB1,0,0,0,0,15
4626170_435338,4626170,435338,11,11,2026-05-24,Gabriel,GB1,0,0,0,0,45
4626170_429983,4626170,429983,873,543,2026-05-24,Jørgen Strand Larsen,GB1,0,0,0,0,77
4626170_423440,4626170,423440,11,11,2026-05-24,Martín Zubimendi,GB1,0,0,0,0,90
4626170_420002,4626170,420002,873,873,2026-05-24,Jean-Philippe Mateta,GB1,0,0,1,0,13
4626170_410225,4626170,410225,873,873,2026-05-24,Ismaïla Sarr,GB1,0,0,0,0,45
4626170_338424,4626170,338424,11,11,2026-05-24,Mikel Merino,GB1,0,0,0,0,28
4626170_325443,4626170,325443,11,11,2026-05-24,Viktor Gyökeres,GB1,0,0,0,0,7
4626170_309400,4626170,309400,11,11,2026-05-24,Kai Havertz,GB1,0,0,0,1,45
4626170_258919,4626170,258919,873,873,2026-05-24,Dean Henderson,GB1,0,0,0,0,90
4626170_1187629,4626170,1187629,11,11,2026-05-24,Max Dowman,GB1,0,0,0,0,62
4626169_800176,4626169,800176,543,543,2026-05-24,André,GB1,0,0,0,0,90
4626172_469050,4626172,469050,1148,1148,2026-05-24,Nathan Collins,GB1,1,0,0,0,90
4626170_890721,4626170,890721,11,11,2026-05-24,Myles Lewis-Skelly,GB1,0,0,0,0,90
4626171_1011131,4626171,1011131,931,931,2026-05-24,Josh King,GB1,0,0,0,0,18
4626171_609556,4626171,609556,762,762,2026-05-24,William Osula,GB1,0,0,0,0,66
4626172_451276,4626172,451276,31,31,2026-05-24,Dominik Szoboszlai,GB1,0,0,0,0,90
4626172_434675,4626172,434675,31,31,2026-05-24,Cody Gakpo,GB1,0,0,0,0,90
4626172_433188,4626172,433188,31,31,2026-05-24,Curtis Jones,GB1,0,0,1,0,90
4626172_357119,4626172,357119,31,31,2026-05-24,Ibrahima Konaté,GB1,1,0,0,0,89
4626172_340918,4626172,340918,1148,1148,2026-05-24,Caoimhín Kelleher,GB1,0,0,0,0,90
4626172_1108466,4626172,1108466,31,31,2026-05-24,Rio Ngumoha,GB1,0,0,0,0,73
4626171_900195,4626171,900195,931,660,2026-05-24,Kevin,GB1,0,0,0,0,60
4626171_670858,4626171,670858,762,762,2026-05-24,Lewis Hall,GB1,0,0,0,0,90
4626171_661207,4626171,661207,931,281,2026-05-24,Oscar Bobb,GB1,0,0,0,0,72
4626171_583189,4626171,583189,762,762,2026-05-24,Anthony Elanga,GB1,0,0,0,0,24
4626171_279455,4626171,279455,931,931,2026-05-24,Harry Wilson,GB1,0,0,0,1,18
4626171_521964,4626171,521964,762,762,2026-05-24,Malick Thiaw,GB1,0,0,0,0,90
4626171_520624,4626171,520624,762,762,2026-05-24,Bruno Guimarães,GB1,1,0,0,0,66
4626171_503749,4626171,503749,762,762,2026-05-24,Jacob Ramsey,GB1,0,0,0,0,90
4626171_461883,4626171,461883,931,931,2026-05-24,Calvin Bassey,GB1,0,0,0,0,90
4626171_455661,4626171,455661,762,762,2026-05-24,Nick Woltemade,GB1,0,0,0,0,77
4626171_398065,4626171,398065,762,762,2026-05-24,Harvey Barnes,GB1,0,0,0,0,45
4626171_388165,4626171,388165,762,762,2026-05-24,Yoane Wissa,GB1,1,0,0,0,24
4626171_361093,4626171,361093,762,762,2026-05-24,Sven Botman,GB1,0,0,0,0,90
4626171_333014,4626171,333014,931,931,2026-05-24,Sander Berge,GB1,0,0,0,0,90
4626168_996897,4626168,996897,1237,1237,2026-05-24,Diego Gómez,GB1,0,0,0,0,59
4621096_533738,4621096,533738,506,506,2026-05-24,Jonathan David,IT1,0,0,0,0,28
4626168_923831,4626168,923831,985,985,2026-05-24,Leny Yoro,GB1,0,0,0,0,16
4621093_569598,4621093,569598,5,5,2026-05-24,Youssouf Fofana,IT1,0,0,0,0,68
4621096_265088,4621096,265088,506,506,2026-05-24,Manuel Locatelli,IT1,0,0,0,0,90
4621095_921655,4621095,921655,6574,6574,2026-05-24,Ismaël Koné,IT1,0,0,0,0,65
4621094_855308,4621094,855308,410,410,2026-05-24,Arthur Atta,IT1,0,0,0,0,90
4621094_830365,4621094,830365,6195,6195,2026-05-24,Alisson Santos,IT1,0,0,0,0,10
4621094_610442,4621094,610442,6195,6195,2026-05-24,Rasmus Højlund,IT1,0,0,1,0,90
4621094_315969,4621094,315969,6195,6195,2026-05-24,Scott McTominay,IT1,0,0,0,0,90
4621093_895937,4621093,895937,1390,1390,2026-05-24,Marco Palestra,IT1,0,0,0,0,27
4621093_608172,4621093,608172,5,5,2026-05-24,Ardon Jashari,IT1,0,0,0,0,62
4621093_574671,4621093,574671,5,5,2026-05-24,Strahinja Pavlović,IT1,1,0,0,0,90
4621093_357164,4621093,357164,5,5,2026-05-24,Rafael Leão,IT1,0,0,0,0,22
4621096_357498,4621096,357498,506,506,2026-05-24,Dušan Vlahović,IT1,0,0,2,0,62
4621093_344381,4621093,344381,5,5,2026-05-24,Christopher Nkunku,IT1,0,0,0,0,61
4621093_315779,4621093,315779,5,5,2026-05-24,Christian Pulisic,IT1,0,0,0,0,45
4621089_948278,4621089,948278,1047,1047,2026-05-24,Jacobo Ramón,IT1,0,0,0,0,90
4621089_668547,4621089,668547,1047,1047,2026-05-24,Máximo Perrone,IT1,0,0,0,0,90
4621089_580451,4621089,580451,1047,1047,2026-05-24,Martin Baturina,IT1,0,0,0,0,83
4621089_523318,4621089,523318,1047,1047,2026-05-24,Anastasios Douvikas,IT1,0,0,1,1,83
4621089_1190411,4621089,1190411,1047,1047,2026-05-24,Jesús Rodríguez,IT1,1,0,1,1,64
4621089_1061282,4621089,1061282,1047,1047,2026-05-24,Assane Diao,IT1,0,0,0,0,83
4626172_478573,4626172,478573,31,31,2026-05-24,Ryan Gravenberch,GB1,0,0,0,0,83
4621096_332697,4621096,332697,506,506,2026-05-24,Weston McKennie,IT1,0,0,0,0,90
4621096_463618,4621096,463618,506,506,2026-05-24,Khéphren Thuram,IT1,0,0,0,1,70
4626168_867688,4626168,867688,1237,1237,2026-05-24,Jack Hinshelwood,GB1,0,0,0,0,74
4626168_369316,4626168,369316,1237,1237,2026-05-24,Ferdi Kadıoğlu,GB1,0,0,0,0,90
4626168_820374,4626168,820374,985,985,2026-05-24,Kobbie Mainoo,GB1,1,0,0,0,90
4626168_576314,4626168,576314,1237,1237,2026-05-24,Jan Paul van Hecke,GB1,0,0,0,0,90
4626168_565093,4626168,565093,1237,1237,2026-05-24,Bart Verbruggen,GB1,0,0,0,0,90
4626168_538977,4626168,538977,1237,1237,2026-05-24,Georginio Rutter,GB1,0,0,0,0,16
4626168_536835,4626168,536835,985,985,2026-05-24,Amad Diallo,GB1,0,0,0,1,90
4626168_503883,4626168,503883,985,1096,2026-05-24,Senne Lammens,GB1,0,0,0,0,90
4626168_480762,4626168,480762,985,985,2026-05-24,Lisandro Martínez,GB1,0,0,0,0,90
4626168_415381,4626168,415381,1237,1237,2026-05-24,Mats Wieffer,GB1,0,0,0,0,90
4626168_413039,4626168,413039,985,985,2026-05-24,Bryan Mbeumo,GB1,0,0,1,0,74
4626168_346483,4626168,346483,985,985,2026-05-24,Mason Mount,GB1,0,0,0,0,74
4621096_487474,4621096,487474,506,506,2026-05-24,Francisco Conceição,IT1,0,0,0,1,70
4626168_240306,4626168,240306,985,985,2026-05-24,Bruno Fernandes,GB1,0,0,1,1,90
4626168_1060087,4626168,1060087,1237,1237,2026-05-24,Charalampos Kostoulas,GB1,0,0,0,0,31
4626168_1012534,4626168,1012534,1237,1237,2026-05-24,Yankuba Minteh,GB1,0,0,0,0,45
4621097_813137,4621097,813137,12,12,2026-05-24,Niccolò Pisilli,IT1,0,0,0,0,45
4621097_668951,4621097,668951,12,12,2026-05-24,Matías Soulé,IT1,0,0,0,0,72
4621097_624690,4621097,624690,12,12,2026-05-24,Manu Koné,IT1,0,0,0,0,18
4621097_338670,4621097,338670,12,12,2026-05-24,Mile Svilar,IT1,0,0,0,0,90
4621097_326029,4621097,326029,12,12,2026-05-24,Donyell Malen,IT1,0,0,1,0,84
4621096_585949,4621096,585949,506,506,2026-05-24,Pierre Kalulu,IT1,1,0,0,0,90
4626172_473050,4626172,473050,1148,1148,2026-05-24,Kevin Schade,GB1,0,0,1,0,90
4626168_973085,4626168,973085,1237,1237,2026-05-24,Carlos Baleba,GB1,0,0,0,0,31
4626172_484547,4626172,484547,31,31,2026-05-24,Jeremie Frimpong,GB1,0,0,0,0,16
4626175_904802,4626175,904802,631,631,2026-05-24,Jorrel Hato,GB1,0,0,0,0,53
4626176_556385,4626176,556385,148,148,2026-05-24,Destiny Udogie,GB1,0,0,0,0,90
4626176_553875,4626176,553875,148,148,2026-05-24,Pedro Porro,GB1,0,0,0,0,90
4626176_505219,4626176,505219,29,29,2026-05-24,James Garner,GB1,0,0,0,0,90
4626176_488362,4626176,488362,148,148,2026-05-24,Conor Gallagher,GB1,0,0,0,0,82
4626176_483348,4626176,483348,148,148,2026-05-24,Djed Spence,GB1,0,0,0,0,90
4626176_475188,4626176,475188,29,29,2026-05-24,Kiernan Dewsbury-Hall,GB1,0,0,0,0,84
4626176_404842,4626176,404842,29,29,2026-05-24,Vitaliy Mykolenko,GB1,0,0,0,0,90
4626176_378710,4626176,378710,148,148,2026-05-24,Richarlison,GB1,0,0,0,0,73
4626175_947411,4626175,947411,289,289,2026-05-24,Chris Rigg,GB1,0,0,0,0,1
4626175_876631,4626175,876631,289,289,2026-05-24,Habib Diarra,GB1,1,0,0,0,29
4626176_568693,4626176,568693,148,148,2026-05-24,Pape Matar Sarr,GB1,1,0,0,0,17
4626175_727089,4626175,727089,289,289,2026-05-24,Noah Sadiki,GB1,1,0,0,0,90
4626175_687626,4626175,687626,631,631,2026-05-24,Moisés Caicedo,GB1,0,0,0,0,85
4626175_648195,4626175,648195,631,631,2026-05-24,Enzo Fernández,GB1,1,0,0,0,90
4626175_646991,4626175,646991,289,289,2026-05-24,Robin Roefs,GB1,0,0,0,0,90
4626175_633992,4626175,633992,289,289,2026-05-24,Enzo Le Fée,GB1,0,0,0,0,90
4626175_626724,4626175,626724,631,631,2026-05-24,João Pedro,GB1,1,0,0,0,90
4626175_620322,4626175,620322,631,631,2026-05-24,Malo Gusto,GB1,0,0,0,0,85
4626175_614258,4626175,614258,631,631,2026-05-24,Levi Colwill,GB1,0,0,0,0,90
4626175_610849,4626175,610849,631,631,2026-05-24,Liam Delap,GB1,0,0,0,0,5
4626176_557459,4626176,557459,148,148,2026-05-24,Micky van de Ven,GB1,0,0,0,0,90
4626176_623570,4626176,623570,29,29,2026-05-24,Iliman Ndiaye,GB1,0,0,0,0,90
4626175_487465,4626175,487465,631,631,2026-05-24,Pedro Neto,GB1,0,0,0,1,65
4645986_616631,4645986,616631,13,13,2026-05-24,Matteo Ruggeri,ES1,0,0,0,0,45
4850141_1105541,4850141,1105541,58,58,2026-05-24,Nathan De Cat,EJPL,0,0,0,0,55
4850140_893661,4850140,893661,2282,2282,2026-05-24,Joel Ordóñez,EJPL,0,0,0,0,45
4850140_780136,4850140,780136,2282,2282,2026-05-24,Aleksandar Stanković,EJPL,0,0,0,0,45
4850140_717329,4850140,717329,2282,2282,2026-05-24,Nicolò Tresoldi,EJPL,0,0,3,1,90
4850140_451677,4850140,451677,2282,2282,2026-05-24,Christos Tzolis,EJPL,0,0,1,1,90
4645986_844637,4645986,844637,13,13,2026-05-24,Marc Pubill,ES1,0,0,1,0,45
4645986_742201,4645986,742201,13,13,2026-05-24,Giuliano Simeone,ES1,1,0,0,0,45
4645986_733576,4645986,733576,1050,1050,2026-05-24,Alberto Moleiro,ES1,0,0,0,0,90
4645986_729814,4645986,729814,1050,1050,2026-05-24,Georges Mikautadze,ES1,0,0,1,0,89
4645986_548111,4645986,548111,13,13,2026-05-24,Álex Baena,ES1,0,0,0,0,61
4626176_922693,4626176,922693,148,148,2026-05-24,Archie Gray,GB1,0,0,0,0,8
4645986_485963,4645986,485963,1050,1050,2026-05-24,Pape Gueye,ES1,0,0,1,0,75
4645986_406040,4645986,406040,13,800,2026-05-24,Ademola Lookman,ES1,0,0,0,0,61
4645986_404418,4645986,404418,13,13,2026-05-24,Dávid Hancko,ES1,0,0,0,0,45
4626177_522784,4626177,522784,379,379,2026-05-24,Taty Castellanos,GB1,0,0,1,0,88
4626177_474701,4626177,474701,379,379,2026-05-24,Crysencio Summerville,GB1,0,0,0,1,90
4626177_392771,4626177,392771,399,399,2026-05-24,Ethan Ampadu,GB1,1,0,0,0,90
4626177_314875,4626177,314875,379,379,2026-05-24,Jarrod Bowen,GB1,0,0,1,1,90
4626177_1111589,4626177,1111589,379,379,2026-05-24,El Hadji Malick Diouf,GB1,0,0,0,0,90
4626176_937941,4626176,937941,29,29,2026-05-24,Thierno Barry,GB1,0,0,0,0,84
4626175_568177,4626175,568177,631,631,2026-05-24,Cole Palmer,GB1,1,0,1,0,90
4626177_880245,4626177,880245,379,379,2026-05-24,Mateus Fernandes,GB1,0,0,0,1,90
4626172_534033,4626172,534033,31,31,2026-05-24,Alexis Mac Allister,GB1,1,0,0,0,90
4626173_258004,4626173,258004,281,281,2026-05-24,Rúben Dias,GB1,0,0,0,0,90
4626173_578391,4626173,578391,281,281,2026-05-24,Rayan Aït-Nouri,GB1,0,0,0,0,13
4626173_486049,4626173,486049,281,281,2026-05-24,Jérémy Doku,GB1,0,0,0,0,13
4626173_485706,4626173,485706,405,405,2026-05-24,Amadou Onana,GB1,0,0,0,0,17
4626173_485585,4626173,485585,405,405,2026-05-24,Ian Maatsen,GB1,0,0,0,0,90
4626173_475959,4626173,475959,281,281,2026-05-24,Josko Gvardiol,GB1,0,0,0,0,12
4626173_466805,4626173,466805,281,281,2026-05-24,Nico González,GB1,0,0,0,0,90
4626173_460939,4626173,460939,281,281,2026-05-24,Tijjani Reijnders,GB1,0,0,0,0,77
4626173_406635,4626173,406635,281,281,2026-05-24,Phil Foden,GB1,0,0,0,0,90
4626173_324358,4626173,324358,405,405,2026-05-24,Ollie Watkins,GB1,0,0,2,0,90
4626173_249565,4626173,249565,405,405,2026-05-24,Youri Tielemans,GB1,0,0,0,0,17
4626173_607223,4626173,607223,281,281,2026-05-24,Rayan Cherki,GB1,0,0,0,0,32
4626172_823486,4626172,823486,1148,1148,2026-05-24,Michael Kayode,GB1,0,0,0,0,90
4626172_823231,4626172,823231,1148,1148,2026-05-24,Dango Ouattara,GB1,0,0,0,0,90
4626172_739443,4626172,739443,1148,1148,2026-05-24,Igor Thiago,GB1,0,0,0,0,90
4626172_730861,4626172,730861,31,31,2026-05-24,Milos Kerkez,GB1,0,0,0,0,7
4626172_644401,4626172,644401,1148,1148,2026-05-24,Keane Lewis-Potter,GB1,0,0,0,0,89
4626172_598577,4626172,598577,31,31,2026-05-24,Florian Wirtz,GB1,0,0,0,0,17
4626172_541231,4626172,541231,1148,1148,2026-05-24,Sepp van den Berg,GB1,0,0,0,0,90
4626172_540941,4626172,540941,1148,1148,2026-05-24,Mikkel Damsgaard,GB1,0,0,0,0,7
4626175_475411,4626175,475411,631,631,2026-05-24,Wesley Fofana,GB1,0,0,0,0,62
4626173_583255,4626173,583255,281,281,2026-05-24,Antoine Semenyo,GB1,0,0,1,0,58
4626173_566799,4626173,566799,281,281,2026-05-24,James Trafford,GB1,0,0,0,0,90
4626173_701057,4626173,701057,281,281,2026-05-24,Rico Lewis,GB1,1,0,0,0,90
4626174_503680,4626174,503680,703,703,2026-05-24,Neco Williams,GB1,0,0,0,0,90
4626175_473169,4626175,473169,289,289,2026-05-24,Brian Brobbey,GB1,0,0,0,0,61
4626175_472423,4626175,472423,631,631,2026-05-24,Reece James,GB1,0,0,0,0,37
4626175_346314,4626175,346314,631,631,2026-05-24,Trevoh Chalobah,GB1,0,0,0,0,25
4626175_284857,4626175,284857,631,631,2026-05-24,Marc Cucurella,GB1,0,0,0,0,90
4626175_1004708,4626175,1004708,631,631,2026-05-24,Josh Acheampong,GB1,0,0,0,0,5
4626174_955357,4626174,955357,989,989,2026-05-24,Junior Kroupi,GB1,0,0,0,0,73
4626174_741238,4626174,741238,703,703,2026-05-24,Omari Hutchinson,GB1,0,0,0,1,78
4626174_711337,4626174,711337,989,989,2026-05-24,Evanilson,GB1,0,0,0,0,73
4626173_743591,4626173,743591,281,281,2026-05-24,Savinho,GB1,0,0,0,0,90
4626174_567576,4626174,567576,703,703,2026-05-24,Elliot Anderson,GB1,0,0,0,0,65
4626174_654539,4626174,654539,989,989,2026-05-24,Adrien Truffert,GB1,0,0,0,1,90
4626174_469781,4626174,469781,989,989,2026-05-24,Marcos Senesi,GB1,0,0,0,0,90
4626174_399434,4626174,399434,989,989,2026-05-24,Marcus Tavernier,GB1,0,0,1,0,90
4626174_1012564,4626174,1012564,989,989,2026-05-24,Rayan,GB1,0,0,0,0,73
4626174_465555,4626174,465555,989,989,2026-05-24,Djordje Petrovic,GB1,0,0,0,0,90
4626174_332705,4626174,332705,989,989,2026-05-24,Tyler Adams,GB1,0,0,0,0,90
4626174_330659,4626174,330659,989,989,2026-05-24,Justin Kluivert,GB1,0,0,0,0,17
4626174_413507,4626174,413507,703,703,2026-05-24,Nikola Milenković,GB1,0,0,0,0,90
4626174_429014,4626174,429014,703,703,2026-05-24,Morgan Gibbs-White,GB1,0,0,1,0,90
4626174_432164,4626174,432164,703,703,2026-05-24,Igor Jesus,GB1,0,0,0,0,90
4645985_1057316,4645985,1057316,418,418,2026-05-23,Franco Mastantuono,ES1,0,0,0,0,74
4621088_930781,4621088,930781,46,46,2026-05-23,Pio Esposito,IT1,0,0,1,0,90
4645982_709372,4645982,709372,714,714,2026-05-23,Carlos Romero,ES1,0,0,0,0,90
4645982_351478,4645982,351478,681,681,2026-05-23,Mikel Oyarzabal,ES1,0,0,0,0,13
4645980_735568,4645980,735568,150,150,2026-05-23,Natan,ES1,0,0,0,0,79
4645980_724520,4645980,724520,150,150,2026-05-23,Abde Ezzalzouli,ES1,0,0,1,0,80
4645980_602105,4645980,602105,150,150,2026-05-23,Antony,ES1,1,0,0,0,90
4621091_618341,4621091,618341,398,398,2026-05-23,Mario Gila,IT1,1,0,0,0,45
4621088_198116,4621088,198116,46,46,2026-05-23,Federico Dimarco,IT1,0,0,1,0,54
4621088_849520,4621088,849520,1025,1025,2026-05-23,Santiago Castro,IT1,0,0,0,0,90
4621088_827734,4621088,827734,46,46,2026-05-23,Ange-Yoan Bonny,IT1,0,0,0,0,36
4621088_672381,4621088,672381,1025,244,2026-05-23,Jonathan Rowe,IT1,0,0,0,0,90
4621088_668207,4621088,668207,46,46,2026-05-23,Petar Sučić,IT1,0,0,0,0,74
4621088_441986,4621088,441986,46,46,2026-05-23,Yann Bisseck,IT1,0,0,0,0,90
4621088_406625,4621088,406625,46,46,2026-05-23,Lautaro Martínez,IT1,1,0,0,0,54
4621088_255942,4621088,255942,46,46,2026-05-23,Nicolò Barella,IT1,0,0,0,0,54
4645985_342229,4645985,342229,418,418,2026-05-23,Kylian Mbappé,ES1,0,0,1,0,90
4645985_314678,4645985,314678,418,418,2026-05-23,Brahim Díaz,ES1,0,0,1,0,16
4645987_258923,4645987,258923,131,131,2026-05-23,Marcus Rashford,ES1,0,0,0,0,90
4645985_369081,4645985,369081,418,418,2026-05-23,Federico Valverde,ES1,0,0,0,0,90
4645987_326330,4645987,326330,131,131,2026-05-23,Frenkie de Jong,ES1,0,0,0,0,28
4645988_1005575,4645988,1005575,12321,12321,2026-05-23,Vitor Reis,ES1,1,0,0,0,90
4645987_834764,4645987,834764,1049,1049,2026-05-23,Javi Guerra,ES1,0,0,1,0,90
4645987_705395,4645987,705395,131,131,2026-05-23,Gerard Martín,ES1,0,0,0,0,90
4645987_646740,4645987,646740,131,131,2026-05-23,Gavi,ES1,0,0,0,0,90
4645987_466794,4645987,466794,131,131,2026-05-23,Eric García,ES1,0,0,0,0,62
4645987_398184,4645987,398184,131,131,2026-05-23,Ferran Torres,ES1,0,0,0,1,83
4645987_636688,4645987,636688,131,131,2026-05-23,Alejandro Balde,ES1,0,0,0,0,90
4645987_293385,4645987,293385,131,131,2026-05-23,Dani Olmo,ES1,0,0,0,0,62
4645987_1018920,4645987,1018920,131,131,2026-05-23,Marc Bernal,ES1,1,0,0,0,83
4645985_938729,4645985,938729,621,621,2026-05-23,Mikel Jauregizar,ES1,0,0,0,0,85
4645985_935230,4645985,935230,418,418,2026-05-23,Gonzalo García,ES1,0,0,1,0,74
4645985_890290,4645985,890290,418,418,2026-05-23,Dean Huijsen,ES1,0,0,0,0,20
4645985_861410,4645985,861410,418,418,2026-05-23,Arda Güler,ES1,0,0,0,0,16
4645985_811778,4645985,811778,418,418,2026-05-23,Álvaro Carreras,ES1,0,0,0,1,90
4645985_581678,4645985,581678,418,418,2026-05-23,Jude Bellingham,ES1,1,0,1,0,74
4621090_571604,4621090,571604,800,800,2026-05-22,Giorgio Scalvini,IT1,0,0,0,0,67
4621090_435772,4621090,435772,800,800,2026-05-22,Charles De Ketelaere,IT1,0,0,0,0,28
4621090_315867,4621090,315867,800,800,2026-05-22,Gianluca Scamacca,IT1,0,0,0,0,9
4621090_1077175,4621090,1077175,800,800,2026-05-22,Honest Ahanor,IT1,1,0,0,0,90
4850150_780136,4850150,780136,2282,2282,2026-05-21,Aleksandar Stanković,EJPL,0,0,0,0,90
4850150_451677,4850150,451677,2282,2282,2026-05-21,Christos Tzolis,EJPL,0,0,1,1,90
4850150_717329,4850150,717329,2282,2282,2026-05-21,Nicolò Tresoldi,EJPL,0,0,1,1,79
4850150_893661,4850150,893661,2282,2282,2026-05-21,Joel Ordóñez,EJPL,0,0,0,0,90
4850151_1105541,4850151,1105541,58,58,2026-05-21,Nathan De Cat,EJPL,0,0,0,0,83
4626160_763079,4626160,763079,281,281,2026-05-19,Abdukodir Khusanov,GB1,0,0,0,0,90
4626160_743413,4626160,743413,281,281,2026-05-19,Nico O'Reilly,GB1,0,0,0,0,90
4626160_711337,4626160,711337,989,989,2026-05-19,Evanilson,GB1,0,0,0,0,89
4626160_654539,4626160,654539,989,989,2026-05-19,Adrien Truffert,GB1,1,0,0,1,90
4626160_607223,4626160,607223,281,281,2026-05-19,Rayan Cherki,GB1,0,0,0,0,34
4626160_601883,4626160,601883,281,281,2026-05-19,Matheus Nunes,GB1,0,0,0,0,90
4626160_583255,4626160,583255,281,281,2026-05-19,Antoine Semenyo,GB1,0,0,0,0,56
4626160_486049,4626160,486049,281,281,2026-05-19,Jérémy Doku,GB1,0,0,0,0,76
4626160_469781,4626160,469781,989,989,2026-05-19,Marcos Senesi,GB1,0,0,0,0,90
4626160_465555,4626160,465555,989,989,2026-05-19,Djordje Petrovic,GB1,0,0,0,0,90
4626160_445939,4626160,445939,281,281,2026-05-19,Omar Marmoush,GB1,0,0,0,0,14
4626160_418560,4626160,418560,281,281,2026-05-19,Erling Haaland,GB1,0,0,1,0,90
4626160_406635,4626160,406635,281,281,2026-05-19,Phil Foden,GB1,0,0,0,0,34
4626160_399434,4626160,399434,989,989,2026-05-19,Marcus Tavernier,GB1,0,0,0,0,90
4626160_392757,4626160,392757,281,281,2026-05-19,Marc Guéhi,GB1,0,0,0,0,90
4626160_357565,4626160,357565,281,281,2026-05-19,Rodri,GB1,1,0,0,0,90
4626160_332705,4626160,332705,989,989,2026-05-19,Tyler Adams,GB1,1,0,0,0,90
4626160_330659,4626160,330659,989,989,2026-05-19,Justin Kluivert,GB1,1,0,0,0,14
4626160_315858,4626160,315858,281,281,2026-05-19,Gianluigi Donnarumma,GB1,0,0,0,0,90
4626160_1012564,4626160,1012564,989,989,2026-05-19,Rayan,GB1,0,0,0,0,84
4626160_743591,4626160,743591,281,281,2026-05-19,Savinho,GB1,0,0,0,0,34
4626162_475411,4626162,475411,631,631,2026-05-19,Wesley Fofana,GB1,0,0,0,0,81
4626160_855256,4626160,855256,989,989,2026-05-19,Alex Scott,GB1,0,0,0,0,90
4626162_556385,4626162,556385,148,148,2026-05-19,Destiny Udogie,GB1,1,0,0,0,69
4626162_904802,4626162,904802,631,631,2026-05-19,Jorrel Hato,GB1,1,0,0,0,90
4626162_811779,4626162,811779,631,631,2026-05-19,Alejandro Garnacho,GB1,0,0,0,0,1
4626162_743600,4626162,743600,631,631,2026-05-19,Andrey Santos,GB1,0,0,1,0,90
4626162_687626,4626162,687626,631,631,2026-05-19,Moisés Caicedo,GB1,0,0,0,0,90
4626162_648195,4626162,648195,631,631,2026-05-19,Enzo Fernández,GB1,0,0,1,1,90
4626162_610849,4626162,610849,631,631,2026-05-19,Liam Delap,GB1,1,0,0,0,89
4626162_568177,4626162,568177,631,631,2026-05-19,Cole Palmer,GB1,0,0,0,0,89
4626162_557459,4626162,557459,148,148,2026-05-19,Micky van de Ven,GB1,1,0,0,0,90
4626162_568693,4626162,568693,148,148,2026-05-19,Pape Matar Sarr,GB1,0,0,0,1,21
4626162_553875,4626162,553875,148,148,2026-05-19,Pedro Porro,GB1,1,0,0,0,90
4626162_378710,4626162,378710,148,148,2026-05-19,Richarlison,GB1,0,0,1,0,90
4626162_1004708,4626162,1004708,631,631,2026-05-19,Josh Acheampong,GB1,0,0,0,0,74
4626162_488362,4626162,488362,148,148,2026-05-19,Conor Gallagher,GB1,0,0,0,0,90
4626162_346314,4626162,346314,631,631,2026-05-19,Trevoh Chalobah,GB1,0,0,0,0,16
4626162_284857,4626162,284857,631,631,2026-05-19,Marc Cucurella,GB1,1,0,0,0,90
4626160_955357,4626160,955357,989,989,2026-05-19,Junior Kroupi,GB1,0,0,1,0,76
4626162_483348,4626162,483348,148,148,2026-05-19,Djed Spence,GB1,0,0,0,0,21
4626162_487465,4626162,487465,631,631,2026-05-19,Pedro Neto,GB1,0,0,0,1,89
4626158_479999,4626158,479999,11,11,2026-05-18,Eberechi Eze,GB1,0,0,0,0,73
4626158_262749,4626158,262749,11,11,2026-05-18,David Raya,GB1,0,0,0,0,90
4626158_309400,4626158,309400,11,11,2026-05-18,Kai Havertz,GB1,1,0,1,0,73
4626158_316264,4626158,316264,11,11,2026-05-18,Martin Ødegaard,GB1,0,0,0,0,90
4626158_325443,4626158,325443,11,11,2026-05-18,Viktor Gyökeres,GB1,0,0,0,0,17
4626158_357662,4626158,357662,11,11,2026-05-18,Declan Rice,GB1,0,0,0,0,90
4626158_433177,4626158,433177,11,11,2026-05-18,Bukayo Saka,GB1,0,0,0,1,90
4626158_435338,4626158,435338,11,11,2026-05-18,Gabriel,GB1,0,0,0,0,90
4626158_423440,4626158,423440,11,11,2026-05-18,Martín Zubimendi,GB1,0,0,0,0,1
4626158_495666,4626158,495666,11,11,2026-05-18,William Saliba,GB1,0,0,0,0,90
4626158_646750,4626158,646750,11,11,2026-05-18,Cristhian Mosquera,GB1,0,0,0,0,90
4626158_655488,4626158,655488,11,11,2026-05-18,Gabriel Martinelli,GB1,0,0,0,0,1
4626158_659813,4626158,659813,11,11,2026-05-18,Piero Hincapié,GB1,0,0,0,0,18
4626158_842341,4626158,842341,1132,1132,2026-05-18,Maxime Estève,GB1,0,0,0,0,82
4626158_890721,4626158,890721,11,11,2026-05-18,Myles Lewis-Skelly,GB1,0,0,0,0,17
4626158_502821,4626158,502821,11,11,2026-05-18,Riccardo Calafiori,GB1,0,0,0,0,72
4626163_633992,4626163,633992,289,289,2026-05-17,Enzo Le Fée,GB1,0,0,1,1,90
4626161_473050,4626161,473050,1148,1148,2026-05-17,Kevin Schade,GB1,0,0,0,0,27
4626163_475188,4626163,475188,29,29,2026-05-17,Kiernan Dewsbury-Hall,GB1,0,0,0,0,90
4626163_505219,4626163,505219,29,29,2026-05-17,James Garner,GB1,1,0,0,0,90
4626163_623570,4626163,623570,29,29,2026-05-17,Iliman Ndiaye,GB1,0,0,0,0,90
4626163_743384,4626163,743384,289,289,2026-05-17,Chemsdine Talbi,GB1,0,0,0,0,30
4626163_646991,4626163,646991,289,289,2026-05-17,Robin Roefs,GB1,0,0,0,0,90
4626163_727089,4626163,727089,289,289,2026-05-17,Noah Sadiki,GB1,0,0,0,0,77
4626163_404842,4626163,404842,29,29,2026-05-17,Vitaliy Mykolenko,GB1,0,0,0,0,90
4626163_876631,4626163,876631,289,289,2026-05-17,Habib Diarra,GB1,0,0,0,1,13
4626163_937941,4626163,937941,29,29,2026-05-17,Thierno Barry,GB1,0,0,0,0,17
4626163_473169,4626163,473169,289,289,2026-05-17,Brian Brobbey,GB1,0,0,1,0,77
4626161_739443,4626161,739443,1148,1148,2026-05-17,Igor Thiago,GB1,0,0,0,0,90
4621078_1077175,4621078,1077175,800,800,2026-05-17,Honest Ahanor,IT1,0,0,0,0,90
4626161_823231,4626161,823231,1148,1148,2026-05-17,Dango Ouattara,GB1,0,0,2,0,90
4626161_744149,4626161,744149,873,873,2026-05-17,Adam Wharton,GB1,0,0,1,0,90
4626161_730893,4626161,730893,873,873,2026-05-17,Tyrick Mitchell,GB1,0,0,0,0,90
4626161_717411,4626161,717411,1148,1148,2026-05-17,Yegor Yarmolyuk,GB1,0,0,0,0,89
4626161_644401,4626161,644401,1148,1148,2026-05-17,Keane Lewis-Potter,GB1,0,0,0,0,90
4626161_578539,4626161,578539,873,873,2026-05-17,Chris Richards,GB1,1,0,0,0,29
4626161_568157,4626161,568157,873,1050,2026-05-17,Yéremy Pino,GB1,0,0,0,0,45
4626161_541231,4626161,541231,1148,1148,2026-05-17,Sepp van den Berg,GB1,0,0,0,1,8
4626161_540941,4626161,540941,1148,1148,2026-05-17,Mikkel Damsgaard,GB1,0,0,0,0,90
4626161_500689,4626161,500689,873,873,2026-05-17,Evann Guessand,GB1,0,0,0,0,1
4626164_1012534,4626164,1012534,1237,1237,2026-05-17,Yankuba Minteh,GB1,0,0,0,0,90
4626163_947411,4626163,947411,289,289,2026-05-17,Chris Rigg,GB1,0,0,0,1,13
4626165_432164,4626165,432164,703,703,2026-05-17,Igor Jesus,GB1,0,0,0,0,84
4626164_1060087,4626164,1060087,1237,1237,2026-05-17,Charalampos Kostoulas,GB1,0,0,0,0,8
4626164_344069,4626164,344069,399,399,2026-05-17,Anton Stach,GB1,0,0,0,0,74
4626165_820374,4626165,820374,985,985,2026-05-17,Kobbie Mainoo,GB1,0,0,0,0,90
4626165_741238,4626165,741238,703,703,2026-05-17,Omari Hutchinson,GB1,0,0,0,0,70
4626165_567576,4626165,567576,703,703,2026-05-17,Elliot Anderson,GB1,1,0,0,2,90
4626165_540664,4626165,540664,703,667,2026-05-17,Dilane Bakwa,GB1,0,0,0,0,20
4626165_536835,4626165,536835,985,985,2026-05-17,Amad Diallo,GB1,0,0,0,0,90
4626165_517894,4626165,517894,985,985,2026-05-17,Matheus Cunha,GB1,0,0,1,0,80
4626165_503883,4626165,503883,985,1096,2026-05-17,Senne Lammens,GB1,0,0,0,0,90
4626165_503680,4626165,503680,703,703,2026-05-17,Neco Williams,GB1,0,0,0,0,90
4626165_480762,4626165,480762,985,985,2026-05-17,Lisandro Martínez,GB1,0,0,0,0,90
4626161_469050,4626161,469050,1148,1148,2026-05-17,Nathan Collins,GB1,0,0,0,0,90
4626165_429014,4626165,429014,703,703,2026-05-17,Morgan Gibbs-White,GB1,0,0,1,0,90
4626165_413507,4626165,413507,703,703,2026-05-17,Nikola Milenković,GB1,0,0,0,0,90
4626165_413039,4626165,413039,985,985,2026-05-17,Bryan Mbeumo,GB1,0,0,1,0,80
4626165_357147,4626165,357147,985,985,2026-05-17,Diogo Dalot,GB1,0,0,0,0,90
4626165_346483,4626165,346483,985,985,2026-05-17,Mason Mount,GB1,0,0,0,0,9
4626165_240306,4626165,240306,985,985,2026-05-17,Bruno Fernandes,GB1,0,0,0,1,90
4626164_996897,4626164,996897,1237,1237,2026-05-17,Diego Gómez,GB1,0,0,0,0,25
4626164_973085,4626164,973085,1237,1237,2026-05-17,Carlos Baleba,GB1,0,0,0,0,82
4626164_867688,4626164,867688,1237,1237,2026-05-17,Jack Hinshelwood,GB1,0,0,0,0,82
4626164_667287,4626164,667287,1237,1237,2026-05-17,Yasin Ayari,GB1,0,0,0,0,8
4626164_576314,4626164,576314,1237,1237,2026-05-17,Jan Paul van Hecke,GB1,0,0,0,0,90
4626164_565093,4626164,565093,1237,1237,2026-05-17,Bart Verbruggen,GB1,0,0,0,0,90
4626164_538977,4626164,538977,1237,1237,2026-05-17,Georginio Rutter,GB1,0,0,0,0,25
4626164_392771,4626164,392771,399,399,2026-05-17,Ethan Ampadu,GB1,0,0,0,0,90
4626164_369316,4626164,369316,1237,1237,2026-05-17,Ferdi Kadıoğlu,GB1,0,0,0,0,90
4626161_470607,4626161,470607,873,148,2026-05-17,Brennan Johnson,GB1,0,0,0,0,45
4621085_338670,4621085,338670,12,12,2026-05-17,Mile Svilar,IT1,0,0,0,0,90
4626161_434224,4626161,434224,873,873,2026-05-17,Maxence Lacroix,GB1,0,0,0,0,61
4626161_429983,4626161,429983,873,543,2026-05-17,Jørgen Strand Larsen,GB1,0,0,0,0,61
4621082_930781,4621082,930781,46,46,2026-05-17,Pio Esposito,IT1,0,0,0,0,26
4621082_827734,4621082,827734,46,46,2026-05-17,Ange-Yoan Bonny,IT1,0,0,0,1,64
4621082_668207,4621082,668207,46,46,2026-05-17,Petar Sučić,IT1,0,0,0,0,90
4621082_406625,4621082,406625,46,46,2026-05-17,Lautaro Martínez,IT1,0,0,0,0,75
4621082_198116,4621082,198116,46,46,2026-05-17,Federico Dimarco,IT1,0,0,0,0,26
4621081_608172,4621081,608172,5,5,2026-05-17,Ardon Jashari,IT1,0,0,0,0,85
4621081_574671,4621081,574671,5,5,2026-05-17,Strahinja Pavlović,IT1,0,0,0,0,90
4621081_569598,4621081,569598,5,5,2026-05-17,Youssouf Fofana,IT1,0,0,0,0,68
4621081_344381,4621081,344381,5,5,2026-05-17,Christopher Nkunku,IT1,0,0,1,0,76
4621081_315779,4621081,315779,5,5,2026-05-17,Christian Pulisic,IT1,0,0,0,1,14
4621080_948278,4621080,948278,1047,1047,2026-05-17,Jacobo Ramón,IT1,1,0,0,0,90
4621080_668547,4621080,668547,1047,1047,2026-05-17,Máximo Perrone,IT1,0,0,0,0,90
4621080_580451,4621080,580451,1047,1047,2026-05-17,Martin Baturina,IT1,0,0,0,0,82
4621080_523318,4621080,523318,1047,1047,2026-05-17,Anastasios Douvikas,IT1,0,0,0,0,82
4621080_1190411,4621080,1190411,1047,1047,2026-05-17,Jesús Rodríguez,IT1,0,0,0,1,37
4621080_1061282,4621080,1061282,1047,1047,2026-05-17,Assane Diao,IT1,0,0,0,0,90
4621079_895937,4621079,895937,1390,1390,2026-05-17,Marco Palestra,IT1,0,0,0,0,90
4621078_849520,4621078,849520,1025,1025,2026-05-17,Santiago Castro,IT1,0,0,0,0,69
4621078_672381,4621078,672381,1025,244,2026-05-17,Jonathan Rowe,IT1,0,0,0,1,88
4621078_607854,4621078,607854,800,800,2026-05-17,Éderson,IT1,0,0,0,0,90
4621078_571604,4621078,571604,800,800,2026-05-17,Giorgio Scalvini,IT1,0,0,0,0,90
4621078_459763,4621078,459763,800,800,2026-05-17,Marco Carnesecchi,IT1,0,0,0,0,90
4621078_435772,4621078,435772,800,800,2026-05-17,Charles De Ketelaere,IT1,0,0,0,0,82
4621078_434433,4621078,434433,800,1005,2026-05-17,Nikola Krstović,IT1,0,0,0,0,90
4626166_1111589,4626166,1111589,379,379,2026-05-17,El Hadji Malick Diouf,GB1,1,0,0,0,90
4621083_265088,4621083,265088,506,506,2026-05-17,Manuel Locatelli,IT1,0,0,0,0,90
4621083_332697,4621083,332697,506,506,2026-05-17,Weston McKennie,IT1,0,0,0,0,90
4621083_357498,4621083,357498,506,506,2026-05-17,Dušan Vlahović,IT1,0,0,0,0,90
4621085_618341,4621085,618341,398,398,2026-05-17,Mario Gila,IT1,0,0,0,0,90
4626161_420002,4626161,420002,873,873,2026-05-17,Jean-Philippe Mateta,GB1,0,0,0,0,29
4626161_410225,4626161,410225,873,873,2026-05-17,Ismaïla Sarr,GB1,0,0,1,0,90
4626161_340918,4626161,340918,1148,1148,2026-05-17,Caoimhín Kelleher,GB1,0,0,0,0,90
4626161_258919,4626161,258919,873,873,2026-05-17,Dean Henderson,GB1,1,0,0,0,90
4626161_1006411,4626161,1006411,873,873,2026-05-17,Jaydee Canvot,GB1,0,0,0,0,90
4621087_855308,4621087,855308,410,410,2026-05-17,Arthur Atta,IT1,0,0,0,0,90
4621086_921655,4621086,921655,6574,6574,2026-05-17,Ismaël Koné,IT1,0,0,0,0,72
4621086_679423,4621086,679423,6574,6574,2026-05-17,Tarik Muharemović,IT1,1,0,0,0,90
4621085_964580,4621085,964580,12,12,2026-05-17,Wesley,IT1,0,0,0,0,70
4621085_813137,4621085,813137,12,12,2026-05-17,Niccolò Pisilli,IT1,0,0,0,1,45
4621085_668951,4621085,668951,12,12,2026-05-17,Matías Soulé,IT1,0,0,0,0,7
4621085_525704,4621085,525704,398,398,2026-05-17,Nicolò Rovella,IT1,0,0,0,0,70
4621083_463618,4621083,463618,506,506,2026-05-17,Khéphren Thuram,IT1,0,0,0,0,21
4621085_470394,4621085,470394,398,398,2026-05-17,Kenneth Taylor,IT1,1,0,0,0,62
4621085_371149,4621085,371149,12,12,2026-05-17,Evan Ndicka,IT1,0,0,0,0,37
4621085_326029,4621085,326029,12,12,2026-05-17,Donyell Malen,IT1,0,0,0,0,83
4621084_830365,4621084,830365,6195,6195,2026-05-17,Alisson Santos,IT1,1,0,0,0,80
4621084_610442,4621084,610442,6195,6195,2026-05-17,Rasmus Højlund,IT1,0,0,1,1,90
4621084_386446,4621084,386446,6195,6195,2026-05-17,Alessandro Buongiorno,IT1,0,0,0,0,59
4621084_315969,4621084,315969,6195,6195,2026-05-17,Scott McTominay,IT1,0,0,1,0,90
4621083_845654,4621083,845654,506,506,2026-05-17,Kenan Yıldız,IT1,0,0,0,0,90
4621083_585949,4621083,585949,506,506,2026-05-17,Pierre Kalulu,IT1,0,0,0,0,90
4621083_516716,4621083,516716,506,506,2026-05-17,Bremer,IT1,1,0,0,0,90
4621083_487474,4621083,487474,506,506,2026-05-17,Francisco Conceição,IT1,0,0,0,0,69
4626165_926952,4626165,926952,985,985,2026-05-17,Patrick Dorgu,GB1,0,0,0,0,10
4626161_823486,4626161,823486,1148,1148,2026-05-17,Michael Kayode,GB1,1,0,0,0,90
4626166_314875,4626166,314875,379,379,2026-05-17,Jarrod Bowen,GB1,0,0,0,0,90
4642426_552655,4642426,552655,1090,1090,2026-05-17,Troy Parrott,NL1,0,0,0,1,37
4645991_724520,4645991,724520,150,150,2026-05-17,Abde Ezzalzouli,ES1,0,0,0,0,79
4645991_705395,4645991,705395,131,131,2026-05-17,Gerard Martín,ES1,0,0,0,0,90
4645991_683840,4645991,683840,131,131,2026-05-17,Pedri,ES1,0,0,0,1,90
4645991_646740,4645991,646740,131,131,2026-05-17,Gavi,ES1,0,0,0,0,90
4645991_636703,4645991,636703,131,131,2026-05-17,Fermín López,ES1,0,0,0,0,45
4645991_636688,4645991,636688,131,131,2026-05-17,Alejandro Balde,ES1,0,0,0,0,45
4645991_602105,4645991,602105,150,150,2026-05-17,Antony,ES1,0,0,0,0,85
4645991_561613,4645991,561613,131,131,2026-05-17,Joan García,ES1,0,0,0,0,90
4645991_466794,4645991,466794,131,131,2026-05-17,Eric García,ES1,0,0,0,0,63
4645991_411975,4645991,411975,131,131,2026-05-17,Jules Koundé,ES1,1,0,0,0,90
4645991_411295,4645991,411295,131,131,2026-05-17,Raphinha,ES1,0,0,2,0,63
4645991_293385,4645991,293385,131,131,2026-05-17,Dani Olmo,ES1,0,0,0,0,15
4645991_1018920,4645991,1018920,131,131,2026-05-17,Marc Bernal,ES1,0,0,0,0,75
4645990_844637,4645990,844637,13,13,2026-05-17,Marc Pubill,ES1,0,0,0,0,90
4645990_742201,4645990,742201,13,13,2026-05-17,Giuliano Simeone,ES1,0,0,0,0,45
4645990_616631,4645990,616631,13,13,2026-05-17,Matteo Ruggeri,ES1,0,0,0,0,90
4645990_548111,4645990,548111,13,13,2026-05-17,Álex Baena,ES1,0,0,0,0,61
4645990_406040,4645990,406040,13,800,2026-05-17,Ademola Lookman,ES1,0,0,1,0,63
4645990_404418,4645990,404418,13,13,2026-05-17,Dávid Hancko,ES1,0,0,0,0,90
4645990_1005575,4645990,1005575,12321,12321,2026-05-17,Vitor Reis,ES1,0,0,0,0,90
4645989_938729,4645989,938729,621,621,2026-05-17,Mikel Jauregizar,ES1,0,0,0,0,71
4642433_748804,4642433,748804,610,610,2026-05-17,Mika Godts,NL1,0,0,0,0,85
4642432_702869,4642432,702869,383,383,2026-05-17,Ismael Saibari,NL1,0,0,0,0,19
4642432_627207,4642432,627207,383,383,2026-05-17,Ricardo Pepi,NL1,0,0,1,0,90
4642432_408574,4642432,408574,383,383,2026-05-17,Joey Veerman,NL1,0,0,0,0,19
4645991_735568,4645991,735568,150,150,2026-05-17,Natan,ES1,0,0,0,0,90
4645994_485963,4645994,485963,1050,1050,2026-05-17,Pape Gueye,ES1,0,0,0,0,72
4645994_733576,4645994,733576,1050,1050,2026-05-17,Alberto Moleiro,ES1,0,0,0,0,90
4645998_935230,4645998,935230,418,418,2026-05-17,Gonzalo García,ES1,0,0,0,0,13
4626166_361093,4626166,361093,762,762,2026-05-17,Sven Botman,GB1,0,0,0,0,90
4850160_893661,4850160,893661,2282,2282,2026-05-17,Joel Ordóñez,EJPL,0,0,0,0,90
4850160_780136,4850160,780136,2282,2282,2026-05-17,Aleksandar Stanković,EJPL,0,0,0,0,75
4850160_717329,4850160,717329,2282,2282,2026-05-17,Nicolò Tresoldi,EJPL,0,0,0,0,75
4850160_451677,4850160,451677,2282,2282,2026-05-17,Christos Tzolis,EJPL,1,0,1,3,90
4850159_1105541,4850159,1105541,58,58,2026-05-17,Nathan De Cat,EJPL,0,0,0,0,90
4649382_720286,4649382,720286,932,932,2026-05-17,Aleksey Batrakov,RU1,1,0,0,0,90
4649382_651580,4649382,651580,2410,2410,2026-05-17,Matvey Kislyak,RU1,0,0,0,0,90
4649380_515744,4649380,515744,16704,16704,2026-05-17,Eduard Spertsyan,RU1,0,0,1,0,90
4649379_800175,4649379,800175,964,964,2026-05-17,Luiz Henrique,RU1,1,0,0,0,81
4648071_648779,4648071,648779,141,141,2026-05-17,Wilfried Singo,TR1,1,0,0,0,90
4645998_890290,4645998,890290,418,418,2026-05-17,Dean Huijsen,ES1,0,0,0,0,90
4645995_1018938,4645995,1018938,681,681,2026-05-17,Jon Martín,ES1,1,0,0,0,90
4645998_640428,4645998,640428,418,418,2026-05-17,Eduardo Camavinga,ES1,0,0,0,0,20
4645998_413112,4645998,413112,418,418,2026-05-17,Aurélien Tchouaméni,ES1,0,0,0,0,70
4645998_371998,4645998,371998,418,418,2026-05-17,Vinicius Junior,ES1,0,0,1,0,77
4645998_342229,4645998,342229,418,418,2026-05-17,Kylian Mbappé,ES1,0,0,0,0,90
4645998_314678,4645998,314678,418,418,2026-05-17,Brahim Díaz,ES1,0,0,0,0,77
4645998_314353,4645998,314353,418,418,2026-05-17,Trent Alexander-Arnold,ES1,0,0,0,0,13
4645998_1057316,4645998,1057316,418,418,2026-05-17,Franco Mastantuono,ES1,0,0,0,0,20
4645997_935231,4645997,935231,331,331,2026-05-17,Víctor Muñoz,ES1,0,0,1,0,90
4645997_709372,4645997,709372,714,714,2026-05-17,Carlos Romero,ES1,0,0,1,0,90
4645995_834764,4645995,834764,1049,1049,2026-05-17,Javi Guerra,ES1,0,0,2,0,90
4645995_351478,4645995,351478,681,681,2026-05-17,Mikel Oyarzabal,ES1,0,0,0,1,33
4642431_997903,4642431,997903,234,234,2026-05-17,Givairo Read,NL1,0,0,0,0,61
4645998_581678,4645998,581678,418,418,2026-05-17,Jude Bellingham,ES1,0,0,0,0,87
4635311_971570,4635311,971570,1041,418,2026-05-17,Endrick,FR1,0,0,0,0,71
4626167_1011131,4626167,1011131,931,931,2026-05-17,Josh King,GB1,0,0,0,0,23
4635306_652275,4635306,652275,1082,1082,2026-05-17,Hákon Arnar Haraldsson,FR1,1,0,0,0,82
4635306_548254,4635306,548254,1082,1082,2026-05-17,Nathan Ngoy,FR1,1,0,0,0,90
4635306_1097139,4635306,1097139,1082,1082,2026-05-17,Ayyoub Bouaddi,FR1,0,0,0,0,90
4626167_900195,4626167,900195,931,660,2026-05-17,Kevin,GB1,0,0,0,0,45
4626167_800176,4626167,800176,543,543,2026-05-17,André,GB1,1,0,0,0,90
4626167_735570,4626167,735570,543,543,2026-05-17,João Gomes,GB1,0,0,0,0,90
4626167_661207,4626167,661207,931,281,2026-05-17,Oscar Bobb,GB1,0,0,0,0,79
4626167_461883,4626167,461883,931,931,2026-05-17,Calvin Bassey,GB1,0,0,0,0,90
4626167_333014,4626167,333014,931,931,2026-05-17,Sander Berge,GB1,0,0,0,0,45
4626167_279455,4626167,279455,931,931,2026-05-17,Harry Wilson,GB1,0,0,0,0,11
4626166_388165,4626166,388165,762,762,2026-05-17,Yoane Wissa,GB1,0,0,0,0,5
4626166_880245,4626166,880245,379,379,2026-05-17,Mateus Fernandes,GB1,0,0,0,0,90
4635308_1185888,4635308,1185888,583,583,2026-05-17,Ibrahim Mbaye,FR1,0,0,0,0,32
4626166_670858,4626166,670858,762,762,2026-05-17,Lewis Hall,GB1,1,0,0,0,90
4626166_609556,4626166,609556,762,762,2026-05-17,William Osula,GB1,0,0,2,0,85
4626166_583189,4626166,583189,762,762,2026-05-17,Anthony Elanga,GB1,0,0,0,0,5
4626166_521964,4626166,521964,762,762,2026-05-17,Malick Thiaw,GB1,0,0,0,0,90
4626166_520624,4626166,520624,762,762,2026-05-17,Bruno Guimarães,GB1,0,0,0,0,90
4626166_503749,4626166,503749,762,762,2026-05-17,Jacob Ramsey,GB1,0,0,0,1,90
4626166_474701,4626166,474701,379,379,2026-05-17,Crysencio Summerville,GB1,0,0,0,0,90
4626166_455661,4626166,455661,762,762,2026-05-17,Nick Woltemade,GB1,0,0,1,0,75
4626166_398065,4626166,398065,762,762,2026-05-17,Harvey Barnes,GB1,0,0,0,1,75
4626166_397033,4626166,397033,762,762,2026-05-17,Sandro Tonali,GB1,0,0,0,0,53
4635311_743386,4635311,743386,1041,1041,2026-05-17,Malick Fofana,FR1,0,0,0,0,19
4635306_724129,4635306,724129,1082,1082,2026-05-17,Matias Fernandez-Pardo,FR1,0,0,0,0,90
4626166_522784,4626166,522784,379,379,2026-05-17,Taty Castellanos,GB1,0,0,1,0,64
4635308_181767,4635308,181767,583,583,2026-05-17,Marquinhos,FR1,0,0,0,0,90
4635309_420213,4635309,420213,244,244,2026-05-17,Quinten Timber,FR1,0,0,0,0,8
4635310_918969,4635310,918969,162,162,2026-05-17,Lamine Camara,FR1,1,0,2,0,90
4635308_288230,4635308,288230,583,583,2026-05-17,Ousmane Dembélé,FR1,0,0,0,0,27
4635310_849410,4635310,849410,667,667,2026-05-17,Valentín Barco,FR1,0,0,0,0,59
4635310_834397,4635310,834397,667,667,2026-05-17,Mike Penders,FR1,0,0,0,0,90
4635310_745200,4635310,745200,162,162,2026-05-17,Maghnes Akliouche,FR1,0,0,0,0,67
4635310_655006,4635310,655006,667,667,2026-05-17,Diego Moreira,FR1,0,0,1,2,90
4635310_503770,4635310,503770,162,162,2026-05-17,Folarin Balogun,FR1,0,0,0,0,76
4635310_334526,4635310,334526,162,162,2026-05-17,Denis Zakaria,FR1,0,0,0,0,90
4635309_653610,4635309,653610,244,244,2026-05-17,Igor Paixão,FR1,0,0,0,0,72
4635309_532826,4635309,532826,244,244,2026-05-17,Mason Greenwood,FR1,0,0,0,1,90
4635309_461607,4635309,461607,273,273,2026-05-17,Estéban Lepaul,FR1,0,0,1,0,90
4635310_660867,4635310,660867,667,667,2026-05-17,Julio Enciso,FR1,0,0,0,3,90
4635309_418659,4635309,418659,244,244,2026-05-17,Amine Gouiri,FR1,1,0,1,0,90
4635308_557149,4635308,557149,583,583,2026-05-17,Kang-in Lee,FR1,0,0,0,0,32
4635308_350219,4635308,350219,583,583,2026-05-17,Fabián Ruiz,FR1,0,0,0,1,90
4635308_903693,4635308,903693,583,583,2026-05-17,Senny Mayulu,FR1,0,0,0,0,32
4635308_318470,4635308,318470,583,583,2026-05-17,Matvey Safonov,FR1,0,0,0,0,90
4635308_487469,4635308,487469,583,583,2026-05-17,Vitinha,FR1,0,0,0,0,68
4635308_550550,4635308,550550,583,583,2026-05-17,Gonçalo Ramos,FR1,0,0,0,0,63
4635308_502670,4635308,502670,583,583,2026-05-17,Khvicha Kvaratskhelia,FR1,0,0,0,0,58
4635308_659089,4635308,659089,583,583,2026-05-17,Ilya Zabarnyi,FR1,0,0,0,0,90
4635308_670681,4635308,670681,583,583,2026-05-17,João Neves,FR1,0,0,0,0,22
4635308_708265,4635308,708265,583,583,2026-05-17,Bradley Barcola,FR1,0,0,1,0,58
4635308_810092,4635308,810092,583,583,2026-05-17,Warren Zaïre-Emery,FR1,0,0,0,0,58
4634551_443710,4634551,443710,79,79,2026-05-16,Angelo Stiller,L1,0,0,0,0,90
4634551_939964,4634551,939964,24,24,2026-05-16,Jean-Mattéo Bahoya,L1,0,0,0,0,17
4634551_436064,4634551,436064,79,79,2026-05-16,Ramon Hendriks,L1,0,0,0,0,90
4634551_518505,4634551,518505,79,79,2026-05-16,Jamie Leweling,L1,0,0,0,0,90
4634551_585959,4634551,585959,24,24,2026-05-16,Arnaud Kalimuendo,L1,0,0,0,0,45
4634551_691892,4634551,691892,24,24,2026-05-16,Nathaniel Brown,L1,0,0,0,0,90
4634551_816585,4634551,816585,24,24,2026-05-16,Can Uzun,L1,0,0,0,0,60
4634551_924117,4634551,924117,79,79,2026-05-16,Finn Jeltsch,L1,0,0,0,0,3
4634552_526845,4634552,526845,60,60,2026-05-16,Noah Atubolu,L1,0,0,0,0,90
4634552_1390649,4634552,1390649,23826,23826,2026-05-16,Yan Diomande,L1,0,0,0,1,80
4634552_324278,4634552,324278,23826,23826,2026-05-16,Christoph Baumgartner,L1,1,0,0,0,90
4634552_404950,4634552,404950,23826,23826,2026-05-16,Nicolas Seiwald,L1,0,0,0,0,73
4634552_618472,4634552,618472,23826,23826,2026-05-16,Castello Lukeba,L1,0,0,0,0,90
4634552_700106,4634552,700106,23826,23826,2026-05-16,Brajan Gruda,L1,0,0,0,0,63
4634552_894914,4634552,894914,23826,23826,2026-05-16,Antonio Nusa,L1,0,0,0,0,27
4634550_905011,4634550,905011,15,15,2026-05-16,Ibrahim Maza,L1,0,0,0,0,90
4634552_897424,4634552,897424,23826,23826,2026-05-16,Assan Ouédraogo,L1,0,0,1,0,90
4634551_333647,4634551,333647,24,24,2026-05-16,Jonathan Burkardt,L1,0,0,2,0,30
4634549_344695,4634549,344695,27,27,2026-05-16,Dayot Upamecano,L1,0,0,0,0,90
4634550_892160,4634550,892160,41,148,2026-05-16,Luka Vuskovic,L1,0,0,0,0,90
4634549_480692,4634549,480692,27,27,2026-05-16,Luis Díaz,L1,0,0,0,1,90
4634552_957874,4634552,957874,23826,23826,2026-05-16,Rômulo,L1,0,0,0,0,17
4634549_1075147,4634549,1075147,27,27,2026-05-16,Lennart Karl,L1,0,0,0,1,61
4634549_1168219,4634549,1168219,3,3,2026-05-16,Said El Mala,L1,0,0,1,0,80
4634549_132098,4634549,132098,27,27,2026-05-16,Harry Kane,L1,0,0,3,0,90
4634549_161056,4634549,161056,27,27,2026-05-16,Joshua Kimmich,L1,0,0,0,2,90
4634549_196357,4634549,196357,27,27,2026-05-16,Jonathan Tah,L1,0,0,0,0,90
4634549_223967,4634549,223967,27,27,2026-05-16,Konrad Laimer,L1,1,0,0,0,45
4634549_483046,4634549,483046,27,27,2026-05-16,Josip Stanisic,L1,0,0,0,0,45
4634550_632349,4634550,632349,15,15,2026-05-16,Jarell Quansah,L1,0,0,1,0,90
4634549_566723,4634549,566723,27,27,2026-05-16,Michael Olise,L1,0,0,0,0,29
4634549_580195,4634549,580195,27,27,2026-05-16,Jamal Musiala,L1,0,0,0,0,70
4634549_776890,4634549,776890,27,27,2026-05-16,Nicolas Jackson,L1,0,0,1,0,7
4634549_822959,4634549,822959,27,27,2026-05-16,Tom Bischof,L1,0,0,1,0,90
4634550_401578,4634550,401578,15,15,2026-05-16,Exequiel Palacios,L1,0,0,0,0,90
4634550_467437,4634550,467437,15,15,2026-05-16,Malik Tillman,L1,0,0,0,0,62
4634550_564545,4634550,564545,15,15,2026-05-16,Edmond Tapsoba,L1,0,0,0,0,90
4634552_927353,4634552,927353,60,60,2026-05-16,Johan Manzambi,L1,0,0,0,1,72
4648936_701979,4648936,701979,336,336,2026-05-16,Geny Catamo,PO1,0,0,0,0,73
4634553_1084638,4634553,1084638,86,86,2026-05-16,Karim Coulibaly,L1,0,0,0,0,90
4648936_426620,4648936,426620,336,336,2026-05-16,Pedro Gonçalves,PO1,0,0,0,1,73
4648936_549006,4648936,549006,336,336,2026-05-16,Gonçalo Inácio,PO1,0,0,0,0,90
4634553_257814,4634553,257814,16,16,2026-05-16,Gregor Kobel,L1,0,0,0,0,90
4648937_1004725,4648937,1004725,720,720,2026-05-16,William Gomes,PO1,0,0,0,0,90
4648937_1162012,4648937,1162012,720,720,2026-05-16,Oskar Pietuszewski,PO1,0,0,0,0,34
4648937_357153,4648937,357153,720,720,2026-05-16,Diogo Costa,PO1,0,0,0,0,72
4648937_425918,4648937,425918,720,11,2026-05-16,Jakub Kiwior,PO1,0,0,0,0,90
4648937_699704,4648937,699704,720,720,2026-05-16,Gabri Veiga,PO1,0,0,0,0,34
4648937_756990,4648937,756990,720,720,2026-05-16,Alan Varela,PO1,0,0,0,0,90
4648937_926993,4648937,926993,720,720,2026-05-16,Victor Froholdt,PO1,0,0,0,1,82
4648937_957653,4648937,957653,720,720,2026-05-16,Rodrigo Mora,PO1,0,0,0,0,90
4648938_324503,4648938,324503,294,294,2026-05-16,Vangelis Pavlidis,PO1,0,0,0,0,90
4648938_504087,4648938,504087,294,294,2026-05-16,Tomás Araújo,PO1,0,0,0,1,90
4648938_537844,4648938,537844,294,294,2026-05-16,Anatoliy Trubin,PO1,0,0,0,0,90
4648938_670103,4648938,670103,294,294,2026-05-16,Andreas Schjelderup,PO1,0,0,0,0,84
4648938_735573,4648938,735573,294,294,2026-05-16,Richard Ríos,PO1,0,0,1,0,90
4648936_461496,4648936,461496,336,336,2026-05-16,Morten Hjulmand,PO1,0,0,1,0,90
4648936_572675,4648936,572675,336,336,2026-05-16,Maxi Araújo,PO1,0,0,0,0,90
4648936_424784,4648936,424784,336,336,2026-05-16,Luis Suárez,PO1,0,0,1,0,90
4634554_1067904,4634554,1067904,533,533,2026-05-16,Bazoumana Touré,L1,0,0,0,0,76
4634553_270541,4634553,270541,16,16,2026-05-16,Serhou Guirassy,L1,0,0,1,0,83
4634553_370789,4634553,370789,16,16,2026-05-16,Julian Ryerson,L1,0,0,0,1,88
4634553_388198,4634553,388198,16,16,2026-05-16,Nico Schlotterbeck,L1,0,0,0,0,90
4634553_406640,4634553,406640,16,16,2026-05-16,Felix Nmecha,L1,0,0,0,0,90
4648936_412669,4648936,412669,336,336,2026-05-16,Francisco Trincão,PO1,0,0,0,0,90
4634553_578392,4634553,578392,16,16,2026-05-16,Maximilian Beier,L1,0,0,0,0,69
4634553_796297,4634553,796297,16,16,2026-05-16,Jobe Bellingham,L1,0,0,0,0,83
4634553_496094,4634553,496094,16,16,2026-05-16,Karim Adeyemi,L1,0,0,0,1,7
4634554_524290,4634554,524290,533,533,2026-05-16,Fisnik Asllani,L1,0,0,0,0,65
4634554_579459,4634554,579459,533,533,2026-05-16,Albian Hajdari,L1,1,0,0,0,65
4634554_667457,4634554,667457,533,533,2026-05-16,Leon Avdullahu,L1,1,0,0,0,90
4634556_669380,4634556,669380,82,82,2026-05-16,Konstantinos Koulierakis,L1,0,0,1,0,90
4634557_643574,4634557,643574,39,39,2026-05-16,Kaishu Sano,L1,0,0,0,0,90
4648935_982575,4648935,982575,3329,3329,2026-05-16,Gustavo Sá,PO1,0,0,0,0,87
4648936_1138758,4648936,1138758,336,336,2026-05-16,Geovany Quenda,PO1,0,0,0,1,17
4626159_1108466,4626159,1108466,31,31,2026-05-15,Rio Ngumoha,GB1,0,0,0,0,90
4626159_249565,4626159,249565,405,405,2026-05-15,Youri Tielemans,GB1,0,0,0,0,90
4626159_324358,4626159,324358,405,405,2026-05-15,Ollie Watkins,GB1,1,0,2,1,90
4626159_357119,4626159,357119,31,31,2026-05-15,Ibrahima Konaté,GB1,0,0,0,0,90
4626159_413403,4626159,413403,405,405,2026-05-15,Ezri Konsa,GB1,0,0,0,0,90
4626159_433188,4626159,433188,31,31,2026-05-15,Curtis Jones,GB1,0,0,0,0,90
4626159_478573,4626159,478573,31,31,2026-05-15,Ryan Gravenberch,GB1,0,0,0,0,66
4626159_451276,4626159,451276,31,31,2026-05-15,Dominik Szoboszlai,GB1,0,0,0,2,90
4626159_434675,4626159,434675,31,31,2026-05-15,Cody Gakpo,GB1,0,0,0,0,74
4626159_485585,4626159,485585,405,405,2026-05-15,Ian Maatsen,GB1,0,0,0,0,5
4626159_503743,4626159,503743,405,405,2026-05-15,Morgan Rogers,GB1,0,0,1,1,90
4626159_534033,4626159,534033,31,31,2026-05-15,Alexis Mac Allister,GB1,0,0,0,0,90
4626159_598577,4626159,598577,31,31,2026-05-15,Florian Wirtz,GB1,0,0,0,0,24
4626159_730861,4626159,730861,31,31,2026-05-15,Milos Kerkez,GB1,0,0,0,0,90
4648067_454567,4648067,454567,114,114,2026-05-15,Orkun Kökçü,TR1,0,0,0,1,90
4626159_502676,4626159,502676,31,31,2026-05-15,Giorgi Mamardashvili,GB1,0,0,0,0,90
4645968_314678,4645968,314678,418,418,2026-05-14,Brahim Díaz,ES1,0,0,0,1,77
4645963_1005575,4645963,1005575,12321,12321,2026-05-14,Vitor Reis,ES1,0,0,0,0,90
4645963_1018938,4645963,1018938,681,681,2026-05-14,Jon Martín,ES1,0,0,1,0,90
4645963_351478,4645963,351478,681,681,2026-05-14,Mikel Oyarzabal,ES1,1,0,0,0,90
4645963_711374,4645963,711374,681,681,2026-05-14,Jon Gorrotxategi,ES1,0,0,0,0,57
4645966_834764,4645966,834764,1049,1049,2026-05-14,Javi Guerra,ES1,0,0,0,1,61
4645968_314353,4645968,314353,418,418,2026-05-14,Trent Alexander-Arnold,ES1,0,0,0,0,64
4645968_1057316,4645968,1057316,418,418,2026-05-14,Franco Mastantuono,ES1,0,0,0,0,77
4645968_342229,4645968,342229,418,418,2026-05-14,Kylian Mbappé,ES1,0,0,0,1,21
4645968_413112,4645968,413112,418,418,2026-05-14,Aurélien Tchouaméni,ES1,0,0,0,0,64
4645968_581678,4645968,581678,418,418,2026-05-14,Jude Bellingham,ES1,0,0,1,0,26
4645968_640428,4645968,640428,418,418,2026-05-14,Eduardo Camavinga,ES1,0,0,0,0,90
4645968_811778,4645968,811778,418,418,2026-05-14,Álvaro Carreras,ES1,0,0,0,0,90
4645968_935230,4645968,935230,418,418,2026-05-14,Gonzalo García,ES1,0,0,1,0,69
4645968_371998,4645968,371998,418,418,2026-05-14,Vinicius Junior,ES1,0,0,0,0,90
4626104_743591,4626104,743591,281,281,2026-05-13,Savinho,GB1,0,0,1,0,90
4626104_578539,4626104,578539,873,873,2026-05-13,Chris Richards,GB1,0,0,0,0,90
4626104_583255,4626104,583255,281,281,2026-05-13,Antoine Semenyo,GB1,0,0,1,0,90
4626104_601883,4626104,601883,281,281,2026-05-13,Matheus Nunes,GB1,0,0,0,0,58
4626104_607223,4626104,607223,281,281,2026-05-13,Rayan Cherki,GB1,0,0,0,1,11
4626104_730893,4626104,730893,873,873,2026-05-13,Tyrick Mitchell,GB1,1,0,0,0,90
4635262_655006,4635262,655006,667,667,2026-05-13,Diego Moreira,FR1,0,0,0,0,72
4626104_744149,4626104,744149,873,873,2026-05-13,Adam Wharton,GB1,0,0,0,0,30
4626104_763079,4626104,763079,281,281,2026-05-13,Abdukodir Khusanov,GB1,0,0,0,0,90
4635262_660867,4635262,660867,667,667,2026-05-13,Julio Enciso,FR1,0,0,0,1,90
4635262_834397,4635262,834397,667,667,2026-05-13,Mike Penders,FR1,0,0,0,0,90
4626104_568157,4626104,568157,873,1050,2026-05-13,Yéremy Pino,GB1,0,0,0,0,60
4626104_578391,4626104,578391,281,281,2026-05-13,Rayan Aït-Nouri,GB1,0,0,0,0,90
4626104_315858,4626104,315858,281,281,2026-05-13,Gianluigi Donnarumma,GB1,0,0,0,0,90
4626104_486049,4626104,486049,281,281,2026-05-13,Jérémy Doku,GB1,0,0,0,0,32
4626104_475959,4626104,475959,281,281,2026-05-13,Josko Gvardiol,GB1,0,0,0,0,58
4626104_470607,4626104,470607,873,148,2026-05-13,Brennan Johnson,GB1,0,0,0,0,75
4626104_445939,4626104,445939,281,281,2026-05-13,Omar Marmoush,GB1,0,0,1,0,79
4626104_434224,4626104,434224,873,873,2026-05-13,Maxence Lacroix,GB1,0,0,0,0,90
4626104_429983,4626104,429983,873,543,2026-05-13,Jørgen Strand Larsen,GB1,0,0,0,0,30
4626104_420002,4626104,420002,873,873,2026-05-13,Jean-Philippe Mateta,GB1,0,0,0,0,60
4626104_410225,4626104,410225,873,873,2026-05-13,Ismaïla Sarr,GB1,0,0,0,0,30
4626104_406635,4626104,406635,281,281,2026-05-13,Phil Foden,GB1,0,0,0,2,82
4626104_392757,4626104,392757,281,281,2026-05-13,Marc Guéhi,GB1,0,0,0,0,90
4635266_288230,4635266,288230,583,583,2026-05-13,Ousmane Dembélé,FR1,0,0,0,1,76
4626104_258919,4626104,258919,873,873,2026-05-13,Dean Henderson,GB1,0,0,0,0,90
4626104_1006411,4626104,1006411,873,873,2026-05-13,Jaydee Canvot,GB1,0,0,0,0,90
4635262_849410,4635262,849410,667,667,2026-05-13,Valentín Barco,FR1,0,0,1,0,90
4635266_1185888,4635266,1185888,583,583,2026-05-13,Ibrahim Mbaye,FR1,0,0,1,0,14
4645967_729814,4645967,729814,1050,1050,2026-05-13,Georges Mikautadze,ES1,0,0,1,1,70
4645959_1018920,4645959,1018920,131,131,2026-05-13,Marc Bernal,ES1,0,0,0,0,87
4645967_805714,4645967,805714,1050,1050,2026-05-13,Renato Veiga,ES1,1,0,0,0,90
4645967_733576,4645967,733576,1050,1050,2026-05-13,Alberto Moleiro,ES1,0,0,0,1,90
4635266_318470,4635266,318470,583,583,2026-05-13,Matvey Safonov,FR1,0,0,0,0,90
4645967_485963,4645967,485963,1050,1050,2026-05-13,Pape Gueye,ES1,0,0,0,0,60
4645964_938729,4645964,938729,621,621,2026-05-13,Mikel Jauregizar,ES1,0,0,0,0,27
4645964_709372,4645964,709372,714,714,2026-05-13,Carlos Romero,ES1,0,0,0,1,90
4645959_683840,4645959,683840,131,131,2026-05-13,Pedri,ES1,0,0,0,0,28
4645959_636688,4645959,636688,131,131,2026-05-13,Alejandro Balde,ES1,0,0,0,0,79
4645959_411975,4645959,411975,131,131,2026-05-13,Jules Koundé,ES1,0,0,0,0,90
4645959_398184,4645959,398184,131,131,2026-05-13,Ferran Torres,ES1,0,0,0,0,28
4645959_293385,4645959,293385,131,131,2026-05-13,Dani Olmo,ES1,0,0,0,0,90
4645959_258923,4645959,258923,131,131,2026-05-13,Marcus Rashford,ES1,1,0,0,0,90
4645959_962110,4645959,962110,131,131,2026-05-13,Pau Cubarsí,ES1,0,0,0,0,62
4635266_914562,4635266,914562,583,583,2026-05-13,Désiré Doué,FR1,0,0,0,1,90
4635266_808348,4635266,808348,826,826,2026-05-13,Mamadou Sangaré,FR1,0,0,0,0,90
4635266_743515,4635266,743515,826,826,2026-05-13,Robin Risser,FR1,0,0,0,0,90
4635266_708265,4635266,708265,583,583,2026-05-13,Bradley Barcola,FR1,0,0,0,0,45
4635266_670681,4635266,670681,583,583,2026-05-13,João Neves,FR1,0,0,0,0,76
4635266_659089,4635266,659089,583,583,2026-05-13,Ilya Zabarnyi,FR1,1,0,0,0,90
4635266_655217,4635266,655217,826,826,2026-05-13,Samson Baidoo,FR1,0,0,0,0,60
4635266_550550,4635266,550550,583,583,2026-05-13,Gonçalo Ramos,FR1,0,0,0,0,18
4635266_502670,4635266,502670,583,583,2026-05-13,Khvicha Kvaratskhelia,FR1,0,0,1,0,72
4635266_487469,4635266,487469,583,583,2026-05-13,Vitinha,FR1,0,0,0,0,45
4635266_350219,4635266,350219,583,583,2026-05-13,Fabián Ruiz,FR1,0,0,0,0,29
4635266_903693,4635266,903693,583,583,2026-05-13,Senny Mayulu,FR1,0,0,0,0,90
4645965_404418,4645965,404418,13,13,2026-05-12,Dávid Hancko,ES1,0,0,0,0,90
4645960_602105,4645960,602105,150,150,2026-05-12,Antony,ES1,0,0,0,0,90
4645960_724520,4645960,724520,150,150,2026-05-12,Abde Ezzalzouli,ES1,0,0,0,0,83
4645960_735568,4645960,735568,150,150,2026-05-12,Natan,ES1,1,0,0,0,24
4645965_844637,4645965,844637,13,13,2026-05-12,Marc Pubill,ES1,1,0,0,0,90
4645965_406040,4645965,406040,13,800,2026-05-12,Ademola Lookman,ES1,0,0,1,0,82
4645965_616631,4645965,616631,13,13,2026-05-12,Matteo Ruggeri,ES1,0,0,0,0,90
4626156_392771,4626156,392771,399,399,2026-05-11,Ethan Ampadu,GB1,0,0,0,0,90
4626156_866246,4626156,866246,148,148,2026-05-11,Lucas Bergvall,GB1,0,0,0,0,9
4626156_557459,4626156,557459,148,148,2026-05-11,Micky van de Ven,GB1,0,0,0,0,90
4621074_315969,4621074,315969,6195,6195,2026-05-11,Scott McTominay,IT1,0,0,0,0,90
4626156_556385,4626156,556385,148,148,2026-05-11,Destiny Udogie,GB1,0,0,0,0,85
4626156_553875,4626156,553875,148,148,2026-05-11,Pedro Porro,GB1,1,0,0,0,90
4626156_488362,4626156,488362,148,148,2026-05-11,Conor Gallagher,GB1,0,0,0,0,90
4626156_483348,4626156,483348,148,148,2026-05-11,Djed Spence,GB1,0,0,0,0,5
4648929_982575,4648929,982575,3329,3329,2026-05-11,Gustavo Sá,PO1,0,0,0,0,90
4626156_378710,4626156,378710,148,148,2026-05-11,Richarlison,GB1,0,0,0,0,90
4626156_344069,4626156,344069,399,399,2026-05-11,Anton Stach,GB1,0,0,0,0,90
4621074_849520,4621074,849520,1025,1025,2026-05-11,Santiago Castro,IT1,0,0,0,0,90
4621074_830365,4621074,830365,6195,6195,2026-05-11,Alisson Santos,IT1,0,0,1,0,90
4621074_672381,4621074,672381,1025,244,2026-05-11,Jonathan Rowe,IT1,0,0,1,0,17
4621074_610442,4621074,610442,6195,6195,2026-05-11,Rasmus Højlund,IT1,0,0,0,1,90
4621074_386446,4621074,386446,6195,6195,2026-05-11,Alessandro Buongiorno,IT1,0,0,0,0,90
4646009_1005575,4646009,1005575,12321,12321,2026-05-11,Vitor Reis,ES1,0,0,0,0,90
4648931_426620,4648931,426620,336,336,2026-05-11,Pedro Gonçalves,PO1,0,0,0,0,82
4648931_1138758,4648931,1138758,336,336,2026-05-11,Geovany Quenda,PO1,0,0,1,0,25
4648933_504087,4648933,504087,294,294,2026-05-11,Tomás Araújo,PO1,0,0,0,0,90
4648931_412669,4648931,412669,336,336,2026-05-11,Francisco Trincão,PO1,0,0,1,0,90
4649401_651580,4649401,651580,2410,2410,2026-05-11,Matvey Kislyak,RU1,0,0,0,0,90
4649397_515744,4649397,515744,16704,16704,2026-05-11,Eduard Spertsyan,RU1,0,0,0,1,82
4648933_670103,4648933,670103,294,294,2026-05-11,Andreas Schjelderup,PO1,0,0,0,1,90
4648933_606752,4648933,606752,1075,1075,2026-05-11,Rodrigo Zalazar,PO1,0,0,0,0,16
4648933_537844,4648933,537844,294,294,2026-05-11,Anatoliy Trubin,PO1,0,0,0,0,90
4648933_650568,4648933,650568,294,294,2026-05-11,António Silva,PO1,0,0,0,0,90
4648933_324503,4648933,324503,294,294,2026-05-11,Vangelis Pavlidis,PO1,0,0,1,0,29
4648931_974982,4648931,974982,336,336,2026-05-11,Ousmane Diomande,PO1,1,0,0,1,90
4648931_701979,4648931,701979,336,336,2026-05-11,Geny Catamo,PO1,0,0,0,0,26
4648931_572675,4648931,572675,336,336,2026-05-11,Maxi Araújo,PO1,0,0,0,1,90
4648931_549006,4648931,549006,336,336,2026-05-11,Gonçalo Inácio,PO1,0,0,0,0,90
4648931_424784,4648931,424784,336,336,2026-05-11,Luis Suárez,PO1,1,0,1,0,90
4626154_398065,4626154,398065,762,762,2026-05-10,Harvey Barnes,GB1,0,0,1,0,29
4626154_540664,4626154,540664,703,667,2026-05-10,Dilane Bakwa,GB1,0,0,0,0,64
4626154_521964,4626154,521964,762,762,2026-05-10,Malick Thiaw,GB1,0,0,0,0,90
4626154_503749,4626154,503749,762,762,2026-05-10,Jacob Ramsey,GB1,0,0,0,1,29
4626154_503680,4626154,503680,703,703,2026-05-10,Neco Williams,GB1,0,0,0,0,90
4626154_455661,4626154,455661,762,762,2026-05-10,Nick Woltemade,GB1,0,0,0,0,61
4626154_432164,4626154,432164,703,703,2026-05-10,Igor Jesus,GB1,1,0,0,0,83
4626154_413507,4626154,413507,703,703,2026-05-10,Nikola Milenković,GB1,0,0,0,0,90
4626150_730893,4626150,730893,873,873,2026-05-10,Tyrick Mitchell,GB1,0,0,0,0,90
4626154_397033,4626154,397033,762,762,2026-05-10,Sandro Tonali,GB1,0,0,0,0,90
4626154_388165,4626154,388165,762,762,2026-05-10,Yoane Wissa,GB1,0,0,0,0,19
4626154_361093,4626154,361093,762,762,2026-05-10,Sven Botman,GB1,0,0,0,0,90
4626154_333241,4626154,333241,762,762,2026-05-10,Joelinton,GB1,0,0,0,0,90
4626150_937941,4626150,937941,29,29,2026-05-10,Thierno Barry,GB1,0,0,0,0,20
4626150_744149,4626150,744149,873,873,2026-05-10,Adam Wharton,GB1,0,0,0,0,90
4626154_609556,4626154,609556,762,762,2026-05-10,William Osula,GB1,0,0,0,0,71
4626150_623570,4626150,623570,29,29,2026-05-10,Iliman Ndiaye,GB1,0,0,0,0,90
4626154_567576,4626154,567576,703,703,2026-05-10,Elliot Anderson,GB1,0,0,1,0,90
4626157_316264,4626157,316264,11,11,2026-05-10,Martin Ødegaard,GB1,0,0,0,1,23
4626154_670858,4626154,670858,762,762,2026-05-10,Lewis Hall,GB1,0,0,0,0,90
4626154_741238,4626154,741238,703,703,2026-05-10,Omari Hutchinson,GB1,0,0,0,0,26
4626157_522784,4626157,522784,379,379,2026-05-10,Taty Castellanos,GB1,1,0,0,0,67
4626157_503987,4626157,503987,11,11,2026-05-10,Noni Madueke,GB1,0,0,0,0,10
4626157_502821,4626157,502821,11,11,2026-05-10,Riccardo Calafiori,GB1,0,0,0,0,45
4626157_495666,4626157,495666,11,11,2026-05-10,William Saliba,GB1,1,0,0,0,90
4626157_479999,4626157,479999,11,11,2026-05-10,Eberechi Eze,GB1,0,0,0,0,67
4626157_474701,4626157,474701,379,379,2026-05-10,Crysencio Summerville,GB1,1,0,0,0,90
4626157_435338,4626157,435338,11,11,2026-05-10,Gabriel,GB1,0,0,0,0,90
4626157_433177,4626157,433177,11,11,2026-05-10,Bukayo Saka,GB1,1,0,0,0,80
4626157_423440,4626157,423440,11,11,2026-05-10,Martín Zubimendi,GB1,0,0,0,0,39
4626157_357662,4626157,357662,11,11,2026-05-10,Declan Rice,GB1,0,0,0,0,90
4626157_335721,4626157,335721,11,11,2026-05-10,Ben White,GB1,0,0,0,0,28
4626157_325443,4626157,325443,11,11,2026-05-10,Viktor Gyökeres,GB1,0,0,0,0,90
4626150_505219,4626150,505219,29,29,2026-05-10,James Garner,GB1,1,0,0,0,90
4626157_314875,4626157,314875,379,379,2026-05-10,Jarrod Bowen,GB1,0,0,0,0,90
4626157_309400,4626157,309400,11,11,2026-05-10,Kai Havertz,GB1,0,0,0,0,23
4626157_262749,4626157,262749,11,11,2026-05-10,David Raya,GB1,0,0,0,0,90
4626157_1111589,4626157,1111589,379,379,2026-05-10,El Hadji Malick Diouf,GB1,0,0,0,0,90
4626150_578539,4626150,578539,873,873,2026-05-10,Chris Richards,GB1,0,0,0,0,90
4626150_404842,4626150,404842,29,29,2026-05-10,Vitaliy Mykolenko,GB1,1,0,0,0,90
4626150_475188,4626150,475188,29,29,2026-05-10,Kiernan Dewsbury-Hall,GB1,0,0,0,0,90
4621073_571604,4621073,571604,800,800,2026-05-10,Giorgio Scalvini,IT1,0,0,0,0,48
4621075_668951,4621075,668951,12,12,2026-05-10,Matías Soulé,IT1,0,0,0,0,58
4621075_624690,4621075,624690,12,12,2026-05-10,Manu Koné,IT1,0,0,0,0,75
4621075_371149,4621075,371149,12,12,2026-05-10,Evan Ndicka,IT1,0,0,0,0,90
4621075_338670,4621075,338670,12,12,2026-05-10,Mile Svilar,IT1,0,0,0,0,90
4621075_326029,4621075,326029,12,12,2026-05-10,Donyell Malen,IT1,0,0,2,0,90
4621073_607854,4621073,607854,800,800,2026-05-10,Éderson,IT1,0,0,1,1,90
4621073_574671,4621073,574671,5,5,2026-05-10,Strahinja Pavlović,IT1,0,0,1,0,90
4621073_569598,4621073,569598,5,5,2026-05-10,Youssouf Fofana,IT1,0,0,0,0,32
4621075_964580,4621075,964580,12,12,2026-05-10,Wesley,IT1,0,0,0,0,90
4621073_459763,4621073,459763,800,800,2026-05-10,Marco Carnesecchi,IT1,0,0,0,0,90
4621073_435772,4621073,435772,800,800,2026-05-10,Charles De Ketelaere,IT1,0,0,0,0,63
4621073_434433,4621073,434433,800,1005,2026-05-10,Nikola Krstović,IT1,1,0,0,1,90
4621073_357164,4621073,357164,5,5,2026-05-10,Rafael Leão,IT1,1,0,0,0,58
4621073_344381,4621073,344381,5,5,2026-05-10,Christopher Nkunku,IT1,0,0,1,0,45
4621073_1077175,4621073,1077175,800,800,2026-05-10,Honest Ahanor,IT1,0,0,0,0,27
4626157_880245,4626157,880245,379,379,2026-05-10,Mateus Fernandes,GB1,0,0,0,0,90
4621075_813137,4621075,813137,12,12,2026-05-10,Niccolò Pisilli,IT1,0,0,0,0,32
4621077_1061282,4621077,1061282,1047,1047,2026-05-10,Assane Diao,IT1,0,0,0,0,81
4626150_470607,4626150,470607,873,148,2026-05-10,Brennan Johnson,GB1,0,0,0,0,80
4626149_503743,4626149,503743,405,405,2026-05-10,Morgan Rogers,GB1,0,0,0,0,90
4626150_434224,4626150,434224,873,873,2026-05-10,Maxence Lacroix,GB1,0,0,0,0,90
4626150_429983,4626150,429983,873,543,2026-05-10,Jørgen Strand Larsen,GB1,0,0,0,0,65
4626150_420002,4626150,420002,873,873,2026-05-10,Jean-Philippe Mateta,GB1,0,0,1,0,25
4626150_410225,4626150,410225,873,873,2026-05-10,Ismaïla Sarr,GB1,0,0,1,0,90
4626150_258919,4626150,258919,873,873,2026-05-10,Dean Henderson,GB1,0,0,0,0,90
4626150_1006411,4626150,1006411,873,873,2026-05-10,Jaydee Canvot,GB1,0,0,0,0,90
4626149_842341,4626149,842341,1132,1132,2026-05-10,Maxime Estève,GB1,0,0,0,0,90
4626149_485585,4626149,485585,405,405,2026-05-10,Ian Maatsen,GB1,0,0,0,0,74
4621077_1190411,4621077,1190411,1047,1047,2026-05-10,Jesús Rodríguez,IT1,0,0,0,0,45
4626149_413403,4626149,413403,405,405,2026-05-10,Ezri Konsa,GB1,0,0,0,0,90
4626149_324358,4626149,324358,405,405,2026-05-10,Ollie Watkins,GB1,0,0,1,0,90
4626149_249565,4626149,249565,405,405,2026-05-10,Youri Tielemans,GB1,0,0,0,0,90
4621077_948294,4621077,948294,1047,1047,2026-05-10,Nico Paz,IT1,0,0,0,0,90
4621077_668547,4621077,668547,1047,1047,2026-05-10,Máximo Perrone,IT1,0,0,0,0,45
4621077_580451,4621077,580451,1047,1047,2026-05-10,Martin Baturina,IT1,0,0,0,0,45
4621077_523318,4621077,523318,1047,1047,2026-05-10,Anastasios Douvikas,IT1,0,0,1,0,90
4626157_646750,4626157,646750,11,11,2026-05-10,Cristhian Mosquera,GB1,1,0,0,0,45
4626154_520624,4626154,520624,762,762,2026-05-10,Bruno Guimarães,GB1,0,0,0,0,90
4626157_890721,4626157,890721,11,11,2026-05-10,Myles Lewis-Skelly,GB1,0,0,0,0,90
4646012_314678,4646012,314678,418,418,2026-05-10,Brahim Díaz,ES1,0,0,0,0,79
4646012_561613,4646012,561613,131,131,2026-05-10,Joan García,ES1,0,0,0,0,90
4646012_466794,4646012,466794,131,131,2026-05-10,Eric García,ES1,0,0,0,0,90
4646012_413112,4646012,413112,418,418,2026-05-10,Aurélien Tchouaméni,ES1,0,0,0,0,90
4646012_411295,4646012,411295,131,131,2026-05-10,Raphinha,ES1,1,0,0,0,26
4646012_398184,4646012,398184,131,131,2026-05-10,Ferran Torres,ES1,0,0,1,0,77
4646012_371998,4646012,371998,418,418,2026-05-10,Vinicius Junior,ES1,0,0,0,0,90
4646012_326330,4646012,326330,131,131,2026-05-10,Frenkie de Jong,ES1,0,0,0,0,26
4646012_314353,4646012,314353,418,418,2026-05-10,Trent Alexander-Arnold,ES1,1,0,0,0,90
4646012_636688,4646012,636688,131,131,2026-05-10,Alejandro Balde,ES1,0,0,0,0,2
4646012_293385,4646012,293385,131,131,2026-05-10,Dani Olmo,ES1,1,0,0,1,64
4646012_258923,4646012,258923,131,131,2026-05-10,Marcus Rashford,ES1,0,0,1,0,64
4646012_1057316,4646012,1057316,418,418,2026-05-10,Franco Mastantuono,ES1,0,0,0,0,11
4646012_1018920,4646012,1018920,131,131,2026-05-10,Marc Bernal,ES1,0,0,0,0,13
4646010_938729,4646010,938729,621,621,2026-05-10,Mikel Jauregizar,ES1,0,0,0,0,90
4646010_834764,4646010,834764,1049,1049,2026-05-10,Javi Guerra,ES1,0,0,0,0,83
4646010_709187,4646010,709187,621,621,2026-05-10,Nico Williams,ES1,0,0,0,0,36
4646012_581678,4646012,581678,418,418,2026-05-10,Jude Bellingham,ES1,1,0,0,0,90
4646012_636703,4646012,636703,131,131,2026-05-10,Fermín López,ES1,0,0,0,0,88
4642441_627207,4642441,627207,383,383,2026-05-10,Ricardo Pepi,NL1,0,0,1,0,86
4648928_1004725,4648928,1004725,720,720,2026-05-10,William Gomes,PO1,0,0,0,0,31
4850156_1105541,4850156,1105541,58,58,2026-05-10,Nathan De Cat,EJPL,1,0,0,0,73
4649395_800175,4649395,800175,964,964,2026-05-10,Luiz Henrique,RU1,0,0,1,0,76
4648928_957653,4648928,957653,720,720,2026-05-10,Rodrigo Mora,PO1,0,0,0,0,81
4648928_926993,4648928,926993,720,720,2026-05-10,Victor Froholdt,PO1,0,0,0,0,31
4648928_756990,4648928,756990,720,720,2026-05-10,Alan Varela,PO1,0,0,0,0,68
4648928_699704,4648928,699704,720,720,2026-05-10,Gabri Veiga,PO1,0,0,0,0,9
4648928_1162012,4648928,1162012,720,720,2026-05-10,Oskar Pietuszewski,PO1,0,0,0,0,22
4646014_805714,4646014,805714,1050,1050,2026-05-10,Renato Veiga,ES1,0,0,0,0,90
4646012_640428,4646012,640428,418,418,2026-05-10,Eduardo Camavinga,ES1,1,0,0,0,70
4646014_733576,4646014,733576,1050,1050,2026-05-10,Alberto Moleiro,ES1,0,0,0,0,27
4646014_729814,4646014,729814,1050,1050,2026-05-10,Georges Mikautadze,ES1,0,0,0,0,20
4646012_962110,4646012,962110,131,131,2026-05-10,Pau Cubarsí,ES1,0,0,0,0,90
4646012_935230,4646012,935230,418,418,2026-05-10,Gonzalo García,ES1,0,0,0,0,79
4646012_705395,4646012,705395,131,131,2026-05-10,Gerard Martín,ES1,0,0,0,0,90
4646012_683840,4646012,683840,131,131,2026-05-10,Pedri,ES1,0,0,0,0,90
4646012_646740,4646012,646740,131,131,2026-05-10,Gavi,ES1,0,0,0,0,77
4646010_571020,4646010,571020,621,621,2026-05-10,Oihan Sancet,ES1,0,0,0,0,65
4850190_990148,4850190,990148,1184,1184,2026-05-10,Konstantinos Karetsas,POBE,0,0,0,0,33
4642439_997903,4642439,997903,234,234,2026-05-10,Givairo Read,NL1,0,0,0,0,45
4635294_550550,4635294,550550,583,583,2026-05-10,Gonçalo Ramos,FR1,0,0,0,0,61
4635295_420213,4635295,420213,244,244,2026-05-10,Quinten Timber,FR1,1,0,0,0,87
4635295_418659,4635295,418659,244,244,2026-05-10,Amine Gouiri,FR1,0,0,0,0,90
4635294_914562,4635294,914562,583,583,2026-05-10,Désiré Doué,FR1,0,0,1,0,37
4635294_903693,4635294,903693,583,583,2026-05-10,Senny Mayulu,FR1,0,0,0,0,90
4635294_708265,4635294,708265,583,583,2026-05-10,Bradley Barcola,FR1,0,0,0,0,69
4635294_670681,4635294,670681,583,583,2026-05-10,João Neves,FR1,0,0,0,0,21
4635294_659089,4635294,659089,583,583,2026-05-10,Ilya Zabarnyi,FR1,0,0,0,0,90
4635294_502670,4635294,502670,583,583,2026-05-10,Khvicha Kvaratskhelia,FR1,0,0,0,0,29
4635295_653610,4635295,653610,244,244,2026-05-10,Igor Paixão,FR1,0,0,0,0,90
4635294_350219,4635294,350219,583,583,2026-05-10,Fabián Ruiz,FR1,0,0,0,0,61
4635294_288230,4635294,288230,583,583,2026-05-10,Ousmane Dembélé,FR1,0,0,0,0,29
4635294_181767,4635294,181767,583,583,2026-05-10,Marquinhos,FR1,0,0,0,0,90
4634539_927353,4634539,927353,60,60,2026-05-10,Johan Manzambi,L1,0,0,0,0,58
4634539_892160,4634539,892160,41,148,2026-05-10,Luka Vuskovic,L1,1,0,1,0,90
4634539_526845,4634539,526845,60,60,2026-05-10,Noah Atubolu,L1,0,0,0,0,90
4634538_1168219,4634538,1168219,3,3,2026-05-10,Said El Mala,L1,1,0,0,0,90
4635295_532826,4635295,532826,244,244,2026-05-10,Mason Greenwood,FR1,0,0,1,0,87
4635294_557149,4635294,557149,583,583,2026-05-10,Kang-in Lee,FR1,0,0,0,0,53
4635296_597659,4635296,597659,415,415,2026-05-10,Charlie Cresswell,FR1,1,0,0,0,90
4635302_334526,4635302,334526,162,162,2026-05-10,Denis Zakaria,FR1,0,0,0,0,90
4635296_618494,4635296,618494,1041,1041,2026-05-10,Tyler Morton,FR1,0,0,0,0,83
4642435_748804,4642435,748804,610,610,2026-05-10,Mika Godts,NL1,0,0,0,0,90
4635302_918969,4635302,918969,162,162,2026-05-10,Lamine Camara,FR1,0,0,0,0,90
4635302_745200,4635302,745200,162,162,2026-05-10,Maghnes Akliouche,FR1,0,0,0,0,90
4635302_724129,4635302,724129,1082,1082,2026-05-10,Matias Fernandez-Pardo,FR1,1,0,0,0,90
4635302_652275,4635302,652275,1082,1082,2026-05-10,Hákon Arnar Haraldsson,FR1,0,0,0,0,89
4635302_548254,4635302,548254,1082,1082,2026-05-10,Nathan Ngoy,FR1,0,0,0,0,90
4635302_503770,4635302,503770,162,162,2026-05-10,Folarin Balogun,FR1,0,0,0,0,90
4642439_552655,4642439,552655,1090,1090,2026-05-10,Troy Parrott,NL1,0,0,1,0,90
4635302_1097139,4635302,1097139,1082,1082,2026-05-10,Ayyoub Bouaddi,FR1,1,0,0,0,45
4635301_834397,4635301,834397,667,667,2026-05-10,Mike Penders,FR1,0,0,0,0,90
4635301_660867,4635301,660867,667,667,2026-05-10,Julio Enciso,FR1,0,0,1,0,90
4635299_461607,4635299,461607,273,273,2026-05-10,Estéban Lepaul,FR1,0,0,1,0,87
4635296_971570,4635296,971570,1041,418,2026-05-10,Endrick,FR1,1,0,0,1,90
4634532_643574,4634532,643574,39,39,2026-05-10,Kaishu Sano,L1,0,0,0,0,90
4635296_743386,4635296,743386,1041,1041,2026-05-10,Malick Fofana,FR1,0,0,0,0,1
4626152_433188,4626152,433188,31,31,2026-05-09,Curtis Jones,GB1,0,0,0,0,90
4626152_502676,4626152,502676,31,31,2026-05-09,Giorgi Mamardashvili,GB1,0,0,0,0,90
4626152_484547,4626152,484547,31,31,2026-05-09,Jeremie Frimpong,GB1,0,0,0,0,90
4626152_478573,4626152,478573,31,31,2026-05-09,Ryan Gravenberch,GB1,0,0,1,0,90
4626152_475411,4626152,475411,631,631,2026-05-09,Wesley Fofana,GB1,0,0,0,0,90
4626152_472423,4626152,472423,631,631,2026-05-09,Reece James,GB1,0,0,0,0,27
4626152_451276,4626152,451276,31,31,2026-05-09,Dominik Szoboszlai,GB1,0,0,0,0,90
4626152_434675,4626152,434675,31,31,2026-05-09,Cody Gakpo,GB1,0,0,0,0,77
4626152_1108466,4626152,1108466,31,31,2026-05-09,Rio Ngumoha,GB1,0,0,0,1,67
4626152_357119,4626152,357119,31,31,2026-05-09,Ibrahima Konaté,GB1,0,0,0,0,77
4626152_349066,4626152,349066,31,31,2026-05-09,Alexander Isak,GB1,0,0,0,0,23
4626152_284857,4626152,284857,631,631,2026-05-09,Marc Cucurella,GB1,1,0,0,0,90
4626152_534033,4626152,534033,31,31,2026-05-09,Alexis Mac Allister,GB1,1,0,0,0,90
4626151_955357,4626151,955357,989,989,2026-05-09,Junior Kroupi,GB1,0,0,0,0,79
4626151_900195,4626151,900195,931,660,2026-05-09,Kevin,GB1,0,0,0,0,28
4626151_855256,4626151,855256,989,989,2026-05-09,Alex Scott,GB1,1,0,0,0,90
4626151_711337,4626151,711337,989,989,2026-05-09,Evanilson,GB1,0,0,0,0,43
4626151_661207,4626151,661207,931,281,2026-05-09,Oscar Bobb,GB1,0,0,0,0,28
4626153_486049,4626153,486049,281,281,2026-05-09,Jérémy Doku,GB1,0,0,1,0,90
4626152_568177,4626152,568177,631,631,2026-05-09,Cole Palmer,GB1,0,0,0,0,90
4626152_614258,4626152,614258,631,631,2026-05-09,Levi Colwill,GB1,0,0,0,0,90
4626151_469781,4626151,469781,989,989,2026-05-09,Marcos Senesi,GB1,0,0,0,0,90
4626153_473050,4626153,473050,1148,1148,2026-05-09,Kevin Schade,GB1,0,0,0,0,90
4626153_469050,4626153,469050,1148,1148,2026-05-09,Nathan Collins,GB1,0,0,0,0,90
4626153_460939,4626153,460939,281,281,2026-05-09,Tijjani Reijnders,GB1,0,0,0,0,60
4626153_445939,4626153,445939,281,281,2026-05-09,Omar Marmoush,GB1,1,0,1,0,30
4626153_418560,4626153,418560,281,281,2026-05-09,Erling Haaland,GB1,0,0,1,1,90
4626153_406635,4626153,406635,281,281,2026-05-09,Phil Foden,GB1,0,0,0,0,30
4626153_392757,4626153,392757,281,281,2026-05-09,Marc Guéhi,GB1,0,0,0,0,90
4626153_340918,4626153,340918,1148,1148,2026-05-09,Caoimhín Kelleher,GB1,0,0,0,0,90
4626153_315858,4626153,315858,281,281,2026-05-09,Gianluigi Donnarumma,GB1,0,0,0,0,90
4626152_904802,4626152,904802,631,631,2026-05-09,Jorrel Hato,GB1,1,0,0,0,90
4626152_743600,4626152,743600,631,631,2026-05-09,Andrey Santos,GB1,0,0,0,0,63
4626152_730861,4626152,730861,31,31,2026-05-09,Milos Kerkez,GB1,0,0,0,0,90
4626152_687626,4626152,687626,631,631,2026-05-09,Moisés Caicedo,GB1,1,0,0,0,90
4626152_648195,4626152,648195,631,631,2026-05-09,Enzo Fernández,GB1,1,0,1,0,90
4626152_626724,4626152,626724,631,631,2026-05-09,João Pedro,GB1,0,0,0,0,90
4626152_620322,4626152,620322,631,631,2026-05-09,Malo Gusto,GB1,0,0,0,0,90
4626151_654539,4626151,654539,989,989,2026-05-09,Adrien Truffert,GB1,0,0,0,0,90
4621072_845654,4621072,845654,506,506,2026-05-09,Kenan Yıldız,IT1,0,0,0,0,83
4626151_465555,4626151,465555,989,989,2026-05-09,Djordje Petrovic,GB1,0,0,0,0,90
4621071_441986,4621071,441986,46,46,2026-05-09,Yann Bisseck,IT1,0,0,0,0,90
4621072_357498,4621072,357498,506,506,2026-05-09,Dušan Vlahović,IT1,0,0,1,0,77
4621072_332697,4621072,332697,506,506,2026-05-09,Weston McKennie,IT1,0,0,0,0,86
4621072_265088,4621072,265088,506,506,2026-05-09,Manuel Locatelli,IT1,0,0,0,0,90
4621071_827734,4621071,827734,46,46,2026-05-09,Ange-Yoan Bonny,IT1,0,0,0,1,45
4621071_668207,4621071,668207,46,46,2026-05-09,Petar Sučić,IT1,0,0,1,0,80
4621071_618341,4621071,618341,398,398,2026-05-09,Mario Gila,IT1,0,0,0,0,56
4621071_525704,4621071,525704,398,398,2026-05-09,Nicolò Rovella,IT1,0,0,0,0,56
4621071_406625,4621071,406625,46,46,2026-05-09,Lautaro Martínez,IT1,0,0,1,1,63
4621072_516716,4621072,516716,506,506,2026-05-09,Bremer,IT1,0,0,0,0,90
4621071_321528,4621071,321528,46,46,2026-05-09,Denzel Dumfries,IT1,0,0,0,0,27
4621071_318528,4621071,318528,46,46,2026-05-09,Marcus Thuram,IT1,0,0,0,1,45
4621071_315853,4621071,315853,46,46,2026-05-09,Alessandro Bastoni,IT1,0,0,0,0,63
4621071_255942,4621071,255942,46,46,2026-05-09,Nicolò Barella,IT1,0,0,0,0,45
4621068_895937,4621068,895937,1390,1390,2026-05-09,Marco Palestra,IT1,0,0,0,0,62
4621068_855308,4621068,855308,410,410,2026-05-09,Arthur Atta,IT1,0,0,0,0,90
4626153_583255,4626153,583255,281,281,2026-05-09,Antoine Semenyo,GB1,0,0,0,0,90
4621072_487474,4621072,487474,506,506,2026-05-09,Francisco Conceição,IT1,1,0,0,0,83
4621072_533738,4621072,533738,506,506,2026-05-09,Jonathan David,IT1,0,0,0,0,7
4626151_461883,4626151,461883,931,931,2026-05-09,Calvin Bassey,GB1,0,0,0,0,90
4626148_800176,4626148,800176,543,543,2026-05-09,André,GB1,1,0,0,0,90
4626151_399434,4626151,399434,989,989,2026-05-09,Marcus Tavernier,GB1,1,0,0,0,78
4626151_332705,4626151,332705,989,989,2026-05-09,Tyler Adams,GB1,0,0,0,0,47
4626151_279455,4626151,279455,931,931,2026-05-09,Harry Wilson,GB1,0,0,0,0,62
4626151_1012564,4626151,1012564,989,989,2026-05-09,Rayan,GB1,0,0,1,0,79
4626151_1011131,4626151,1011131,931,931,2026-05-09,Josh King,GB1,1,0,0,0,14
4626148_973085,4626148,973085,1237,1237,2026-05-09,Carlos Baleba,GB1,0,0,0,0,76
4626148_867688,4626148,867688,1237,1237,2026-05-09,Jack Hinshelwood,GB1,0,0,1,0,88
4626148_735570,4626148,735570,543,543,2026-05-09,João Gomes,GB1,0,0,0,0,89
4621072_585949,4621072,585949,506,506,2026-05-09,Pierre Kalulu,IT1,0,0,0,0,90
4626148_667287,4626148,667287,1237,1237,2026-05-09,Yasin Ayari,GB1,0,0,0,0,14
4626148_576314,4626148,576314,1237,1237,2026-05-09,Jan Paul van Hecke,GB1,0,0,0,0,90
4626148_565093,4626148,565093,1237,1237,2026-05-09,Bart Verbruggen,GB1,0,0,0,0,90
4626148_538977,4626148,538977,1237,1237,2026-05-09,Georginio Rutter,GB1,0,0,0,0,14
4626148_369316,4626148,369316,1237,1237,2026-05-09,Ferdi Kadıoğlu,GB1,0,0,0,0,90
4626148_1060087,4626148,1060087,1237,1237,2026-05-09,Charalampos Kostoulas,GB1,0,0,0,0,2
4626148_1012534,4626148,1012534,1237,1237,2026-05-09,Yankuba Minteh,GB1,0,0,1,0,90
4626153_540941,4626153,540941,1148,1148,2026-05-09,Mikkel Damsgaard,GB1,0,0,0,0,68
4626153_743413,4626153,743413,281,281,2026-05-09,Nico O'Reilly,GB1,1,0,0,0,90
4626153_601883,4626153,601883,281,281,2026-05-09,Matheus Nunes,GB1,1,0,0,0,90
4634534_654982,4634534,654982,79,79,2026-05-09,Bilal El Khannouss,L1,0,0,0,0,12
4634537_579459,4634537,579459,533,533,2026-05-09,Albian Hajdari,L1,0,0,0,0,90
4634537_524290,4634537,524290,533,533,2026-05-09,Fisnik Asllani,L1,0,0,0,0,89
4634537_1067904,4634537,1067904,533,533,2026-05-09,Bazoumana Touré,L1,0,0,1,0,57
4634535_822959,4634535,822959,27,27,2026-05-09,Tom Bischof,L1,0,0,0,0,90
4634535_776890,4634535,776890,27,27,2026-05-09,Nicolas Jackson,L1,0,0,0,0,60
4634535_669380,4634535,669380,82,82,2026-05-09,Konstantinos Koulierakis,L1,0,0,0,0,90
4634535_580195,4634535,580195,27,27,2026-05-09,Jamal Musiala,L1,0,0,0,0,76
4634535_566723,4634535,566723,27,27,2026-05-09,Michael Olise,L1,0,0,1,0,90
4634535_483046,4634535,483046,27,27,2026-05-09,Josip Stanisic,L1,0,0,0,0,90
4634535_480692,4634535,480692,27,27,2026-05-09,Luis Díaz,L1,0,0,0,0,30
4634535_344695,4634535,344695,27,27,2026-05-09,Dayot Upamecano,L1,0,0,0,0,45
4634535_223967,4634535,223967,27,27,2026-05-09,Konrad Laimer,L1,0,0,0,1,45
4634535_196357,4634535,196357,27,27,2026-05-09,Jonathan Tah,L1,0,0,0,0,6
4634535_161056,4634535,161056,27,27,2026-05-09,Joshua Kimmich,L1,0,0,0,0,90
4634535_132098,4634535,132098,27,27,2026-05-09,Harry Kane,L1,0,0,0,0,90
4634535_1075147,4634535,1075147,27,27,2026-05-09,Lennart Karl,L1,0,0,0,0,14
4634534_905011,4634534,905011,15,15,2026-05-09,Ibrahim Maza,L1,0,0,0,0,90
4634537_667457,4634537,667457,533,533,2026-05-09,Leon Avdullahu,L1,0,0,0,0,90
4646011_404418,4646011,404418,13,13,2026-05-09,Dávid Hancko,ES1,0,0,0,0,90
4646011_406040,4646011,406040,13,800,2026-05-09,Ademola Lookman,ES1,0,0,0,0,60
4648057_401923,4648057,401923,141,141,2026-05-09,Victor Osimhen,TR1,1,0,2,0,90
4850155_893661,4850155,893661,2282,2282,2026-05-09,Joel Ordóñez,EJPL,0,0,0,0,81
4850155_780136,4850155,780136,2282,2282,2026-05-09,Aleksandar Stanković,EJPL,0,0,0,0,81
4850155_717329,4850155,717329,2282,2282,2026-05-09,Nicolò Tresoldi,EJPL,0,0,1,0,73
4850155_451677,4850155,451677,2282,2282,2026-05-09,Christos Tzolis,EJPL,0,0,0,2,90
4648062_465830,4648062,465830,36,398,2026-05-09,Mattéo Guendouzi,TR1,0,0,0,0,66
4626153_607223,4626153,607223,281,281,2026-05-09,Rayan Cherki,GB1,0,0,0,0,60
4648057_541537,4648057,541537,141,141,2026-05-09,Barış Alper Yılmaz,TR1,0,0,0,1,67
4646017_709372,4646017,709372,714,714,2026-05-09,Carlos Romero,ES1,0,0,0,0,75
4646011_548111,4646011,548111,13,13,2026-05-09,Álex Baena,ES1,1,0,0,0,69
4646016_724520,4646016,724520,150,150,2026-05-09,Abde Ezzalzouli,ES1,0,0,1,0,90
4646016_711374,4646016,711374,681,681,2026-05-09,Jon Gorrotxategi,ES1,0,0,0,0,90
4646016_602105,4646016,602105,150,150,2026-05-09,Antony,ES1,0,0,1,0,59
4646016_351478,4646016,351478,681,681,2026-05-09,Mikel Oyarzabal,ES1,0,0,1,0,90
4646016_1018938,4646016,1018938,681,681,2026-05-09,Jon Martín,ES1,0,0,0,0,90
4646011_844637,4646011,844637,13,13,2026-05-09,Marc Pubill,ES1,0,0,0,0,90
4646011_616631,4646011,616631,13,13,2026-05-09,Matteo Ruggeri,ES1,0,0,0,0,90
4634534_718303,4634534,718303,15,1090,2026-05-09,Ernest Poku,L1,0,0,0,0,12
4648058_454567,4648058,454567,114,114,2026-05-09,Orkun Kökçü,TR1,0,0,1,0,90
4634534_632349,4634534,632349,15,15,2026-05-09,Jarell Quansah,L1,0,0,0,0,86
4626155_346483,4626155,346483,985,985,2026-05-09,Mason Mount,GB1,1,0,0,0,90
4626155_646991,4626155,646991,289,289,2026-05-09,Robin Roefs,GB1,0,0,0,0,90
4626155_536835,4626155,536835,985,985,2026-05-09,Amad Diallo,GB1,0,0,0,0,75
4626155_517894,4626155,517894,985,985,2026-05-09,Matheus Cunha,GB1,1,0,0,0,90
4626155_503883,4626155,503883,985,1096,2026-05-09,Senne Lammens,GB1,0,0,0,0,90
4626155_480762,4626155,480762,985,985,2026-05-09,Lisandro Martínez,GB1,0,0,0,0,90
4626155_473169,4626155,473169,289,289,2026-05-09,Brian Brobbey,GB1,0,0,0,0,90
4626155_413039,4626155,413039,985,985,2026-05-09,Bryan Mbeumo,GB1,0,0,0,0,15
4626155_240306,4626155,240306,985,985,2026-05-09,Bruno Fernandes,GB1,0,0,0,0,90
4626155_743384,4626155,743384,289,289,2026-05-09,Chemsdine Talbi,GB1,0,0,0,0,79
4626153_823486,4626153,823486,1148,1148,2026-05-09,Michael Kayode,GB1,0,0,0,0,90
4626153_823231,4626153,823231,1148,1148,2026-05-09,Dango Ouattara,GB1,0,0,0,0,22
4626153_743591,4626153,743591,281,281,2026-05-09,Savinho,GB1,0,0,0,0,1
4626153_739443,4626153,739443,1148,1148,2026-05-09,Igor Thiago,GB1,0,0,0,0,90
4626153_717411,4626153,717411,1148,1148,2026-05-09,Yegor Yarmolyuk,GB1,0,0,0,0,79
4626153_644401,4626153,644401,1148,1148,2026-05-09,Keane Lewis-Potter,GB1,0,0,0,0,90
4634534_564545,4634534,564545,15,15,2026-05-09,Edmond Tapsoba,L1,0,0,0,0,90
4626155_727089,4626155,727089,289,289,2026-05-09,Noah Sadiki,GB1,0,0,0,0,90
4626155_633992,4626155,633992,289,289,2026-05-09,Enzo Le Fée,GB1,0,0,0,0,90
4626155_820374,4626155,820374,985,985,2026-05-09,Kobbie Mainoo,GB1,0,0,0,0,90
4634533_897424,4634533,897424,23826,23826,2026-05-09,Assan Ouédraogo,L1,0,0,0,0,69
4634534_518505,4634534,518505,79,79,2026-05-09,Jamie Leweling,L1,0,0,0,1,87
4634534_467437,4634534,467437,15,15,2026-05-09,Malik Tillman,L1,0,0,0,0,25
4634534_443710,4634534,443710,79,79,2026-05-09,Angelo Stiller,L1,0,0,0,0,90
4634534_436064,4634534,436064,79,79,2026-05-09,Ramon Hendriks,L1,0,0,0,0,90
4634534_401578,4634534,401578,15,15,2026-05-09,Exequiel Palacios,L1,1,0,0,0,90
4626155_926952,4626155,926952,985,985,2026-05-09,Patrick Dorgu,GB1,0,0,0,0,25
4634533_957874,4634533,957874,23826,23826,2026-05-09,Rômulo,L1,0,0,0,0,90
4634534_1364454,4634534,1364454,15,15,2026-05-09,Christian Kofane,L1,0,0,0,1,78
4634533_894914,4634533,894914,23826,23826,2026-05-09,Antonio Nusa,L1,0,0,0,0,11
4634533_700106,4634533,700106,23826,23826,2026-05-09,Brajan Gruda,L1,0,0,0,0,79
4634533_618472,4634533,618472,23826,23826,2026-05-09,Castello Lukeba,L1,1,0,0,0,90
4634533_404950,4634533,404950,23826,23826,2026-05-09,Nicolas Seiwald,L1,0,0,0,0,21
4634533_324278,4634533,324278,23826,23826,2026-05-09,Christoph Baumgartner,L1,1,0,0,1,90
4634533_318204,4634533,318204,23826,23826,2026-05-09,David Raum,L1,0,0,0,1,69
4634533_1390649,4634533,1390649,23826,23826,2026-05-09,Yan Diomande,L1,0,0,0,0,90
4621076_679423,4621076,679423,6574,6574,2026-05-08,Tarik Muharemović,IT1,0,0,0,0,90
4634531_496094,4634531,496094,16,16,2026-05-08,Karim Adeyemi,L1,0,0,0,0,16
4634531_257814,4634531,257814,16,16,2026-05-08,Gregor Kobel,L1,1,0,0,0,90
4634531_270541,4634531,270541,16,16,2026-05-08,Serhou Guirassy,L1,0,0,1,0,78
4634531_333647,4634531,333647,24,24,2026-05-08,Jonathan Burkardt,L1,0,0,1,0,8
4634531_370789,4634531,370789,16,16,2026-05-08,Julian Ryerson,L1,0,0,0,1,90
4634531_388198,4634531,388198,16,16,2026-05-08,Nico Schlotterbeck,L1,0,0,1,0,90
4634531_406640,4634531,406640,16,16,2026-05-08,Felix Nmecha,L1,0,0,0,0,16
4621076_921655,4621076,921655,6574,6574,2026-05-08,Ismaël Koné,IT1,0,0,0,0,27
4634531_578392,4634531,578392,16,16,2026-05-08,Maximilian Beier,L1,0,0,0,2,90
4634531_691892,4634531,691892,24,24,2026-05-08,Nathaniel Brown,L1,0,0,0,0,90
4634531_796297,4634531,796297,16,16,2026-05-08,Jobe Bellingham,L1,0,0,0,0,74
4634531_816585,4634531,816585,24,24,2026-05-08,Can Uzun,L1,0,0,1,0,77
4634531_939964,4634531,939964,24,24,2026-05-08,Jean-Mattéo Bahoya,L1,0,0,0,0,33
4635297_655217,4635297,655217,826,826,2026-05-08,Samson Baidoo,FR1,0,0,0,0,90
4635297_743515,4635297,743515,826,826,2026-05-08,Robin Risser,FR1,0,0,0,0,90
4634531_585959,4634531,585959,24,24,2026-05-08,Arnaud Kalimuendo,L1,0,0,0,0,77
4805931_413507,4805931,413507,703,703,2026-05-07,Nikola Milenković,EL,0,0,0,0,90
4805930_526845,4805930,526845,60,60,2026-05-07,Noah Atubolu,EL,0,0,0,0,90
4805930_606752,4805930,606752,1075,1075,2026-05-07,Rodrigo Zalazar,EL,0,0,0,0,65
4805930_927353,4805930,927353,60,60,2026-05-07,Johan Manzambi,EL,0,0,1,0,90
4805931_1005649,4805931,1005649,703,703,2026-05-07,Murillo,EL,0,0,0,0,2
4805931_249565,4805931,249565,405,405,2026-05-07,Youri Tielemans,EL,0,0,0,0,90
4805931_413403,4805931,413403,405,405,2026-05-07,Ezri Konsa,EL,0,0,0,0,90
4805931_324358,4805931,324358,405,405,2026-05-07,Ollie Watkins,EL,0,0,1,1,90
4805931_432164,4805931,432164,703,703,2026-05-07,Igor Jesus,EL,0,0,0,0,90
4805931_503743,4805931,503743,405,405,2026-05-07,Morgan Rogers,EL,0,0,0,1,90
4805931_540664,4805931,540664,703,667,2026-05-07,Dilane Bakwa,EL,0,0,0,0,19
4805931_567576,4805931,567576,703,703,2026-05-07,Elliot Anderson,EL,0,0,0,0,90
4805931_741238,4805931,741238,703,703,2026-05-07,Omari Hutchinson,EL,0,0,0,0,88
4847891_515744,4847891,515744,16704,16704,2026-05-07,Eduard Spertsyan,RUP,0,0,0,0,90
4805931_503680,4805931,503680,703,703,2026-05-07,Neco Williams,EL,0,0,0,0,90
4814380_288230,4814380,288230,583,583,2026-05-06,Ousmane Dembélé,CL,0,0,1,0,65
4814380_424204,4814380,424204,27,27,2026-05-06,Alphonso Davies,CL,0,0,0,1,23
4814380_350219,4814380,350219,583,583,2026-05-06,Fabián Ruiz,CL,0,0,0,0,76
4814380_344695,4814380,344695,27,27,2026-05-06,Dayot Upamecano,CL,0,0,0,0,85
4814380_318470,4814380,318470,583,583,2026-05-06,Matvey Safonov,CL,0,0,0,0,90
4814380_1075147,4814380,1075147,27,27,2026-05-06,Lennart Karl,CL,0,0,0,0,5
4814380_181767,4814380,181767,583,583,2026-05-06,Marquinhos,CL,1,0,0,0,90
4814380_223967,4814380,223967,27,27,2026-05-06,Konrad Laimer,CL,0,0,0,0,90
4814380_196357,4814380,196357,27,27,2026-05-06,Jonathan Tah,CL,1,0,0,0,68
4814380_161056,4814380,161056,27,27,2026-05-06,Joshua Kimmich,CL,1,0,0,0,90
4814380_132098,4814380,132098,27,27,2026-05-06,Harry Kane,CL,0,0,1,0,90
4814380_483046,4814380,483046,27,27,2026-05-06,Josip Stanisic,CL,0,0,0,0,67
4814380_480692,4814380,480692,27,27,2026-05-06,Luis Díaz,CL,1,0,0,0,90
4814380_670681,4814380,670681,583,583,2026-05-06,João Neves,CL,0,0,0,0,90
4814380_487469,4814380,487469,583,583,2026-05-06,Vitinha,CL,0,0,0,0,90
4814380_776890,4814380,776890,27,27,2026-05-06,Nicolas Jackson,CL,0,0,0,0,11
4814380_502670,4814380,502670,583,583,2026-05-06,Khvicha Kvaratskhelia,CL,1,0,0,1,90
4814380_903693,4814380,903693,583,583,2026-05-06,Senny Mayulu,CL,0,0,0,0,5
4814380_810092,4814380,810092,583,583,2026-05-06,Warren Zaïre-Emery,CL,0,0,0,0,90
4814380_792380,4814380,792380,27,27,2026-05-06,Aleksandar Pavlovic,CL,0,0,0,0,90
4814380_914562,4814380,914562,583,583,2026-05-06,Désiré Doué,CL,0,0,0,0,76
4814380_708265,4814380,708265,583,583,2026-05-06,Bradley Barcola,CL,0,0,0,0,25
4814380_661171,4814380,661171,583,583,2026-05-06,Willian Pacho,CL,0,0,0,0,90
4814380_616341,4814380,616341,583,583,2026-05-06,Nuno Mendes,CL,1,0,0,0,85
4814380_580195,4814380,580195,27,27,2026-05-06,Jamal Musiala,CL,0,0,0,0,79
4814380_566723,4814380,566723,27,27,2026-05-06,Michael Olise,CL,0,0,0,0,90
4814381_479999,4814381,479999,11,11,2026-05-05,Eberechi Eze,CL,0,0,0,0,59
4814381_262749,4814381,262749,11,11,2026-05-05,David Raya,CL,0,0,0,0,90
4814381_316264,4814381,316264,11,11,2026-05-05,Martin Ødegaard,CL,0,0,0,0,31
4814381_325443,4814381,325443,11,11,2026-05-05,Viktor Gyökeres,CL,0,0,0,0,90
4814381_335721,4814381,335721,11,11,2026-05-05,Ben White,CL,0,0,0,0,90
4814381_357662,4814381,357662,11,11,2026-05-05,Declan Rice,CL,0,0,0,0,90
4814381_404418,4814381,404418,13,13,2026-05-05,Dávid Hancko,CL,0,0,0,0,90
4814381_406040,4814381,406040,13,800,2026-05-05,Ademola Lookman,CL,0,0,0,0,57
4814381_423440,4814381,423440,11,11,2026-05-05,Martín Zubimendi,CL,0,0,0,0,16
4814381_433177,4814381,433177,11,11,2026-05-05,Bukayo Saka,CL,0,0,1,0,58
4814381_435338,4814381,435338,11,11,2026-05-05,Gabriel,CL,0,0,0,0,90
4814381_844637,4814381,844637,13,13,2026-05-05,Marc Pubill,CL,1,0,0,0,90
4814381_495666,4814381,495666,11,11,2026-05-05,William Saliba,CL,0,0,0,0,90
4814381_503987,4814381,503987,11,11,2026-05-05,Noni Madueke,CL,0,0,0,0,32
4814381_548111,4814381,548111,13,13,2026-05-05,Álex Baena,CL,0,0,0,0,24
4814381_576024,4814381,576024,13,13,2026-05-05,Julián Alvarez,CL,0,0,0,0,66
4814381_616631,4814381,616631,13,13,2026-05-05,Matteo Ruggeri,CL,0,0,0,0,90
4814381_655488,4814381,655488,11,11,2026-05-05,Gabriel Martinelli,CL,0,0,0,0,7
4814381_659813,4814381,659813,11,11,2026-05-05,Piero Hincapié,CL,0,0,0,0,32
4814381_742201,4814381,742201,13,13,2026-05-05,Giuliano Simeone,CL,0,0,0,0,57
4814381_502821,4814381,502821,11,11,2026-05-05,Riccardo Calafiori,CL,0,0,0,0,58
4814381_890721,4814381,890721,11,11,2026-05-05,Myles Lewis-Skelly,CL,0,0,0,0,74
4626142_620322,4626142,620322,631,631,2026-05-04,Malo Gusto,GB1,1,0,0,0,90
4626142_540664,4626142,540664,703,667,2026-05-04,Dilane Bakwa,GB1,0,0,0,1,80
4626142_567576,4626142,567576,703,703,2026-05-04,Elliot Anderson,GB1,0,0,0,0,45
4626142_568177,4626142,568177,631,631,2026-05-04,Cole Palmer,GB1,0,0,0,0,90
4626142_610849,4626142,610849,631,631,2026-05-04,Liam Delap,GB1,1,0,0,0,45
4626142_614258,4626142,614258,631,631,2026-05-04,Levi Colwill,GB1,0,0,0,0,45
4626142_743600,4626142,743600,631,631,2026-05-04,Andrey Santos,GB1,0,0,0,0,32
4626142_626724,4626142,626724,631,631,2026-05-04,João Pedro,GB1,0,0,1,0,90
4626142_648195,4626142,648195,631,631,2026-05-04,Enzo Fernández,GB1,0,0,0,0,90
4626142_687626,4626142,687626,631,631,2026-05-04,Moisés Caicedo,GB1,1,0,0,0,90
4626142_741238,4626142,741238,703,703,2026-05-04,Omari Hutchinson,GB1,0,0,0,0,10
4626142_432164,4626142,432164,703,703,2026-05-04,Igor Jesus,GB1,0,0,1,0,45
4626142_503680,4626142,503680,703,703,2026-05-04,Neco Williams,GB1,0,0,0,0,45
4621065_964580,4621065,964580,12,12,2026-05-04,Wesley,IT1,0,0,1,0,90
4626142_429014,4626142,429014,703,703,2026-05-04,Morgan Gibbs-White,GB1,0,0,0,1,20
4626142_413507,4626142,413507,703,703,2026-05-04,Nikola Milenković,GB1,0,0,0,0,45
4626142_346314,4626142,346314,631,631,2026-05-04,Trevoh Chalobah,GB1,0,0,0,0,90
4626142_284857,4626142,284857,631,631,2026-05-04,Marc Cucurella,GB1,0,0,0,1,90
4626143_392757,4626143,392757,281,281,2026-05-04,Marc Guéhi,GB1,0,0,0,1,90
4621065_813137,4621065,813137,12,12,2026-05-04,Niccolò Pisilli,IT1,0,0,1,1,90
4621065_668951,4621065,668951,12,12,2026-05-04,Matías Soulé,IT1,0,0,0,0,72
4621065_624690,4621065,624690,12,12,2026-05-04,Manu Koné,IT1,0,0,0,1,64
4621065_371149,4621065,371149,12,12,2026-05-04,Evan Ndicka,IT1,0,0,0,0,90
4621065_338670,4621065,338670,12,12,2026-05-04,Mile Svilar,IT1,0,0,0,0,90
4621065_326029,4621065,326029,12,12,2026-05-04,Donyell Malen,IT1,0,0,0,1,83
4621061_525704,4621061,525704,398,398,2026-05-04,Nicolò Rovella,IT1,0,0,0,0,45
4626143_315858,4626143,315858,281,281,2026-05-04,Gianluigi Donnarumma,GB1,1,0,0,0,90
4621061_470394,4621061,470394,398,398,2026-05-04,Kenneth Taylor,IT1,0,0,0,0,71
4626143_404842,4626143,404842,29,29,2026-05-04,Vitaliy Mykolenko,GB1,0,0,0,0,90
4626143_937941,4626143,937941,29,29,2026-05-04,Thierno Barry,GB1,0,0,2,0,26
4626143_406635,4626143,406635,281,281,2026-05-04,Phil Foden,GB1,0,0,0,0,16
4648921_974982,4648921,974982,336,336,2026-05-04,Ousmane Diomande,PO1,0,0,0,0,8
4648921_701979,4648921,701979,336,336,2026-05-04,Geny Catamo,PO1,0,0,0,0,70
4648921_572675,4648921,572675,336,336,2026-05-04,Maxi Araújo,PO1,0,0,1,0,90
4648921_549006,4648921,549006,336,336,2026-05-04,Gonçalo Inácio,PO1,0,0,1,0,82
4648921_548193,4648921,548193,336,336,2026-05-04,Zeno Debast,PO1,0,0,0,1,90
4648921_424784,4648921,424784,336,336,2026-05-04,Luis Suárez,PO1,0,0,1,2,90
4648921_412669,4648921,412669,336,336,2026-05-04,Francisco Trincão,PO1,0,0,0,0,78
4648921_1138758,4648921,1138758,336,336,2026-05-04,Geovany Quenda,PO1,0,0,0,0,12
4646000_711374,4646000,711374,681,681,2026-05-04,Jon Gorrotxategi,ES1,0,0,0,0,45
4646000_351478,4646000,351478,681,681,2026-05-04,Mikel Oyarzabal,ES1,0,0,0,0,90
4646000_1018938,4646000,1018938,681,681,2026-05-04,Jon Martín,ES1,0,0,0,0,90
4648921_426620,4648921,426620,336,336,2026-05-04,Pedro Gonçalves,PO1,0,0,0,1,78
4626143_763079,4626143,763079,281,281,2026-05-04,Abdukodir Khusanov,GB1,0,0,0,0,90
4626143_505219,4626143,505219,29,29,2026-05-04,James Garner,GB1,0,0,0,1,90
4626143_418560,4626143,418560,281,281,2026-05-04,Erling Haaland,GB1,0,0,1,0,90
4626143_743413,4626143,743413,281,281,2026-05-04,Nico O'Reilly,GB1,0,0,0,0,90
4626143_445939,4626143,445939,281,281,2026-05-04,Omar Marmoush,GB1,0,0,0,0,3
4626143_466805,4626143,466805,281,281,2026-05-04,Nico González,GB1,0,0,0,0,75
4626143_486049,4626143,486049,281,281,2026-05-04,Jérémy Doku,GB1,0,0,2,0,90
4626143_475188,4626143,475188,29,29,2026-05-04,Kiernan Dewsbury-Hall,GB1,0,0,0,0,90
4626143_583255,4626143,583255,281,281,2026-05-04,Antoine Semenyo,GB1,0,0,0,0,74
4626143_601883,4626143,601883,281,281,2026-05-04,Matheus Nunes,GB1,0,0,0,0,90
4626143_607223,4626143,607223,281,281,2026-05-04,Rayan Cherki,GB1,0,0,0,1,90
4626143_623570,4626143,623570,29,29,2026-05-04,Iliman Ndiaye,GB1,0,0,0,0,90
4626140_399434,4626140,399434,989,989,2026-05-03,Marcus Tavernier,GB1,0,0,0,0,86
4626139_866246,4626139,866246,148,148,2026-05-03,Lucas Bergvall,GB1,0,0,0,0,1
4626140_332705,4626140,332705,989,989,2026-05-03,Tyler Adams,GB1,0,0,0,0,69
4626140_258919,4626140,258919,873,873,2026-05-03,Dean Henderson,GB1,0,0,0,0,90
4626140_1012564,4626140,1012564,989,989,2026-05-03,Rayan,GB1,0,0,1,0,86
4626140_1006411,4626140,1006411,873,873,2026-05-03,Jaydee Canvot,GB1,1,0,0,0,90
4626139_488362,4626139,488362,148,148,2026-05-03,Conor Gallagher,GB1,1,0,1,0,90
4626139_568693,4626139,568693,148,148,2026-05-03,Pape Matar Sarr,GB1,0,0,0,0,1
4626139_557459,4626139,557459,148,148,2026-05-03,Micky van de Ven,GB1,0,0,0,0,90
4626139_556385,4626139,556385,148,148,2026-05-03,Destiny Udogie,GB1,0,0,0,0,90
4626139_553875,4626139,553875,148,148,2026-05-03,Pedro Porro,GB1,0,0,0,0,90
4626139_503743,4626139,503743,405,405,2026-05-03,Morgan Rogers,GB1,1,0,0,0,90
4626139_485585,4626139,485585,405,405,2026-05-03,Ian Maatsen,GB1,0,0,0,0,90
4626140_420002,4626140,420002,873,873,2026-05-03,Jean-Philippe Mateta,GB1,0,0,0,0,25
4626140_410225,4626140,410225,873,873,2026-05-03,Ismaïla Sarr,GB1,0,0,0,0,45
4626140_955357,4626140,955357,989,989,2026-05-03,Junior Kroupi,GB1,0,0,1,0,70
4626140_429983,4626140,429983,873,543,2026-05-03,Jørgen Strand Larsen,GB1,0,0,0,0,65
4626140_434224,4626140,434224,873,873,2026-05-03,Maxence Lacroix,GB1,1,0,0,0,90
4626140_465555,4626140,465555,989,989,2026-05-03,Djordje Petrovic,GB1,0,0,0,0,90
4621059_672381,4621059,672381,1025,244,2026-05-03,Jonathan Rowe,IT1,0,0,0,0,45
4626140_470607,4626140,470607,873,148,2026-05-03,Brennan Johnson,GB1,0,0,0,0,90
4626140_568157,4626140,568157,873,1050,2026-05-03,Yéremy Pino,GB1,0,0,0,0,45
4626140_578539,4626140,578539,873,873,2026-05-03,Chris Richards,GB1,0,0,0,0,14
4626140_654539,4626140,654539,989,989,2026-05-03,Adrien Truffert,GB1,0,0,0,0,90
4626140_711337,4626140,711337,989,989,2026-05-03,Evanilson,GB1,0,0,0,0,80
4626140_730893,4626140,730893,873,873,2026-05-03,Tyrick Mitchell,GB1,0,0,0,0,45
4626140_744149,4626140,744149,873,873,2026-05-03,Adam Wharton,GB1,0,0,0,0,45
4626140_855256,4626140,855256,989,989,2026-05-03,Alex Scott,GB1,0,0,0,0,90
4626139_378710,4626139,378710,148,148,2026-05-03,Richarlison,GB1,0,0,1,0,90
4626145_1078163,4626145,1078163,985,985,2026-05-03,Ayden Heaven,GB1,0,0,0,0,90
4626145_1108466,4626145,1108466,31,31,2026-05-03,Rio Ngumoha,GB1,0,0,0,0,15
4626139_483348,4626139,483348,148,148,2026-05-03,Djed Spence,GB1,0,0,0,0,24
4621063_533738,4621063,533738,506,506,2026-05-03,Jonathan David,IT1,0,0,0,0,69
4626139_324358,4626139,324358,405,405,2026-05-03,Ollie Watkins,GB1,0,0,0,0,30
4626139_249565,4626139,249565,405,405,2026-05-03,Youri Tielemans,GB1,0,0,0,0,90
4626145_357119,4626145,357119,31,31,2026-05-03,Ibrahima Konaté,GB1,0,0,0,0,87
4621059_849520,4621059,849520,1025,1025,2026-05-03,Santiago Castro,IT1,1,0,0,0,27
4621059_895937,4621059,895937,1390,1390,2026-05-03,Marco Palestra,IT1,0,0,0,0,90
4621062_198116,4621062,198116,46,46,2026-05-03,Federico Dimarco,IT1,0,0,0,0,90
4621062_255942,4621062,255942,46,46,2026-05-03,Nicolò Barella,IT1,0,0,0,0,89
4621062_315853,4621062,315853,46,46,2026-05-03,Alessandro Bastoni,IT1,0,0,0,0,67
4621062_318528,4621062,318528,46,46,2026-05-03,Marcus Thuram,IT1,0,0,1,0,67
4621062_321528,4621062,321528,46,46,2026-05-03,Denzel Dumfries,IT1,0,0,0,0,90
4621062_406625,4621062,406625,46,46,2026-05-03,Lautaro Martínez,IT1,0,0,0,1,23
4621062_441986,4621062,441986,46,46,2026-05-03,Yann Bisseck,IT1,0,0,0,0,90
4621062_668207,4621062,668207,46,46,2026-05-03,Petar Sučić,IT1,0,0,0,0,90
4621062_827734,4621062,827734,46,46,2026-05-03,Ange-Yoan Bonny,IT1,0,0,0,0,45
4621062_930781,4621062,930781,46,46,2026-05-03,Pio Esposito,IT1,0,0,0,0,45
4621063_265088,4621063,265088,506,506,2026-05-03,Manuel Locatelli,IT1,1,0,0,0,90
4621063_332697,4621063,332697,506,506,2026-05-03,Weston McKennie,IT1,0,0,0,0,90
4621063_357498,4621063,357498,506,506,2026-05-03,Dušan Vlahović,IT1,0,0,1,0,45
4621063_463618,4621063,463618,506,506,2026-05-03,Khéphren Thuram,IT1,0,0,0,0,45
4621063_487474,4621063,487474,506,506,2026-05-03,Francisco Conceição,IT1,0,0,0,0,80
4621063_516716,4621063,516716,506,506,2026-05-03,Bremer,IT1,0,0,0,0,90
4621063_585949,4621063,585949,506,506,2026-05-03,Pierre Kalulu,IT1,0,0,0,0,90
4621063_845654,4621063,845654,506,506,2026-05-03,Kenan Yıldız,IT1,0,0,0,0,90
4621066_315779,4621066,315779,5,5,2026-05-03,Christian Pulisic,IT1,0,0,0,0,31
4621066_344381,4621066,344381,5,5,2026-05-03,Christopher Nkunku,IT1,0,0,0,0,45
4621066_357164,4621066,357164,5,5,2026-05-03,Rafael Leão,IT1,0,0,0,0,59
4621066_569598,4621066,569598,5,5,2026-05-03,Youssouf Fofana,IT1,0,0,0,0,59
4621066_574671,4621066,574671,5,5,2026-05-03,Strahinja Pavlović,IT1,0,0,0,0,90
4621066_608172,4621066,608172,5,5,2026-05-03,Ardon Jashari,IT1,0,0,0,0,66
4621066_679423,4621066,679423,6574,6574,2026-05-03,Tarik Muharemović,IT1,0,0,0,0,90
4621066_921655,4621066,921655,6574,6574,2026-05-03,Ismaël Koné,IT1,0,0,0,0,90
4626145_240306,4626145,240306,985,985,2026-05-03,Bruno Fernandes,GB1,1,0,0,0,90
4626140_469781,4626140,469781,989,989,2026-05-03,Marcos Senesi,GB1,0,0,0,0,90
4626145_357147,4626145,357147,985,985,2026-05-03,Diogo Dalot,GB1,0,0,0,0,90
4635289_597659,4635289,597659,415,415,2026-05-03,Charlie Cresswell,FR1,0,0,0,0,90
4635289_660867,4635289,660867,667,667,2026-05-03,Julio Enciso,FR1,0,0,0,0,18
4635289_834397,4635289,834397,667,667,2026-05-03,Mike Penders,FR1,0,0,0,0,90
4635290_461607,4635290,461607,273,273,2026-05-03,Estéban Lepaul,FR1,1,0,1,1,87
4635290_618494,4635290,618494,1041,1041,2026-05-03,Tyler Morton,FR1,0,0,0,0,84
4635290_971570,4635290,971570,1041,418,2026-05-03,Endrick,FR1,0,0,1,0,84
4642445_552655,4642445,552655,1090,1090,2026-05-03,Troy Parrott,NL1,0,0,0,0,90
4642445_859035,4642445,859035,1090,1090,2026-05-03,Kees Smit,NL1,0,0,0,0,90
4642449_997903,4642449,997903,234,234,2026-05-03,Givairo Read,NL1,0,0,1,0,23
4646002_602105,4646002,602105,150,150,2026-05-03,Antony,ES1,0,0,0,1,62
4646002_724520,4646002,724520,150,150,2026-05-03,Abde Ezzalzouli,ES1,0,0,1,1,90
4646002_735568,4646002,735568,150,150,2026-05-03,Natan,ES1,0,0,0,0,90
4646004_1057316,4646004,1057316,418,418,2026-05-03,Franco Mastantuono,ES1,0,0,0,0,37
4646004_314353,4646004,314353,418,418,2026-05-03,Trent Alexander-Arnold,ES1,1,0,0,0,90
4646004_314678,4646004,314678,418,418,2026-05-03,Brahim Díaz,ES1,1,0,0,0,53
4646004_369081,4646004,369081,418,418,2026-05-03,Federico Valverde,ES1,0,0,0,0,90
4646004_371998,4646004,371998,418,418,2026-05-03,Vinicius Junior,ES1,1,0,2,0,84
4646004_413112,4646004,413112,418,418,2026-05-03,Aurélien Tchouaméni,ES1,0,0,0,0,84
4646004_581678,4646004,581678,418,418,2026-05-03,Jude Bellingham,ES1,0,0,0,1,90
4646004_640428,4646004,640428,418,418,2026-05-03,Eduardo Camavinga,ES1,0,0,0,0,6
4646004_890290,4646004,890290,418,418,2026-05-03,Dean Huijsen,ES1,0,0,0,0,90
4646004_935230,4646004,935230,418,418,2026-05-03,Gonzalo García,ES1,1,0,0,1,37
4648924_606752,4648924,606752,1075,1075,2026-05-03,Rodrigo Zalazar,PO1,0,0,0,1,45
4649393_515744,4649393,515744,16704,16704,2026-05-03,Eduard Spertsyan,RU1,0,0,0,1,90
4850154_1105541,4850154,1105541,58,58,2026-05-03,Nathan De Cat,EJPL,1,0,0,0,45
4850154_451677,4850154,451677,2282,2282,2026-05-03,Christos Tzolis,EJPL,0,0,1,0,90
4850154_717329,4850154,717329,2282,2282,2026-05-03,Nicolò Tresoldi,EJPL,0,0,0,1,75
4850154_780136,4850154,780136,2282,2282,2026-05-03,Aleksandar Stanković,EJPL,0,0,0,0,79
4850154_893661,4850154,893661,2282,2282,2026-05-03,Joel Ordóñez,EJPL,0,0,0,0,90
4626145_413039,4626145,413039,985,985,2026-05-03,Bryan Mbeumo,GB1,0,0,0,0,75
4635289_655006,4635289,655006,667,667,2026-05-03,Diego Moreira,FR1,0,0,0,0,27
4646004_709372,4646004,709372,714,714,2026-05-03,Carlos Romero,ES1,0,0,0,0,90
4635289_559328,4635289,559328,667,667,2026-05-03,Emmanuel Emegha,FR1,0,0,0,0,8
4626145_926952,4626145,926952,985,985,2026-05-03,Patrick Dorgu,GB1,0,0,0,0,15
4626145_433188,4626145,433188,31,31,2026-05-03,Curtis Jones,GB1,1,0,0,0,90
4635288_724129,4635288,724129,1082,1082,2026-05-03,Matias Fernandez-Pardo,FR1,0,0,0,0,90
4626145_434675,4626145,434675,31,31,2026-05-03,Cody Gakpo,GB1,1,0,1,0,90
4626145_451276,4626145,451276,31,31,2026-05-03,Dominik Szoboszlai,GB1,0,0,1,1,90
4626145_478573,4626145,478573,31,31,2026-05-03,Ryan Gravenberch,GB1,0,0,0,0,90
4626145_484547,4626145,484547,31,31,2026-05-03,Jeremie Frimpong,GB1,0,0,0,0,75
4626145_517894,4626145,517894,985,985,2026-05-03,Matheus Cunha,GB1,0,0,1,0,87
4626145_534033,4626145,534033,31,31,2026-05-03,Alexis Mac Allister,GB1,0,0,0,0,90
4626145_536835,4626145,536835,985,985,2026-05-03,Amad Diallo,GB1,0,0,0,0,45
4626145_598577,4626145,598577,31,31,2026-05-03,Florian Wirtz,GB1,0,0,0,0,90
4626145_627442,4626145,627442,985,985,2026-05-03,Benjamin Sesko,GB1,0,0,1,0,45
4626145_730861,4626145,730861,31,31,2026-05-03,Milos Kerkez,GB1,0,0,0,0,31
4626145_820374,4626145,820374,985,985,2026-05-03,Kobbie Mainoo,GB1,0,0,1,0,90
4626145_923831,4626145,923831,985,985,2026-05-03,Leny Yoro,GB1,0,0,0,0,1
4626145_503883,4626145,503883,985,1096,2026-05-03,Senne Lammens,GB1,0,0,0,0,90
4634516_526845,4634516,526845,60,60,2026-05-03,Noah Atubolu,L1,0,0,0,0,90
4634518_388198,4634518,388198,16,16,2026-05-03,Nico Schlotterbeck,L1,1,0,0,0,90
4635288_548254,4635288,548254,1082,1082,2026-05-03,Nathan Ngoy,FR1,0,0,0,0,90
4635288_652275,4635288,652275,1082,1082,2026-05-03,Hákon Arnar Haraldsson,FR1,0,0,1,0,90
4634516_668606,4634516,668606,60,60,2026-05-03,Yuito Suzuki,L1,0,0,0,0,81
4635288_1097139,4635288,1097139,1082,1082,2026-05-03,Ayyoub Bouaddi,FR1,0,0,0,0,84
4634518_796297,4634518,796297,16,16,2026-05-03,Jobe Bellingham,L1,0,0,0,0,76
4634518_578392,4634518,578392,16,16,2026-05-03,Maximilian Beier,L1,0,0,0,0,61
4634520_643574,4634520,643574,39,39,2026-05-03,Kaishu Sano,L1,0,0,0,0,90
4634518_370789,4634518,370789,16,16,2026-05-03,Julian Ryerson,L1,0,0,0,0,84
4634518_270541,4634518,270541,16,16,2026-05-03,Serhou Guirassy,L1,0,0,0,0,76
4634518_257814,4634518,257814,16,16,2026-05-03,Gregor Kobel,L1,0,0,0,0,90
4634516_927353,4634516,927353,60,60,2026-05-03,Johan Manzambi,L1,0,0,0,1,90
4634516_669380,4634516,669380,82,82,2026-05-03,Konstantinos Koulierakis,L1,0,0,1,0,90
4626146_565093,4626146,565093,1237,1237,2026-05-02,Bart Verbruggen,GB1,0,0,0,0,90
4626146_388165,4626146,388165,762,762,2026-05-02,Yoane Wissa,GB1,1,0,0,1,22
4626146_538977,4626146,538977,1237,1237,2026-05-02,Georginio Rutter,GB1,0,0,0,0,10
4626146_521964,4626146,521964,762,762,2026-05-02,Malick Thiaw,GB1,0,0,0,0,90
4626146_520624,4626146,520624,762,762,2026-05-02,Bruno Guimarães,GB1,0,0,0,1,90
4626146_503749,4626146,503749,762,762,2026-05-02,Jacob Ramsey,GB1,0,0,0,0,1
4626146_576314,4626146,576314,1237,1237,2026-05-02,Jan Paul van Hecke,GB1,1,0,0,0,90
4626146_415381,4626146,415381,1237,1237,2026-05-02,Mats Wieffer,GB1,0,0,0,0,18
4626146_398065,4626146,398065,762,762,2026-05-02,Harvey Barnes,GB1,0,0,1,0,22
4626146_397033,4626146,397033,762,762,2026-05-02,Sandro Tonali,GB1,1,0,0,0,90
4626146_1012534,4626146,1012534,1237,1237,2026-05-02,Yankuba Minteh,GB1,0,0,0,0,90
4626146_369316,4626146,369316,1237,1237,2026-05-02,Ferdi Kadıoğlu,GB1,0,0,0,0,90
4626146_361093,4626146,361093,762,762,2026-05-02,Sven Botman,GB1,0,0,0,0,90
4626146_333241,4626146,333241,762,762,2026-05-02,Joelinton,GB1,0,0,0,0,90
4626146_1060087,4626146,1060087,1237,1237,2026-05-02,Charalampos Kostoulas,GB1,0,0,0,0,10
4626141_880245,4626141,880245,379,379,2026-05-02,Mateus Fernandes,GB1,0,0,0,0,90
4626141_823486,4626141,823486,1148,1148,2026-05-02,Michael Kayode,GB1,1,0,0,0,90
4626141_823231,4626141,823231,1148,1148,2026-05-02,Dango Ouattara,GB1,0,0,0,1,90
4626141_739443,4626141,739443,1148,1148,2026-05-02,Igor Thiago,GB1,0,0,1,0,90
4626146_670858,4626146,670858,762,762,2026-05-02,Lewis Hall,GB1,0,0,0,0,22
4626141_717411,4626141,717411,1148,1148,2026-05-02,Yegor Yarmolyuk,GB1,0,0,0,0,90
4626146_609556,4626146,609556,762,762,2026-05-02,William Osula,GB1,0,0,1,0,68
4634513_196357,4634513,196357,27,27,2026-05-02,Jonathan Tah,L1,1,0,0,0,77
4626146_867688,4626146,867688,1237,1237,2026-05-02,Jack Hinshelwood,GB1,0,0,1,0,88
4626146_922769,4626146,922769,762,762,2026-05-02,Lewis Miley,GB1,0,0,0,0,90
4626141_541231,4626141,541231,1148,1148,2026-05-02,Sepp van den Berg,GB1,0,0,0,0,90
4634513_776890,4634513,776890,27,27,2026-05-02,Nicolas Jackson,L1,1,0,0,0,90
4634513_580195,4634513,580195,27,27,2026-05-02,Jamal Musiala,L1,0,0,0,0,45
4634513_566723,4634513,566723,27,27,2026-05-02,Michael Olise,L1,0,0,1,1,45
4634513_483046,4634513,483046,27,27,2026-05-02,Josip Stanisic,L1,0,0,0,0,45
4634513_480692,4634513,480692,27,27,2026-05-02,Luis Díaz,L1,0,0,0,0,45
4634513_424204,4634513,424204,27,27,2026-05-02,Alphonso Davies,L1,0,0,0,1,13
4634513_223967,4634513,223967,27,27,2026-05-02,Konrad Laimer,L1,1,0,0,0,90
4634513_161056,4634513,161056,27,27,2026-05-02,Joshua Kimmich,L1,0,0,0,0,45
4634513_132098,4634513,132098,27,27,2026-05-02,Harry Kane,L1,0,0,0,0,45
4626147_876631,4626147,876631,289,289,2026-05-02,Habib Diarra,GB1,0,0,0,0,18
4626147_800176,4626147,800176,543,543,2026-05-02,André,GB1,0,0,0,0,90
4626147_743384,4626147,743384,289,289,2026-05-02,Chemsdine Talbi,GB1,0,0,0,0,90
4626147_735570,4626147,735570,543,543,2026-05-02,João Gomes,GB1,0,0,0,0,90
4626147_727089,4626147,727089,289,289,2026-05-02,Noah Sadiki,GB1,0,0,0,0,72
4626147_646991,4626147,646991,289,289,2026-05-02,Robin Roefs,GB1,1,0,0,0,90
4626147_633992,4626147,633992,289,289,2026-05-02,Enzo Le Fée,GB1,0,0,0,0,90
4626147_473169,4626147,473169,289,289,2026-05-02,Brian Brobbey,GB1,1,0,0,0,72
4626146_973085,4626146,973085,1237,1237,2026-05-02,Carlos Baleba,GB1,0,0,0,0,80
4626141_644401,4626141,644401,1148,1148,2026-05-02,Keane Lewis-Potter,GB1,0,0,0,1,90
4621060_610442,4621060,610442,6195,6195,2026-05-02,Rasmus Højlund,IT1,0,0,0,0,90
4626141_540941,4626141,540941,1148,1148,2026-05-02,Mikkel Damsgaard,GB1,0,0,1,0,90
4626138_262749,4626138,262749,11,11,2026-05-02,David Raya,GB1,0,0,0,0,90
4626138_1011131,4626138,1011131,931,931,2026-05-02,Josh King,GB1,0,0,0,0,26
4621067_855308,4621067,855308,410,410,2026-05-02,Arthur Atta,IT1,0,0,0,0,84
4621060_948294,4621060,948294,1047,1047,2026-05-02,Nico Paz,IT1,0,0,0,0,90
4621060_948278,4621060,948278,1047,1047,2026-05-02,Jacobo Ramón,IT1,1,0,0,0,90
4621060_830365,4621060,830365,6195,6195,2026-05-02,Alisson Santos,IT1,0,0,0,0,90
4621060_668547,4621060,668547,1047,1047,2026-05-02,Máximo Perrone,IT1,0,0,0,0,90
4621060_580451,4621060,580451,1047,1047,2026-05-02,Martin Baturina,IT1,0,0,0,0,80
4621060_523318,4621060,523318,1047,1047,2026-05-02,Anastasios Douvikas,IT1,0,0,0,0,80
4621060_386446,4621060,386446,6195,6195,2026-05-02,Alessandro Buongiorno,IT1,0,0,0,0,90
4621060_315969,4621060,315969,6195,6195,2026-05-02,Scott McTominay,IT1,0,0,0,0,90
4621060_1190411,4621060,1190411,1047,1047,2026-05-02,Jesús Rodríguez,IT1,0,0,0,0,10
4621060_1061282,4621060,1061282,1047,1047,2026-05-02,Assane Diao,IT1,0,0,0,0,86
4621058_607854,4621058,607854,800,800,2026-05-02,Éderson,IT1,1,0,0,0,90
4621058_1077175,4621058,1077175,800,800,2026-05-02,Honest Ahanor,IT1,0,0,0,0,90
4621058_459763,4621058,459763,800,800,2026-05-02,Marco Carnesecchi,IT1,0,0,0,0,90
4621058_435772,4621058,435772,800,800,2026-05-02,Charles De Ketelaere,IT1,0,0,0,0,76
4621058_434433,4621058,434433,800,1005,2026-05-02,Nikola Krstović,IT1,1,0,0,0,90
4621058_315867,4621058,315867,800,800,2026-05-02,Gianluca Scamacca,IT1,0,0,0,0,57
4634514_1364454,4634514,1364454,15,15,2026-05-02,Christian Kofane,L1,0,0,0,0,1
4626138_1187629,4626138,1187629,11,11,2026-05-02,Max Dowman,GB1,0,0,0,0,12
4626138_279455,4626138,279455,931,931,2026-05-02,Harry Wilson,GB1,0,0,0,0,64
4626141_522784,4626141,522784,379,379,2026-05-02,Taty Castellanos,GB1,1,0,0,0,65
4626138_325443,4626138,325443,11,11,2026-05-02,Viktor Gyökeres,GB1,0,0,2,1,64
4626141_474701,4626141,474701,379,379,2026-05-02,Crysencio Summerville,GB1,1,0,0,0,88
4626141_473050,4626141,473050,1148,1148,2026-05-02,Kevin Schade,GB1,0,0,0,0,80
4626141_469050,4626141,469050,1148,1148,2026-05-02,Nathan Collins,GB1,0,0,0,0,90
4626141_340918,4626141,340918,1148,1148,2026-05-02,Caoimhín Kelleher,GB1,0,0,0,0,90
4626141_314875,4626141,314875,379,379,2026-05-02,Jarrod Bowen,GB1,0,0,0,0,88
4626141_1111589,4626141,1111589,379,379,2026-05-02,El Hadji Malick Diouf,GB1,0,0,0,0,74
4626138_890721,4626138,890721,11,11,2026-05-02,Myles Lewis-Skelly,GB1,0,0,0,0,90
4626138_661207,4626138,661207,931,281,2026-05-02,Oscar Bobb,GB1,0,0,0,0,26
4626138_646750,4626138,646750,11,11,2026-05-02,Cristhian Mosquera,GB1,0,0,0,0,7
4626138_503987,4626138,503987,11,11,2026-05-02,Noni Madueke,GB1,0,0,0,0,45
4626138_502821,4626138,502821,11,11,2026-05-02,Riccardo Calafiori,GB1,0,0,0,0,90
4626138_495666,4626138,495666,11,11,2026-05-02,William Saliba,GB1,0,0,0,0,90
4626138_479999,4626138,479999,11,11,2026-05-02,Eberechi Eze,GB1,0,0,0,0,78
4626138_461883,4626138,461883,931,931,2026-05-02,Calvin Bassey,GB1,0,0,0,0,90
4626138_435338,4626138,435338,11,11,2026-05-02,Gabriel,GB1,0,0,0,0,90
4626138_433177,4626138,433177,11,11,2026-05-02,Bukayo Saka,GB1,0,0,1,1,45
4626138_423440,4626138,423440,11,11,2026-05-02,Martín Zubimendi,GB1,0,0,0,0,26
4626138_357662,4626138,357662,11,11,2026-05-02,Declan Rice,GB1,0,0,0,0,64
4626138_335721,4626138,335721,11,11,2026-05-02,Ben White,GB1,0,0,0,0,83
4634513_792380,4634513,792380,27,27,2026-05-02,Aleksandar Pavlovic,L1,0,0,0,0,45
4621058_571604,4621058,571604,800,800,2026-05-02,Giorgio Scalvini,IT1,0,0,0,0,90
4634514_1390649,4634514,1390649,23826,23826,2026-05-02,Yan Diomande,L1,0,0,0,0,90
4646001_709187,4646001,709187,621,621,2026-05-02,Nico Williams,ES1,1,0,2,1,89
4646008_561613,4646008,561613,131,131,2026-05-02,Joan García,ES1,0,0,0,0,90
4646008_466794,4646008,466794,131,131,2026-05-02,Eric García,ES1,1,0,0,0,82
4646008_398184,4646008,398184,131,131,2026-05-02,Ferran Torres,ES1,0,0,1,0,28
4646008_326330,4646008,326330,131,131,2026-05-02,Frenkie de Jong,ES1,0,0,0,0,28
4646008_293385,4646008,293385,131,131,2026-05-02,Dani Olmo,ES1,0,0,0,0,62
4646008_258923,4646008,258923,131,131,2026-05-02,Marcus Rashford,ES1,0,0,0,1,28
4646008_1018920,4646008,1018920,131,131,2026-05-02,Marc Bernal,ES1,0,0,0,0,2
4646007_834764,4646007,834764,1049,1049,2026-05-02,Javi Guerra,ES1,0,0,0,0,90
4646001_938729,4646001,938729,621,621,2026-05-02,Mikel Jauregizar,ES1,1,0,0,0,45
4646001_571020,4646001,571020,621,621,2026-05-02,Oihan Sancet,ES1,0,0,1,0,45
4635287_745200,4635287,745200,162,162,2026-05-02,Maghnes Akliouche,FR1,0,0,0,1,90
4645999_805714,4645999,805714,1050,1050,2026-05-02,Renato Veiga,ES1,1,0,0,0,90
4645999_733576,4645999,733576,1050,1050,2026-05-02,Alberto Moleiro,ES1,0,0,1,0,90
4645999_729814,4645999,729814,1050,1050,2026-05-02,Georges Mikautadze,ES1,0,0,2,0,74
4642444_748804,4642444,748804,610,610,2026-05-02,Mika Godts,NL1,0,0,1,1,90
4642444_627207,4642444,627207,383,383,2026-05-02,Ricardo Pepi,NL1,0,0,1,0,72
4642444_408574,4642444,408574,383,383,2026-05-02,Joey Veerman,NL1,0,0,0,0,59
4635293_808348,4635293,808348,826,826,2026-05-02,Mamadou Sangaré,FR1,0,0,0,0,90
4635293_743515,4635293,743515,826,826,2026-05-02,Robin Risser,FR1,0,0,0,0,90
4635293_655217,4635293,655217,826,826,2026-05-02,Samson Baidoo,FR1,0,0,0,0,90
4646008_636703,4646008,636703,131,131,2026-05-02,Fermín López,ES1,0,0,0,1,90
4646008_646740,4646008,646740,131,131,2026-05-02,Gavi,ES1,1,0,0,0,62
4646008_683840,4646008,683840,131,131,2026-05-02,Pedri,ES1,0,0,0,0,88
4646008_705395,4646008,705395,131,131,2026-05-02,Gerard Martín,ES1,0,0,0,0,90
4850186_990148,4850186,990148,1184,1184,2026-05-02,Konstantinos Karetsas,POBE,0,0,0,0,30
4649388_800175,4649388,800175,964,964,2026-05-02,Luiz Henrique,RU1,0,0,1,0,90
4649388_651580,4649388,651580,2410,2410,2026-05-02,Matvey Kislyak,RU1,0,0,0,0,82
4648920_982575,4648920,982575,3329,3329,2026-05-02,Gustavo Sá,PO1,1,0,0,0,90
4648920_735573,4648920,735573,294,294,2026-05-02,Richard Ríos,PO1,1,0,1,0,90
4648920_670103,4648920,670103,294,294,2026-05-02,Andreas Schjelderup,PO1,0,0,1,1,72
4648920_650568,4648920,650568,294,294,2026-05-02,António Silva,PO1,0,0,0,0,90
4648920_537844,4648920,537844,294,294,2026-05-02,Anatoliy Trubin,PO1,1,0,0,0,90
4648918_957653,4648918,957653,720,720,2026-05-02,Rodrigo Mora,PO1,0,0,0,0,4
4648918_926993,4648918,926993,720,720,2026-05-02,Victor Froholdt,PO1,0,0,0,0,90
4648918_756990,4648918,756990,720,720,2026-05-02,Alan Varela,PO1,0,0,0,0,45
4648918_699704,4648918,699704,720,720,2026-05-02,Gabri Veiga,PO1,0,0,0,1,74
4648918_425918,4648918,425918,720,11,2026-05-02,Jakub Kiwior,PO1,1,0,0,0,45
4648918_357153,4648918,357153,720,720,2026-05-02,Diogo Costa,PO1,0,0,0,0,90
4648918_1162012,4648918,1162012,720,720,2026-05-02,Oskar Pietuszewski,PO1,0,0,0,0,63
4648053_648779,4648053,648779,141,141,2026-05-02,Wilfried Singo,TR1,0,0,0,0,16
4648053_541537,4648053,541537,141,141,2026-05-02,Barış Alper Yılmaz,TR1,0,0,0,0,74
4648053_401923,4648053,401923,141,141,2026-05-02,Victor Osimhen,TR1,0,0,0,1,90
4646008_962110,4646008,962110,131,131,2026-05-02,Pau Cubarsí,ES1,0,0,0,0,90
4635287_918969,4635287,918969,162,162,2026-05-02,Lamine Camara,FR1,0,0,0,0,58
4634514_324278,4634514,324278,23826,23826,2026-05-02,Christoph Baumgartner,L1,1,0,1,0,90
4635287_503770,4635287,503770,162,162,2026-05-02,Folarin Balogun,FR1,0,0,1,0,90
4634519_1168219,4634519,1168219,3,3,2026-05-02,Said El Mala,L1,0,0,1,0,72
4634515_939964,4634515,939964,24,24,2026-05-02,Jean-Mattéo Bahoya,L1,1,0,0,0,29
4634515_931838,4634515,931838,24,24,2026-05-02,Hugo Larsson,L1,0,0,0,0,82
4634515_892160,4634515,892160,41,148,2026-05-02,Luka Vuskovic,L1,0,0,0,0,12
4634515_816585,4634515,816585,24,24,2026-05-02,Can Uzun,L1,1,0,1,0,90
4634515_691892,4634515,691892,24,24,2026-05-02,Nathaniel Brown,L1,0,0,0,0,90
4634515_585959,4634515,585959,24,24,2026-05-02,Arnaud Kalimuendo,L1,1,0,0,0,90
4634515_333647,4634515,333647,24,24,2026-05-02,Jonathan Burkardt,L1,0,0,0,1,61
4634514_957874,4634514,957874,23826,23826,2026-05-02,Rômulo,L1,0,0,0,0,65
4634514_905011,4634514,905011,15,15,2026-05-02,Ibrahim Maza,L1,0,0,0,1,85
4634514_897424,4634514,897424,23826,23826,2026-05-02,Assan Ouédraogo,L1,0,0,0,0,25
4634514_894914,4634514,894914,23826,23826,2026-05-02,Antonio Nusa,L1,0,0,0,0,45
4634514_718303,4634514,718303,15,1090,2026-05-02,Ernest Poku,L1,0,0,0,0,13
4634514_700106,4634514,700106,23826,23826,2026-05-02,Brajan Gruda,L1,0,0,0,1,45
4634514_632349,4634514,632349,15,15,2026-05-02,Jarell Quansah,L1,0,0,0,0,90
4634514_618472,4634514,618472,23826,23826,2026-05-02,Castello Lukeba,L1,0,0,0,0,45
4634514_467437,4634514,467437,15,15,2026-05-02,Malik Tillman,L1,1,0,0,0,5
4634514_404950,4634514,404950,23826,23826,2026-05-02,Nicolas Seiwald,L1,0,0,0,0,65
4634514_401578,4634514,401578,15,15,2026-05-02,Exequiel Palacios,L1,0,0,0,0,90
4635287_334526,4635287,334526,162,162,2026-05-02,Denis Zakaria,FR1,0,0,0,0,90
4634517_1084638,4634517,1084638,86,86,2026-05-02,Karim Coulibaly,L1,0,0,0,0,45
4634514_564545,4634514,564545,15,15,2026-05-02,Edmond Tapsoba,L1,0,0,0,0,90
4634521_1067904,4634521,1067904,533,533,2026-05-02,Bazoumana Touré,L1,0,0,1,1,90
4635285_661171,4635285,661171,583,583,2026-05-02,Willian Pacho,FR1,0,0,0,0,90
4634521_436064,4634521,436064,79,79,2026-05-02,Ramon Hendriks,L1,0,0,0,1,90
4635286_532826,4635286,532826,244,244,2026-05-02,Mason Greenwood,FR1,0,0,0,0,90
4635286_420213,4635286,420213,244,244,2026-05-02,Quinten Timber,FR1,1,0,0,0,45
4635286_653610,4635286,653610,244,244,2026-05-02,Igor Paixão,FR1,0,0,0,0,45
4635285_914562,4635285,914562,583,583,2026-05-02,Désiré Doué,FR1,0,0,0,1,75
4635285_903693,4635285,903693,583,583,2026-05-02,Senny Mayulu,FR1,0,0,0,0,90
4635285_810092,4635285,810092,583,583,2026-05-02,Warren Zaïre-Emery,FR1,0,0,1,0,29
4635285_708265,4635285,708265,583,583,2026-05-02,Bradley Barcola,FR1,0,0,0,0,90
4635285_670681,4635285,670681,583,583,2026-05-02,João Neves,FR1,0,0,0,0,28
4635286_418659,4635286,418659,244,244,2026-05-02,Amine Gouiri,FR1,0,0,0,0,25
4635285_557149,4635285,557149,583,583,2026-05-02,Kang-in Lee,FR1,0,0,0,0,90
4635285_1185888,4635285,1185888,583,583,2026-05-02,Ibrahim Mbaye,FR1,0,0,1,0,62
4634521_667457,4634521,667457,533,533,2026-05-02,Leon Avdullahu,L1,0,0,0,0,90
4634521_654982,4634521,654982,79,79,2026-05-02,Bilal El Khannouss,L1,1,0,0,0,76
4634521_579459,4634521,579459,533,533,2026-05-02,Albian Hajdari,L1,0,0,0,0,90
4634521_443710,4634521,443710,79,79,2026-05-02,Angelo Stiller,L1,0,0,0,0,90
4634521_524290,4634521,524290,533,533,2026-05-02,Fisnik Asllani,L1,0,0,0,1,90
4634521_518505,4634521,518505,79,79,2026-05-02,Jamie Leweling,L1,0,0,0,1,86
4635285_350219,4635285,350219,583,583,2026-05-02,Fabián Ruiz,FR1,0,0,0,0,61
4626144_842341,4626144,842341,1132,1132,2026-05-01,Maxime Estève,GB1,0,0,0,0,90
4626144_344069,4626144,344069,399,399,2026-05-01,Anton Stach,GB1,0,0,1,0,72
4626144_346890,4626144,346890,399,399,2026-05-01,Noah Okafor,GB1,0,0,1,0,65
4626144_392771,4626144,392771,399,399,2026-05-01,Ethan Ampadu,GB1,1,0,0,0,90
4646006_1005575,4646006,1005575,12321,12321,2026-05-01,Vitor Reis,ES1,1,0,0,0,90
4648049_454567,4648049,454567,114,114,2026-05-01,Orkun Kökçü,TR1,0,0,0,0,7
4649389_720286,4649389,720286,932,932,2026-05-01,Aleksey Batrakov,RU1,1,0,0,1,90
4805928_526845,4805928,526845,60,60,2026-04-30,Noah Atubolu,EL,0,0,0,0,90
4805929_413507,4805929,413507,703,703,2026-04-30,Nikola Milenković,EL,0,0,0,0,90
4805928_606752,4805928,606752,1075,1075,2026-04-30,Rodrigo Zalazar,EL,0,0,0,0,72
4805928_668606,4805928,668606,60,60,2026-04-30,Yuito Suzuki,EL,0,0,0,0,81
4805928_927353,4805928,927353,60,60,2026-04-30,Johan Manzambi,EL,0,0,0,0,90
4805929_249565,4805929,249565,405,405,2026-04-30,Youri Tielemans,EL,1,0,0,0,90
4805929_324358,4805929,324358,405,405,2026-04-30,Ollie Watkins,EL,0,0,0,0,90
4805929_413403,4805929,413403,405,405,2026-04-30,Ezri Konsa,EL,0,0,0,0,90
4805929_741238,4805929,741238,703,703,2026-04-30,Omari Hutchinson,EL,0,0,0,0,90
4805929_429014,4805929,429014,703,703,2026-04-30,Morgan Gibbs-White,EL,0,0,0,0,90
4805929_485585,4805929,485585,405,405,2026-04-30,Ian Maatsen,EL,0,0,0,0,11
4805929_485706,4805929,485706,405,405,2026-04-30,Amadou Onana,EL,0,0,0,0,55
4805929_503680,4805929,503680,703,703,2026-04-30,Neco Williams,EL,0,0,0,0,90
4805929_503743,4805929,503743,405,405,2026-04-30,Morgan Rogers,EL,0,0,0,0,90
4805929_567576,4805929,567576,703,703,2026-04-30,Elliot Anderson,EL,0,0,0,0,90
4805929_432164,4805929,432164,703,703,2026-04-30,Igor Jesus,EL,0,0,0,0,90
4648879_701979,4648879,701979,336,336,2026-04-29,Geny Catamo,PO1,0,0,0,1,87
4814379_357662,4814379,357662,11,11,2026-04-29,Declan Rice,CL,0,0,0,0,90
4814379_335721,4814379,335721,11,11,2026-04-29,Ben White,CL,0,0,0,0,86
4814379_325443,4814379,325443,11,11,2026-04-29,Viktor Gyökeres,CL,0,0,1,0,69
4814379_316264,4814379,316264,11,11,2026-04-29,Martin Ødegaard,CL,0,0,0,0,58
4814379_262749,4814379,262749,11,11,2026-04-29,David Raya,CL,0,0,0,0,90
4648879_424784,4648879,424784,336,336,2026-04-29,Luis Suárez,PO1,0,0,1,0,90
4648879_572675,4648879,572675,336,336,2026-04-29,Maxi Araújo,PO1,0,0,0,0,90
4648879_548193,4648879,548193,336,336,2026-04-29,Zeno Debast,PO1,0,0,0,0,90
4648879_426620,4648879,426620,336,336,2026-04-29,Pedro Gonçalves,PO1,0,0,0,0,75
4648879_412669,4648879,412669,336,336,2026-04-29,Francisco Trincão,PO1,0,0,0,0,33
4814379_406040,4814379,406040,13,800,2026-04-29,Ademola Lookman,CL,0,0,0,0,90
4648879_1138758,4648879,1138758,336,336,2026-04-29,Geovany Quenda,PO1,0,0,0,0,57
4814379_404418,4814379,404418,13,13,2026-04-29,Dávid Hancko,CL,1,0,0,0,90
4814379_844637,4814379,844637,13,13,2026-04-29,Marc Pubill,CL,0,0,0,0,90
4814379_423440,4814379,423440,11,11,2026-04-29,Martín Zubimendi,CL,0,0,0,0,90
4814379_576024,4814379,576024,13,13,2026-04-29,Julián Alvarez,CL,0,0,1,0,77
4814379_742201,4814379,742201,13,13,2026-04-29,Giuliano Simeone,CL,0,0,0,0,45
4814379_659813,4814379,659813,11,11,2026-04-29,Piero Hincapié,CL,0,0,0,0,90
4814379_655488,4814379,655488,11,11,2026-04-29,Gabriel Martinelli,CL,0,0,0,0,68
4814379_646750,4814379,646750,11,11,2026-04-29,Cristhian Mosquera,CL,0,0,0,0,4
4814379_616631,4814379,616631,13,13,2026-04-29,Matteo Ruggeri,CL,0,0,0,0,90
4814379_433177,4814379,433177,11,11,2026-04-29,Bukayo Saka,CL,0,0,0,0,22
4814379_548111,4814379,548111,13,13,2026-04-29,Álex Baena,CL,0,0,0,0,13
4814379_495666,4814379,495666,11,11,2026-04-29,William Saliba,CL,0,0,0,0,90
4814379_479999,4814379,479999,11,11,2026-04-29,Eberechi Eze,CL,0,0,0,0,32
4814379_435338,4814379,435338,11,11,2026-04-29,Gabriel,CL,0,0,0,0,90
4814379_503987,4814379,503987,11,11,2026-04-29,Noni Madueke,CL,0,0,0,0,68
4814378_318470,4814378,318470,583,583,2026-04-28,Matvey Safonov,CL,0,0,0,0,90
4814378_480692,4814378,480692,27,27,2026-04-28,Luis Díaz,CL,0,0,1,1,90
4814378_424204,4814378,424204,27,27,2026-04-28,Alphonso Davies,CL,0,0,0,0,45
4814378_398073,4814378,398073,583,583,2026-04-28,Achraf Hakimi,CL,1,0,0,1,90
4814378_350219,4814378,350219,583,583,2026-04-28,Fabián Ruiz,CL,1,0,0,0,26
4814378_344695,4814378,344695,27,27,2026-04-28,Dayot Upamecano,CL,0,0,1,0,90
4814378_223967,4814378,223967,27,27,2026-04-28,Konrad Laimer,CL,0,0,0,0,45
4814378_288230,4814378,288230,583,583,2026-04-28,Ousmane Dembélé,CL,0,0,2,1,90
4814378_196357,4814378,196357,27,27,2026-04-28,Jonathan Tah,CL,0,0,0,0,90
4814378_181767,4814378,181767,583,583,2026-04-28,Marquinhos,CL,1,0,0,0,90
4814378_161056,4814378,161056,27,27,2026-04-28,Joshua Kimmich,CL,0,0,0,1,90
4814378_487469,4814378,487469,583,583,2026-04-28,Vitinha,CL,0,0,0,0,90
4814378_132098,4814378,132098,27,27,2026-04-28,Harry Kane,CL,0,0,1,1,90
4814378_483046,4814378,483046,27,27,2026-04-28,Josip Stanisic,CL,0,0,0,0,90
4814378_502670,4814378,502670,583,583,2026-04-28,Khvicha Kvaratskhelia,CL,0,0,2,0,84
4814378_776890,4814378,776890,27,27,2026-04-28,Nicolas Jackson,CL,0,0,0,0,1
4814378_566723,4814378,566723,27,27,2026-04-28,Michael Olise,CL,0,0,1,0,90
4814378_914562,4814378,914562,583,583,2026-04-28,Désiré Doué,CL,0,0,0,2,70
4814378_903693,4814378,903693,583,583,2026-04-28,Senny Mayulu,CL,0,0,0,0,6
4814378_792380,4814378,792380,27,27,2026-04-28,Aleksandar Pavlovic,CL,0,0,0,1,90
4814378_810092,4814378,810092,583,583,2026-04-28,Warren Zaïre-Emery,CL,0,0,0,0,64
4814378_708265,4814378,708265,583,583,2026-04-28,Bradley Barcola,CL,0,0,0,0,20
4814378_670681,4814378,670681,583,583,2026-04-28,João Neves,CL,0,0,1,0,90
4814378_661171,4814378,661171,583,583,2026-04-28,Willian Pacho,CL,0,0,0,0,90
4814378_616341,4814378,616341,583,583,2026-04-28,Nuno Mendes,CL,0,0,0,0,84
4814378_580195,4814378,580195,27,27,2026-04-28,Jamal Musiala,CL,0,0,0,0,79
4621049_470394,4621049,470394,398,398,2026-04-27,Kenneth Taylor,IT1,0,0,0,0,45
4626134_357147,4626134,357147,985,985,2026-04-27,Diogo Dalot,GB1,0,0,0,0,90
4626134_346483,4626134,346483,985,985,2026-04-27,Mason Mount,GB1,0,0,0,0,16
4626134_340918,4626134,340918,1148,1148,2026-04-27,Caoimhín Kelleher,GB1,0,0,0,0,90
4626134_240306,4626134,240306,985,985,2026-04-27,Bruno Fernandes,GB1,0,0,0,1,90
4626134_1078163,4626134,1078163,985,985,2026-04-27,Ayden Heaven,GB1,0,0,0,0,90
4621049_855308,4621049,855308,410,410,2026-04-27,Arthur Atta,IT1,0,0,2,0,90
4621046_315867,4621046,315867,800,800,2026-04-27,Gianluca Scamacca,IT1,0,0,2,0,90
4621046_895937,4621046,895937,1390,1390,2026-04-27,Marco Palestra,IT1,0,0,0,0,34
4621046_571604,4621046,571604,800,800,2026-04-27,Giorgio Scalvini,IT1,0,0,0,1,90
4621046_459763,4621046,459763,800,800,2026-04-27,Marco Carnesecchi,IT1,0,0,0,0,90
4621046_435772,4621046,435772,800,800,2026-04-27,Charles De Ketelaere,IT1,0,0,0,0,77
4621046_434433,4621046,434433,800,1005,2026-04-27,Nikola Krstović,IT1,0,0,0,0,34
4626134_469050,4626134,469050,1148,1148,2026-04-27,Nathan Collins,GB1,1,0,0,0,90
4626134_413039,4626134,413039,985,985,2026-04-27,Bryan Mbeumo,GB1,0,0,0,0,74
4621046_607854,4621046,607854,800,800,2026-04-27,Éderson,IT1,0,0,0,0,17
4626134_473050,4626134,473050,1148,1148,2026-04-27,Kevin Schade,GB1,0,0,0,0,73
4626134_739443,4626134,739443,1148,1148,2026-04-27,Igor Thiago,GB1,1,0,0,0,90
4626134_503883,4626134,503883,985,1096,2026-04-27,Senne Lammens,GB1,0,0,0,0,90
4648042_454567,4648042,454567,114,114,2026-04-27,Orkun Kökçü,TR1,0,0,0,0,90
4645972_709372,4645972,709372,714,714,2026-04-27,Carlos Romero,ES1,0,0,0,0,90
4626134_823486,4626134,823486,1148,1148,2026-04-27,Michael Kayode,GB1,0,0,0,0,90
4626134_823231,4626134,823231,1148,1148,2026-04-27,Dango Ouattara,GB1,1,0,0,0,90
4626134_820374,4626134,820374,985,985,2026-04-27,Kobbie Mainoo,GB1,0,0,0,0,90
4626134_923831,4626134,923831,985,985,2026-04-27,Leny Yoro,GB1,0,0,0,0,17
4626134_717411,4626134,717411,1148,1148,2026-04-27,Yegor Yarmolyuk,GB1,0,0,0,0,90
4626134_644401,4626134,644401,1148,1148,2026-04-27,Keane Lewis-Potter,GB1,0,0,0,0,90
4626134_627442,4626134,627442,985,985,2026-04-27,Benjamin Sesko,GB1,0,0,1,0,88
4626134_541231,4626134,541231,1148,1148,2026-04-27,Sepp van den Berg,GB1,1,0,0,0,90
4626134_540941,4626134,540941,1148,1148,2026-04-27,Mikkel Damsgaard,GB1,0,0,0,0,90
4626134_536835,4626134,536835,985,985,2026-04-27,Amad Diallo,GB1,0,0,0,0,45
4634495_270541,4634495,270541,16,16,2026-04-26,Serhou Guirassy,L1,0,0,1,0,84
4634495_526845,4634495,526845,60,60,2026-04-26,Noah Atubolu,L1,0,0,0,0,90
4634495_388198,4634495,388198,16,16,2026-04-26,Nico Schlotterbeck,L1,0,0,0,0,90
4634495_370789,4634495,370789,16,16,2026-04-26,Julian Ryerson,L1,0,0,0,1,90
4621053_827734,4621053,827734,46,46,2026-04-26,Ange-Yoan Bonny,IT1,0,0,0,0,61
4634495_257814,4634495,257814,16,16,2026-04-26,Gregor Kobel,L1,0,0,0,0,90
4621053_930781,4621053,930781,46,46,2026-04-26,Pio Esposito,IT1,0,0,0,0,29
4621053_441986,4621053,441986,46,46,2026-04-26,Yann Bisseck,IT1,0,0,1,0,87
4621053_668207,4621053,668207,46,46,2026-04-26,Petar Sučić,IT1,0,0,0,0,80
4634495_796297,4634495,796297,16,16,2026-04-26,Jobe Bellingham,L1,1,0,0,0,88
4634495_578392,4634495,578392,16,16,2026-04-26,Maximilian Beier,L1,0,0,1,0,88
4635279_1097139,4635279,1097139,1082,1082,2026-04-26,Ayyoub Bouaddi,FR1,1,0,0,0,90
4634498_1084638,4634498,1084638,86,86,2026-04-26,Karim Coulibaly,L1,0,0,0,0,90
4634498_436064,4634498,436064,79,79,2026-04-26,Ramon Hendriks,L1,0,0,0,0,45
4634498_443710,4634498,443710,79,79,2026-04-26,Angelo Stiller,L1,0,0,0,0,90
4634498_518505,4634498,518505,79,79,2026-04-26,Jamie Leweling,L1,0,0,0,0,78
4634498_654982,4634498,654982,79,79,2026-04-26,Bilal El Khannouss,L1,0,0,0,1,90
4635276_461607,4635276,461607,273,273,2026-04-26,Estéban Lepaul,FR1,0,0,1,0,90
4621053_318528,4621053,318528,46,46,2026-04-26,Marcus Thuram,IT1,0,0,1,0,90
4635279_548254,4635279,548254,1082,1082,2026-04-26,Nathan Ngoy,FR1,1,0,0,0,90
4635279_652275,4635279,652275,1082,1082,2026-04-26,Hákon Arnar Haraldsson,FR1,0,0,0,0,78
4635279_724129,4635279,724129,1082,1082,2026-04-26,Matias Fernandez-Pardo,FR1,0,0,1,0,83
4635280_559328,4635280,559328,667,667,2026-04-26,Emmanuel Emegha,FR1,0,0,0,0,5
4635280_655006,4635280,655006,667,667,2026-04-26,Diego Moreira,FR1,0,0,0,0,14
4621053_321528,4621053,321528,46,46,2026-04-26,Denzel Dumfries,IT1,0,0,0,0,10
4621050_569598,4621050,569598,5,5,2026-04-26,Youssouf Fofana,IT1,0,0,0,0,67
4621053_255942,4621053,255942,46,46,2026-04-26,Nicolò Barella,IT1,1,0,0,0,90
4621050_332697,4621050,332697,506,506,2026-04-26,Weston McKennie,IT1,0,0,0,0,90
4621047_679423,4621047,679423,6574,6574,2026-04-26,Tarik Muharemović,IT1,0,0,0,0,90
4621047_921655,4621047,921655,6574,6574,2026-04-26,Ismaël Koné,IT1,0,0,0,0,74
4621048_1061282,4621048,1061282,1047,1047,2026-04-26,Assane Diao,IT1,1,0,1,0,81
4621048_523318,4621048,523318,1047,1047,2026-04-26,Anastasios Douvikas,IT1,0,0,1,0,81
4621048_580451,4621048,580451,1047,1047,2026-04-26,Martin Baturina,IT1,0,0,0,0,90
4621048_668547,4621048,668547,1047,1047,2026-04-26,Máximo Perrone,IT1,0,0,0,0,90
4621048_948278,4621048,948278,1047,1047,2026-04-26,Jacobo Ramón,IT1,0,0,0,0,90
4621048_948294,4621048,948294,1047,1047,2026-04-26,Nico Paz,IT1,0,0,0,0,45
4621050_265088,4621050,265088,506,506,2026-04-26,Manuel Locatelli,IT1,1,0,0,0,90
4621050_315779,4621050,315779,5,5,2026-04-26,Christian Pulisic,IT1,0,0,0,0,62
4621050_344381,4621050,344381,5,5,2026-04-26,Christopher Nkunku,IT1,0,0,0,0,10
4621053_198116,4621053,198116,46,46,2026-04-26,Federico Dimarco,IT1,0,0,0,2,80
4621050_357164,4621050,357164,5,5,2026-04-26,Rafael Leão,IT1,0,0,0,0,80
4621050_357498,4621050,357498,506,506,2026-04-26,Dušan Vlahović,IT1,0,0,0,0,3
4621050_463618,4621050,463618,506,506,2026-04-26,Khéphren Thuram,IT1,0,0,0,0,71
4621050_487474,4621050,487474,506,506,2026-04-26,Francisco Conceição,IT1,0,0,0,0,80
4621050_533738,4621050,533738,506,506,2026-04-26,Jonathan David,IT1,0,0,0,0,87
4635280_834397,4635280,834397,667,667,2026-04-26,Mike Penders,FR1,0,0,0,0,90
4621050_574671,4621050,574671,5,5,2026-04-26,Strahinja Pavlović,IT1,0,0,0,0,90
4621050_585949,4621050,585949,506,506,2026-04-26,Pierre Kalulu,IT1,0,0,0,0,90
4621050_608172,4621050,608172,5,5,2026-04-26,Ardon Jashari,IT1,0,0,0,0,10
4621050_845654,4621050,845654,506,506,2026-04-26,Kenan Yıldız,IT1,0,0,0,0,10
4635280_660867,4635280,660867,667,667,2026-04-26,Julio Enciso,FR1,0,0,0,0,67
4621050_516716,4621050,516716,506,506,2026-04-26,Bremer,IT1,0,0,0,0,90
4635284_420213,4635284,420213,244,244,2026-04-26,Quinten Timber,FR1,0,0,0,0,81
4648912_357153,4648912,357153,720,720,2026-04-26,Diogo Costa,PO1,1,0,0,0,90
4648912_699704,4648912,699704,720,720,2026-04-26,Gabri Veiga,PO1,0,0,0,0,70
4648912_926993,4648912,926993,720,720,2026-04-26,Victor Froholdt,PO1,0,0,0,0,90
4648912_957653,4648912,957653,720,720,2026-04-26,Rodrigo Mora,PO1,0,0,0,0,20
4649315_800175,4649315,800175,964,964,2026-04-26,Luiz Henrique,RU1,0,0,1,0,90
4649317_515744,4649317,515744,16704,16704,2026-04-26,Eduard Spertsyan,RU1,0,0,0,0,82
4850146_451677,4850146,451677,2282,2282,2026-04-26,Christos Tzolis,EJPL,0,0,1,0,90
4850146_717329,4850146,717329,2282,2282,2026-04-26,Nicolò Tresoldi,EJPL,0,0,0,0,73
4850146_780136,4850146,780136,2282,2282,2026-04-26,Aleksandar Stanković,EJPL,0,0,0,0,90
4850146_893661,4850146,893661,2282,2282,2026-04-26,Joel Ordóñez,EJPL,0,0,0,0,90
4859278_284857,4859278,284857,631,631,2026-04-26,Marc Cucurella,FAC,0,0,0,0,90
4859278_344069,4859278,344069,399,399,2026-04-26,Anton Stach,FAC,0,0,0,0,45
4859278_346314,4859278,346314,631,631,2026-04-26,Trevoh Chalobah,FAC,0,0,0,0,90
4859278_346890,4859278,346890,399,399,2026-04-26,Noah Okafor,FAC,0,0,0,0,74
4859278_392771,4859278,392771,399,399,2026-04-26,Ethan Ampadu,FAC,1,0,0,0,90
4859278_487465,4859278,487465,631,631,2026-04-26,Pedro Neto,FAC,1,0,0,1,90
4859278_568177,4859278,568177,631,631,2026-04-26,Cole Palmer,FAC,1,0,0,0,19
4859278_610849,4859278,610849,631,631,2026-04-26,Liam Delap,FAC,0,0,0,0,1
4859278_620322,4859278,620322,631,631,2026-04-26,Malo Gusto,FAC,0,0,0,0,90
4859278_626724,4859278,626724,631,631,2026-04-26,João Pedro,FAC,0,0,0,0,90
4859278_687626,4859278,687626,631,631,2026-04-26,Moisés Caicedo,FAC,1,0,0,0,90
4859278_743600,4859278,743600,631,631,2026-04-26,Andrey Santos,FAC,0,0,0,0,24
4859278_811779,4859278,811779,631,631,2026-04-26,Alejandro Garnacho,FAC,0,0,0,0,71
4635284_532826,4635284,532826,244,244,2026-04-26,Mason Greenwood,FR1,0,0,0,0,27
4648912_425918,4648912,425918,720,11,2026-04-26,Jakub Kiwior,PO1,0,0,0,0,84
4859278_648195,4859278,648195,631,631,2026-04-26,Enzo Fernández,FAC,0,0,1,0,90
4648912_1162012,4648912,1162012,720,720,2026-04-26,Oskar Pietuszewski,PO1,0,0,0,1,90
4648044_541537,4648044,541537,141,141,2026-04-26,Barış Alper Yılmaz,TR1,1,0,1,0,82
4645973_935231,4645973,935231,331,331,2026-04-26,Víctor Muñoz,ES1,0,0,0,0,90
4648912_1004725,4648912,1004725,720,720,2026-04-26,William Gomes,PO1,0,0,0,0,29
4645974_1018938,4645974,1018938,681,681,2026-04-26,Jon Martín,ES1,0,0,0,0,90
4645974_711374,4645974,711374,681,681,2026-04-26,Jon Gorrotxategi,ES1,0,0,0,0,23
4645977_485963,4645977,485963,1050,1050,2026-04-26,Pape Gueye,ES1,1,0,0,0,78
4645977_729814,4645977,729814,1050,1050,2026-04-26,Georges Mikautadze,ES1,0,0,0,0,85
4645977_733576,4645977,733576,1050,1050,2026-04-26,Alberto Moleiro,ES1,0,0,0,1,90
4645977_805714,4645977,805714,1050,1050,2026-04-26,Renato Veiga,ES1,0,0,0,0,90
4648044_401923,4648044,401923,141,141,2026-04-26,Victor Osimhen,TR1,1,0,1,0,90
4648044_465830,4648044,465830,36,398,2026-04-26,Mattéo Guendouzi,TR1,1,0,0,0,90
4645974_351478,4645974,351478,681,681,2026-04-26,Mikel Oyarzabal,ES1,0,0,2,0,90
4648044_648779,4648044,648779,141,141,2026-04-26,Wilfried Singo,TR1,0,0,0,0,5
4648910_548193,4648910,548193,336,336,2026-04-26,Zeno Debast,PO1,0,0,0,0,90
4648909_606752,4648909,606752,1075,1075,2026-04-26,Rodrigo Zalazar,PO1,0,0,1,0,48
4648910_974982,4648910,974982,336,336,2026-04-26,Ousmane Diomande,PO1,0,0,0,0,90
4648911_982575,4648911,982575,3329,3329,2026-04-26,Gustavo Sá,PO1,0,0,0,0,87
4648910_572675,4648910,572675,336,336,2026-04-26,Maxi Araújo,PO1,0,0,0,0,16
4648910_701979,4648910,701979,336,336,2026-04-26,Geny Catamo,PO1,0,0,0,0,33
4648910_426620,4648910,426620,336,336,2026-04-26,Pedro Gonçalves,PO1,0,0,0,0,74
4648910_424784,4648910,424784,336,336,2026-04-26,Luis Suárez,PO1,0,0,0,0,33
4648910_412669,4648910,412669,336,336,2026-04-26,Francisco Trincão,PO1,0,0,0,0,90
4648910_1138758,4648910,1138758,336,336,2026-04-26,Geovany Quenda,PO1,0,0,0,0,57
4626133_744149,4626133,744149,873,873,2026-04-25,Adam Wharton,GB1,0,0,0,0,90
4626133_730893,4626133,730893,873,873,2026-04-25,Tyrick Mitchell,GB1,0,0,0,0,45
4626133_730861,4626133,730861,31,31,2026-04-25,Milos Kerkez,GB1,0,0,0,0,3
4626133_598577,4626133,598577,31,31,2026-04-25,Florian Wirtz,GB1,0,0,1,0,90
4626133_578539,4626133,578539,873,873,2026-04-25,Chris Richards,GB1,0,0,0,0,90
4626133_568157,4626133,568157,873,1050,2026-04-25,Yéremy Pino,GB1,0,0,0,0,31
4626133_534033,4626133,534033,31,31,2026-04-25,Alexis Mac Allister,GB1,0,0,0,2,90
4626133_484547,4626133,484547,31,31,2026-04-25,Jeremie Frimpong,GB1,0,0,0,0,31
4626133_478573,4626133,478573,31,31,2026-04-25,Ryan Gravenberch,GB1,0,0,0,0,11
4626133_434224,4626133,434224,873,873,2026-04-25,Maxence Lacroix,GB1,0,0,0,0,90
4626133_470607,4626133,470607,873,148,2026-04-25,Brennan Johnson,GB1,0,0,0,0,59
4626133_451276,4626133,451276,31,31,2026-04-25,Dominik Szoboszlai,GB1,1,0,0,0,90
4626133_434675,4626133,434675,31,31,2026-04-25,Cody Gakpo,GB1,0,0,0,0,90
4626133_433188,4626133,433188,31,31,2026-04-25,Curtis Jones,GB1,0,0,0,1,87
4626133_429983,4626133,429983,873,543,2026-04-25,Jørgen Strand Larsen,GB1,0,0,0,0,20
4626133_420002,4626133,420002,873,873,2026-04-25,Jean-Philippe Mateta,GB1,0,0,0,0,70
4626133_410225,4626133,410225,873,873,2026-04-25,Ismaïla Sarr,GB1,0,0,0,0,90
4626133_357119,4626133,357119,31,31,2026-04-25,Ibrahima Konaté,GB1,0,0,0,0,90
4626136_314875,4626136,314875,379,379,2026-04-25,Jarrod Bowen,GB1,0,0,0,2,90
4626133_349066,4626133,349066,31,31,2026-04-25,Alexander Isak,GB1,0,0,1,0,79
4626136_1111589,4626136,1111589,379,379,2026-04-25,El Hadji Malick Diouf,GB1,0,0,0,0,90
4626137_483348,4626137,483348,148,148,2026-04-25,Djed Spence,GB1,0,0,0,0,90
4626136_404842,4626136,404842,29,29,2026-04-25,Vitaliy Mykolenko,GB1,0,0,0,0,90
4626137_553875,4626137,553875,148,148,2026-04-25,Pedro Porro,GB1,1,0,0,0,90
4626133_1006411,4626133,1006411,873,873,2026-04-25,Jaydee Canvot,GB1,0,0,0,0,90
4634496_132098,4634496,132098,27,27,2026-04-25,Harry Kane,L1,0,0,1,0,45
4626137_866246,4626137,866246,148,148,2026-04-25,Lucas Bergvall,GB1,0,0,0,0,27
4626137_800176,4626137,800176,543,543,2026-04-25,André,GB1,1,0,0,0,90
4626137_735570,4626137,735570,543,543,2026-04-25,João Gomes,GB1,1,0,0,0,90
4621045_326029,4621045,326029,12,12,2026-04-25,Donyell Malen,IT1,0,0,1,1,77
4626137_566931,4626137,566931,148,23826,2026-04-25,Xavi Simons,GB1,0,0,0,0,63
4626137_557459,4626137,557459,148,148,2026-04-25,Micky van de Ven,GB1,0,0,0,0,90
4626137_488362,4626137,488362,148,148,2026-04-25,Conor Gallagher,GB1,1,0,0,0,90
4626136_474701,4626136,474701,379,379,2026-04-25,Crysencio Summerville,GB1,0,0,0,0,90
4626137_378710,4626137,378710,148,148,2026-04-25,Richarlison,GB1,0,0,0,1,50
4626137_258889,4626137,258889,148,148,2026-04-25,Dominic Solanke,GB1,0,0,0,0,40
4626136_937941,4626136,937941,29,29,2026-04-25,Thierno Barry,GB1,0,0,0,0,90
4626136_880245,4626136,880245,379,379,2026-04-25,Mateus Fernandes,GB1,0,0,0,0,90
4626136_623570,4626136,623570,29,29,2026-04-25,Iliman Ndiaye,GB1,0,0,0,0,90
4626136_522784,4626136,522784,379,379,2026-04-25,Taty Castellanos,GB1,1,0,0,0,79
4626136_505219,4626136,505219,29,29,2026-04-25,James Garner,GB1,1,0,0,0,90
4626136_475188,4626136,475188,29,29,2026-04-25,Kiernan Dewsbury-Hall,GB1,0,0,1,0,90
4626133_258919,4626133,258919,873,873,2026-04-25,Dean Henderson,GB1,1,0,0,0,90
4626128_423440,4626128,423440,11,11,2026-04-25,Martín Zubimendi,GB1,0,0,0,0,81
4626132_661207,4626132,661207,931,281,2026-04-25,Oscar Bobb,GB1,0,0,0,0,14
4626128_309400,4626128,309400,11,11,2026-04-25,Kai Havertz,GB1,0,0,0,1,34
4626128_398065,4626128,398065,762,762,2026-04-25,Harvey Barnes,GB1,0,0,0,0,24
4626128_397033,4626128,397033,762,762,2026-04-25,Sandro Tonali,GB1,0,0,0,0,90
4626128_388165,4626128,388165,762,762,2026-04-25,Yoane Wissa,GB1,0,0,0,0,24
4626128_361093,4626128,361093,762,762,2026-04-25,Sven Botman,GB1,0,0,0,0,90
4626128_357662,4626128,357662,11,11,2026-04-25,Declan Rice,GB1,1,0,0,0,90
4626128_335721,4626128,335721,11,11,2026-04-25,Ben White,GB1,0,0,0,0,90
4626128_325443,4626128,325443,11,11,2026-04-25,Viktor Gyökeres,GB1,0,0,0,0,56
4626128_316264,4626128,316264,11,11,2026-04-25,Martin Ødegaard,GB1,0,0,0,0,90
4626128_262749,4626128,262749,11,11,2026-04-25,David Raya,GB1,0,0,0,0,90
4626128_435338,4626128,435338,11,11,2026-04-25,Gabriel,GB1,0,0,0,0,90
4621045_964580,4621045,964580,12,12,2026-04-25,Wesley,IT1,0,0,0,0,90
4621045_849520,4621045,849520,1025,1025,2026-04-25,Santiago Castro,IT1,0,0,0,0,45
4621045_813137,4621045,813137,12,12,2026-04-25,Niccolò Pisilli,IT1,0,0,0,0,90
4621045_672381,4621045,672381,1025,244,2026-04-25,Jonathan Rowe,IT1,0,0,0,0,90
4621045_668951,4621045,668951,12,12,2026-04-25,Matías Soulé,IT1,0,0,0,0,61
4621045_371149,4621045,371149,12,12,2026-04-25,Evan Ndicka,IT1,0,0,0,0,90
4621045_338670,4621045,338670,12,12,2026-04-25,Mile Svilar,IT1,0,0,0,0,90
4634496_223967,4634496,223967,27,27,2026-04-25,Konrad Laimer,L1,1,0,0,2,90
4626128_433177,4626128,433177,11,11,2026-04-25,Bukayo Saka,GB1,0,0,0,0,9
4626128_455661,4626128,455661,762,762,2026-04-25,Nick Woltemade,GB1,0,0,0,0,15
4626132_503743,4626132,503743,405,405,2026-04-25,Morgan Rogers,GB1,0,0,0,0,90
4626128_890721,4626128,890721,11,11,2026-04-25,Myles Lewis-Skelly,GB1,0,0,0,0,9
4626132_461883,4626132,461883,931,931,2026-04-25,Calvin Bassey,GB1,0,0,0,0,90
4626132_413403,4626132,413403,405,405,2026-04-25,Ezri Konsa,GB1,0,0,0,0,90
4626132_333014,4626132,333014,931,931,2026-04-25,Sander Berge,GB1,0,0,0,0,90
4626132_324358,4626132,324358,405,405,2026-04-25,Ollie Watkins,GB1,0,0,0,0,81
4626132_279455,4626132,279455,931,931,2026-04-25,Harry Wilson,GB1,1,0,0,0,90
4626132_249565,4626132,249565,405,405,2026-04-25,Youri Tielemans,GB1,0,0,0,0,74
4626132_1011131,4626132,1011131,931,931,2026-04-25,Josh King,GB1,0,0,0,0,14
4626128_922769,4626128,922769,762,762,2026-04-25,Lewis Miley,GB1,0,0,0,0,90
4626128_659813,4626128,659813,11,11,2026-04-25,Piero Hincapié,GB1,0,0,0,0,90
4626128_479999,4626128,479999,11,11,2026-04-25,Eberechi Eze,GB1,0,0,1,0,53
4626128_655488,4626128,655488,11,11,2026-04-25,Gabriel Martinelli,GB1,1,0,0,0,37
4626128_609556,4626128,609556,762,762,2026-04-25,William Osula,GB1,0,0,0,0,66
4626128_583189,4626128,583189,762,762,2026-04-25,Anthony Elanga,GB1,0,0,0,0,4
4626128_521964,4626128,521964,762,762,2026-04-25,Malick Thiaw,GB1,0,0,0,0,90
4626128_520624,4626128,520624,762,762,2026-04-25,Bruno Guimarães,GB1,0,0,0,0,75
4626128_503987,4626128,503987,11,11,2026-04-25,Noni Madueke,GB1,0,0,0,0,81
4626128_503749,4626128,503749,762,762,2026-04-25,Jacob Ramsey,GB1,0,0,0,0,90
4626128_495666,4626128,495666,11,11,2026-04-25,William Saliba,GB1,0,0,0,0,90
4634496_196357,4634496,196357,27,27,2026-04-25,Jonathan Tah,L1,0,0,0,0,13
4634496_643574,4634496,643574,39,39,2026-04-25,Kaishu Sano,L1,0,0,0,1,90
4634496_424204,4634496,424204,27,27,2026-04-25,Alphonso Davies,L1,0,0,0,0,57
4645976_293385,4645976,293385,131,131,2026-04-25,Dani Olmo,ES1,0,0,0,0,90
4645976_705395,4645976,705395,131,131,2026-04-25,Gerard Martín,ES1,0,0,0,0,90
4645976_683840,4645976,683840,131,131,2026-04-25,Pedri,ES1,0,0,0,1,88
4645976_646740,4645976,646740,131,131,2026-04-25,Gavi,ES1,1,0,0,0,60
4645976_636703,4645976,636703,131,131,2026-04-25,Fermín López,ES1,0,0,1,0,82
4645976_636688,4645976,636688,131,131,2026-04-25,Alejandro Balde,ES1,0,0,0,0,8
4645976_561613,4645976,561613,131,131,2026-04-25,Joan García,ES1,0,0,0,0,90
4645976_411975,4645976,411975,131,131,2026-04-25,Jules Koundé,ES1,1,0,0,0,60
4645976_326330,4645976,326330,131,131,2026-04-25,Frenkie de Jong,ES1,0,0,0,0,30
4645976_258923,4645976,258923,131,131,2026-04-25,Marcus Rashford,ES1,0,0,1,0,30
4648914_324503,4648914,324503,294,294,2026-04-25,Vangelis Pavlidis,PO1,0,0,0,0,75
4645975_844637,4645975,844637,13,13,2026-04-25,Marc Pubill,ES1,0,0,0,0,90
4645975_742201,4645975,742201,13,13,2026-04-25,Giuliano Simeone,ES1,0,0,0,0,72
4645975_709187,4645975,709187,621,621,2026-04-25,Nico Williams,ES1,0,0,0,0,70
4645975_616631,4645975,616631,13,13,2026-04-25,Matteo Ruggeri,ES1,0,0,0,0,90
4645975_571020,4645975,571020,621,621,2026-04-25,Oihan Sancet,ES1,0,0,0,0,27
4645975_548111,4645975,548111,13,13,2026-04-25,Álex Baena,ES1,0,0,0,1,90
4645969_834764,4645969,834764,1049,1049,2026-04-25,Javi Guerra,ES1,0,0,0,1,65
4645969_1005575,4645969,1005575,12321,12321,2026-04-25,Vitor Reis,ES1,0,0,0,0,90
4645976_962110,4645976,962110,131,131,2026-04-25,Pau Cubarsí,ES1,0,0,0,0,90
4648914_537844,4648914,537844,294,294,2026-04-25,Anatoliy Trubin,PO1,0,0,0,0,90
4642455_997903,4642455,997903,234,234,2026-04-25,Givairo Read,NL1,0,0,0,0,27
4859279_466805,4859279,466805,281,281,2026-04-25,Nico González,FAC,0,0,1,0,90
4634496_480692,4634496,480692,27,27,2026-04-25,Luis Díaz,L1,0,0,0,0,45
4859279_743591,4859279,743591,281,281,2026-04-25,Savinho,FAC,0,0,0,0,32
4859279_743413,4859279,743413,281,281,2026-04-25,Nico O'Reilly,FAC,0,0,0,0,19
4859279_607223,4859279,607223,281,281,2026-04-25,Rayan Cherki,FAC,0,0,0,0,90
4859279_601883,4859279,601883,281,281,2026-04-25,Matheus Nunes,FAC,0,0,0,0,90
4859279_578391,4859279,578391,281,281,2026-04-25,Rayan Aït-Nouri,FAC,0,0,0,0,71
4859279_566799,4859279,566799,281,281,2026-04-25,James Trafford,FAC,0,0,0,0,90
4859279_486049,4859279,486049,281,281,2026-04-25,Jérémy Doku,FAC,0,0,1,1,32
4859279_460939,4859279,460939,281,281,2026-04-25,Tijjani Reijnders,FAC,0,0,0,1,85
4648914_650568,4648914,650568,294,294,2026-04-25,António Silva,PO1,0,0,0,1,90
4859279_445939,4859279,445939,281,281,2026-04-25,Omar Marmoush,FAC,0,0,0,0,71
4859279_418560,4859279,418560,281,281,2026-04-25,Erling Haaland,FAC,0,0,0,0,19
4859279_406635,4859279,406635,281,281,2026-04-25,Phil Foden,FAC,0,0,0,0,58
4850180_990148,4850180,990148,1184,1184,2026-04-25,Konstantinos Karetsas,POBE,0,0,0,0,15
4649320_651580,4649320,651580,2410,2410,2026-04-25,Matvey Kislyak,RU1,0,0,0,0,45
4649318_720286,4649318,720286,932,932,2026-04-25,Aleksey Batrakov,RU1,0,0,0,0,90
4648914_735573,4648914,735573,294,294,2026-04-25,Richard Ríos,PO1,1,0,1,1,90
4648914_670103,4648914,670103,294,294,2026-04-25,Andreas Schjelderup,PO1,0,0,0,0,32
4642458_748804,4642458,748804,610,610,2026-04-25,Mika Godts,NL1,0,0,1,1,82
4645975_775605,4645975,775605,13,13,2026-04-25,Pablo Barrios,ES1,0,0,0,0,58
4635282_918969,4635282,918969,162,162,2026-04-25,Lamine Camara,FR1,0,0,1,0,90
4634500_816585,4634500,816585,24,24,2026-04-25,Can Uzun,L1,0,0,0,1,88
4634503_1067904,4634503,1067904,533,533,2026-04-25,Bazoumana Touré,L1,0,0,0,0,85
4634502_905011,4634502,905011,15,15,2026-04-25,Ibrahim Maza,L1,0,0,0,0,61
4634502_632349,4634502,632349,15,15,2026-04-25,Jarell Quansah,L1,0,0,0,0,85
4634502_564545,4634502,564545,15,15,2026-04-25,Edmond Tapsoba,L1,1,0,0,0,90
4634502_467437,4634502,467437,15,15,2026-04-25,Malik Tillman,L1,0,0,0,0,29
4634502_401578,4634502,401578,15,15,2026-04-25,Exequiel Palacios,L1,0,0,0,0,90
4635282_745200,4635282,745200,162,162,2026-04-25,Maghnes Akliouche,FR1,0,0,0,1,75
4634500_931838,4634500,931838,24,24,2026-04-25,Hugo Larsson,L1,0,0,0,0,90
4634500_691892,4634500,691892,24,24,2026-04-25,Nathaniel Brown,L1,0,0,0,0,90
4634503_579459,4634503,579459,533,533,2026-04-25,Albian Hajdari,L1,0,0,0,1,90
4634500_585959,4634500,585959,24,24,2026-04-25,Arnaud Kalimuendo,L1,0,0,0,0,90
4634500_333647,4634500,333647,24,24,2026-04-25,Jonathan Burkardt,L1,0,0,0,0,2
4634499_669380,4634499,669380,82,82,2026-04-25,Konstantinos Koulierakis,L1,0,0,0,0,90
4634496_792380,4634496,792380,27,27,2026-04-25,Aleksandar Pavlovic,L1,0,0,0,0,45
4634496_776890,4634496,776890,27,27,2026-04-25,Nicolas Jackson,L1,0,0,1,0,90
4634496_580195,4634496,580195,27,27,2026-04-25,Jamal Musiala,L1,0,0,1,0,33
4634496_566723,4634496,566723,27,27,2026-04-25,Michael Olise,L1,1,0,1,0,45
4634496_483046,4634496,483046,27,27,2026-04-25,Josip Stanisic,L1,0,0,0,0,33
4634503_524290,4634503,524290,533,533,2026-04-25,Fisnik Asllani,L1,0,0,1,0,64
4634502_1168219,4634502,1168219,3,3,2026-04-25,Said El Mala,L1,0,0,0,1,90
4634503_667457,4634503,667457,533,533,2026-04-25,Leon Avdullahu,L1,0,0,0,0,90
4635277_670681,4635277,670681,583,583,2026-04-25,João Neves,FR1,0,0,0,0,45
4635277_1185888,4635277,1185888,583,583,2026-04-25,Ibrahim Mbaye,FR1,0,0,0,0,27
4635282_503770,4635282,503770,162,162,2026-04-25,Folarin Balogun,FR1,0,0,0,0,84
4635282_334526,4635282,334526,162,162,2026-04-25,Denis Zakaria,FR1,0,0,0,0,90
4635281_971570,4635281,971570,1041,418,2026-04-25,Endrick,FR1,0,0,0,0,77
4635281_618494,4635281,618494,1041,1041,2026-04-25,Tyler Morton,FR1,0,0,0,0,58
4635277_903693,4635277,903693,583,583,2026-04-25,Senny Mayulu,FR1,0,0,1,0,72
4635277_810092,4635277,810092,583,583,2026-04-25,Warren Zaïre-Emery,FR1,0,0,0,0,45
4635277_708265,4635277,708265,583,583,2026-04-25,Bradley Barcola,FR1,0,0,0,0,63
4635282_597659,4635282,597659,415,415,2026-04-25,Charlie Cresswell,FR1,1,0,0,0,90
4635277_661171,4635277,661171,583,583,2026-04-25,Willian Pacho,FR1,0,0,0,0,90
4635277_550550,4635277,550550,583,583,2026-04-25,Gonçalo Ramos,FR1,0,0,0,0,74
4635277_659089,4635277,659089,583,583,2026-04-25,Ilya Zabarnyi,FR1,0,0,0,0,90
4635277_350219,4635277,350219,583,583,2026-04-25,Fabián Ruiz,FR1,0,0,0,0,45
4635277_398073,4635277,398073,583,583,2026-04-25,Achraf Hakimi,FR1,0,0,0,0,45
4635277_318470,4635277,318470,583,583,2026-04-25,Matvey Safonov,FR1,0,0,0,0,90
4635277_557149,4635277,557149,583,583,2026-04-25,Kang-in Lee,FR1,0,0,1,1,90
4635277_616341,4635277,616341,583,583,2026-04-25,Nuno Mendes,FR1,0,0,0,0,18
4626135_503680,4626135,503680,703,703,2026-04-24,Neco Williams,GB1,1,0,0,0,90
4626135_947411,4626135,947411,289,289,2026-04-24,Chris Rigg,GB1,0,0,0,0,45
4626135_876631,4626135,876631,289,289,2026-04-24,Habib Diarra,GB1,1,0,0,0,65
4626135_741238,4626135,741238,703,703,2026-04-24,Omari Hutchinson,GB1,0,0,0,0,67
4626135_727089,4626135,727089,289,289,2026-04-24,Noah Sadiki,GB1,0,0,0,0,90
4634497_1390649,4634497,1390649,23826,23826,2026-04-24,Yan Diomande,L1,0,0,0,1,79
4626135_646991,4626135,646991,289,289,2026-04-24,Robin Roefs,GB1,0,0,0,0,90
4626135_633992,4626135,633992,289,289,2026-04-24,Enzo Le Fée,GB1,0,0,0,0,90
4626135_567576,4626135,567576,703,703,2026-04-24,Elliot Anderson,GB1,1,0,1,0,90
4626135_413507,4626135,413507,703,703,2026-04-24,Nikola Milenković,GB1,0,0,0,0,90
4626135_473169,4626135,473169,289,289,2026-04-24,Brian Brobbey,GB1,0,0,0,0,90
4626135_432164,4626135,432164,703,703,2026-04-24,Igor Jesus,GB1,1,0,1,1,67
4626135_429014,4626135,429014,703,703,2026-04-24,Morgan Gibbs-White,GB1,0,0,1,1,90
4621051_830365,4621051,830365,6195,6195,2026-04-24,Alisson Santos,IT1,0,0,1,0,90
4621051_610442,4621051,610442,6195,6195,2026-04-24,Rasmus Højlund,IT1,0,0,0,1,61
4621051_386446,4621051,386446,6195,6195,2026-04-24,Alessandro Buongiorno,IT1,0,0,0,0,90
4621051_315969,4621051,315969,6195,6195,2026-04-24,Scott McTominay,IT1,0,0,1,0,90
4634497_700106,4634497,700106,23826,23826,2026-04-24,Brajan Gruda,L1,0,0,0,0,22
4634497_324278,4634497,324278,23826,23826,2026-04-24,Christoph Baumgartner,L1,1,0,0,0,90
4645971_602105,4645971,602105,150,150,2026-04-24,Antony,ES1,0,0,0,0,90
4634497_894914,4634497,894914,23826,23826,2026-04-24,Antonio Nusa,L1,0,0,0,0,90
4645971_369081,4645971,369081,418,418,2026-04-24,Federico Valverde,ES1,0,0,0,0,90
4645971_935230,4645971,935230,418,418,2026-04-24,Gonzalo García,ES1,0,0,0,0,9
4645971_890290,4645971,890290,418,418,2026-04-24,Dean Huijsen,ES1,1,0,0,0,73
4645971_735568,4645971,735568,150,150,2026-04-24,Natan,ES1,0,0,0,0,90
4645971_724520,4645971,724520,150,150,2026-04-24,Abde Ezzalzouli,ES1,0,0,0,0,90
4645971_640428,4645971,640428,418,418,2026-04-24,Eduardo Camavinga,ES1,0,0,0,0,17
4645971_581678,4645971,581678,418,418,2026-04-24,Jude Bellingham,ES1,0,0,0,0,90
4645971_371998,4645971,371998,418,418,2026-04-24,Vinicius Junior,ES1,0,0,1,0,90
4634497_897424,4634497,897424,23826,23826,2026-04-24,Assan Ouédraogo,L1,0,0,0,0,68
4645971_342229,4645971,342229,418,418,2026-04-24,Kylian Mbappé,ES1,0,0,0,0,81
4645971_314678,4645971,314678,418,418,2026-04-24,Brahim Díaz,ES1,0,0,0,0,82
4645971_314353,4645971,314353,418,418,2026-04-24,Trent Alexander-Arnold,ES1,1,0,0,0,90
4635283_808348,4635283,808348,826,826,2026-04-24,Mamadou Sangaré,FR1,1,0,0,1,90
4635283_743515,4635283,743515,826,826,2026-04-24,Robin Risser,FR1,0,0,0,0,90
4635283_655217,4635283,655217,826,826,2026-04-24,Samson Baidoo,FR1,0,0,0,0,37
4634497_957874,4634497,957874,23826,23826,2026-04-24,Rômulo,L1,0,0,1,0,68
4648876_606752,4648876,606752,1075,1075,2026-04-23,Rodrigo Zalazar,PO1,0,0,0,0,28
4642456_859035,4642456,859035,1090,1090,2026-04-23,Kees Smit,NL1,0,0,0,0,27
4642459_408574,4642459,408574,383,383,2026-04-23,Joey Veerman,NL1,0,0,0,0,69
4642459_627207,4642459,627207,383,383,2026-04-23,Ricardo Pepi,NL1,0,0,2,0,81
4645934_485963,4645934,485963,1050,1050,2026-04-23,Pape Gueye,ES1,0,0,0,0,90
4645934_729814,4645934,729814,1050,1050,2026-04-23,Georges Mikautadze,ES1,0,0,0,0,45
4645934_733576,4645934,733576,1050,1050,2026-04-23,Alberto Moleiro,ES1,1,0,0,0,27
4645938_709372,4645938,709372,714,714,2026-04-23,Carlos Romero,ES1,0,0,0,0,90
4645934_805714,4645934,805714,1050,1050,2026-04-23,Renato Veiga,ES1,0,0,0,0,90
4649339_515744,4649339,515744,16704,16704,2026-04-23,Eduard Spertsyan,RU1,0,0,1,0,74
4830556_436064,4830556,436064,79,79,2026-04-23,Ramon Hendriks,DFB,1,0,0,0,98
4830556_443710,4830556,443710,79,79,2026-04-23,Angelo Stiller,DFB,0,0,0,0,120
4830556_518505,4830556,518505,79,79,2026-04-23,Jamie Leweling,DFB,1,0,0,0,120
4830556_654982,4830556,654982,79,79,2026-04-23,Bilal El Khannouss,DFB,0,0,0,1,57
4830556_668606,4830556,668606,60,60,2026-04-23,Yuito Suzuki,DFB,0,0,0,0,120
4830556_927353,4830556,927353,60,60,2026-04-23,Johan Manzambi,DFB,1,0,0,0,120
4635231_350219,4635231,350219,583,583,2026-04-22,Fabián Ruiz,FR1,0,0,0,0,30
4635231_659089,4635231,659089,583,583,2026-04-22,Ilya Zabarnyi,FR1,1,0,0,0,90
4635231_502670,4635231,502670,583,583,2026-04-22,Khvicha Kvaratskhelia,FR1,0,0,2,0,65
4635231_398073,4635231,398073,583,583,2026-04-22,Achraf Hakimi,FR1,0,0,0,1,60
4635231_1185888,4635231,1185888,583,583,2026-04-22,Ibrahim Mbaye,FR1,0,0,0,0,25
4635231_318470,4635231,318470,583,583,2026-04-22,Matvey Safonov,FR1,0,0,0,0,90
4635231_288230,4635231,288230,583,583,2026-04-22,Ousmane Dembélé,FR1,0,0,0,1,65
4635231_181767,4635231,181767,583,583,2026-04-22,Marquinhos,FR1,0,0,0,0,90
4635231_708265,4635231,708265,583,583,2026-04-22,Bradley Barcola,FR1,0,0,0,0,25
4635231_670681,4635231,670681,583,583,2026-04-22,João Neves,FR1,0,0,0,0,60
4645929_1018938,4645929,1018938,681,681,2026-04-22,Jon Martín,ES1,0,0,0,0,90
4635231_810092,4635231,810092,583,583,2026-04-22,Warren Zaïre-Emery,FR1,1,0,0,0,60
4635231_903693,4635231,903693,583,583,2026-04-22,Senny Mayulu,FR1,0,0,0,0,30
4635231_914562,4635231,914562,583,583,2026-04-22,Désiré Doué,FR1,0,0,1,0,90
4626131_763079,4626131,763079,281,281,2026-04-22,Abdukodir Khusanov,GB1,0,0,0,0,90
4645931_398184,4645931,398184,131,131,2026-04-22,Ferran Torres,ES1,0,0,0,0,73
4645929_351478,4645929,351478,681,681,2026-04-22,Mikel Oyarzabal,ES1,0,0,0,0,34
4645929_711374,4645929,711374,681,681,2026-04-22,Jon Gorrotxategi,ES1,0,0,0,0,88
4626129_1012564,4626129,1012564,989,989,2026-04-22,Rayan,GB1,0,0,1,0,23
4645931_293385,4645931,293385,131,131,2026-04-22,Dani Olmo,ES1,0,0,0,0,73
4645931_326330,4645931,326330,131,131,2026-04-22,Frenkie de Jong,ES1,0,0,0,0,17
4626131_842341,4626131,842341,1132,1132,2026-04-22,Maxime Estève,GB1,0,0,0,0,90
4626129_469781,4626129,469781,989,989,2026-04-22,Marcos Senesi,GB1,0,0,0,1,90
4626131_743591,4626131,743591,281,281,2026-04-22,Savinho,GB1,0,0,0,0,25
4626131_743413,4626131,743413,281,281,2026-04-22,Nico O'Reilly,GB1,0,0,0,0,90
4645931_466794,4645931,466794,131,131,2026-04-22,Eric García,ES1,1,0,0,0,90
4626129_332705,4626129,332705,989,989,2026-04-22,Tyler Adams,GB1,0,0,0,1,17
4626129_346890,4626129,346890,399,399,2026-04-22,Noah Okafor,GB1,0,0,0,0,64
4626129_392771,4626129,392771,399,399,2026-04-22,Ethan Ampadu,GB1,0,0,0,0,90
4626129_399434,4626129,399434,989,989,2026-04-22,Marcus Tavernier,GB1,0,0,0,0,90
4626129_465555,4626129,465555,989,989,2026-04-22,Djordje Petrovic,GB1,0,0,0,0,90
4626129_654539,4626129,654539,989,989,2026-04-22,Adrien Truffert,GB1,0,0,0,0,90
4626129_711337,4626129,711337,989,989,2026-04-22,Evanilson,GB1,1,0,0,0,90
4626129_855256,4626129,855256,989,989,2026-04-22,Alex Scott,GB1,0,0,0,0,90
4626129_955357,4626129,955357,989,989,2026-04-22,Junior Kroupi,GB1,1,0,1,0,73
4626131_315858,4626131,315858,281,281,2026-04-22,Gianluigi Donnarumma,GB1,0,0,0,0,90
4626131_392757,4626131,392757,281,281,2026-04-22,Marc Guéhi,GB1,0,0,0,0,90
4626131_418560,4626131,418560,281,281,2026-04-22,Erling Haaland,GB1,0,0,1,0,90
4626131_466805,4626131,466805,281,281,2026-04-22,Nico González,GB1,0,0,0,0,25
4626131_486049,4626131,486049,281,281,2026-04-22,Jérémy Doku,GB1,0,0,0,1,90
4626131_578391,4626131,578391,281,281,2026-04-22,Rayan Aït-Nouri,GB1,0,0,0,0,65
4626131_583255,4626131,583255,281,281,2026-04-22,Antoine Semenyo,GB1,0,0,0,0,65
4626131_601883,4626131,601883,281,281,2026-04-22,Matheus Nunes,GB1,0,0,0,0,90
4626131_607223,4626131,607223,281,281,2026-04-22,Rayan Cherki,GB1,0,0,0,0,90
4645931_411975,4645931,411975,131,131,2026-04-22,Jules Koundé,ES1,0,0,0,0,90
4645931_258923,4645931,258923,131,131,2026-04-22,Marcus Rashford,ES1,0,0,0,0,17
4645931_561613,4645931,561613,131,131,2026-04-22,Joan García,ES1,0,0,0,0,90
4830557_132098,4830557,132098,27,27,2026-04-22,Harry Kane,DFB,0,0,1,0,90
4830557_196357,4830557,196357,27,27,2026-04-22,Jonathan Tah,DFB,0,0,0,0,90
4830557_223967,4830557,223967,27,27,2026-04-22,Konrad Laimer,DFB,0,0,0,0,74
4830557_344695,4830557,344695,27,27,2026-04-22,Dayot Upamecano,DFB,0,0,0,0,90
4830557_401578,4830557,401578,15,15,2026-04-22,Exequiel Palacios,DFB,0,0,0,0,90
4830557_424204,4830557,424204,27,27,2026-04-22,Alphonso Davies,DFB,0,0,0,0,16
4830557_467437,4830557,467437,15,15,2026-04-22,Malik Tillman,DFB,0,0,0,0,6
4830557_480692,4830557,480692,27,27,2026-04-22,Luis Díaz,DFB,0,0,1,0,90
4830557_483046,4830557,483046,27,27,2026-04-22,Josip Stanisic,DFB,0,0,0,0,90
4830557_564545,4830557,564545,15,15,2026-04-22,Edmond Tapsoba,DFB,1,0,0,0,90
4830557_566723,4830557,566723,27,27,2026-04-22,Michael Olise,DFB,0,0,0,0,90
4830557_632349,4830557,632349,15,15,2026-04-22,Jarell Quansah,DFB,0,0,0,0,90
4830557_718303,4830557,718303,15,1090,2026-04-22,Ernest Poku,DFB,0,0,0,0,51
4830557_792380,4830557,792380,27,27,2026-04-22,Aleksandar Pavlovic,DFB,1,0,0,0,73
4830557_905011,4830557,905011,15,15,2026-04-22,Ibrahim Maza,DFB,0,0,0,0,90
4850161_451677,4850161,451677,2282,2282,2026-04-22,Christos Tzolis,EJPL,0,0,1,0,90
4850161_717329,4850161,717329,2282,2282,2026-04-22,Nicolò Tresoldi,EJPL,0,0,1,0,71
4850161_780136,4850161,780136,2282,2282,2026-04-22,Aleksandar Stanković,EJPL,0,0,1,0,71
4850161_893661,4850161,893661,2282,2282,2026-04-22,Joel Ordóñez,EJPL,0,0,0,0,90
4645931_636688,4645931,636688,131,131,2026-04-22,Alejandro Balde,ES1,0,0,0,0,67
4830557_161056,4830557,161056,27,27,2026-04-22,Joshua Kimmich,DFB,0,0,0,0,90
4830557_580195,4830557,580195,27,27,2026-04-22,Jamal Musiala,DFB,0,0,0,1,84
4824556_618341,4824556,618341,398,398,2026-04-22,Mario Gila,CIT,0,0,0,0,77
4645936_844637,4645936,844637,13,13,2026-04-22,Marc Pubill,ES1,0,0,0,0,45
4824556_607854,4824556,607854,800,800,2026-04-22,Éderson,CIT,0,0,0,0,120
4645931_646740,4645931,646740,131,131,2026-04-22,Gavi,ES1,0,0,0,0,45
4645931_683840,4645931,683840,131,131,2026-04-22,Pedri,ES1,0,0,0,0,90
4645931_705395,4645931,705395,131,131,2026-04-22,Gerard Martín,ES1,0,0,0,0,90
4645931_937958,4645931,937958,131,131,2026-04-22,Lamine Yamal,ES1,0,0,1,0,45
4645931_962110,4645931,962110,131,131,2026-04-22,Pau Cubarsí,ES1,0,0,0,0,90
4645936_548111,4645936,548111,13,13,2026-04-22,Álex Baena,ES1,0,0,0,0,62
4645936_742201,4645936,742201,13,13,2026-04-22,Giuliano Simeone,ES1,0,0,0,0,28
4645936_775605,4645936,775605,13,13,2026-04-22,Pablo Barrios,ES1,0,0,0,0,28
4645931_636703,4645931,636703,131,131,2026-04-22,Fermín López,ES1,0,0,0,0,45
4649342_800175,4649342,800175,964,964,2026-04-22,Luiz Henrique,RU1,0,0,0,0,89
4824556_1077175,4824556,1077175,800,800,2026-04-22,Honest Ahanor,CIT,0,0,0,0,26
4824556_315867,4824556,315867,800,800,2026-04-22,Gianluca Scamacca,CIT,1,0,0,0,30
4824556_434433,4824556,434433,800,1005,2026-04-22,Nikola Krstović,CIT,0,0,0,1,90
4824556_435772,4824556,435772,800,800,2026-04-22,Charles De Ketelaere,CIT,0,0,0,0,120
4824556_459763,4824556,459763,800,800,2026-04-22,Marco Carnesecchi,CIT,0,0,0,0,120
4824556_470394,4824556,470394,398,398,2026-04-22,Kenneth Taylor,CIT,0,0,0,0,120
4649342_720286,4649342,720286,932,932,2026-04-22,Aleksey Batrakov,RU1,1,0,0,0,90
4824556_571604,4824556,571604,800,800,2026-04-22,Giorgio Scalvini,CIT,0,0,0,0,94
4645935_314678,4645935,314678,418,418,2026-04-21,Brahim Díaz,ES1,0,0,0,0,32
4645930_571020,4645930,571020,621,621,2026-04-21,Oihan Sancet,ES1,0,0,0,0,25
4626130_811779,4626130,811779,631,631,2026-04-21,Alejandro Garnacho,GB1,0,0,0,0,45
4626130_867688,4626130,867688,1237,1237,2026-04-21,Jack Hinshelwood,GB1,0,0,1,0,90
4626130_904802,4626130,904802,631,631,2026-04-21,Jorrel Hato,GB1,0,0,0,0,90
4626130_973085,4626130,973085,1237,1237,2026-04-21,Carlos Baleba,GB1,0,0,0,0,90
4645930_938729,4645930,938729,621,621,2026-04-21,Mikel Jauregizar,ES1,0,0,0,0,90
4645930_709187,4645930,709187,621,621,2026-04-21,Nico Williams,ES1,0,0,0,0,65
4645930_935231,4645930,935231,331,331,2026-04-21,Víctor Muñoz,ES1,0,0,0,0,90
4626130_667287,4626130,667287,1237,1237,2026-04-21,Yasin Ayari,GB1,0,0,0,0,8
4645933_834764,4645933,834764,1049,1049,2026-04-21,Javi Guerra,ES1,0,0,0,1,30
4645935_1057316,4645935,1057316,418,418,2026-04-21,Franco Mastantuono,ES1,0,0,0,0,32
4626130_687626,4626130,687626,631,631,2026-04-21,Moisés Caicedo,GB1,0,0,0,0,90
4626130_565093,4626130,565093,1237,1237,2026-04-21,Bart Verbruggen,GB1,0,0,0,0,90
4626130_648195,4626130,648195,631,631,2026-04-21,Enzo Fernández,GB1,0,0,0,0,90
4626130_620322,4626130,620322,631,631,2026-04-21,Malo Gusto,GB1,0,0,0,0,90
4626130_610849,4626130,610849,631,631,2026-04-21,Liam Delap,GB1,0,0,0,0,72
4626130_576314,4626130,576314,1237,1237,2026-04-21,Jan Paul van Hecke,GB1,0,0,0,0,90
4626130_538977,4626130,538977,1237,1237,2026-04-21,Georginio Rutter,GB1,0,0,0,1,83
4626130_487465,4626130,487465,631,631,2026-04-21,Pedro Neto,GB1,0,0,0,0,90
4626130_475411,4626130,475411,631,631,2026-04-21,Wesley Fofana,GB1,1,0,0,0,45
4626130_415381,4626130,415381,1237,1237,2026-04-21,Mats Wieffer,GB1,0,0,0,0,45
4626130_369316,4626130,369316,1237,1237,2026-04-21,Ferdi Kadıoğlu,GB1,0,0,1,0,90
4626130_284857,4626130,284857,631,631,2026-04-21,Marc Cucurella,GB1,0,0,0,0,90
4626130_1012534,4626130,1012534,1237,1237,2026-04-21,Yankuba Minteh,GB1,1,0,0,0,77
4626130_1004708,4626130,1004708,631,631,2026-04-21,Josh Acheampong,GB1,0,0,0,0,1
4645935_314353,4645935,314353,418,418,2026-04-21,Trent Alexander-Arnold,ES1,0,0,0,0,63
4626130_346314,4626130,346314,631,631,2026-04-21,Trevoh Chalobah,GB1,0,0,0,0,90
4645935_342229,4645935,342229,418,418,2026-04-21,Kylian Mbappé,ES1,0,0,1,0,90
4824555_198116,4824555,198116,46,46,2026-04-21,Federico Dimarco,CIT,0,0,0,0,60
4645935_369081,4645935,369081,418,418,2026-04-21,Federico Valverde,ES1,0,0,0,1,90
4824555_948294,4824555,948294,1047,1047,2026-04-21,Nico Paz,CIT,0,0,0,1,90
4824555_948278,4824555,948278,1047,1047,2026-04-21,Jacobo Ramón,CIT,0,0,0,0,90
4824555_930781,4824555,930781,46,46,2026-04-21,Pio Esposito,CIT,0,0,0,0,16
4824555_827734,4824555,827734,46,46,2026-04-21,Ange-Yoan Bonny,CIT,0,0,0,0,74
4824555_668547,4824555,668547,1047,1047,2026-04-21,Máximo Perrone,CIT,1,0,0,0,90
4824555_668207,4824555,668207,46,46,2026-04-21,Petar Sučić,CIT,0,0,1,2,30
4824555_580451,4824555,580451,1047,1047,2026-04-21,Martin Baturina,CIT,0,0,1,0,80
4824555_523318,4824555,523318,1047,1047,2026-04-21,Anastasios Douvikas,CIT,0,0,0,0,70
4824555_441986,4824555,441986,46,46,2026-04-21,Yann Bisseck,CIT,0,0,0,0,16
4824555_318528,4824555,318528,46,46,2026-04-21,Marcus Thuram,CIT,0,0,0,0,90
4824555_255942,4824555,255942,46,46,2026-04-21,Nicolò Barella,CIT,0,0,0,0,90
4824555_321528,4824555,321528,46,46,2026-04-21,Denzel Dumfries,CIT,0,0,0,0,6
4824555_1190411,4824555,1190411,1047,1047,2026-04-21,Jesús Rodríguez,CIT,0,0,0,0,10
4645935_861410,4645935,861410,418,418,2026-04-21,Arda Güler,ES1,0,0,0,1,58
4645935_371998,4645935,371998,418,418,2026-04-21,Vinicius Junior,ES1,0,0,1,0,90
4645935_413112,4645935,413112,418,418,2026-04-21,Aurélien Tchouaméni,ES1,1,0,0,0,63
4645935_581678,4645935,581678,418,418,2026-04-21,Jude Bellingham,ES1,0,0,0,0,58
4824555_1061282,4824555,1061282,1047,1047,2026-04-21,Assane Diao,CIT,0,0,0,0,20
4645935_811778,4645935,811778,418,418,2026-04-21,Álvaro Carreras,ES1,0,0,0,0,90
4645935_640428,4645935,640428,418,418,2026-04-21,Eduardo Camavinga,ES1,0,0,0,0,27
4645935_890290,4645935,890290,418,418,2026-04-21,Dean Huijsen,ES1,0,0,0,0,90
4645937_1005575,4645937,1005575,12321,12321,2026-04-21,Vitor Reis,ES1,0,0,0,0,90
4645937_724520,4645937,724520,150,150,2026-04-21,Abde Ezzalzouli,ES1,0,0,1,2,88
4645937_735568,4645937,735568,150,150,2026-04-21,Natan,ES1,0,0,0,0,90
4626121_434224,4626121,434224,873,873,2026-04-20,Maxence Lacroix,GB1,0,0,0,0,90
4626121_1006411,4626121,1006411,873,873,2026-04-20,Jaydee Canvot,GB1,0,0,0,0,90
4626121_1111589,4626121,1111589,379,379,2026-04-20,El Hadji Malick Diouf,GB1,1,0,0,0,90
4626121_314875,4626121,314875,379,379,2026-04-20,Jarrod Bowen,GB1,0,0,0,0,90
4626121_410225,4626121,410225,873,873,2026-04-20,Ismaïla Sarr,GB1,0,0,0,0,31
4626121_420002,4626121,420002,873,873,2026-04-20,Jean-Philippe Mateta,GB1,0,0,0,0,31
4626121_429983,4626121,429983,873,543,2026-04-20,Jørgen Strand Larsen,GB1,0,0,0,0,59
4626121_258919,4626121,258919,873,873,2026-04-20,Dean Henderson,GB1,0,0,0,0,90
4626121_470607,4626121,470607,873,148,2026-04-20,Brennan Johnson,GB1,1,0,0,0,78
4626121_522784,4626121,522784,379,379,2026-04-20,Taty Castellanos,GB1,0,0,0,0,84
4626121_568157,4626121,568157,873,1050,2026-04-20,Yéremy Pino,GB1,0,0,0,0,59
4626121_578539,4626121,578539,873,873,2026-04-20,Chris Richards,GB1,0,0,0,0,90
4626121_730893,4626121,730893,873,873,2026-04-20,Tyrick Mitchell,GB1,0,0,0,0,90
4626121_880245,4626121,880245,379,379,2026-04-20,Mateus Fernandes,GB1,0,0,0,0,90
4626121_474701,4626121,474701,379,379,2026-04-20,Crysencio Summerville,GB1,0,0,0,0,90
4626124_309400,4626124,309400,11,11,2026-04-19,Kai Havertz,GB1,0,0,1,0,90
4626124_392757,4626124,392757,281,281,2026-04-19,Marc Guéhi,GB1,1,0,0,0,90
4626124_357662,4626124,357662,11,11,2026-04-19,Declan Rice,GB1,0,0,0,0,90
4626124_357565,4626124,357565,281,281,2026-04-19,Rodri,GB1,0,0,0,0,88
4626124_335721,4626124,335721,11,11,2026-04-19,Ben White,GB1,0,0,0,0,16
4626124_325443,4626124,325443,11,11,2026-04-19,Viktor Gyökeres,GB1,0,0,0,0,6
4626124_316264,4626124,316264,11,11,2026-04-19,Martin Ødegaard,GB1,0,0,0,0,90
4626124_315858,4626124,315858,281,281,2026-04-19,Gianluigi Donnarumma,GB1,0,0,0,0,90
4626122_730861,4626122,730861,31,31,2026-04-19,Milos Kerkez,GB1,0,0,0,0,4
4626124_262749,4626124,262749,11,11,2026-04-19,David Raya,GB1,0,0,0,0,90
4626122_937941,4626122,937941,29,29,2026-04-19,Thierno Barry,GB1,0,0,0,0,17
4626124_418560,4626124,418560,281,281,2026-04-19,Erling Haaland,GB1,1,0,1,0,90
4626122_661053,4626122,661053,29,29,2026-04-19,Jarrad Branthwaite,GB1,0,0,0,0,87
4626122_623570,4626122,623570,29,29,2026-04-19,Iliman Ndiaye,GB1,0,0,0,0,90
4626122_598577,4626122,598577,31,31,2026-04-19,Florian Wirtz,GB1,0,0,0,0,84
4626122_534033,4626122,534033,31,31,2026-04-19,Alexis Mac Allister,GB1,0,0,0,0,6
4626122_505219,4626122,505219,29,29,2026-04-19,James Garner,GB1,1,0,0,0,90
4626124_406635,4626124,406635,281,281,2026-04-19,Phil Foden,GB1,0,0,0,0,5
4626124_466805,4626124,466805,281,281,2026-04-19,Nico González,GB1,0,0,0,0,2
4626126_429014,4626126,429014,703,703,2026-04-19,Morgan Gibbs-White,GB1,0,0,3,0,89
4626124_646750,4626124,646750,11,11,2026-04-19,Cristhian Mosquera,GB1,1,0,0,0,74
4626122_484547,4626122,484547,31,31,2026-04-19,Jeremie Frimpong,GB1,0,0,0,0,6
4626126_413507,4626126,413507,703,703,2026-04-19,Nikola Milenković,GB1,0,0,0,0,90
4626126_1005649,4626126,1005649,703,703,2026-04-19,Murillo,GB1,0,0,0,0,42
4626124_763079,4626124,763079,281,281,2026-04-19,Abdukodir Khusanov,GB1,0,0,0,0,90
4626124_743591,4626124,743591,281,281,2026-04-19,Savinho,GB1,0,0,0,0,2
4626124_659813,4626124,659813,11,11,2026-04-19,Piero Hincapié,GB1,0,0,0,0,90
4626124_655488,4626124,655488,11,11,2026-04-19,Gabriel Martinelli,GB1,0,0,0,0,45
4626124_607223,4626124,607223,281,281,2026-04-19,Rayan Cherki,GB1,0,0,1,0,85
4626124_423440,4626124,423440,11,11,2026-04-19,Martín Zubimendi,GB1,0,0,0,0,84
4626124_601883,4626124,601883,281,281,2026-04-19,Matheus Nunes,GB1,0,0,0,1,90
4626124_583255,4626124,583255,281,281,2026-04-19,Antoine Semenyo,GB1,0,0,0,0,90
4626124_503987,4626124,503987,11,11,2026-04-19,Noni Madueke,GB1,0,0,0,0,45
4626124_495666,4626124,495666,11,11,2026-04-19,William Saliba,GB1,0,0,0,0,90
4626124_486049,4626124,486049,281,281,2026-04-19,Jérémy Doku,GB1,0,0,0,0,88
4626124_479999,4626124,479999,11,11,2026-04-19,Eberechi Eze,GB1,0,0,0,0,74
4626124_435338,4626124,435338,11,11,2026-04-19,Gabriel,GB1,1,0,0,0,90
4626122_502676,4626122,502676,31,31,2026-04-19,Giorgi Mamardashvili,GB1,0,0,0,0,58
4626118_324358,4626118,324358,405,405,2026-04-19,Ollie Watkins,GB1,0,0,2,1,80
4626122_478573,4626122,478573,31,31,2026-04-19,Ryan Gravenberch,GB1,0,0,0,0,90
4621037_585949,4621037,585949,506,506,2026-04-19,Pierre Kalulu,IT1,0,0,0,1,90
4621044_569598,4621044,569598,5,5,2026-04-19,Youssouf Fofana,IT1,0,0,0,0,64
4621044_357164,4621044,357164,5,5,2026-04-19,Rafael Leão,IT1,0,0,0,1,63
4621044_344381,4621044,344381,5,5,2026-04-19,Christopher Nkunku,IT1,0,0,0,0,10
4621044_315779,4621044,315779,5,5,2026-04-19,Christian Pulisic,IT1,0,0,0,0,80
4621037_849520,4621037,849520,1025,1025,2026-04-19,Santiago Castro,IT1,0,0,0,0,77
4621037_845654,4621037,845654,506,506,2026-04-19,Kenan Yıldız,IT1,0,0,0,0,18
4621037_672381,4621037,672381,1025,244,2026-04-19,Jonathan Rowe,IT1,0,0,0,0,31
4621037_533738,4621037,533738,506,506,2026-04-19,Jonathan David,IT1,0,0,1,0,72
4626118_249565,4626118,249565,405,405,2026-04-19,Youri Tielemans,GB1,0,0,0,0,90
4621037_516716,4621037,516716,506,506,2026-04-19,Bremer,IT1,0,0,0,0,90
4621037_487474,4621037,487474,506,506,2026-04-19,Francisco Conceição,IT1,0,0,0,0,72
4621037_463618,4621037,463618,506,506,2026-04-19,Khéphren Thuram,IT1,0,0,1,0,45
4621037_368887,4621037,368887,506,506,2026-04-19,Loïs Openda,IT1,0,0,0,0,4
4621037_332697,4621037,332697,506,506,2026-04-19,Weston McKennie,IT1,0,0,0,1,90
4621037_265088,4621037,265088,506,506,2026-04-19,Manuel Locatelli,IT1,1,0,0,0,90
4626126_503680,4626126,503680,703,703,2026-04-19,Neco Williams,GB1,0,0,0,0,90
4621044_574671,4621044,574671,5,5,2026-04-19,Strahinja Pavlović,IT1,0,0,0,0,90
4626118_413403,4626118,413403,405,405,2026-04-19,Ezri Konsa,GB1,0,0,0,0,90
4626122_475188,4626122,475188,29,29,2026-04-19,Kiernan Dewsbury-Hall,GB1,0,0,0,1,90
4626118_947411,4626118,947411,289,289,2026-04-19,Chris Rigg,GB1,0,0,1,0,63
4626122_451276,4626122,451276,31,31,2026-04-19,Dominik Szoboszlai,GB1,0,0,0,1,90
4626122_434675,4626122,434675,31,31,2026-04-19,Cody Gakpo,GB1,0,0,0,1,84
4626122_433188,4626122,433188,31,31,2026-04-19,Curtis Jones,GB1,0,0,0,0,90
4626122_404842,4626122,404842,29,29,2026-04-19,Vitaliy Mykolenko,GB1,0,0,0,0,90
4626122_357119,4626122,357119,31,31,2026-04-19,Ibrahima Konaté,GB1,0,0,0,0,90
4626122_349066,4626122,349066,31,31,2026-04-19,Alexander Isak,GB1,0,0,0,0,72
4626122_1108466,4626122,1108466,31,31,2026-04-19,Rio Ngumoha,GB1,0,0,0,0,18
4626118_876631,4626118,876631,289,289,2026-04-19,Habib Diarra,GB1,0,0,0,0,90
4626118_473169,4626118,473169,289,289,2026-04-19,Brian Brobbey,GB1,0,0,0,0,84
4626118_743384,4626118,743384,289,289,2026-04-19,Chemsdine Talbi,GB1,0,0,0,0,27
4626118_727089,4626118,727089,289,289,2026-04-19,Noah Sadiki,GB1,1,0,0,1,90
4626118_646991,4626118,646991,289,289,2026-04-19,Robin Roefs,GB1,0,0,0,0,90
4626118_633992,4626118,633992,289,289,2026-04-19,Enzo Le Fée,GB1,0,0,0,1,90
4626118_503743,4626118,503743,405,405,2026-04-19,Morgan Rogers,GB1,0,0,1,0,90
4626118_485706,4626118,485706,405,405,2026-04-19,Amadou Onana,GB1,1,0,0,0,90
4626118_485585,4626118,485585,405,405,2026-04-19,Ian Maatsen,GB1,0,0,0,1,70
4626126_432164,4626126,432164,703,703,2026-04-19,Igor Jesus,GB1,0,0,1,0,45
4626124_743413,4626124,743413,281,281,2026-04-19,Nico O'Reilly,GB1,0,0,0,0,90
4626126_540664,4626126,540664,703,667,2026-04-19,Dilane Bakwa,GB1,0,0,0,0,45
4648893_424784,4648893,424784,336,336,2026-04-19,Luis Suárez,PO1,0,0,0,0,90
4648893_572675,4648893,572675,336,336,2026-04-19,Maxi Araújo,PO1,0,0,0,0,90
4648893_549006,4648893,549006,336,336,2026-04-19,Gonçalo Inácio,PO1,0,0,0,0,90
4648893_548193,4648893,548193,336,336,2026-04-19,Zeno Debast,PO1,0,0,0,1,30
4648893_537844,4648893,537844,294,294,2026-04-19,Anatoliy Trubin,PO1,1,0,0,0,90
4648893_504087,4648893,504087,294,294,2026-04-19,Tomás Araújo,PO1,0,0,0,0,78
4648893_461496,4648893,461496,336,336,2026-04-19,Morten Hjulmand,PO1,1,0,0,0,90
4648893_426620,4648893,426620,336,336,2026-04-19,Pedro Gonçalves,PO1,0,0,0,0,68
4648893_412669,4648893,412669,336,336,2026-04-19,Francisco Trincão,PO1,0,0,0,0,90
4648893_670103,4648893,670103,294,294,2026-04-19,Andreas Schjelderup,PO1,0,0,1,0,78
4648893_324503,4648893,324503,294,294,2026-04-19,Vangelis Pavlidis,PO1,0,0,0,0,12
4648893_1138758,4648893,1138758,336,336,2026-04-19,Geovany Quenda,PO1,0,0,0,0,22
4648031_454567,4648031,454567,114,114,2026-04-19,Orkun Kökçü,TR1,0,0,0,0,78
4635275_971570,4635275,971570,1041,418,2026-04-19,Endrick,FR1,0,0,1,1,79
4635275_914562,4635275,914562,583,583,2026-04-19,Désiré Doué,FR1,0,0,0,0,59
4635275_903693,4635275,903693,583,583,2026-04-19,Senny Mayulu,FR1,0,0,0,0,59
4635275_810092,4635275,810092,583,583,2026-04-19,Warren Zaïre-Emery,FR1,0,0,0,0,51
4648893_650568,4648893,650568,294,294,2026-04-19,António Silva,PO1,0,0,0,0,12
4648893_701979,4648893,701979,336,336,2026-04-19,Geny Catamo,PO1,0,0,0,0,88
4635275_661171,4635275,661171,583,583,2026-04-19,Willian Pacho,FR1,0,0,0,0,90
4648896_957653,4648896,957653,720,720,2026-04-19,Rodrigo Mora,PO1,1,0,0,0,45
4850139_893661,4850139,893661,2282,2282,2026-04-19,Joel Ordóñez,EJPL,1,0,0,0,90
4850139_717329,4850139,717329,2282,2282,2026-04-19,Nicolò Tresoldi,EJPL,0,0,0,0,6
4850139_451677,4850139,451677,2282,2282,2026-04-19,Christos Tzolis,EJPL,0,0,0,1,90
4842282_859035,4842282,859035,1090,1090,2026-04-19,Kees Smit,NLP,1,0,1,1,90
4842282_552655,4842282,552655,1090,1090,2026-04-19,Troy Parrott,NLP,1,0,1,1,90
4649354_800175,4649354,800175,964,964,2026-04-19,Luiz Henrique,RU1,0,0,0,0,75
4649349_515744,4649349,515744,16704,16704,2026-04-19,Eduard Spertsyan,RU1,0,0,0,0,90
4648896_926993,4648896,926993,720,720,2026-04-19,Victor Froholdt,PO1,0,0,1,0,90
4648893_735573,4648893,735573,294,294,2026-04-19,Richard Ríos,PO1,0,0,0,0,90
4648896_756990,4648896,756990,720,720,2026-04-19,Alan Varela,PO1,0,0,0,0,90
4648896_699704,4648896,699704,720,720,2026-04-19,Gabri Veiga,PO1,1,0,1,0,45
4648896_425918,4648896,425918,720,11,2026-04-19,Jakub Kiwior,PO1,1,0,0,0,45
4648896_357153,4648896,357153,720,720,2026-04-19,Diogo Costa,PO1,0,0,0,0,90
4648896_1162012,4648896,1162012,720,720,2026-04-19,Oskar Pietuszewski,PO1,0,0,0,0,70
4648896_1004725,4648896,1004725,720,720,2026-04-19,William Gomes,PO1,0,0,0,0,20
4648893_974982,4648893,974982,336,336,2026-04-19,Ousmane Diomande,PO1,0,0,0,0,60
4635275_708265,4635275,708265,583,583,2026-04-19,Bradley Barcola,FR1,0,0,0,0,72
4850139_780136,4850139,780136,2282,2282,2026-04-19,Aleksandar Stanković,EJPL,1,0,0,0,90
4635275_659089,4635275,659089,583,583,2026-04-19,Ilya Zabarnyi,FR1,1,0,0,0,90
4634477_443710,4634477,443710,79,79,2026-04-19,Angelo Stiller,L1,0,0,0,0,65
4634477_776890,4634477,776890,27,27,2026-04-19,Nicolas Jackson,L1,0,0,1,0,90
4634477_654982,4634477,654982,79,79,2026-04-19,Bilal El Khannouss,L1,0,0,0,1,90
4634477_580195,4634477,580195,27,27,2026-04-19,Jamal Musiala,L1,0,0,0,1,45
4634477_566723,4634477,566723,27,27,2026-04-19,Michael Olise,L1,0,0,0,0,45
4634477_518505,4634477,518505,79,79,2026-04-19,Jamie Leweling,L1,0,0,0,0,76
4634477_483046,4634477,483046,27,27,2026-04-19,Josip Stanisic,L1,0,0,0,0,85
4634477_480692,4634477,480692,27,27,2026-04-19,Luis Díaz,L1,0,0,0,2,45
4634477_436064,4634477,436064,79,79,2026-04-19,Ramon Hendriks,L1,0,0,0,0,90
4634480_526845,4634480,526845,60,60,2026-04-19,Noah Atubolu,L1,0,0,0,0,90
4634477_424204,4634477,424204,27,27,2026-04-19,Alphonso Davies,L1,0,0,1,0,62
4634477_223967,4634477,223967,27,27,2026-04-19,Konrad Laimer,L1,0,0,0,0,28
4626126_567576,4626126,567576,703,703,2026-04-19,Elliot Anderson,GB1,0,0,0,0,90
4634477_161056,4634477,161056,27,27,2026-04-19,Joshua Kimmich,L1,0,0,0,0,90
4634477_132098,4634477,132098,27,27,2026-04-19,Harry Kane,L1,0,0,1,0,45
4626126_842341,4626126,842341,1132,1132,2026-04-19,Maxime Estève,GB1,0,0,0,0,90
4635275_618494,4635275,618494,1041,1041,2026-04-19,Tyler Morton,FR1,0,0,0,0,90
4634477_924117,4634477,924117,79,79,2026-04-19,Finn Jeltsch,L1,0,0,0,0,45
4626126_741238,4626126,741238,703,703,2026-04-19,Omari Hutchinson,GB1,0,0,0,1,88
4634480_668606,4634480,668606,60,60,2026-04-19,Yuito Suzuki,L1,0,0,0,0,22
4635275_288230,4635275,288230,583,583,2026-04-19,Ousmane Dembélé,FR1,0,0,0,0,31
4634480_927353,4634480,927353,60,60,2026-04-19,Johan Manzambi,L1,0,0,1,0,68
4635275_550550,4635275,550550,583,583,2026-04-19,Gonçalo Ramos,FR1,0,0,0,0,59
4635275_502670,4635275,502670,583,583,2026-04-19,Khvicha Kvaratskhelia,FR1,0,0,1,0,31
4635275_487469,4635275,487469,583,583,2026-04-19,Vitinha,FR1,0,0,0,0,39
4635275_398073,4635275,398073,583,583,2026-04-19,Achraf Hakimi,FR1,0,0,0,0,90
4635275_350219,4635275,350219,583,583,2026-04-19,Fabián Ruiz,FR1,1,0,0,1,18
4635275_318470,4635275,318470,583,583,2026-04-19,Matvey Safonov,FR1,0,0,0,0,90
4635275_557149,4635275,557149,583,583,2026-04-19,Kang-in Lee,FR1,1,0,0,0,31
4635272_745200,4635272,745200,162,162,2026-04-19,Maghnes Akliouche,FR1,1,0,0,1,90
4635272_334526,4635272,334526,162,162,2026-04-19,Denis Zakaria,FR1,1,0,0,0,90
4635268_834397,4635268,834397,667,667,2026-04-19,Mike Penders,FR1,0,0,0,0,90
4635268_660867,4635268,660867,667,667,2026-04-19,Julio Enciso,FR1,0,0,0,0,33
4635268_461607,4635268,461607,273,273,2026-04-19,Estéban Lepaul,FR1,0,0,1,1,90
4634482_643574,4634482,643574,39,39,2026-04-19,Kaishu Sano,L1,0,0,0,0,90
4635272_503770,4635272,503770,162,162,2026-04-19,Folarin Balogun,FR1,0,0,1,0,88
4626120_610849,4626120,610849,631,631,2026-04-18,Liam Delap,GB1,0,0,0,0,90
4626120_820374,4626120,820374,985,985,2026-04-18,Kobbie Mainoo,GB1,1,0,0,0,90
4626120_811779,4626120,811779,631,631,2026-04-18,Alejandro Garnacho,GB1,0,0,0,0,74
4626120_687626,4626120,687626,631,631,2026-04-18,Moisés Caicedo,GB1,0,0,0,0,90
4626120_648195,4626120,648195,631,631,2026-04-18,Enzo Fernández,GB1,0,0,0,0,88
4626120_627442,4626120,627442,985,985,2026-04-18,Benjamin Sesko,GB1,0,0,0,0,80
4626120_620322,4626120,620322,631,631,2026-04-18,Malo Gusto,GB1,0,0,0,0,81
4626120_517894,4626120,517894,985,985,2026-04-18,Matheus Cunha,GB1,1,0,1,0,81
4626120_568177,4626120,568177,631,631,2026-04-18,Cole Palmer,GB1,0,0,0,0,90
4626120_536835,4626120,536835,985,985,2026-04-18,Amad Diallo,GB1,0,0,0,0,10
4626120_503883,4626120,503883,985,1096,2026-04-18,Senne Lammens,GB1,0,0,0,0,90
4626120_487465,4626120,487465,631,631,2026-04-18,Pedro Neto,GB1,0,0,0,0,90
4626120_475411,4626120,475411,631,631,2026-04-18,Wesley Fofana,GB1,0,0,0,0,81
4626120_413039,4626120,413039,985,985,2026-04-18,Bryan Mbeumo,GB1,0,0,0,0,87
4626120_904802,4626120,904802,631,631,2026-04-18,Jorrel Hato,GB1,1,0,0,0,90
4626120_346483,4626120,346483,985,985,2026-04-18,Mason Mount,GB1,1,0,0,0,9
4626120_357147,4626120,357147,985,985,2026-04-18,Diogo Dalot,GB1,0,0,0,0,90
4626125_398065,4626125,398065,762,762,2026-04-18,Harvey Barnes,GB1,0,0,0,0,90
4626123_346890,4626123,346890,399,399,2026-04-18,Noah Okafor,GB1,0,0,1,1,67
4626125_469781,4626125,469781,989,989,2026-04-18,Marcos Senesi,GB1,0,0,0,0,90
4626125_609556,4626125,609556,762,762,2026-04-18,William Osula,GB1,0,0,1,0,90
4626120_284857,4626120,284857,631,631,2026-04-18,Marc Cucurella,GB1,0,0,0,0,90
4626125_583189,4626125,583189,762,762,2026-04-18,Anthony Elanga,GB1,0,0,0,0,62
4626125_521964,4626125,521964,762,762,2026-04-18,Malick Thiaw,GB1,0,0,0,0,90
4626125_520624,4626125,520624,762,762,2026-04-18,Bruno Guimarães,GB1,0,0,0,0,28
4626125_503981,4626125,503981,762,762,2026-04-18,Tino Livramento,GB1,0,0,0,0,74
4626125_503749,4626125,503749,762,762,2026-04-18,Jacob Ramsey,GB1,0,0,0,0,62
4626125_465555,4626125,465555,989,989,2026-04-18,Djordje Petrovic,GB1,1,0,0,0,90
4626123_392771,4626123,392771,399,399,2026-04-18,Ethan Ampadu,GB1,0,0,0,0,90
4626125_455661,4626125,455661,762,762,2026-04-18,Nick Woltemade,GB1,0,0,0,0,4
4626125_399434,4626125,399434,989,989,2026-04-18,Marcus Tavernier,GB1,1,0,1,0,89
4626125_397033,4626125,397033,762,762,2026-04-18,Sandro Tonali,GB1,0,0,0,0,86
4626125_361093,4626125,361093,762,762,2026-04-18,Sven Botman,GB1,1,0,0,0,90
4626125_332705,4626125,332705,989,989,2026-04-18,Tyler Adams,GB1,0,0,0,0,25
4626125_1012564,4626125,1012564,989,989,2026-04-18,Rayan,GB1,0,0,0,1,78
4626123_735570,4626123,735570,543,543,2026-04-18,João Gomes,GB1,0,0,0,0,90
4626120_346314,4626120,346314,631,631,2026-04-18,Trevoh Chalobah,GB1,0,0,0,0,9
4626119_1011131,4626119,1011131,931,931,2026-04-18,Josh King,GB1,0,0,0,0,23
4626120_240306,4626120,240306,985,985,2026-04-18,Bruno Fernandes,GB1,0,0,0,1,90
4621041_668951,4621041,668951,12,12,2026-04-18,Matías Soulé,IT1,0,0,0,0,71
4621041_571604,4621041,571604,800,800,2026-04-18,Giorgio Scalvini,IT1,0,0,0,0,45
4621041_459763,4621041,459763,800,800,2026-04-18,Marco Carnesecchi,IT1,0,0,0,0,90
4621041_435772,4621041,435772,800,800,2026-04-18,Charles De Ketelaere,IT1,0,0,0,0,45
4621041_434433,4621041,434433,800,1005,2026-04-18,Nikola Krstović,IT1,0,0,1,0,90
4621041_371149,4621041,371149,12,12,2026-04-18,Evan Ndicka,IT1,0,0,0,0,90
4621041_338670,4621041,338670,12,12,2026-04-18,Mile Svilar,IT1,0,0,0,0,90
4621041_326029,4621041,326029,12,12,2026-04-18,Donyell Malen,IT1,0,0,0,0,90
4621041_1077175,4621041,1077175,800,800,2026-04-18,Honest Ahanor,IT1,0,0,0,0,45
4621039_830365,4621039,830365,6195,6195,2026-04-18,Alisson Santos,IT1,0,0,0,0,45
4621039_618341,4621039,618341,398,398,2026-04-18,Mario Gila,IT1,0,0,0,0,61
4621039_610442,4621039,610442,6195,6195,2026-04-18,Rasmus Højlund,IT1,0,0,0,0,90
4621039_470394,4621039,470394,398,398,2026-04-18,Kenneth Taylor,IT1,1,0,0,1,90
4621039_386446,4621039,386446,6195,6195,2026-04-18,Alessandro Buongiorno,IT1,0,0,0,0,90
4621039_315969,4621039,315969,6195,6195,2026-04-18,Scott McTominay,IT1,0,0,0,0,90
4626125_670858,4626125,670858,762,762,2026-04-18,Lewis Hall,GB1,0,0,0,0,45
4621041_607854,4621041,607854,800,800,2026-04-18,Éderson,IT1,1,0,0,0,80
4621041_813137,4621041,813137,12,12,2026-04-18,Niccolò Pisilli,IT1,1,0,0,0,30
4626120_1078163,4626120,1078163,985,985,2026-04-18,Ayden Heaven,GB1,0,0,0,0,90
4621043_855308,4621043,855308,410,410,2026-04-18,Arthur Atta,IT1,0,0,0,0,90
4626120_1056993,4626120,1056993,631,631,2026-04-18,Estêvão,GB1,0,0,0,0,16
4626120_1004708,4626120,1004708,631,631,2026-04-18,Josh Acheampong,GB1,0,0,0,0,9
4626119_823486,4626119,823486,1148,1148,2026-04-18,Michael Kayode,GB1,0,0,0,0,90
4626119_823231,4626119,823231,1148,1148,2026-04-18,Dango Ouattara,GB1,0,0,0,0,90
4626119_739443,4626119,739443,1148,1148,2026-04-18,Igor Thiago,GB1,0,0,0,0,90
4626119_717411,4626119,717411,1148,1148,2026-04-18,Yegor Yarmolyuk,GB1,0,0,0,0,90
4626119_661207,4626119,661207,931,281,2026-04-18,Oscar Bobb,GB1,0,0,0,0,9
4626119_644401,4626119,644401,1148,1148,2026-04-18,Keane Lewis-Potter,GB1,0,0,0,0,90
4626119_541231,4626119,541231,1148,1148,2026-04-18,Sepp van den Berg,GB1,0,0,0,0,90
4626119_540941,4626119,540941,1148,1148,2026-04-18,Mikkel Damsgaard,GB1,0,0,0,0,90
4626119_473050,4626119,473050,1148,1148,2026-04-18,Kevin Schade,GB1,0,0,0,0,90
4626119_469050,4626119,469050,1148,1148,2026-04-18,Nathan Collins,GB1,0,0,0,0,90
4626119_461883,4626119,461883,931,931,2026-04-18,Calvin Bassey,GB1,0,0,0,0,90
4626119_340918,4626119,340918,1148,1148,2026-04-18,Caoimhín Kelleher,GB1,0,0,0,0,90
4626119_279455,4626119,279455,931,931,2026-04-18,Harry Wilson,GB1,0,0,0,0,90
4626125_654539,4626125,654539,989,989,2026-04-18,Adrien Truffert,GB1,0,0,1,0,90
4626123_800176,4626123,800176,543,543,2026-04-18,André,GB1,0,0,0,0,90
4626125_711337,4626125,711337,989,989,2026-04-18,Evanilson,GB1,0,0,0,0,89
4634485_524290,4634485,524290,533,533,2026-04-18,Fisnik Asllani,L1,0,0,0,0,90
4635267_653610,4635267,653610,244,244,2026-04-18,Igor Paixão,FR1,0,0,0,0,45
4635267_532826,4635267,532826,244,244,2026-04-18,Mason Greenwood,FR1,0,0,0,0,90
4635267_418659,4635267,418659,244,244,2026-04-18,Amine Gouiri,FR1,0,0,0,0,59
4634485_796297,4634485,796297,16,16,2026-04-18,Jobe Bellingham,L1,0,0,0,0,90
4634485_667457,4634485,667457,533,533,2026-04-18,Leon Avdullahu,L1,0,0,0,0,90
4634485_579459,4634485,579459,533,533,2026-04-18,Albian Hajdari,L1,0,0,0,0,90
4634485_578392,4634485,578392,16,16,2026-04-18,Maximilian Beier,L1,0,0,0,0,90
4634485_388198,4634485,388198,16,16,2026-04-18,Nico Schlotterbeck,L1,1,0,0,0,90
4634479_894914,4634479,894914,23826,23826,2026-04-18,Antonio Nusa,L1,0,0,1,1,90
4634485_370789,4634485,370789,16,16,2026-04-18,Julian Ryerson,L1,1,0,0,0,90
4634485_270541,4634485,270541,16,16,2026-04-18,Serhou Guirassy,L1,0,0,1,0,30
4634485_257814,4634485,257814,16,16,2026-04-18,Gregor Kobel,L1,0,0,0,0,90
4634485_1067904,4634485,1067904,533,533,2026-04-18,Bazoumana Touré,L1,0,0,0,0,60
4634483_669380,4634483,669380,82,82,2026-04-18,Konstantinos Koulierakis,L1,0,0,0,0,90
4634479_957874,4634479,957874,23826,23826,2026-04-18,Rômulo,L1,0,0,0,0,79
4634479_931838,4634479,931838,24,24,2026-04-18,Hugo Larsson,L1,0,0,1,0,71
4635267_890719,4635267,890719,244,244,2026-04-18,Ethan Nwaneri,FR1,0,0,0,0,31
4635274_1097139,4635274,1097139,1082,1082,2026-04-18,Ayyoub Bouaddi,FR1,0,0,0,0,78
4635274_652275,4635274,652275,1082,1082,2026-04-18,Hákon Arnar Haraldsson,FR1,0,0,0,0,90
4635274_724129,4635274,724129,1082,1082,2026-04-18,Matias Fernandez-Pardo,FR1,0,0,0,0,90
4626125_855256,4626125,855256,989,989,2026-04-18,Alex Scott,GB1,1,0,0,0,90
4850168_990148,4850168,990148,1184,1184,2026-04-18,Konstantinos Karetsas,POBE,0,0,0,0,83
4842389_844637,4842389,844637,13,13,2026-04-18,Marc Pubill,CDR,0,0,0,0,120
4842389_742201,4842389,742201,13,13,2026-04-18,Giuliano Simeone,CDR,0,0,0,0,70
4842389_711374,4842389,711374,681,681,2026-04-18,Jon Gorrotxategi,CDR,1,0,0,0,52
4842389_616631,4842389,616631,13,13,2026-04-18,Matteo Ruggeri,CDR,0,0,0,0,62
4842389_576024,4842389,576024,13,13,2026-04-18,Julián Alvarez,CDR,0,0,1,0,120
4842389_548111,4842389,548111,13,13,2026-04-18,Álex Baena,CDR,0,0,0,0,50
4842389_406040,4842389,406040,13,800,2026-04-18,Ademola Lookman,CDR,0,0,1,0,62
4842389_351478,4842389,351478,681,681,2026-04-18,Mikel Oyarzabal,CDR,1,0,1,0,78
4842389_1018938,4842389,1018938,681,681,2026-04-18,Jon Martín,CDR,0,0,0,0,120
4649351_720286,4649351,720286,932,932,2026-04-18,Aleksey Batrakov,RU1,0,0,1,0,90
4649350_651580,4649350,651580,2410,2410,2026-04-18,Matvey Kislyak,RU1,1,0,1,0,90
4648035_553469,4648035,553469,141,141,2026-04-18,Gabriel Sara,TR1,0,0,0,1,77
4648035_541537,4648035,541537,141,141,2026-04-18,Barış Alper Yılmaz,TR1,0,0,0,0,90
4634479_897424,4634479,897424,23826,23826,2026-04-18,Assan Ouédraogo,L1,0,0,0,0,59
4634481_1084638,4634481,1084638,86,86,2026-04-18,Karim Coulibaly,L1,0,0,0,0,90
4634479_816585,4634479,816585,24,24,2026-04-18,Can Uzun,L1,0,0,0,0,26
4626127_488362,4626127,488362,148,148,2026-04-18,Conor Gallagher,GB1,0,0,0,0,76
4626127_576314,4626127,576314,1237,1237,2026-04-18,Jan Paul van Hecke,GB1,0,0,0,1,90
4634479_700106,4634479,700106,23826,23826,2026-04-18,Brajan Gruda,L1,0,0,0,0,31
4626127_565093,4626127,565093,1237,1237,2026-04-18,Bart Verbruggen,GB1,0,0,0,0,90
4626127_557459,4626127,557459,148,148,2026-04-18,Micky van de Ven,GB1,0,0,0,0,90
4626127_556385,4626127,556385,148,148,2026-04-18,Destiny Udogie,GB1,0,0,0,0,76
4626127_553875,4626127,553875,148,148,2026-04-18,Pedro Porro,GB1,0,0,1,0,90
4626127_538977,4626127,538977,1237,1237,2026-04-18,Georginio Rutter,GB1,0,0,1,0,15
4626127_483348,4626127,483348,148,148,2026-04-18,Djed Spence,GB1,0,0,0,0,14
4626127_866246,4626127,866246,148,148,2026-04-18,Lucas Bergvall,GB1,0,0,0,1,14
4626127_415381,4626127,415381,1237,1237,2026-04-18,Mats Wieffer,GB1,1,0,0,0,90
4626127_369316,4626127,369316,1237,1237,2026-04-18,Ferdi Kadıoğlu,GB1,0,0,0,0,90
4626127_258889,4626127,258889,148,148,2026-04-18,Dominic Solanke,GB1,0,0,0,0,90
4626127_1060087,4626127,1060087,1237,1237,2026-04-18,Charalampos Kostoulas,GB1,0,0,0,0,8
4626127_1012534,4626127,1012534,1237,1237,2026-04-18,Yankuba Minteh,GB1,0,0,0,0,90
4626125_955357,4626125,955357,989,989,2026-04-18,Junior Kroupi,GB1,0,0,0,0,66
4626125_922769,4626125,922769,762,762,2026-04-18,Lewis Miley,GB1,0,0,0,0,90
4626127_667287,4626127,667287,1237,1237,2026-04-18,Yasin Ayari,GB1,0,0,0,0,82
4626127_566931,4626127,566931,148,23826,2026-04-18,Xavi Simons,GB1,1,0,1,1,90
4626127_867688,4626127,867688,1237,1237,2026-04-18,Jack Hinshelwood,GB1,0,0,0,0,75
4634478_905011,4634478,905011,15,15,2026-04-18,Ibrahim Maza,L1,0,0,0,0,90
4634479_691892,4634479,691892,24,24,2026-04-18,Nathaniel Brown,L1,0,0,0,0,90
4634479_585959,4634479,585959,24,24,2026-04-18,Arnaud Kalimuendo,L1,0,0,0,0,90
4634479_404950,4634479,404950,23826,23826,2026-04-18,Nicolas Seiwald,L1,0,0,0,0,90
4626127_922693,4626127,922693,148,148,2026-04-18,Archie Gray,GB1,0,0,0,0,33
4634479_324278,4634479,324278,23826,23826,2026-04-18,Christoph Baumgartner,L1,0,0,0,0,90
4634479_318204,4634479,318204,23826,23826,2026-04-18,David Raum,L1,0,0,0,0,11
4634479_1390649,4634479,1390649,23826,23826,2026-04-18,Yan Diomande,L1,0,0,1,0,90
4634479_333647,4634479,333647,24,24,2026-04-18,Jonathan Burkardt,L1,0,0,0,0,90
4634478_632349,4634478,632349,15,15,2026-04-18,Jarell Quansah,L1,1,0,0,0,72
4634478_467437,4634478,467437,15,15,2026-04-18,Malik Tillman,L1,0,0,0,0,9
4634478_401578,4634478,401578,15,15,2026-04-18,Exequiel Palacios,L1,0,0,0,0,81
4634478_1364454,4634478,1364454,15,15,2026-04-18,Christian Kofane,L1,0,0,0,0,18
4626127_996897,4626127,996897,1237,1237,2026-04-18,Diego Gómez,GB1,0,0,0,0,20
4634478_564545,4634478,564545,15,15,2026-04-18,Edmond Tapsoba,L1,0,0,0,1,90
4621036_895937,4621036,895937,1390,1390,2026-04-17,Marco Palestra,IT1,0,0,0,0,90
4621042_523318,4621042,523318,1047,1047,2026-04-17,Anastasios Douvikas,IT1,0,0,0,0,45
4621042_1190411,4621042,1190411,1047,1047,2026-04-17,Jesús Rodríguez,IT1,0,0,0,0,30
4621042_1061282,4621042,1061282,1047,1047,2026-04-17,Assane Diao,IT1,0,0,0,0,60
4621036_930781,4621036,930781,46,46,2026-04-17,Pio Esposito,IT1,0,0,0,0,90
4621036_318528,4621036,318528,46,46,2026-04-17,Marcus Thuram,IT1,0,0,1,0,76
4621036_198116,4621036,198116,46,46,2026-04-17,Federico Dimarco,IT1,0,0,0,1,76
4621036_321528,4621036,321528,46,46,2026-04-17,Denzel Dumfries,IT1,0,0,0,1,90
4621036_255942,4621036,255942,46,46,2026-04-17,Nicolò Barella,IT1,0,0,1,0,89
4621042_668547,4621042,668547,1047,1047,2026-04-17,Máximo Perrone,IT1,0,0,0,0,45
4621042_580451,4621042,580451,1047,1047,2026-04-17,Martin Baturina,IT1,0,0,0,0,45
4621036_827734,4621036,827734,46,46,2026-04-17,Ange-Yoan Bonny,IT1,0,0,0,0,14
4621042_679423,4621042,679423,6574,6574,2026-04-17,Tarik Muharemović,IT1,0,0,0,0,90
4621042_948278,4621042,948278,1047,1047,2026-04-17,Jacobo Ramón,IT1,1,0,0,0,90
4621042_948294,4621042,948294,1047,1047,2026-04-17,Nico Paz,IT1,0,0,1,0,90
4634484_1168219,4634484,1168219,3,3,2026-04-17,Said El Mala,L1,1,0,0,0,90
4635270_597659,4635270,597659,415,415,2026-04-17,Charlie Cresswell,FR1,0,0,0,0,72
4635270_655217,4635270,655217,826,826,2026-04-17,Samson Baidoo,FR1,0,0,0,0,5
4635270_743515,4635270,743515,826,826,2026-04-17,Robin Risser,FR1,0,0,0,0,90
4635270_808348,4635270,808348,826,826,2026-04-17,Mamadou Sangaré,FR1,0,0,0,0,90
4648036_465830,4648036,465830,36,398,2026-04-17,Mattéo Guendouzi,TR1,0,0,0,0,90
4621042_921655,4621042,921655,6574,6574,2026-04-17,Ismaël Koné,IT1,1,0,0,0,90
4805926_1004725,4805926,1004725,720,720,2026-04-16,William Gomes,EL,1,0,0,0,90
4805926_425918,4805926,425918,720,11,2026-04-16,Jakub Kiwior,EL,0,0,0,0,45
4805926_413507,4805926,413507,703,703,2026-04-16,Nikola Milenković,EL,0,0,0,0,25
4805926_392768,4805926,392768,703,703,2026-04-16,Callum Hudson-Odoi,EL,0,0,0,0,26
4805926_357153,4805926,357153,720,720,2026-04-16,Diogo Costa,EL,0,0,0,0,90
4805926_1005649,4805926,1005649,703,703,2026-04-16,Murillo,EL,0,0,0,0,72
4805924_602105,4805924,602105,150,150,2026-04-16,Antony,EL,1,0,1,0,83
4805925_927353,4805925,927353,60,60,2026-04-16,Johan Manzambi,EL,0,0,0,0,71
4805925_668606,4805925,668606,60,60,2026-04-16,Yuito Suzuki,EL,0,0,2,0,90
4805925_526845,4805925,526845,60,60,2026-04-16,Noah Atubolu,EL,0,0,0,0,90
4805924_724520,4805924,724520,150,150,2026-04-16,Abde Ezzalzouli,EL,1,0,1,1,90
4805926_432164,4805926,432164,703,703,2026-04-16,Igor Jesus,EL,0,0,0,0,74
4805926_429014,4805926,429014,703,703,2026-04-16,Morgan Gibbs-White,EL,0,0,1,0,90
4805926_365108,4805926,365108,703,703,2026-04-16,Dan Ndoye,EL,0,0,0,0,65
4805926_503680,4805926,503680,703,703,2026-04-16,Neco Williams,EL,0,0,0,1,90
4805927_324358,4805927,324358,405,405,2026-04-16,Ollie Watkins,EL,0,0,1,0,64
4805926_540664,4805926,540664,703,667,2026-04-16,Dilane Bakwa,EL,0,0,0,0,18
4805927_849520,4805927,849520,1025,1025,2026-04-16,Santiago Castro,EL,0,0,0,0,76
4805927_672381,4805927,672381,1025,244,2026-04-16,Jonathan Rowe,EL,0,0,0,0,90
4805927_485706,4805927,485706,405,405,2026-04-16,Amadou Onana,EL,0,0,0,0,78
4805927_413403,4805927,413403,405,405,2026-04-16,Ezri Konsa,EL,0,0,1,0,90
4805927_503743,4805927,503743,405,405,2026-04-16,Morgan Rogers,EL,0,0,1,1,74
4805927_249565,4805927,249565,405,405,2026-04-16,Youri Tielemans,EL,0,0,0,0,74
4805926_926993,4805926,926993,720,720,2026-04-16,Victor Froholdt,EL,0,0,0,0,45
4805926_756990,4805926,756990,720,720,2026-04-16,Alan Varela,EL,0,0,0,0,45
4805926_741238,4805926,741238,703,703,2026-04-16,Omari Hutchinson,EL,1,0,0,0,45
4805926_699704,4805926,699704,720,720,2026-04-16,Gabri Veiga,EL,0,0,0,0,45
4814375_792380,4814375,792380,27,27,2026-04-15,Aleksandar Pavlovic,CL,0,0,1,0,90
4814375_371998,4814375,371998,418,418,2026-04-15,Vinicius Junior,CL,0,0,0,1,90
4814375_640428,4814375,640428,418,418,2026-04-15,Eduardo Camavinga,CL,0,0,0,0,24
4814375_581678,4814375,581678,418,418,2026-04-15,Jude Bellingham,CL,0,0,0,0,90
4814375_580195,4814375,580195,27,27,2026-04-15,Jamal Musiala,CL,0,0,0,1,29
4814375_566723,4814375,566723,27,27,2026-04-15,Michael Olise,CL,0,0,1,0,90
4814375_483046,4814375,483046,27,27,2026-04-15,Josip Stanisic,CL,1,0,0,0,45
4814375_1057316,4814375,1057316,418,418,2026-04-15,Franco Mastantuono,CL,0,0,0,0,1
4814375_480692,4814375,480692,27,27,2026-04-15,Luis Díaz,CL,0,0,1,0,90
4814375_424204,4814375,424204,27,27,2026-04-15,Alphonso Davies,CL,0,0,0,0,45
4814375_223967,4814375,223967,27,27,2026-04-15,Konrad Laimer,CL,0,0,0,0,90
4814375_369081,4814375,369081,418,418,2026-04-15,Federico Valverde,CL,0,0,0,0,90
4814375_344695,4814375,344695,27,27,2026-04-15,Dayot Upamecano,CL,0,0,0,1,90
4814375_342229,4814375,342229,418,418,2026-04-15,Kylian Mbappé,CL,0,0,1,0,90
4814375_314678,4814375,314678,418,418,2026-04-15,Brahim Díaz,CL,0,0,0,0,62
4814375_314353,4814375,314353,418,418,2026-04-15,Trent Alexander-Arnold,CL,0,0,0,0,90
4814375_196357,4814375,196357,27,27,2026-04-15,Jonathan Tah,CL,0,0,0,0,90
4814375_161056,4814375,161056,27,27,2026-04-15,Joshua Kimmich,CL,0,0,0,1,90
4814375_132098,4814375,132098,27,27,2026-04-15,Harry Kane,CL,0,0,1,1,90
4814377_1138758,4814377,1138758,336,336,2026-04-15,Geovany Quenda,CL,0,0,0,0,19
4814375_861410,4814375,861410,418,418,2026-04-15,Arda Güler,CL,0,0,2,0,90
4814377_426620,4814377,426620,336,336,2026-04-15,Pedro Gonçalves,CL,0,0,0,0,71
4814377_1187629,4814377,1187629,11,11,2026-04-15,Max Dowman,CL,0,0,0,0,27
4814377_495666,4814377,495666,11,11,2026-04-15,William Saliba,CL,0,0,0,0,90
4814377_262749,4814377,262749,11,11,2026-04-15,David Raya,CL,0,0,0,0,90
4814377_974982,4814377,974982,336,336,2026-04-15,Ousmane Diomande,CL,0,0,0,0,90
4814377_701979,4814377,701979,336,336,2026-04-15,Geny Catamo,CL,0,0,0,0,71
4814377_659813,4814377,659813,11,11,2026-04-15,Piero Hincapié,CL,0,0,0,0,90
4814377_655488,4814377,655488,11,11,2026-04-15,Gabriel Martinelli,CL,0,0,0,0,79
4814377_572675,4814377,572675,336,336,2026-04-15,Maxi Araújo,CL,1,0,0,0,90
4814377_549006,4814377,549006,336,336,2026-04-15,Gonçalo Inácio,CL,0,0,0,0,90
4814377_503987,4814377,503987,11,11,2026-04-15,Noni Madueke,CL,0,0,0,0,63
4814377_646750,4814377,646750,11,11,2026-04-15,Cristhian Mosquera,CL,0,0,0,0,90
4814377_479999,4814377,479999,11,11,2026-04-15,Eberechi Eze,CL,0,0,0,0,79
4814377_412669,4814377,412669,336,336,2026-04-15,Francisco Trincão,CL,0,0,0,0,85
4814377_461496,4814377,461496,336,336,2026-04-15,Morten Hjulmand,CL,0,0,0,0,90
4814377_325443,4814377,325443,11,11,2026-04-15,Viktor Gyökeres,CL,0,0,0,0,56
4814377_357662,4814377,357662,11,11,2026-04-15,Declan Rice,CL,0,0,0,0,90
4814377_309400,4814377,309400,11,11,2026-04-15,Kai Havertz,CL,0,0,0,0,34
4814377_423440,4814377,423440,11,11,2026-04-15,Martín Zubimendi,CL,0,0,0,0,90
4814377_424784,4814377,424784,336,336,2026-04-15,Luis Suárez,CL,0,0,0,0,90
4814377_435338,4814377,435338,11,11,2026-04-15,Gabriel,CL,0,0,0,0,90
4814374_478573,4814374,478573,31,31,2026-04-14,Ryan Gravenberch,CL,0,0,0,0,90
4814374_670681,4814374,670681,583,583,2026-04-14,João Neves,CL,0,0,0,0,90
4814374_661171,4814374,661171,583,583,2026-04-14,Willian Pacho,CL,0,0,0,0,90
4814374_616341,4814374,616341,583,583,2026-04-14,Nuno Mendes,CL,0,0,0,0,38
4814374_598577,4814374,598577,31,31,2026-04-14,Florian Wirtz,CL,0,0,0,0,90
4814374_534033,4814374,534033,31,31,2026-04-14,Alexis Mac Allister,CL,1,0,0,0,74
4814374_502676,4814374,502676,31,31,2026-04-14,Giorgi Mamardashvili,CL,0,0,0,0,90
4814374_502670,4814374,502670,583,583,2026-04-14,Khvicha Kvaratskhelia,CL,0,0,0,1,90
4814374_487469,4814374,487469,583,583,2026-04-14,Vitinha,CL,0,0,0,0,90
4814374_484547,4814374,484547,31,31,2026-04-14,Jeremie Frimpong,CL,0,0,0,0,45
4814374_709726,4814374,709726,31,31,2026-04-14,Hugo Ekitiké,CL,0,0,0,0,31
4814374_434675,4814374,434675,31,31,2026-04-14,Cody Gakpo,CL,0,0,0,0,45
4814374_433188,4814374,433188,31,31,2026-04-14,Curtis Jones,CL,0,0,0,0,16
4814374_398073,4814374,398073,583,583,2026-04-14,Achraf Hakimi,CL,0,0,0,0,90
4814374_357119,4814374,357119,31,31,2026-04-14,Ibrahima Konaté,CL,1,0,0,0,90
4814374_349066,4814374,349066,31,31,2026-04-14,Alexander Isak,CL,0,0,0,0,45
4814374_318470,4814374,318470,583,583,2026-04-14,Matvey Safonov,CL,0,0,0,0,90
4814374_288230,4814374,288230,583,583,2026-04-14,Ousmane Dembélé,CL,0,0,2,0,90
4814374_181767,4814374,181767,583,583,2026-04-14,Marquinhos,CL,0,0,0,0,90
4814374_1108466,4814374,1108466,31,31,2026-04-14,Rio Ngumoha,CL,0,0,0,0,23
4814374_708265,4814374,708265,583,583,2026-04-14,Bradley Barcola,CL,0,0,0,1,38
4814374_451276,4814374,451276,31,31,2026-04-14,Dominik Szoboszlai,CL,0,0,0,0,90
4814374_730861,4814374,730861,31,31,2026-04-14,Milos Kerkez,CL,0,0,0,0,90
4814374_810092,4814374,810092,583,583,2026-04-14,Warren Zaïre-Emery,CL,0,0,0,0,81
4814376_937958,4814376,937958,131,131,2026-04-14,Lamine Yamal,CL,0,0,1,0,90
4814376_742201,4814376,742201,13,13,2026-04-14,Giuliano Simeone,CL,0,0,0,0,66
4814376_705395,4814376,705395,131,131,2026-04-14,Gerard Martín,CL,0,0,0,0,90
4814376_683840,4814376,683840,131,131,2026-04-14,Pedri,CL,0,0,0,0,90
4814376_646740,4814376,646740,131,131,2026-04-14,Gavi,CL,1,0,0,0,81
4814376_636703,4814376,636703,131,131,2026-04-14,Fermín López,CL,0,0,0,0,68
4814376_616631,4814376,616631,13,13,2026-04-14,Matteo Ruggeri,CL,0,0,0,0,90
4814376_561613,4814376,561613,131,131,2026-04-14,Joan García,CL,0,0,0,0,90
4814376_576024,4814376,576024,13,13,2026-04-14,Julián Alvarez,CL,0,0,0,0,90
4814376_548111,4814376,548111,13,13,2026-04-14,Álex Baena,CL,0,0,0,0,24
4814376_466794,4814376,466794,131,131,2026-04-14,Eric García,CL,0,0,0,0,79
4814376_411975,4814376,411975,131,131,2026-04-14,Jules Koundé,CL,0,0,0,0,90
4814376_406040,4814376,406040,13,800,2026-04-14,Ademola Lookman,CL,0,0,1,0,66
4814376_398184,4814376,398184,131,131,2026-04-14,Ferran Torres,CL,0,0,1,1,68
4814376_326330,4814376,326330,131,131,2026-04-14,Frenkie de Jong,CL,0,0,0,0,9
4814376_293385,4814376,293385,131,131,2026-04-14,Dani Olmo,CL,0,0,0,1,89
4814376_258923,4814376,258923,131,131,2026-04-14,Marcus Rashford,CL,0,0,0,0,22
4814374_914562,4814374,914562,583,583,2026-04-14,Désiré Doué,CL,0,0,0,0,52
4626114_476701,4626114,476701,985,985,2026-04-13,Manuel Ugarte,GB1,0,0,0,0,90
4621029_470394,4621029,470394,398,398,2026-04-13,Kenneth Taylor,IT1,0,0,0,0,79
4626114_240306,4626114,240306,985,985,2026-04-13,Bruno Fernandes,GB1,1,0,0,1,90
4626114_346890,4626114,346890,399,399,2026-04-13,Noah Okafor,GB1,0,0,2,0,74
4626114_357147,4626114,357147,985,985,2026-04-13,Diogo Dalot,GB1,0,0,0,0,20
4626114_392771,4626114,392771,399,399,2026-04-13,Ethan Ampadu,GB1,1,0,0,0,90
4626114_413039,4626114,413039,985,985,2026-04-13,Bryan Mbeumo,GB1,0,0,0,0,20
4626114_503883,4626114,503883,985,1096,2026-04-13,Senne Lammens,GB1,0,0,0,0,90
4626114_480762,4626114,480762,985,985,2026-04-13,Lisandro Martínez,GB1,0,0,0,0,56
4626114_517894,4626114,517894,985,985,2026-04-13,Matheus Cunha,GB1,1,0,0,0,90
4626114_536835,4626114,536835,985,985,2026-04-13,Amad Diallo,GB1,0,0,0,0,70
4626114_627442,4626114,627442,985,985,2026-04-13,Benjamin Sesko,GB1,0,0,0,0,90
4626114_923831,4626114,923831,985,985,2026-04-13,Leny Yoro,GB1,0,0,0,0,90
4626112_1006411,4626112,1006411,873,873,2026-04-12,Jaydee Canvot,GB1,0,0,0,0,90
4626112_410225,4626112,410225,873,873,2026-04-12,Ismaïla Sarr,GB1,0,0,0,0,26
4626112_398065,4626112,398065,762,762,2026-04-12,Harvey Barnes,GB1,0,0,0,0,19
4626112_397033,4626112,397033,762,762,2026-04-12,Sandro Tonali,GB1,0,0,0,0,90
4626112_388165,4626112,388165,762,762,2026-04-12,Yoane Wissa,GB1,0,0,0,0,1
4626112_361093,4626112,361093,762,762,2026-04-12,Sven Botman,GB1,0,0,0,0,90
4626112_333241,4626112,333241,762,762,2026-04-12,Joelinton,GB1,1,0,0,0,84
4626112_258919,4626112,258919,873,873,2026-04-12,Dean Henderson,GB1,0,0,0,0,90
4626111_763079,4626111,763079,281,281,2026-04-12,Abdukodir Khusanov,GB1,0,0,0,0,90
4626111_904802,4626111,904802,631,631,2026-04-12,Jorrel Hato,GB1,0,0,0,0,90
4626111_811779,4626111,811779,631,631,2026-04-12,Alejandro Garnacho,GB1,0,0,0,0,23
4626112_429983,4626112,429983,873,543,2026-04-12,Jørgen Strand Larsen,GB1,0,0,0,0,65
4626111_626724,4626111,626724,631,631,2026-04-12,João Pedro,GB1,0,0,0,0,81
4626111_743600,4626111,743600,631,631,2026-04-12,Andrey Santos,GB1,0,0,0,0,67
4626111_743591,4626111,743591,281,281,2026-04-12,Savinho,GB1,0,0,0,0,14
4626111_743413,4626111,743413,281,281,2026-04-12,Nico O'Reilly,GB1,0,0,1,0,64
4626111_687626,4626111,687626,631,631,2026-04-12,Moisés Caicedo,GB1,0,0,0,0,82
4626112_420002,4626112,420002,873,873,2026-04-12,Jean-Philippe Mateta,GB1,0,0,2,0,25
4626115_1005649,4626115,1005649,703,703,2026-04-12,Murillo,GB1,1,0,0,0,90
4626112_434224,4626112,434224,873,873,2026-04-12,Maxence Lacroix,GB1,0,0,0,0,90
4626112_609556,4626112,609556,762,762,2026-04-12,William Osula,GB1,0,0,1,0,84
4626115_324358,4626115,324358,405,405,2026-04-12,Ollie Watkins,GB1,0,0,0,0,87
4626115_249565,4626115,249565,405,405,2026-04-12,Youri Tielemans,GB1,0,0,0,0,90
4626111_610849,4626111,610849,631,631,2026-04-12,Liam Delap,GB1,0,0,0,0,9
4626112_922769,4626112,922769,762,762,2026-04-12,Lewis Miley,GB1,0,0,0,1,90
4626112_744149,4626112,744149,873,873,2026-04-12,Adam Wharton,GB1,0,0,0,0,26
4626112_730893,4626112,730893,873,873,2026-04-12,Tyrick Mitchell,GB1,0,0,0,1,90
4626112_670858,4626112,670858,762,762,2026-04-12,Lewis Hall,GB1,0,0,0,0,90
4626112_583189,4626112,583189,762,762,2026-04-12,Anthony Elanga,GB1,0,0,0,0,1
4626112_455661,4626112,455661,762,762,2026-04-12,Nick Woltemade,GB1,0,0,0,0,6
4626112_578539,4626112,578539,873,873,2026-04-12,Chris Richards,GB1,0,0,0,0,90
4626112_568157,4626112,568157,873,1050,2026-04-12,Yéremy Pino,GB1,0,0,0,0,76
4626112_521964,4626112,521964,762,762,2026-04-12,Malick Thiaw,GB1,1,0,0,0,90
4626112_503981,4626112,503981,762,762,2026-04-12,Tino Livramento,GB1,0,0,0,0,90
4626112_503749,4626112,503749,762,762,2026-04-12,Jacob Ramsey,GB1,0,0,0,0,6
4626112_503733,4626112,503733,762,762,2026-04-12,Anthony Gordon,GB1,0,0,0,0,71
4626112_470607,4626112,470607,873,148,2026-04-12,Brennan Johnson,GB1,0,0,0,0,64
4626111_620322,4626111,620322,631,631,2026-04-12,Malo Gusto,GB1,0,0,0,0,88
4626111_1004708,4626111,1004708,631,631,2026-04-12,Josh Acheampong,GB1,0,0,0,0,2
4626111_607223,4626111,607223,281,281,2026-04-12,Rayan Cherki,GB1,0,0,0,2,76
4621028_580451,4621028,580451,1047,1047,2026-04-12,Martin Baturina,IT1,0,0,0,0,90
4621030_679423,4621030,679423,6574,6574,2026-04-12,Tarik Muharemović,IT1,1,0,0,0,90
4621028_948294,4621028,948294,1047,1047,2026-04-12,Nico Paz,IT1,0,0,1,1,90
4621028_948278,4621028,948278,1047,1047,2026-04-12,Jacobo Ramón,IT1,1,0,0,0,45
4621028_930781,4621028,930781,46,46,2026-04-12,Pio Esposito,IT1,0,0,0,0,56
4621028_827734,4621028,827734,46,46,2026-04-12,Ange-Yoan Bonny,IT1,1,0,0,0,34
4621028_668547,4621028,668547,1047,1047,2026-04-12,Máximo Perrone,IT1,0,0,0,0,90
4621028_668207,4621028,668207,46,46,2026-04-12,Petar Sučić,IT1,1,0,0,0,34
4621028_523318,4621028,523318,1047,1047,2026-04-12,Anastasios Douvikas,IT1,0,0,0,0,90
4626111_601883,4626111,601883,281,281,2026-04-12,Matheus Nunes,GB1,0,0,0,0,90
4621028_321528,4621028,321528,46,46,2026-04-12,Denzel Dumfries,IT1,0,0,2,0,90
4621028_318528,4621028,318528,46,46,2026-04-12,Marcus Thuram,IT1,0,0,2,0,90
4621028_255942,4621028,255942,46,46,2026-04-12,Nicolò Barella,IT1,0,0,0,1,78
4621028_198116,4621028,198116,46,46,2026-04-12,Federico Dimarco,IT1,0,0,0,0,56
4621028_1061282,4621028,1061282,1047,1047,2026-04-12,Assane Diao,IT1,1,0,0,0,79
4621026_849520,4621026,849520,1025,1025,2026-04-12,Santiago Castro,IT1,0,0,0,0,85
4621026_672381,4621026,672381,1025,244,2026-04-12,Jonathan Rowe,IT1,0,0,0,0,16
4621030_921655,4621030,921655,6574,6574,2026-04-12,Ismaël Koné,IT1,0,0,1,0,87
4621032_315969,4621032,315969,6195,6195,2026-04-12,Scott McTominay,IT1,0,0,1,0,90
4621032_386446,4621032,386446,6195,6195,2026-04-12,Alessandro Buongiorno,IT1,0,0,0,0,90
4621032_610442,4621032,610442,6195,6195,2026-04-12,Rasmus Højlund,IT1,0,0,0,1,66
4626111_583255,4626111,583255,281,281,2026-04-12,Antoine Semenyo,GB1,1,0,0,0,90
4626111_578391,4626111,578391,281,281,2026-04-12,Rayan Aït-Nouri,GB1,0,0,0,0,26
4626111_568177,4626111,568177,631,631,2026-04-12,Cole Palmer,GB1,0,0,0,0,90
4626111_487465,4626111,487465,631,631,2026-04-12,Pedro Neto,GB1,0,0,0,0,90
4626111_486049,4626111,486049,281,281,2026-04-12,Jérémy Doku,GB1,0,0,1,0,76
4626111_475411,4626111,475411,631,631,2026-04-12,Wesley Fofana,GB1,0,0,0,0,90
4626111_418560,4626111,418560,281,281,2026-04-12,Erling Haaland,GB1,0,0,0,0,90
4626111_406635,4626111,406635,281,281,2026-04-12,Phil Foden,GB1,0,0,0,0,14
4626111_392757,4626111,392757,281,281,2026-04-12,Marc Guéhi,GB1,0,0,1,0,90
4626111_357565,4626111,357565,281,281,2026-04-12,Rodri,GB1,0,0,0,0,90
4626111_315858,4626111,315858,281,281,2026-04-12,Gianluigi Donnarumma,GB1,0,0,0,0,90
4626111_284857,4626111,284857,631,631,2026-04-12,Marc Cucurella,GB1,1,0,0,0,90
4626111_1056993,4626111,1056993,631,631,2026-04-12,Estêvão,GB1,1,0,0,0,67
4626115_392768,4626115,392768,703,703,2026-04-12,Callum Hudson-Odoi,GB1,0,0,0,1,90
4621032_830365,4621032,830365,6195,6195,2026-04-12,Alisson Santos,IT1,0,0,0,0,34
4626115_365108,4626115,365108,703,703,2026-04-12,Dan Ndoye,GB1,0,0,0,0,1
4621028_315853,4621028,315853,46,46,2026-04-12,Alessandro Bastoni,IT1,0,0,0,0,45
4626115_413507,4626115,413507,703,703,2026-04-12,Nikola Milenković,GB1,0,0,0,0,90
4645941_805714,4645941,805714,1050,1050,2026-04-12,Renato Veiga,ES1,0,0,0,0,90
4648028_553469,4648028,553469,141,141,2026-04-12,Gabriel Sara,TR1,0,0,0,0,80
4648028_541537,4648028,541537,141,141,2026-04-12,Barış Alper Yılmaz,TR1,0,0,0,0,90
4645948_935231,4645948,935231,331,331,2026-04-12,Víctor Muñoz,ES1,0,0,0,0,90
4645948_735568,4645948,735568,150,150,2026-04-12,Natan,ES1,0,0,0,0,90
4645948_724520,4645948,724520,150,150,2026-04-12,Abde Ezzalzouli,ES1,0,0,1,0,90
4645948_602105,4645948,602105,150,150,2026-04-12,Antony,ES1,1,0,0,0,45
4645941_938729,4645941,938729,621,621,2026-04-12,Mikel Jauregizar,ES1,0,0,0,0,90
4645941_733576,4645941,733576,1050,1050,2026-04-12,Alberto Moleiro,ES1,0,0,0,0,12
4635264_597659,4635264,597659,415,415,2026-04-12,Charlie Cresswell,FR1,0,0,0,0,31
4645941_729814,4645941,729814,1050,1050,2026-04-12,Georges Mikautadze,ES1,0,0,0,0,21
4645941_709187,4645941,709187,621,621,2026-04-12,Nico Williams,ES1,0,0,0,0,66
4645941_571020,4645941,571020,621,621,2026-04-12,Oihan Sancet,ES1,0,0,0,0,66
4645941_485963,4645941,485963,1050,1050,2026-04-12,Pape Gueye,ES1,0,0,0,0,82
4641628_859035,4641628,859035,1090,1090,2026-04-12,Kees Smit,NL1,0,0,0,1,83
4641628_552655,4641628,552655,1090,1090,2026-04-12,Troy Parrott,NL1,0,0,1,0,83
4635264_724129,4635264,724129,1082,1082,2026-04-12,Matias Fernandez-Pardo,FR1,0,0,1,0,90
4648901_1162012,4648901,1162012,720,720,2026-04-12,Oskar Pietuszewski,PO1,1,0,0,0,60
4648901_357153,4648901,357153,720,720,2026-04-12,Diogo Costa,PO1,0,0,0,0,90
4648901_425918,4648901,425918,720,11,2026-04-12,Jakub Kiwior,PO1,0,0,0,0,90
4648901_699704,4648901,699704,720,720,2026-04-12,Gabri Veiga,PO1,0,0,0,1,70
4626115_429014,4626115,429014,703,703,2026-04-12,Morgan Gibbs-White,GB1,0,0,0,0,84
4850175_990148,4850175,990148,1184,1184,2026-04-12,Konstantinos Karetsas,POBE,0,0,0,0,65
4850145_1105541,4850145,1105541,58,58,2026-04-12,Nathan De Cat,EJPL,0,0,0,0,43
4649327_720286,4649327,720286,932,932,2026-04-12,Aleksey Batrakov,RU1,0,0,0,0,90
4649326_651580,4649326,651580,2410,2410,2026-04-12,Matvey Kislyak,RU1,0,0,0,0,90
4649323_800175,4649323,800175,964,964,2026-04-12,Luiz Henrique,RU1,0,0,0,1,90
4649323_515744,4649323,515744,16704,16704,2026-04-12,Eduard Spertsyan,RU1,0,0,0,0,90
4648906_735573,4648906,735573,294,294,2026-04-12,Richard Ríos,PO1,0,0,0,0,79
4648906_670103,4648906,670103,294,294,2026-04-12,Andreas Schjelderup,PO1,0,0,1,0,90
4648906_650568,4648906,650568,294,294,2026-04-12,António Silva,PO1,0,0,0,0,90
4648906_537844,4648906,537844,294,294,2026-04-12,Anatoliy Trubin,PO1,0,0,0,0,90
4648906_324503,4648906,324503,294,294,2026-04-12,Vangelis Pavlidis,PO1,0,0,0,0,77
4648901_957653,4648901,957653,720,720,2026-04-12,Rodrigo Mora,PO1,0,0,0,0,20
4648901_926993,4648901,926993,720,720,2026-04-12,Victor Froholdt,PO1,0,0,1,0,90
4648901_756990,4648901,756990,720,720,2026-04-12,Alan Varela,PO1,0,0,0,0,90
4635264_652275,4635264,652275,1082,1082,2026-04-12,Hákon Arnar Haraldsson,FR1,0,0,0,1,90
4648028_648779,4648028,648779,141,141,2026-04-12,Wilfried Singo,TR1,0,0,0,0,23
4635264_548254,4635264,548254,1082,1082,2026-04-12,Nathan Ngoy,FR1,0,0,0,0,90
4626116_258889,4626116,258889,148,148,2026-04-12,Dominic Solanke,GB1,0,0,0,0,90
4626116_566931,4626116,566931,148,23826,2026-04-12,Xavi Simons,GB1,0,0,0,0,5
4626116_557459,4626116,557459,148,148,2026-04-12,Micky van de Ven,GB1,1,0,0,0,90
4626116_556385,4626116,556385,148,148,2026-04-12,Destiny Udogie,GB1,0,0,0,0,90
4626116_553875,4626116,553875,148,148,2026-04-12,Pedro Porro,GB1,1,0,0,0,90
4626116_488362,4626116,488362,148,148,2026-04-12,Conor Gallagher,GB1,0,0,0,0,85
4626116_378710,4626116,378710,148,148,2026-04-12,Richarlison,GB1,0,0,0,0,62
4626116_355915,4626116,355915,148,148,2026-04-12,Cristian Romero,GB1,1,0,0,0,70
4626115_741238,4626115,741238,703,703,2026-04-12,Omari Hutchinson,GB1,1,0,0,0,65
4626116_633992,4626116,633992,289,289,2026-04-12,Enzo Le Fée,GB1,0,0,0,0,90
4626115_567576,4626115,567576,703,703,2026-04-12,Elliot Anderson,GB1,0,0,0,0,90
4626115_503743,4626115,503743,405,405,2026-04-12,Morgan Rogers,GB1,0,0,0,1,78
4626115_503680,4626115,503680,703,703,2026-04-12,Neco Williams,GB1,0,0,1,0,90
4626115_485706,4626115,485706,405,405,2026-04-12,Amadou Onana,GB1,0,0,0,0,90
4626115_485585,4626115,485585,405,405,2026-04-12,Ian Maatsen,GB1,0,0,0,0,12
4635259_971570,4635259,971570,1041,418,2026-04-12,Endrick,FR1,1,0,0,1,45
4626115_432164,4626115,432164,703,703,2026-04-12,Igor Jesus,GB1,0,0,0,0,89
4626116_568693,4626116,568693,148,148,2026-04-12,Pape Matar Sarr,GB1,0,0,0,0,28
4626116_473169,4626116,473169,289,289,2026-04-12,Brian Brobbey,GB1,1,0,0,0,90
4626116_646991,4626116,646991,289,289,2026-04-12,Robin Roefs,GB1,0,0,0,0,90
4634460_643574,4634460,643574,39,39,2026-04-12,Kaishu Sano,L1,0,0,0,0,90
4635259_618494,4635259,618494,1041,1041,2026-04-12,Tyler Morton,FR1,1,0,0,0,82
4634467_1084638,4634467,1084638,86,86,2026-04-12,Karim Coulibaly,L1,0,0,0,0,45
4634462_654982,4634462,654982,79,79,2026-04-12,Bilal El Khannouss,L1,0,0,1,0,20
4634462_518505,4634462,518505,79,79,2026-04-12,Jamie Leweling,L1,0,0,0,1,90
4634462_443710,4634462,443710,79,79,2026-04-12,Angelo Stiller,L1,0,0,1,0,90
4634462_436064,4634462,436064,79,79,2026-04-12,Ramon Hendriks,L1,0,0,0,0,90
4634460_927353,4634460,927353,60,60,2026-04-12,Johan Manzambi,L1,0,0,0,0,90
4634467_1168219,4634467,1168219,3,3,2026-04-12,Said El Mala,L1,0,0,1,0,67
4634460_526845,4634460,526845,60,60,2026-04-12,Noah Atubolu,L1,0,0,0,0,90
4626116_922693,4626116,922693,148,148,2026-04-12,Archie Gray,GB1,0,0,0,0,62
4626116_876631,4626116,876631,289,289,2026-04-12,Habib Diarra,GB1,0,0,0,1,90
4626116_866246,4626116,866246,148,148,2026-04-12,Lucas Bergvall,GB1,0,0,0,0,62
4626116_743384,4626116,743384,289,289,2026-04-12,Chemsdine Talbi,GB1,0,0,0,0,8
4626116_947411,4626116,947411,289,289,2026-04-12,Chris Rigg,GB1,1,0,0,0,82
4626116_727089,4626116,727089,289,289,2026-04-12,Noah Sadiki,GB1,0,0,0,0,90
4626109_475188,4626109,475188,29,29,2026-04-11,Kiernan Dewsbury-Hall,GB1,0,0,1,0,90
4626109_717411,4626109,717411,1148,1148,2026-04-11,Yegor Yarmolyuk,GB1,0,0,0,0,90
4626109_661053,4626109,661053,29,29,2026-04-11,Jarrad Branthwaite,GB1,0,0,0,0,90
4626109_644401,4626109,644401,1148,1148,2026-04-11,Keane Lewis-Potter,GB1,0,0,0,0,90
4626109_623570,4626109,623570,29,29,2026-04-11,Iliman Ndiaye,GB1,0,0,0,0,90
4626109_541231,4626109,541231,1148,1148,2026-04-11,Sepp van den Berg,GB1,0,0,0,0,90
4626109_540941,4626109,540941,1148,1148,2026-04-11,Mikkel Damsgaard,GB1,0,0,0,0,45
4626109_505219,4626109,505219,29,29,2026-04-11,James Garner,GB1,1,0,0,0,90
4626109_404842,4626109,404842,29,29,2026-04-11,Vitaliy Mykolenko,GB1,0,0,0,0,90
4626109_473050,4626109,473050,1148,1148,2026-04-11,Kevin Schade,GB1,0,0,0,1,90
4626109_469050,4626109,469050,1148,1148,2026-04-11,Nathan Collins,GB1,0,0,0,0,90
4626109_340918,4626109,340918,1148,1148,2026-04-11,Caoimhín Kelleher,GB1,0,0,0,0,90
4626108_955357,4626108,955357,989,989,2026-04-11,Junior Kroupi,GB1,1,0,1,0,85
4626108_890721,4626108,890721,11,11,2026-04-11,Myles Lewis-Skelly,GB1,0,0,0,0,90
4626108_855256,4626108,855256,989,989,2026-04-11,Alex Scott,GB1,0,0,1,0,90
4626108_711337,4626108,711337,989,989,2026-04-11,Evanilson,GB1,0,0,0,1,90
4626109_823231,4626109,823231,1148,1148,2026-04-11,Dango Ouattara,GB1,0,0,0,0,90
4626109_739443,4626109,739443,1148,1148,2026-04-11,Igor Thiago,GB1,0,0,2,0,90
4626113_349066,4626113,349066,31,31,2026-04-11,Alexander Isak,GB1,0,0,0,0,21
4626109_823486,4626109,823486,1148,1148,2026-04-11,Michael Kayode,GB1,0,0,0,1,90
4626110_867688,4626110,867688,1237,1237,2026-04-11,Jack Hinshelwood,GB1,0,0,0,0,75
4626108_654539,4626108,654539,989,989,2026-04-11,Adrien Truffert,GB1,1,0,0,0,90
4626113_333014,4626113,333014,931,931,2026-04-11,Sander Berge,GB1,0,0,0,0,90
4626113_279455,4626113,279455,931,931,2026-04-11,Harry Wilson,GB1,0,0,0,0,80
4626113_1108466,4626113,1108466,31,31,2026-04-11,Rio Ngumoha,GB1,0,0,1,0,69
4626113_1011131,4626113,1011131,931,931,2026-04-11,Josh King,GB1,0,0,0,0,45
4626110_996897,4626110,996897,1237,1237,2026-04-11,Diego Gómez,GB1,0,0,0,0,88
4626110_973085,4626110,973085,1237,1237,2026-04-11,Carlos Baleba,GB1,0,0,0,0,15
4626110_842341,4626110,842341,1132,1132,2026-04-11,Maxime Estève,GB1,1,0,0,0,90
4626109_937941,4626109,937941,29,29,2026-04-11,Thierno Barry,GB1,0,0,0,0,16
4626110_667287,4626110,667287,1237,1237,2026-04-11,Yasin Ayari,GB1,0,0,0,1,90
4626110_576314,4626110,576314,1237,1237,2026-04-11,Jan Paul van Hecke,GB1,1,0,0,0,90
4626110_565093,4626110,565093,1237,1237,2026-04-11,Bart Verbruggen,GB1,0,0,0,0,90
4626110_538977,4626110,538977,1237,1237,2026-04-11,Georginio Rutter,GB1,0,0,0,0,15
4626110_415381,4626110,415381,1237,1237,2026-04-11,Mats Wieffer,GB1,0,0,2,0,90
4626110_369316,4626110,369316,1237,1237,2026-04-11,Ferdi Kadıoğlu,GB1,0,0,0,0,90
4626110_1012534,4626110,1012534,1237,1237,2026-04-11,Yankuba Minteh,GB1,0,0,0,0,80
4626108_655488,4626108,655488,11,11,2026-04-11,Gabriel Martinelli,GB1,0,0,0,0,54
4621025_265088,4621025,265088,506,506,2026-04-11,Manuel Locatelli,IT1,0,0,0,0,90
4626108_646750,4626108,646750,11,11,2026-04-11,Cristhian Mosquera,GB1,0,0,0,0,14
4626108_503987,4626108,503987,11,11,2026-04-11,Noni Madueke,GB1,0,0,0,0,54
4621031_344381,4621031,344381,5,5,2026-04-11,Christopher Nkunku,IT1,0,0,0,0,18
4621031_315779,4621031,315779,5,5,2026-04-11,Christian Pulisic,IT1,0,0,0,0,72
4621027_895937,4621027,895937,1390,1390,2026-04-11,Marco Palestra,IT1,0,0,0,0,90
4621025_845654,4621025,845654,506,506,2026-04-11,Kenan Yıldız,IT1,0,0,0,0,58
4621025_607854,4621025,607854,800,800,2026-04-11,Éderson,IT1,0,0,0,0,90
4621025_585949,4621025,585949,506,506,2026-04-11,Pierre Kalulu,IT1,0,0,0,0,90
4621025_571604,4621025,571604,800,800,2026-04-11,Giorgio Scalvini,IT1,0,0,0,0,90
4621025_533738,4621025,533738,506,506,2026-04-11,Jonathan David,IT1,0,0,0,0,32
4621025_516716,4621025,516716,506,506,2026-04-11,Bremer,IT1,0,0,0,0,90
4621025_487474,4621025,487474,506,506,2026-04-11,Francisco Conceição,IT1,0,0,0,0,79
4621025_463618,4621025,463618,506,506,2026-04-11,Khéphren Thuram,IT1,1,0,0,0,71
4621025_459763,4621025,459763,800,800,2026-04-11,Marco Carnesecchi,IT1,0,0,0,0,90
4621025_435772,4621025,435772,800,800,2026-04-11,Charles De Ketelaere,IT1,1,0,0,0,90
4621025_434433,4621025,434433,800,1005,2026-04-11,Nikola Krstović,IT1,0,0,0,0,72
4621025_315867,4621025,315867,800,800,2026-04-11,Gianluca Scamacca,IT1,0,0,0,0,18
4626113_433188,4626113,433188,31,31,2026-04-11,Curtis Jones,GB1,0,0,0,0,45
4621025_1077175,4621025,1077175,800,800,2026-04-11,Honest Ahanor,IT1,0,0,0,0,18
4621031_357164,4621031,357164,5,5,2026-04-11,Rafael Leão,IT1,1,0,0,0,77
4621031_569598,4621031,569598,5,5,2026-04-11,Youssouf Fofana,IT1,0,0,0,0,30
4621031_574671,4621031,574671,5,5,2026-04-11,Strahinja Pavlović,IT1,0,0,0,0,90
4626108_357662,4626108,357662,11,11,2026-04-11,Declan Rice,GB1,0,0,0,0,90
4626108_495666,4626108,495666,11,11,2026-04-11,William Saliba,GB1,0,0,0,0,90
4626108_479999,4626108,479999,11,11,2026-04-11,Eberechi Eze,GB1,0,0,0,0,36
4626108_469781,4626108,469781,989,989,2026-04-11,Marcos Senesi,GB1,0,0,0,0,90
4626108_465555,4626108,465555,989,989,2026-04-11,Djordje Petrovic,GB1,0,0,0,0,90
4626108_435338,4626108,435338,11,11,2026-04-11,Gabriel,GB1,0,0,0,0,90
4626108_423440,4626108,423440,11,11,2026-04-11,Martín Zubimendi,GB1,0,0,0,0,76
4626108_399434,4626108,399434,989,989,2026-04-11,Marcus Tavernier,GB1,0,0,0,0,90
4626108_335721,4626108,335721,11,11,2026-04-11,Ben White,GB1,0,0,0,0,76
4621031_608172,4621031,608172,5,5,2026-04-11,Ardon Jashari,IT1,0,0,0,0,18
4626108_332705,4626108,332705,989,989,2026-04-11,Tyler Adams,GB1,0,0,0,0,20
4626108_325443,4626108,325443,11,11,2026-04-11,Viktor Gyökeres,GB1,1,0,1,0,90
4626108_309400,4626108,309400,11,11,2026-04-11,Kai Havertz,GB1,0,0,0,0,54
4626108_262749,4626108,262749,11,11,2026-04-11,David Raya,GB1,0,0,0,0,90
4626108_1187629,4626108,1187629,11,11,2026-04-11,Max Dowman,GB1,0,0,0,0,36
4626108_1012564,4626108,1012564,989,989,2026-04-11,Rayan,GB1,0,0,0,0,70
4621031_855308,4621031,855308,410,410,2026-04-11,Arthur Atta,IT1,0,0,1,1,85
4626113_357119,4626113,357119,31,31,2026-04-11,Ibrahima Konaté,GB1,0,0,0,0,90
4634463_333647,4634463,333647,24,24,2026-04-11,Jonathan Burkardt,L1,0,0,0,0,85
4626113_434675,4626113,434675,31,31,2026-04-11,Cody Gakpo,GB1,0,0,0,1,90
4645942_398184,4645942,398184,131,131,2026-04-11,Ferran Torres,ES1,0,0,2,0,74
4645942_705395,4645942,705395,131,131,2026-04-11,Gerard Martín,ES1,0,0,0,0,45
4645942_683840,4645942,683840,131,131,2026-04-11,Pedri,ES1,0,0,0,0,90
4645942_646740,4645942,646740,131,131,2026-04-11,Gavi,ES1,1,0,0,0,64
4645942_636703,4645942,636703,131,131,2026-04-11,Fermín López,ES1,0,0,0,0,84
4645942_636688,4645942,636688,131,131,2026-04-11,Alejandro Balde,ES1,0,0,0,0,64
4645942_561613,4645942,561613,131,131,2026-04-11,Joan García,ES1,0,0,0,0,90
4645942_466794,4645942,466794,131,131,2026-04-11,Eric García,ES1,1,0,0,0,90
4645942_326330,4645942,326330,131,131,2026-04-11,Frenkie de Jong,ES1,0,0,0,1,6
4645942_937958,4645942,937958,131,131,2026-04-11,Lamine Yamal,ES1,0,0,1,2,90
4626113_451276,4626113,451276,31,31,2026-04-11,Dominik Szoboszlai,GB1,0,0,0,0,90
4645942_258923,4645942,258923,131,131,2026-04-11,Marcus Rashford,ES1,0,0,1,0,26
4641636_702869,4641636,702869,383,383,2026-04-11,Ismael Saibari,NL1,0,0,1,0,81
4641636_627207,4641636,627207,383,383,2026-04-11,Ricardo Pepi,NL1,0,0,1,0,82
4641633_748804,4641633,748804,610,610,2026-04-11,Mika Godts,NL1,0,0,1,0,87
4635260_461607,4635260,461607,273,273,2026-04-11,Estéban Lepaul,FR1,0,0,0,0,90
4634465_822959,4634465,822959,27,27,2026-04-11,Tom Bischof,L1,0,0,0,0,90
4645942_709372,4645942,709372,714,714,2026-04-11,Carlos Romero,ES1,0,0,0,0,90
4645942_962110,4645942,962110,131,131,2026-04-11,Pau Cubarsí,ES1,0,0,0,0,90
4634465_580195,4634465,580195,27,27,2026-04-11,Jamal Musiala,L1,0,0,1,1,84
4648902_548193,4648902,548193,336,336,2026-04-11,Zeno Debast,PO1,0,0,0,0,90
4850143_893661,4850143,893661,2282,2282,2026-04-11,Joel Ordóñez,EJPL,0,0,0,0,90
4850143_780136,4850143,780136,2282,2282,2026-04-11,Aleksandar Stanković,EJPL,0,0,0,0,90
4850143_717329,4850143,717329,2282,2282,2026-04-11,Nicolò Tresoldi,EJPL,0,0,0,0,83
4850143_451677,4850143,451677,2282,2282,2026-04-11,Christos Tzolis,EJPL,0,0,1,0,90
4648902_974982,4648902,974982,336,336,2026-04-11,Ousmane Diomande,PO1,0,0,0,0,1
4648902_701979,4648902,701979,336,336,2026-04-11,Geny Catamo,PO1,0,0,0,0,90
4648902_572675,4648902,572675,336,336,2026-04-11,Maxi Araújo,PO1,0,0,0,0,90
4648902_461496,4648902,461496,336,336,2026-04-11,Morten Hjulmand,PO1,0,0,0,0,90
4645947_406040,4645947,406040,13,800,2026-04-11,Ademola Lookman,ES1,0,0,0,0,19
4648902_426620,4648902,426620,336,336,2026-04-11,Pedro Gonçalves,PO1,0,0,0,0,67
4648902_424784,4648902,424784,336,336,2026-04-11,Luis Suárez,PO1,0,0,0,0,90
4648902_412669,4648902,412669,336,336,2026-04-11,Francisco Trincão,PO1,0,0,0,1,90
4648902_1138758,4648902,1138758,336,336,2026-04-11,Geovany Quenda,PO1,0,0,0,0,23
4648026_465830,4648026,465830,36,398,2026-04-11,Mattéo Guendouzi,TR1,0,0,0,0,90
4645947_844637,4645947,844637,13,13,2026-04-11,Marc Pubill,ES1,0,0,0,0,90
4645947_548111,4645947,548111,13,13,2026-04-11,Álex Baena,ES1,1,0,0,0,90
4634465_776890,4634465,776890,27,27,2026-04-11,Nicolas Jackson,L1,0,0,1,1,90
4645942_293385,4645942,293385,131,131,2026-04-11,Dani Olmo,ES1,0,0,0,0,16
4634465_566723,4634465,566723,27,27,2026-04-11,Michael Olise,L1,1,0,1,0,59
4634459_257814,4634459,257814,16,16,2026-04-11,Gregor Kobel,L1,0,0,0,0,90
4634459_578392,4634459,578392,16,16,2026-04-11,Maximilian Beier,L1,1,0,0,0,31
4634459_564545,4634459,564545,15,15,2026-04-11,Edmond Tapsoba,L1,0,0,0,0,90
4634459_467437,4634459,467437,15,15,2026-04-11,Malik Tillman,L1,0,0,0,0,1
4634459_401578,4634459,401578,15,15,2026-04-11,Exequiel Palacios,L1,0,0,0,0,90
4634459_388198,4634459,388198,16,16,2026-04-11,Nico Schlotterbeck,L1,0,0,0,0,90
4634459_370789,4634459,370789,16,16,2026-04-11,Julian Ryerson,L1,0,0,0,0,76
4634465_483046,4634465,483046,27,27,2026-04-11,Josip Stanisic,L1,0,0,0,0,32
4634459_1364454,4634459,1364454,15,15,2026-04-11,Christian Kofane,L1,0,0,0,0,54
4634459_796297,4634459,796297,16,16,2026-04-11,Jobe Bellingham,L1,0,0,0,0,76
4626113_661207,4626113,661207,931,281,2026-04-11,Oscar Bobb,GB1,0,0,0,0,45
4626113_598577,4626113,598577,31,31,2026-04-11,Florian Wirtz,GB1,0,0,0,1,68
4626113_534033,4626113,534033,31,31,2026-04-11,Alexis Mac Allister,GB1,0,0,0,0,22
4626113_502676,4626113,502676,31,31,2026-04-11,Giorgi Mamardashvili,GB1,0,0,0,0,90
4626113_484547,4626113,484547,31,31,2026-04-11,Jeremie Frimpong,GB1,0,0,0,0,69
4626113_478573,4626113,478573,31,31,2026-04-11,Ryan Gravenberch,GB1,0,0,0,0,45
4626113_461883,4626113,461883,931,931,2026-04-11,Calvin Bassey,GB1,0,0,0,0,90
4634459_718303,4634459,718303,15,1090,2026-04-11,Ernest Poku,L1,0,0,0,0,16
4634459_270541,4634459,270541,16,16,2026-04-11,Serhou Guirassy,L1,1,0,0,0,90
4634459_905011,4634459,905011,15,15,2026-04-11,Ibrahim Maza,L1,0,0,0,0,90
4634463_691892,4634463,691892,24,24,2026-04-11,Nathaniel Brown,L1,0,0,0,0,90
4634461_1390649,4634461,1390649,23826,23826,2026-04-11,Yan Diomande,L1,0,0,1,0,90
4634465_480692,4634465,480692,27,27,2026-04-11,Luis Díaz,L1,0,0,0,0,31
4634465_424204,4634465,424204,27,27,2026-04-11,Alphonso Davies,L1,0,0,0,0,31
4634465_223967,4634465,223967,27,27,2026-04-11,Konrad Laimer,L1,1,0,0,1,58
4634465_196357,4634465,196357,27,27,2026-04-11,Jonathan Tah,L1,0,0,0,0,23
4634463_931838,4634463,931838,24,24,2026-04-11,Hugo Larsson,L1,0,0,0,0,90
4634463_816585,4634463,816585,24,24,2026-04-11,Can Uzun,L1,0,0,0,0,5
4634465_161056,4634465,161056,27,27,2026-04-11,Joshua Kimmich,L1,0,0,0,0,59
4634463_585959,4634463,585959,24,24,2026-04-11,Arnaud Kalimuendo,L1,0,0,1,0,90
4634461_700106,4634461,700106,23826,23826,2026-04-11,Brajan Gruda,L1,1,0,0,0,12
4634461_957874,4634461,957874,23826,23826,2026-04-11,Rômulo,L1,0,0,0,0,66
4634461_324278,4634461,324278,23826,23826,2026-04-11,Christoph Baumgartner,L1,0,0,0,1,90
4634461_404950,4634461,404950,23826,23826,2026-04-11,Nicolas Seiwald,L1,1,0,0,0,78
4634461_318204,4634461,318204,23826,23826,2026-04-11,David Raum,L1,0,0,0,0,90
4634461_894914,4634461,894914,23826,23826,2026-04-11,Antonio Nusa,L1,0,0,0,0,66
4634461_897424,4634461,897424,23826,23826,2026-04-11,Assan Ouédraogo,L1,0,0,0,0,24
4626117_522784,4626117,522784,379,379,2026-04-10,Taty Castellanos,GB1,1,0,2,0,82
4635258_418659,4635258,418659,244,244,2026-04-10,Amine Gouiri,FR1,0,0,0,1,90
4634464_667457,4634464,667457,533,533,2026-04-10,Leon Avdullahu,L1,0,0,0,0,90
4634464_579459,4634464,579459,533,533,2026-04-10,Albian Hajdari,L1,1,0,0,0,68
4634464_524290,4634464,524290,533,533,2026-04-10,Fisnik Asllani,L1,1,0,0,1,90
4634464_1067904,4634464,1067904,533,533,2026-04-10,Bazoumana Touré,L1,0,0,1,0,90
4626117_880245,4626117,880245,379,379,2026-04-10,Mateus Fernandes,GB1,1,0,0,0,85
4626117_800176,4626117,800176,543,543,2026-04-10,André,GB1,0,0,0,0,90
4626117_735570,4626117,735570,543,543,2026-04-10,João Gomes,GB1,0,0,0,0,85
4635258_532826,4635258,532826,244,244,2026-04-10,Mason Greenwood,FR1,0,0,0,2,82
4626117_474701,4626117,474701,379,379,2026-04-10,Crysencio Summerville,GB1,0,0,0,0,78
4626117_314875,4626117,314875,379,379,2026-04-10,Jarrod Bowen,GB1,0,0,0,2,90
4626117_1111589,4626117,1111589,379,379,2026-04-10,El Hadji Malick Diouf,GB1,0,0,0,0,90
4621033_813137,4621033,813137,12,12,2026-04-10,Niccolò Pisilli,IT1,0,0,0,0,90
4621033_668951,4621033,668951,12,12,2026-04-10,Matías Soulé,IT1,0,0,0,1,65
4621033_371149,4621033,371149,12,12,2026-04-10,Evan Ndicka,IT1,0,0,0,0,90
4621033_338670,4621033,338670,12,12,2026-04-10,Mile Svilar,IT1,0,0,0,0,90
4621033_326029,4621033,326029,12,12,2026-04-10,Donyell Malen,IT1,0,0,3,0,78
4635258_420213,4635258,420213,244,244,2026-04-10,Quinten Timber,FR1,0,0,0,0,82
4648904_982575,4648904,982575,3329,3329,2026-04-10,Gustavo Sá,PO1,0,0,0,0,59
4635258_653610,4635258,653610,244,244,2026-04-10,Igor Paixão,FR1,0,0,1,0,90
4645940_371998,4645940,371998,418,418,2026-04-10,Vinicius Junior,ES1,0,0,0,0,90
4635263_334526,4635263,334526,162,162,2026-04-10,Denis Zakaria,FR1,0,0,0,0,90
4648021_454567,4648021,454567,114,114,2026-04-10,Orkun Kökçü,TR1,0,0,1,1,87
4645940_935230,4645940,935230,418,418,2026-04-10,Gonzalo García,ES1,0,0,0,0,6
4645940_861410,4645940,861410,418,418,2026-04-10,Arda Güler,ES1,0,0,0,0,26
4645940_640428,4645940,640428,418,418,2026-04-10,Eduardo Camavinga,ES1,0,0,0,0,79
4645940_581678,4645940,581678,418,418,2026-04-10,Jude Bellingham,ES1,0,0,0,0,64
4645940_413112,4645940,413112,418,418,2026-04-10,Aurélien Tchouaméni,ES1,0,0,0,0,11
4645940_890290,4645940,890290,418,418,2026-04-10,Dean Huijsen,ES1,0,0,0,0,26
4645940_369081,4645940,369081,418,418,2026-04-10,Federico Valverde,ES1,1,0,1,0,90
4645940_314678,4645940,314678,418,418,2026-04-10,Brahim Díaz,ES1,0,0,0,1,84
4645940_1005575,4645940,1005575,12321,12321,2026-04-10,Vitor Reis,ES1,0,0,0,0,90
4635263_918969,4635263,918969,162,162,2026-04-10,Lamine Camara,FR1,0,0,0,0,45
4635263_745200,4635263,745200,162,162,2026-04-10,Maghnes Akliouche,FR1,0,0,0,0,21
4635263_503770,4635263,503770,162,162,2026-04-10,Folarin Balogun,FR1,0,0,1,0,90
4645940_342229,4645940,342229,418,418,2026-04-10,Kylian Mbappé,ES1,1,0,0,0,90
4805922_357153,4805922,357153,720,720,2026-04-09,Diogo Costa,EL,0,0,0,0,90
4805922_503680,4805922,503680,703,703,2026-04-09,Neco Williams,EL,0,0,0,0,29
4805922_432164,4805922,432164,703,703,2026-04-09,Igor Jesus,EL,0,0,0,0,45
4805922_413507,4805922,413507,703,703,2026-04-09,Nikola Milenković,EL,0,0,0,0,45
4805922_365108,4805922,365108,703,703,2026-04-09,Dan Ndoye,EL,0,0,0,0,90
4805921_668606,4805921,668606,60,60,2026-04-09,Yuito Suzuki,EL,0,0,0,0,74
4805922_1005649,4805922,1005649,703,703,2026-04-09,Murillo,EL,0,0,0,0,45
4805922_1004725,4805922,1004725,720,720,2026-04-09,William Gomes,EL,0,0,1,0,90
4805921_927353,4805921,927353,60,60,2026-04-09,Johan Manzambi,EL,0,0,0,1,90
4805921_526845,4805921,526845,60,60,2026-04-09,Noah Atubolu,EL,0,0,0,0,90
4805922_699704,4805922,699704,720,720,2026-04-09,Gabri Veiga,EL,1,0,0,1,59
4805922_540664,4805922,540664,703,667,2026-04-09,Dilane Bakwa,EL,0,0,0,0,61
4805922_429014,4805922,429014,703,703,2026-04-09,Morgan Gibbs-White,EL,0,0,0,0,61
4805922_741238,4805922,741238,703,703,2026-04-09,Omari Hutchinson,EL,0,0,0,0,29
4805923_485585,4805923,485585,405,405,2026-04-09,Ian Maatsen,EL,0,0,0,0,2
4805922_756990,4805922,756990,720,720,2026-04-09,Alan Varela,EL,0,0,0,0,16
4805923_672381,4805923,672381,1025,244,2026-04-09,Jonathan Rowe,EL,0,0,1,0,90
4805923_503743,4805923,503743,405,405,2026-04-09,Morgan Rogers,EL,1,0,0,0,88
4805923_485706,4805923,485706,405,405,2026-04-09,Amadou Onana,EL,0,0,0,0,80
4805923_849520,4805923,849520,1025,1025,2026-04-09,Santiago Castro,EL,0,0,0,0,82
4805923_413403,4805923,413403,405,405,2026-04-09,Ezri Konsa,EL,0,0,1,0,90
4805923_324358,4805923,324358,405,405,2026-04-09,Ollie Watkins,EL,0,0,2,0,90
4805923_249565,4805923,249565,405,405,2026-04-09,Youri Tielemans,EL,0,0,0,2,90
4805922_926993,4805922,926993,720,720,2026-04-09,Victor Froholdt,EL,0,0,0,0,31
4814370_661171,4814370,661171,583,583,2026-04-08,Willian Pacho,CL,0,0,0,0,90
4814370_433188,4814370,433188,31,31,2026-04-08,Curtis Jones,CL,0,0,0,0,12
4814370_616341,4814370,616341,583,583,2026-04-08,Nuno Mendes,CL,0,0,0,0,90
4814370_598577,4814370,598577,31,31,2026-04-08,Florian Wirtz,CL,0,0,0,0,78
4814370_557149,4814370,557149,583,583,2026-04-08,Kang-in Lee,CL,0,0,0,0,12
4814370_534033,4814370,534033,31,31,2026-04-08,Alexis Mac Allister,CL,1,0,0,0,90
4814370_502676,4814370,502676,31,31,2026-04-08,Giorgi Mamardashvili,CL,0,0,0,0,90
4814370_502670,4814370,502670,583,583,2026-04-08,Khvicha Kvaratskhelia,CL,0,0,1,0,90
4814370_487469,4814370,487469,583,583,2026-04-08,Vitinha,CL,0,0,0,0,90
4814370_484547,4814370,484547,31,31,2026-04-08,Jeremie Frimpong,CL,0,0,0,0,90
4814370_478573,4814370,478573,31,31,2026-04-08,Ryan Gravenberch,CL,0,0,0,0,90
4814370_434675,4814370,434675,31,31,2026-04-08,Cody Gakpo,CL,0,0,0,0,12
4814370_181767,4814370,181767,583,583,2026-04-08,Marquinhos,CL,0,0,0,0,90
4814370_398073,4814370,398073,583,583,2026-04-08,Achraf Hakimi,CL,0,0,0,0,90
4814370_357119,4814370,357119,31,31,2026-04-08,Ibrahima Konaté,CL,0,0,0,0,90
4814370_349066,4814370,349066,31,31,2026-04-08,Alexander Isak,CL,0,0,0,0,12
4814370_318470,4814370,318470,583,583,2026-04-08,Matvey Safonov,CL,0,0,0,0,90
4814370_288230,4814370,288230,583,583,2026-04-08,Ousmane Dembélé,CL,0,0,0,0,88
4805920_735568,4805920,735568,150,150,2026-04-08,Natan,EL,1,0,0,0,90
4805920_724520,4805920,724520,150,150,2026-04-08,Abde Ezzalzouli,EL,0,0,0,1,78
4805920_602105,4805920,602105,150,150,2026-04-08,Antony,EL,0,0,0,0,45
4648008_648779,4648008,648779,141,141,2026-04-08,Wilfried Singo,TR1,0,0,0,0,90
4648008_553469,4648008,553469,141,141,2026-04-08,Gabriel Sara,TR1,0,0,0,1,27
4648008_541537,4648008,541537,141,141,2026-04-08,Barış Alper Yılmaz,TR1,1,0,1,0,90
4814370_709726,4814370,709726,31,31,2026-04-08,Hugo Ekitiké,CL,0,0,0,0,78
4814370_670681,4814370,670681,583,583,2026-04-08,João Neves,CL,0,0,0,1,90
4814370_451276,4814370,451276,31,31,2026-04-08,Dominik Szoboszlai,CL,0,0,0,0,78
4814370_730861,4814370,730861,31,31,2026-04-08,Milos Kerkez,CL,0,0,0,0,78
4814372_616631,4814372,616631,13,13,2026-04-08,Matteo Ruggeri,CL,0,0,0,1,90
4814370_810092,4814370,810092,583,583,2026-04-08,Warren Zaïre-Emery,CL,0,0,0,0,90
4847890_800175,4847890,800175,964,964,2026-04-08,Luiz Henrique,RUP,1,0,0,0,73
4847888_515744,4847888,515744,16704,16704,2026-04-08,Eduard Spertsyan,RUP,0,0,0,0,90
4814372_937958,4814372,937958,131,131,2026-04-08,Lamine Yamal,CL,0,0,0,0,90
4814372_844637,4814372,844637,13,13,2026-04-08,Marc Pubill,CL,1,0,0,0,59
4814372_742201,4814372,742201,13,13,2026-04-08,Giuliano Simeone,CL,0,0,0,0,80
4814372_705395,4814372,705395,131,131,2026-04-08,Gerard Martín,CL,0,0,0,0,90
4814372_683840,4814372,683840,131,131,2026-04-08,Pedri,CL,0,0,0,0,45
4814372_646740,4814372,646740,131,131,2026-04-08,Gavi,CL,1,0,0,0,45
4814372_636703,4814372,636703,131,131,2026-04-08,Fermín López,CL,0,0,0,0,45
4814372_636688,4814372,636688,131,131,2026-04-08,Alejandro Balde,CL,0,0,0,0,4
4814372_962110,4814372,962110,131,131,2026-04-08,Pau Cubarsí,CL,0,0,0,0,45
4814372_576024,4814372,576024,13,13,2026-04-08,Julián Alvarez,CL,0,0,1,0,90
4814372_406040,4814372,406040,13,800,2026-04-08,Ademola Lookman,CL,0,0,0,0,60
4814372_561613,4814372,561613,131,131,2026-04-08,Joan García,CL,0,0,0,0,90
4814372_258923,4814372,258923,131,131,2026-04-08,Marcus Rashford,CL,0,0,0,0,73
4814372_398184,4814372,398184,131,131,2026-04-08,Ferran Torres,CL,0,0,0,0,17
4814372_404418,4814372,404418,13,13,2026-04-08,Dávid Hancko,CL,0,0,0,0,31
4814372_293385,4814372,293385,131,131,2026-04-08,Dani Olmo,CL,0,0,0,0,90
4814372_411975,4814372,411975,131,131,2026-04-08,Jules Koundé,CL,0,0,0,0,73
4814372_466794,4814372,466794,131,131,2026-04-08,Eric García,CL,0,0,0,0,90
4814372_548111,4814372,548111,13,13,2026-04-08,Álex Baena,CL,1,0,0,0,30
4814370_914562,4814370,914562,583,583,2026-04-08,Désiré Doué,CL,0,0,1,0,78
4814371_822959,4814371,822959,27,27,2026-04-07,Tom Bischof,CL,0,0,0,0,1
4814371_413112,4814371,413112,418,418,2026-04-07,Aurélien Tchouaméni,CL,1,0,0,0,90
4814371_811778,4814371,811778,418,418,2026-04-07,Álvaro Carreras,CL,0,0,0,0,90
4814371_792380,4814371,792380,27,27,2026-04-07,Aleksandar Pavlovic,CL,0,0,0,0,90
4814371_581678,4814371,581678,418,418,2026-04-07,Jude Bellingham,CL,0,0,0,0,28
4814371_580195,4814371,580195,27,27,2026-04-07,Jamal Musiala,CL,1,0,0,0,21
4814371_566723,4814371,566723,27,27,2026-04-07,Michael Olise,CL,0,0,0,1,90
4814371_483046,4814371,483046,27,27,2026-04-07,Josip Stanisic,CL,0,0,0,0,90
4814371_480692,4814371,480692,27,27,2026-04-07,Luis Díaz,CL,1,0,1,0,90
4814371_424204,4814371,424204,27,27,2026-04-07,Alphonso Davies,CL,0,0,0,0,21
4814371_314678,4814371,314678,418,418,2026-04-07,Brahim Díaz,CL,0,0,0,0,19
4814371_371998,4814371,371998,418,418,2026-04-07,Vinicius Junior,CL,0,0,0,0,90
4814371_369081,4814371,369081,418,418,2026-04-07,Federico Valverde,CL,0,0,0,0,90
4814371_344695,4814371,344695,27,27,2026-04-07,Dayot Upamecano,CL,0,0,0,0,90
4814371_342229,4814371,342229,418,418,2026-04-07,Kylian Mbappé,CL,0,0,1,0,90
4814371_314353,4814371,314353,418,418,2026-04-07,Trent Alexander-Arnold,CL,0,0,0,1,90
4814371_223967,4814371,223967,27,27,2026-04-07,Konrad Laimer,CL,0,0,0,0,69
4814371_196357,4814371,196357,27,27,2026-04-07,Jonathan Tah,CL,1,0,0,0,90
4814371_161056,4814371,161056,27,27,2026-04-07,Joshua Kimmich,CL,0,0,0,0,90
4814371_890290,4814371,890290,418,418,2026-04-07,Dean Huijsen,CL,0,0,0,0,62
4814371_132098,4814371,132098,27,27,2026-04-07,Harry Kane,CL,0,0,1,0,90
4814371_861410,4814371,861410,418,418,2026-04-07,Arda Güler,CL,0,0,0,0,71
4814373_262749,4814373,262749,11,11,2026-04-07,David Raya,CL,0,0,0,0,90
4814373_1187629,4814373,1187629,11,11,2026-04-07,Max Dowman,CL,0,0,0,0,14
4814373_495666,4814373,495666,11,11,2026-04-07,William Saliba,CL,0,0,0,0,90
4814373_309400,4814373,309400,11,11,2026-04-07,Kai Havertz,CL,0,0,1,0,20
4847889_651580,4847889,651580,2410,2410,2026-04-07,Matvey Kislyak,RUP,0,0,1,0,68
4814373_974982,4814373,974982,336,336,2026-04-07,Ousmane Diomande,CL,0,0,0,0,90
4814373_701979,4814373,701979,336,336,2026-04-07,Geny Catamo,CL,0,0,0,0,90
4814373_655488,4814373,655488,11,11,2026-04-07,Gabriel Martinelli,CL,0,0,0,1,14
4814373_549006,4814373,549006,336,336,2026-04-07,Gonçalo Inácio,CL,0,0,0,0,90
4814373_503987,4814373,503987,11,11,2026-04-07,Noni Madueke,CL,0,0,0,0,76
4814373_502821,4814373,502821,11,11,2026-04-07,Riccardo Calafiori,CL,0,0,0,0,90
4814373_572675,4814373,572675,336,336,2026-04-07,Maxi Araújo,CL,0,0,0,0,90
4814373_435338,4814373,435338,11,11,2026-04-07,Gabriel,CL,0,0,0,0,90
4814373_424784,4814373,424784,336,336,2026-04-07,Luis Suárez,CL,0,0,0,0,90
4814373_423440,4814373,423440,11,11,2026-04-07,Martín Zubimendi,CL,0,0,0,0,90
4814373_412669,4814373,412669,336,336,2026-04-07,Francisco Trincão,CL,0,0,0,0,90
4814373_357662,4814373,357662,11,11,2026-04-07,Declan Rice,CL,0,0,0,0,90
4814373_335721,4814373,335721,11,11,2026-04-07,Ben White,CL,0,0,0,0,90
4814373_325443,4814373,325443,11,11,2026-04-07,Viktor Gyökeres,CL,0,0,0,0,90
4814373_426620,4814373,426620,336,336,2026-04-07,Pedro Gonçalves,CL,0,0,0,0,79
4814373_316264,4814373,316264,11,11,2026-04-07,Martin Ødegaard,CL,0,0,0,0,70
4621020_344381,4621020,344381,5,5,2026-04-06,Christopher Nkunku,IT1,0,0,0,0,74
4621019_607854,4621019,607854,800,800,2026-04-06,Éderson,IT1,0,0,0,0,90
4621020_315779,4621020,315779,5,5,2026-04-06,Christian Pulisic,IT1,0,0,0,0,16
4621020_315969,4621020,315969,6195,6195,2026-04-06,Scott McTominay,IT1,0,0,0,0,90
4621020_574671,4621020,574671,5,5,2026-04-06,Strahinja Pavlović,IT1,0,0,0,0,90
4621020_357164,4621020,357164,5,5,2026-04-06,Rafael Leão,IT1,0,0,0,0,8
4621020_386446,4621020,386446,6195,6195,2026-04-06,Alessandro Buongiorno,IT1,1,0,0,0,90
4621020_569598,4621020,569598,5,5,2026-04-06,Youssouf Fofana,IT1,0,0,0,0,82
4621019_459763,4621019,459763,800,800,2026-04-06,Marco Carnesecchi,IT1,0,0,0,0,90
4621019_571604,4621019,571604,800,800,2026-04-06,Giorgio Scalvini,IT1,0,0,1,0,90
4621017_265088,4621017,265088,506,506,2026-04-06,Manuel Locatelli,IT1,1,0,0,0,90
4621019_435772,4621019,435772,800,800,2026-04-06,Charles De Ketelaere,IT1,0,0,0,2,90
4621019_434433,4621019,434433,800,1005,2026-04-06,Nikola Krstović,IT1,0,0,1,0,80
4621017_845654,4621017,845654,506,506,2026-04-06,Kenan Yıldız,IT1,0,0,0,0,90
4621017_585949,4621017,585949,506,506,2026-04-06,Pierre Kalulu,IT1,0,0,0,0,90
4621017_533738,4621017,533738,506,506,2026-04-06,Jonathan David,IT1,0,0,0,0,67
4621017_516716,4621017,516716,506,506,2026-04-06,Bremer,IT1,1,0,1,0,90
4621017_487474,4621017,487474,506,506,2026-04-06,Francisco Conceição,IT1,0,0,0,1,83
4621017_463618,4621017,463618,506,506,2026-04-06,Khéphren Thuram,IT1,1,0,0,0,90
4621017_332697,4621017,332697,506,506,2026-04-06,Weston McKennie,IT1,1,0,1,0,90
4621023_1061282,4621023,1061282,1047,1047,2026-04-06,Assane Diao,IT1,0,0,0,0,80
4621020_830365,4621020,830365,6195,6195,2026-04-06,Alisson Santos,IT1,0,0,0,0,20
4621023_855308,4621023,855308,410,410,2026-04-06,Arthur Atta,IT1,0,0,0,0,90
4621023_523318,4621023,523318,1047,1047,2026-04-06,Anastasios Douvikas,IT1,0,0,0,0,59
4648859_537844,4648859,537844,294,294,2026-04-06,Anatoliy Trubin,PO1,0,0,0,0,90
4850165_893661,4850165,893661,2282,2282,2026-04-06,Joel Ordóñez,EJPL,0,0,0,0,90
4850165_780136,4850165,780136,2282,2282,2026-04-06,Aleksandar Stanković,EJPL,1,0,1,0,75
4850165_717329,4850165,717329,2282,2282,2026-04-06,Nicolò Tresoldi,EJPL,0,0,0,1,64
4850165_451677,4850165,451677,2282,2282,2026-04-06,Christos Tzolis,EJPL,1,0,1,2,90
4850165_1105541,4850165,1105541,58,58,2026-04-06,Nathan De Cat,EJPL,0,0,0,0,88
4648859_670103,4648859,670103,294,294,2026-04-06,Andreas Schjelderup,PO1,0,0,0,1,90
4648859_650568,4648859,650568,294,294,2026-04-06,António Silva,PO1,0,0,0,0,90
4648859_623325,4648859,623325,294,660,2026-04-06,Georgiy Sudakov,PO1,0,0,0,0,20
4648859_735573,4648859,735573,294,294,2026-04-06,Richard Ríos,PO1,0,0,1,0,90
4648859_324503,4648859,324503,294,294,2026-04-06,Vangelis Pavlidis,PO1,0,0,0,0,90
4645905_733576,4645905,733576,1050,1050,2026-04-06,Alberto Moleiro,ES1,0,0,0,0,70
4645905_729814,4645905,729814,1050,1050,2026-04-06,Georges Mikautadze,ES1,0,0,0,0,90
4645905_485963,4645905,485963,1050,1050,2026-04-06,Pape Gueye,ES1,0,0,0,0,90
4645905_1005575,4645905,1005575,12321,12321,2026-04-06,Vitor Reis,ES1,1,0,0,0,90
4621023_948294,4621023,948294,1047,1047,2026-04-06,Nico Paz,IT1,0,0,0,0,90
4621023_580451,4621023,580451,1047,1047,2026-04-06,Martin Baturina,IT1,0,0,0,0,30
4621023_668547,4621023,668547,1047,1047,2026-04-06,Máximo Perrone,IT1,1,0,0,0,60
4645905_805714,4645905,805714,1050,1050,2026-04-06,Renato Veiga,ES1,0,0,0,0,90
4634442_333647,4634442,333647,24,24,2026-04-05,Jonathan Burkardt,L1,0,0,1,0,82
4621016_668951,4621016,668951,12,12,2026-04-05,Matías Soulé,IT1,0,0,0,0,64
4621016_813137,4621016,813137,12,12,2026-04-05,Niccolò Pisilli,IT1,1,0,0,0,90
4621016_930781,4621016,930781,46,46,2026-04-05,Pio Esposito,IT1,0,0,0,0,24
4634442_1168219,4634442,1168219,3,3,2026-04-05,Said El Mala,L1,0,0,0,0,82
4635249_334526,4635249,334526,162,162,2026-04-05,Denis Zakaria,FR1,0,0,0,0,90
4634442_585959,4634442,585959,24,24,2026-04-05,Arnaud Kalimuendo,L1,0,0,1,0,90
4634442_691892,4634442,691892,24,24,2026-04-05,Nathaniel Brown,L1,0,0,0,0,90
4634442_931838,4634442,931838,24,24,2026-04-05,Hugo Larsson,L1,0,0,0,0,82
4621016_406625,4621016,406625,46,46,2026-04-05,Lautaro Martínez,IT1,0,0,2,0,58
4621016_668207,4621016,668207,46,46,2026-04-05,Petar Sučić,IT1,0,0,0,0,23
4621015_672381,4621015,672381,1025,244,2026-04-05,Jonathan Rowe,IT1,0,0,1,0,78
4621016_371149,4621016,371149,12,12,2026-04-05,Evan Ndicka,IT1,0,0,0,0,90
4621016_338670,4621016,338670,12,12,2026-04-05,Mile Svilar,IT1,0,0,0,0,90
4621016_326029,4621016,326029,12,12,2026-04-05,Donyell Malen,IT1,0,0,0,0,90
4621016_321528,4621016,321528,46,46,2026-04-05,Denzel Dumfries,IT1,0,0,0,0,90
4621016_318528,4621016,318528,46,46,2026-04-05,Marcus Thuram,IT1,0,0,1,2,66
4621016_315853,4621016,315853,46,46,2026-04-05,Alessandro Bastoni,IT1,0,0,0,0,58
4621016_255942,4621016,255942,46,46,2026-04-05,Nicolò Barella,IT1,0,0,1,0,90
4621016_198116,4621016,198116,46,46,2026-04-05,Federico Dimarco,IT1,0,0,0,0,90
4621015_849520,4621015,849520,1025,1025,2026-04-05,Santiago Castro,IT1,0,0,0,0,90
4635249_420213,4635249,420213,244,244,2026-04-05,Quinten Timber,FR1,0,0,0,0,90
4635249_418659,4635249,418659,244,244,2026-04-05,Amine Gouiri,FR1,0,0,1,0,90
4621016_827734,4621016,827734,46,46,2026-04-05,Ange-Yoan Bonny,IT1,0,0,0,0,32
4635249_503770,4635249,503770,162,162,2026-04-05,Folarin Balogun,FR1,0,0,1,0,84
4645908_938729,4645908,938729,621,621,2026-04-05,Mikel Jauregizar,ES1,0,0,0,0,64
4635249_653610,4635249,653610,244,244,2026-04-05,Igor Paixão,FR1,0,0,0,0,90
4844309_880245,4844309,880245,379,379,2026-04-05,Mateus Fernandes,FAC,0,0,1,0,120
4844309_522784,4844309,522784,379,379,2026-04-05,Taty Castellanos,FAC,0,0,0,0,105
4844309_346890,4844309,346890,399,399,2026-04-05,Noah Okafor,FAC,0,0,0,1,69
4844309_344069,4844309,344069,399,399,2026-04-05,Anton Stach,FAC,0,0,0,0,38
4844309_314875,4844309,314875,379,379,2026-04-05,Jarrod Bowen,FAC,0,0,0,0,120
4844309_1111589,4844309,1111589,379,379,2026-04-05,El Hadji Malick Diouf,FAC,0,0,0,0,105
4649372_720286,4649372,720286,932,932,2026-04-05,Aleksey Batrakov,RU1,0,0,0,1,90
4648013_465830,4648013,465830,36,398,2026-04-05,Mattéo Guendouzi,TR1,0,0,0,0,90
4648013_454567,4648013,454567,114,114,2026-04-05,Orkun Kökçü,TR1,0,0,0,0,90
4844309_392771,4844309,392771,399,399,2026-04-05,Ethan Ampadu,FAC,1,0,0,0,120
4645908_709187,4645908,709187,621,621,2026-04-05,Nico Williams,ES1,0,0,0,0,45
4635251_971570,4635251,971570,1041,418,2026-04-05,Endrick,FR1,0,0,0,0,73
4645908_571020,4645908,571020,621,621,2026-04-05,Oihan Sancet,ES1,0,0,0,0,71
4635249_890719,4635249,890719,244,244,2026-04-05,Ethan Nwaneri,FR1,0,0,0,0,17
4635251_618494,4635251,618494,1041,1041,2026-04-05,Tyler Morton,FR1,0,0,0,0,90
4635249_918969,4635249,918969,162,162,2026-04-05,Lamine Camara,FR1,1,0,0,0,90
4635252_1241207,4635252,1241207,995,995,2026-04-05,Tylel Tati,FR1,0,0,0,0,39
4645899_834764,4645899,834764,1049,1049,2026-04-05,Javi Guerra,ES1,0,0,0,0,63
4645902_935231,4645902,935231,331,331,2026-04-05,Víctor Muñoz,ES1,0,0,0,0,30
4635249_745200,4635249,745200,162,162,2026-04-05,Maghnes Akliouche,FR1,0,0,0,0,84
4635257_559328,4635257,559328,667,667,2026-04-04,Emmanuel Emegha,FR1,0,0,0,0,13
4635250_461607,4635250,461607,273,273,2026-04-04,Estéban Lepaul,FR1,0,0,2,0,90
4635257_660867,4635257,660867,667,667,2026-04-04,Julio Enciso,FR1,0,0,1,0,90
4635255_808348,4635255,808348,826,826,2026-04-04,Mamadou Sangaré,FR1,0,0,0,0,90
4621018_470394,4621018,470394,398,398,2026-04-04,Kenneth Taylor,IT1,0,0,0,1,90
4635255_724129,4635255,724129,1082,1082,2026-04-04,Matias Fernandez-Pardo,FR1,0,0,1,1,80
4635255_652275,4635255,652275,1082,1082,2026-04-04,Hákon Arnar Haraldsson,FR1,0,0,1,0,73
4635255_548254,4635255,548254,1082,1082,2026-04-04,Nathan Ngoy,FR1,1,0,0,0,90
4635255_1097139,4635255,1097139,1082,1082,2026-04-04,Ayyoub Bouaddi,FR1,0,0,0,0,90
4634448_579459,4634448,579459,533,533,2026-04-04,Albian Hajdari,L1,0,0,0,0,90
4634449_892160,4634449,892160,41,148,2026-04-04,Luka Vuskovic,L1,0,0,0,0,90
4634448_667457,4634448,667457,533,533,2026-04-04,Leon Avdullahu,L1,0,0,0,0,29
4634448_643574,4634448,643574,39,39,2026-04-04,Kaishu Sano,L1,0,0,0,0,90
4634448_524290,4634448,524290,533,533,2026-04-04,Fisnik Asllani,L1,0,0,1,0,61
4634448_1067904,4634448,1067904,533,533,2026-04-04,Bazoumana Touré,L1,0,0,0,1,90
4634445_924117,4634445,924117,79,79,2026-04-04,Finn Jeltsch,L1,0,0,0,0,90
4635257_849410,4635257,849410,667,667,2026-04-04,Valentín Barco,FR1,0,0,0,0,32
4634445_796297,4634445,796297,16,16,2026-04-04,Jobe Bellingham,L1,0,0,0,0,90
4635257_834397,4635257,834397,667,667,2026-04-04,Mike Penders,FR1,0,0,0,0,90
4645903_398184,4645903,398184,131,131,2026-04-04,Ferran Torres,ES1,0,0,0,0,45
4641565_748804,4641565,748804,610,610,2026-04-04,Mika Godts,NL1,0,0,0,1,90
4641566_552655,4641566,552655,1090,1090,2026-04-04,Troy Parrott,NL1,0,0,0,0,19
4634445_578392,4634445,578392,16,16,2026-04-04,Maximilian Beier,L1,0,0,0,0,72
4645903_636703,4645903,636703,131,131,2026-04-04,Fermín López,ES1,1,0,0,0,45
4645903_616631,4645903,616631,13,13,2026-04-04,Matteo Ruggeri,ES1,0,0,0,0,45
4645903_561613,4645903,561613,131,131,2026-04-04,Joan García,ES1,0,0,0,0,90
4645903_548111,4645903,548111,13,13,2026-04-04,Álex Baena,ES1,0,0,0,0,61
4645903_466794,4645903,466794,131,131,2026-04-04,Eric García,ES1,0,0,0,0,78
4645903_411975,4645903,411975,131,131,2026-04-04,Jules Koundé,ES1,0,0,0,0,28
4645903_646740,4645903,646740,131,131,2026-04-04,Gavi,ES1,0,0,0,0,12
4645903_293385,4645903,293385,131,131,2026-04-04,Dani Olmo,ES1,0,0,0,1,90
4645903_258923,4645903,258923,131,131,2026-04-04,Marcus Rashford,ES1,0,0,1,0,79
4645903_1018920,4645903,1018920,131,131,2026-04-04,Marc Bernal,ES1,0,0,0,0,22
4645901_351478,4645901,351478,681,681,2026-04-04,Mikel Oyarzabal,ES1,0,0,0,0,90
4645901_1018938,4645901,1018938,681,681,2026-04-04,Jon Martín,ES1,1,0,1,0,90
4641571_702869,4641571,702869,383,383,2026-04-04,Ismael Saibari,NL1,0,0,2,1,90
4641571_627207,4641571,627207,383,383,2026-04-04,Ricardo Pepi,NL1,0,0,0,0,4
4641571_408574,4641571,408574,383,383,2026-04-04,Joey Veerman,NL1,0,0,0,1,90
4641566_859035,4641566,859035,1090,1090,2026-04-04,Kees Smit,NL1,0,0,0,0,90
4634445_654982,4634445,654982,79,79,2026-04-04,Bilal El Khannouss,L1,0,0,0,0,18
4634441_564545,4634441,564545,15,15,2026-04-04,Edmond Tapsoba,L1,1,0,1,0,90
4634445_518505,4634445,518505,79,79,2026-04-04,Jamie Leweling,L1,0,0,0,0,21
4634443_566723,4634443,566723,27,27,2026-04-04,Michael Olise,L1,1,0,0,1,34
4634443_483046,4634443,483046,27,27,2026-04-04,Josip Stanisic,L1,0,0,0,0,90
4634443_480692,4634443,480692,27,27,2026-04-04,Luis Díaz,L1,0,0,0,0,90
4634443_424204,4634443,424204,27,27,2026-04-04,Alphonso Davies,L1,0,0,0,1,3
4634443_223967,4634443,223967,27,27,2026-04-04,Konrad Laimer,L1,0,0,0,0,34
4634443_196357,4634443,196357,27,27,2026-04-04,Jonathan Tah,L1,1,0,0,0,56
4634443_161056,4634443,161056,27,27,2026-04-04,Joshua Kimmich,L1,0,0,0,0,90
4634443_1075147,4634443,1075147,27,27,2026-04-04,Lennart Karl,L1,1,0,1,1,90
4634441_905011,4634441,905011,15,15,2026-04-04,Ibrahim Maza,L1,0,0,1,1,90
4634441_718303,4634441,718303,15,1090,2026-04-04,Ernest Poku,L1,0,0,0,1,9
4634441_669380,4634441,669380,82,82,2026-04-04,Konstantinos Koulierakis,L1,1,0,0,1,90
4634441_467437,4634441,467437,15,15,2026-04-04,Malik Tillman,L1,0,0,1,0,2
4634441_401578,4634441,401578,15,15,2026-04-04,Exequiel Palacios,L1,0,0,0,1,90
4634441_1364454,4634441,1364454,15,15,2026-04-04,Christian Kofane,L1,0,0,0,0,88
4621024_364135,4621024,364135,430,430,2026-04-04,Moise Kean,IT1,0,0,0,0,76
4621022_921655,4621022,921655,6574,6574,2026-04-04,Ismaël Koné,IT1,0,0,0,0,69
4621022_895937,4621022,895937,1390,1390,2026-04-04,Marco Palestra,IT1,0,0,0,0,90
4645903_705395,4645903,705395,131,131,2026-04-04,Gerard Martín,ES1,1,0,0,0,90
4634443_526845,4634443,526845,60,60,2026-04-04,Noah Atubolu,L1,1,0,0,0,90
4634443_580195,4634443,580195,27,27,2026-04-04,Jamal Musiala,L1,0,0,0,0,25
4634445_496094,4634445,496094,16,16,2026-04-04,Karim Adeyemi,L1,1,0,1,0,26
4634443_668606,4634443,668606,60,60,2026-04-04,Yuito Suzuki,L1,0,0,0,0,90
4634445_443710,4634445,443710,79,79,2026-04-04,Angelo Stiller,L1,0,0,0,0,88
4634445_436064,4634445,436064,79,79,2026-04-04,Ramon Hendriks,L1,1,0,0,0,90
4634445_388198,4634445,388198,16,16,2026-04-04,Nico Schlotterbeck,L1,0,0,0,0,90
4634445_370789,4634445,370789,16,16,2026-04-04,Julian Ryerson,L1,1,0,0,0,90
4634445_270541,4634445,270541,16,16,2026-04-04,Serhou Guirassy,L1,0,0,0,0,64
4634445_257814,4634445,257814,16,16,2026-04-04,Gregor Kobel,L1,0,0,0,0,90
4634444_957874,4634444,957874,23826,23826,2026-04-04,Rômulo,L1,0,0,1,0,78
4634444_897424,4634444,897424,23826,23826,2026-04-04,Assan Ouédraogo,L1,0,0,0,0,4
4634444_894914,4634444,894914,23826,23826,2026-04-04,Antonio Nusa,L1,0,0,1,0,78
4634444_618472,4634444,618472,23826,23826,2026-04-04,Castello Lukeba,L1,0,0,0,0,56
4634444_404950,4634444,404950,23826,23826,2026-04-04,Nicolas Seiwald,L1,0,0,0,0,90
4634444_324278,4634444,324278,23826,23826,2026-04-04,Christoph Baumgartner,L1,0,0,0,0,86
4634444_318204,4634444,318204,23826,23826,2026-04-04,David Raum,L1,0,0,0,0,90
4634444_1390649,4634444,1390649,23826,23826,2026-04-04,Yan Diomande,L1,0,0,0,0,86
4634443_927353,4634443,927353,60,60,2026-04-04,Johan Manzambi,L1,0,0,1,0,78
4634443_822959,4634443,822959,27,27,2026-04-04,Tom Bischof,L1,0,0,2,0,90
4634443_792380,4634443,792380,27,27,2026-04-04,Aleksandar Pavlovic,L1,0,0,0,0,34
4645903_683840,4645903,683840,131,131,2026-04-04,Pedri,ES1,0,0,0,0,90
4635255_743515,4635255,743515,826,826,2026-04-04,Robin Risser,FR1,0,0,0,0,90
4645903_742201,4645903,742201,13,13,2026-04-04,Giuliano Simeone,ES1,0,0,1,0,61
4844307_610849,4844307,610849,631,631,2026-04-04,Liam Delap,FAC,0,0,0,0,29
4844307_487465,4844307,487465,631,631,2026-04-04,Pedro Neto,FAC,0,0,0,1,61
4844307_475411,4844307,475411,631,631,2026-04-04,Wesley Fofana,FAC,0,0,0,0,90
4844307_1056993,4844307,1056993,631,631,2026-04-04,Estêvão,FAC,0,0,1,1,90
4844307_1004708,4844307,1004708,631,631,2026-04-04,Josh Acheampong,FAC,0,0,0,0,5
4844306_763079,4844306,763079,281,281,2026-04-04,Abdukodir Khusanov,FAC,0,0,0,0,90
4844306_743591,4844306,743591,281,281,2026-04-04,Savinho,FAC,0,0,0,0,28
4844306_743413,4844306,743413,281,281,2026-04-04,Nico O'Reilly,FAC,0,0,0,1,90
4844306_730861,4844306,730861,31,31,2026-04-04,Milos Kerkez,FAC,1,0,0,0,90
4844306_709726,4844306,709726,31,31,2026-04-04,Hugo Ekitiké,FAC,0,0,0,0,68
4844306_607223,4844306,607223,281,281,2026-04-04,Rayan Cherki,FAC,0,0,0,1,71
4844306_601883,4844306,601883,281,281,2026-04-04,Matheus Nunes,FAC,0,0,0,0,90
4844306_598577,4844306,598577,31,31,2026-04-04,Florian Wirtz,FAC,0,0,0,0,68
4844306_583255,4844306,583255,281,281,2026-04-04,Antoine Semenyo,FAC,0,0,1,1,71
4844306_566799,4844306,566799,281,281,2026-04-04,James Trafford,FAC,0,0,0,0,90
4844306_534033,4844306,534033,31,31,2026-04-04,Alexis Mac Allister,FAC,0,0,0,0,23
4844306_486049,4844306,486049,281,281,2026-04-04,Jérémy Doku,FAC,0,0,0,0,62
4844306_484547,4844306,484547,31,31,2026-04-04,Jeremie Frimpong,FAC,0,0,0,0,28
4844307_568177,4844307,568177,631,631,2026-04-04,Cole Palmer,FAC,0,0,0,0,62
4844307_620322,4844307,620322,631,631,2026-04-04,Malo Gusto,FAC,0,0,0,1,85
4844306_466805,4844306,466805,281,281,2026-04-04,Nico González,FAC,1,0,0,0,28
4844307_626724,4844307,626724,631,631,2026-04-04,João Pedro,FAC,0,0,1,0,61
4645903_937958,4645903,937958,131,131,2026-04-04,Lamine Yamal,ES1,0,0,0,0,90
4844308_890721,4844308,890721,11,11,2026-04-04,Myles Lewis-Skelly,FAC,0,0,0,0,60
4844308_655488,4844308,655488,11,11,2026-04-04,Gabriel Martinelli,FAC,1,0,0,0,90
4844308_646750,4844308,646750,11,11,2026-04-04,Cristhian Mosquera,FAC,0,0,0,0,90
4844308_503987,4844308,503987,11,11,2026-04-04,Noni Madueke,FAC,0,0,0,0,29
4844308_502821,4844308,502821,11,11,2026-04-04,Riccardo Calafiori,FAC,0,0,0,0,30
4844308_495666,4844308,495666,11,11,2026-04-04,William Saliba,FAC,0,0,0,0,18
4844308_435338,4844308,435338,11,11,2026-04-04,Gabriel,FAC,0,0,0,0,72
4844308_423440,4844308,423440,11,11,2026-04-04,Martín Zubimendi,FAC,0,0,0,0,11
4844308_335721,4844308,335721,11,11,2026-04-04,Ben White,FAC,0,0,0,0,90
4844308_325443,4844308,325443,11,11,2026-04-04,Viktor Gyökeres,FAC,0,0,1,0,30
4844308_316264,4844308,316264,11,11,2026-04-04,Martin Ødegaard,FAC,0,0,0,0,61
4844308_309400,4844308,309400,11,11,2026-04-04,Kai Havertz,FAC,0,0,0,1,79
4844308_1187629,4844308,1187629,11,11,2026-04-04,Max Dowman,FAC,0,0,0,0,90
4844307_904802,4844307,904802,631,631,2026-04-04,Jorrel Hato,FAC,0,0,1,0,90
4844307_811779,4844307,811779,631,631,2026-04-04,Alejandro Garnacho,FAC,0,0,1,0,29
4844307_743600,4844307,743600,631,631,2026-04-04,Andrey Santos,FAC,0,0,1,0,90
4844306_478573,4844306,478573,31,31,2026-04-04,Ryan Gravenberch,FAC,1,0,0,0,67
4844306_502676,4844306,502676,31,31,2026-04-04,Giorgi Mamardashvili,FAC,0,0,0,0,90
4844306_460939,4844306,460939,281,281,2026-04-04,Tijjani Reijnders,FAC,0,0,0,0,19
4648856_1162012,4648856,1162012,720,720,2026-04-04,Oskar Pietuszewski,PO1,0,0,0,0,45
4648017_648779,4648017,648779,141,141,2026-04-04,Wilfried Singo,TR1,0,0,1,0,90
4844306_451276,4844306,451276,31,31,2026-04-04,Dominik Szoboszlai,FAC,0,0,0,0,90
4645906_890290,4645906,890290,418,418,2026-04-04,Dean Huijsen,ES1,1,0,0,0,59
4645906_861410,4645906,861410,418,418,2026-04-04,Arda Güler,ES1,0,0,0,0,72
4645906_811778,4645906,811778,418,418,2026-04-04,Álvaro Carreras,ES1,0,0,0,0,90
4645906_640428,4645906,640428,418,418,2026-04-04,Eduardo Camavinga,ES1,0,0,0,0,59
4645906_581678,4645906,581678,418,418,2026-04-04,Jude Bellingham,ES1,0,0,0,0,31
4645906_413112,4645906,413112,418,418,2026-04-04,Aurélien Tchouaméni,ES1,0,0,0,0,90
4645906_371998,4645906,371998,418,418,2026-04-04,Vinicius Junior,ES1,0,0,0,0,31
4645906_342229,4645906,342229,418,418,2026-04-04,Kylian Mbappé,ES1,0,0,0,0,90
4645906_314678,4645906,314678,418,418,2026-04-04,Brahim Díaz,ES1,0,0,0,0,76
4645906_314353,4645906,314353,418,418,2026-04-04,Trent Alexander-Arnold,ES1,0,0,0,1,90
4645906_1057316,4645906,1057316,418,418,2026-04-04,Franco Mastantuono,ES1,1,0,0,0,14
4645904_724520,4645904,724520,150,150,2026-04-04,Abde Ezzalzouli,ES1,0,0,0,0,24
4645904_709372,4645904,709372,714,714,2026-04-04,Carlos Romero,ES1,1,0,0,0,90
4645904_602105,4645904,602105,150,150,2026-04-04,Antony,ES1,0,0,0,0,66
4645903_962110,4645903,962110,131,131,2026-04-04,Pau Cubarsí,ES1,0,0,0,0,90
4648856_1004725,4648856,1004725,720,720,2026-04-04,William Gomes,PO1,1,0,0,0,45
4648017_541537,4648017,541537,141,141,2026-04-04,Barış Alper Yılmaz,TR1,1,0,0,1,90
4648856_357153,4648856,357153,720,720,2026-04-04,Diogo Costa,PO1,0,0,0,0,90
4844306_357119,4844306,357119,31,31,2026-04-04,Ibrahima Konaté,FAC,1,0,0,0,90
4844306_445939,4844306,445939,281,281,2026-04-04,Omar Marmoush,FAC,0,0,0,0,13
4844306_434675,4844306,434675,31,31,2026-04-04,Cody Gakpo,FAC,0,0,0,0,22
4844306_433188,4844306,433188,31,31,2026-04-04,Curtis Jones,FAC,0,0,0,0,90
4648856_425918,4648856,425918,720,11,2026-04-04,Jakub Kiwior,PO1,0,0,0,0,90
4844306_406635,4844306,406635,281,281,2026-04-04,Phil Foden,FAC,0,0,0,0,19
4844306_392757,4844306,392757,281,281,2026-04-04,Marc Guéhi,FAC,0,0,0,0,90
4844306_357565,4844306,357565,281,281,2026-04-04,Rodri,FAC,1,0,0,0,62
4844306_418560,4844306,418560,281,281,2026-04-04,Erling Haaland,FAC,0,0,3,0,77
4844306_1108466,4844306,1108466,31,31,2026-04-04,Rio Ngumoha,FAC,0,0,0,0,22
4649374_515744,4649374,515744,16704,16704,2026-04-04,Eduard Spertsyan,RU1,0,0,0,0,60
4649371_800175,4649371,800175,964,964,2026-04-04,Luiz Henrique,RU1,0,0,0,0,28
4648856_982575,4648856,982575,3329,3329,2026-04-04,Gustavo Sá,PO1,0,0,0,0,79
4648856_957653,4648856,957653,720,720,2026-04-04,Rodrigo Mora,PO1,0,0,0,0,44
4648856_926993,4648856,926993,720,720,2026-04-04,Victor Froholdt,PO1,0,0,0,0,90
4648856_756990,4648856,756990,720,720,2026-04-04,Alan Varela,PO1,1,0,0,0,90
4649377_651580,4649377,651580,2410,2410,2026-04-04,Matvey Kislyak,RU1,0,0,0,1,90
4635256_550550,4635256,550550,583,583,2026-04-03,Gonçalo Ramos,FR1,0,0,1,0,3
4635256_659089,4635256,659089,583,583,2026-04-03,Ilya Zabarnyi,FR1,0,0,0,0,90
4635256_616341,4635256,616341,583,583,2026-04-03,Nuno Mendes,FR1,0,0,0,1,22
4635256_557149,4635256,557149,583,583,2026-04-03,Kang-in Lee,FR1,0,0,0,0,59
4635256_288230,4635256,288230,583,583,2026-04-03,Ousmane Dembélé,FR1,0,0,2,0,90
4635256_502670,4635256,502670,583,583,2026-04-03,Khvicha Kvaratskhelia,FR1,0,0,0,1,68
4635256_487469,4635256,487469,583,583,2026-04-03,Vitinha,FR1,0,0,0,0,23
4635256_318470,4635256,318470,583,583,2026-04-03,Matvey Safonov,FR1,0,0,0,0,90
4635256_670681,4635256,670681,583,583,2026-04-03,João Neves,FR1,0,0,0,0,31
4635256_661171,4635256,661171,583,583,2026-04-03,Willian Pacho,FR1,0,0,0,0,90
4635256_398073,4635256,398073,583,583,2026-04-03,Achraf Hakimi,FR1,0,0,0,0,90
4635256_810092,4635256,810092,583,583,2026-04-03,Warren Zaïre-Emery,FR1,0,0,0,0,90
4648857_412669,4648857,412669,336,336,2026-04-03,Francisco Trincão,PO1,1,0,1,0,90
4648857_426620,4648857,426620,336,336,2026-04-03,Pedro Gonçalves,PO1,0,0,1,0,45
4648857_461496,4648857,461496,336,336,2026-04-03,Morten Hjulmand,PO1,1,0,0,0,22
4648857_548193,4648857,548193,336,336,2026-04-03,Zeno Debast,PO1,0,0,0,0,90
4648857_572675,4648857,572675,336,336,2026-04-03,Maxi Araújo,PO1,0,0,0,0,45
4648857_701979,4648857,701979,336,336,2026-04-03,Geny Catamo,PO1,0,0,0,0,88
4850170_990148,4850170,990148,1184,1184,2026-04-03,Konstantinos Karetsas,POBE,0,0,0,0,85
4635256_914562,4635256,914562,583,583,2026-04-03,Désiré Doué,FR1,0,0,0,0,87
4626106_553875,4626106,553875,148,148,2026-03-22,Pedro Porro,GB1,0,0,0,0,90
4626106_432164,4626106,432164,703,703,2026-03-22,Igor Jesus,GB1,0,0,1,0,71
4626106_483348,4626106,483348,148,148,2026-03-22,Djed Spence,GB1,0,0,0,0,45
4626106_488362,4626106,488362,148,148,2026-03-22,Conor Gallagher,GB1,0,0,0,0,6
4626106_503680,4626106,503680,703,703,2026-03-22,Neco Williams,GB1,0,0,0,2,90
4626106_566931,4626106,566931,148,23826,2026-03-22,Xavi Simons,GB1,0,0,0,0,23
4626106_556385,4626106,556385,148,148,2026-03-22,Destiny Udogie,GB1,1,0,0,0,45
4626106_557459,4626106,557459,148,148,2026-03-22,Micky van de Ven,GB1,0,0,0,0,45
4626106_413507,4626106,413507,703,703,2026-03-22,Nikola Milenković,GB1,0,0,0,0,90
4626106_567576,4626106,567576,703,703,2026-03-22,Elliot Anderson,GB1,0,0,0,0,90
4626106_429014,4626106,429014,703,703,2026-03-22,Morgan Gibbs-White,GB1,0,0,1,0,90
4626106_355915,4626106,355915,148,148,2026-03-22,Cristian Romero,GB1,0,0,0,0,90
4626106_392768,4626106,392768,703,703,2026-03-22,Callum Hudson-Odoi,GB1,0,0,0,1,70
4626106_378710,4626106,378710,148,148,2026-03-22,Richarlison,GB1,0,0,0,0,67
4626106_365108,4626106,365108,703,703,2026-03-22,Dan Ndoye,GB1,0,0,0,0,10
4626106_741238,4626106,741238,703,703,2026-03-22,Omari Hutchinson,GB1,0,0,0,0,80
4626106_258889,4626106,258889,148,148,2026-03-22,Dominic Solanke,GB1,0,0,0,0,90
4626106_1005649,4626106,1005649,703,703,2026-03-22,Murillo,GB1,0,0,0,0,90
4626105_947411,4626105,947411,289,289,2026-03-22,Chris Rigg,GB1,0,0,0,0,90
4626105_876631,4626105,876631,289,289,2026-03-22,Habib Diarra,GB1,0,0,0,0,85
4626105_743384,4626105,743384,289,289,2026-03-22,Chemsdine Talbi,GB1,0,0,1,0,90
4626105_727089,4626105,727089,289,289,2026-03-22,Noah Sadiki,GB1,1,0,0,0,90
4626106_568693,4626106,568693,148,148,2026-03-22,Pape Matar Sarr,GB1,0,0,0,0,90
4634425_585959,4634425,585959,24,24,2026-03-22,Arnaud Kalimuendo,L1,0,0,0,0,90
4626106_866246,4626106,866246,148,148,2026-03-22,Lucas Bergvall,GB1,0,0,0,0,45
4626106_922693,4626106,922693,148,148,2026-03-22,Archie Gray,GB1,0,0,0,0,84
4635242_461607,4635242,461607,273,273,2026-03-22,Estéban Lepaul,FR1,0,0,0,0,90
4635240_971570,4635240,971570,1041,418,2026-03-22,Endrick,FR1,0,0,0,1,90
4635240_918969,4635240,918969,162,162,2026-03-22,Lamine Camara,FR1,0,0,0,0,90
4635240_745200,4635240,745200,162,162,2026-03-22,Maghnes Akliouche,FR1,0,0,1,1,85
4635240_743386,4635240,743386,1041,1041,2026-03-22,Malick Fofana,FR1,0,0,0,0,5
4635240_503770,4635240,503770,162,162,2026-03-22,Folarin Balogun,FR1,0,0,1,0,85
4635240_334526,4635240,334526,162,162,2026-03-22,Denis Zakaria,FR1,0,0,0,0,90
4634429_927353,4634429,927353,60,60,2026-03-22,Johan Manzambi,L1,0,0,0,0,89
4634429_668606,4634429,668606,60,60,2026-03-22,Yuito Suzuki,L1,1,0,0,0,90
4634429_526845,4634429,526845,60,60,2026-03-22,Noah Atubolu,L1,0,0,0,0,90
4634428_924117,4634428,924117,79,79,2026-03-22,Finn Jeltsch,L1,0,0,0,0,90
4634428_443710,4634428,443710,79,79,2026-03-22,Angelo Stiller,L1,0,0,0,1,90
4634428_436064,4634428,436064,79,79,2026-03-22,Ramon Hendriks,L1,0,0,0,0,20
4634425_939964,4634425,939964,24,24,2026-03-22,Jean-Mattéo Bahoya,L1,0,0,0,1,58
4634425_931838,4634425,931838,24,24,2026-03-22,Hugo Larsson,L1,0,0,0,0,90
4634425_816585,4634425,816585,24,24,2026-03-22,Can Uzun,L1,0,0,0,0,11
4634425_691892,4634425,691892,24,24,2026-03-22,Nathaniel Brown,L1,0,0,1,0,45
4634425_643574,4634425,643574,39,39,2026-03-22,Kaishu Sano,L1,0,0,0,0,90
4621005_434433,4621005,434433,800,1005,2026-03-22,Nikola Krstović,IT1,0,0,0,0,90
4626105_633992,4626105,633992,289,289,2026-03-22,Enzo Le Fée,GB1,0,0,0,0,5
4634425_333647,4634425,333647,24,24,2026-03-22,Jonathan Burkardt,L1,0,0,0,0,90
4626105_670858,4626105,670858,762,762,2026-03-22,Lewis Hall,GB1,0,0,0,0,90
4626105_503749,4626105,503749,762,762,2026-03-22,Jacob Ramsey,GB1,0,0,0,0,90
4626105_609556,4626105,609556,762,762,2026-03-22,William Osula,GB1,0,0,0,0,14
4621009_827734,4621009,827734,46,46,2026-03-22,Ange-Yoan Bonny,IT1,0,0,0,0,22
4621009_441986,4621009,441986,46,46,2026-03-22,Yann Bisseck,IT1,0,0,0,0,90
4621009_364135,4621009,364135,430,430,2026-03-22,Moise Kean,IT1,1,0,0,0,86
4621009_321528,4621009,321528,46,46,2026-03-22,Denzel Dumfries,IT1,0,0,0,0,86
4621009_318528,4621009,318528,46,46,2026-03-22,Marcus Thuram,IT1,0,0,0,0,68
4621009_255942,4621009,255942,46,46,2026-03-22,Nicolò Barella,IT1,1,0,0,1,83
4621009_198116,4621009,198116,46,46,2026-03-22,Federico Dimarco,IT1,1,0,0,0,90
4621008_948294,4621008,948294,1047,1047,2026-03-22,Nico Paz,IT1,0,0,1,0,90
4621008_668547,4621008,668547,1047,1047,2026-03-22,Máximo Perrone,IT1,0,0,1,0,90
4621008_580451,4621008,580451,1047,1047,2026-03-22,Martin Baturina,IT1,0,0,1,0,53
4621008_523318,4621008,523318,1047,1047,2026-03-22,Anastasios Douvikas,IT1,0,0,1,0,59
4621008_1190411,4621008,1190411,1047,1047,2026-03-22,Jesús Rodríguez,IT1,0,0,0,0,37
4621008_1061282,4621008,1061282,1047,1047,2026-03-22,Assane Diao,IT1,0,0,1,1,77
4621006_849520,4621006,849520,1025,1025,2026-03-22,Santiago Castro,IT1,1,0,0,0,90
4621006_672381,4621006,672381,1025,244,2026-03-22,Jonathan Rowe,IT1,0,0,0,0,62
4621006_618341,4621006,618341,398,398,2026-03-22,Mario Gila,IT1,0,0,0,0,26
4621006_470394,4621006,470394,398,398,2026-03-22,Kenneth Taylor,IT1,1,0,2,0,90
4621005_607854,4621005,607854,800,800,2026-03-22,Éderson,IT1,0,0,0,0,63
4621005_571604,4621005,571604,800,800,2026-03-22,Giorgio Scalvini,IT1,0,0,0,0,90
4621005_459763,4621005,459763,800,800,2026-03-22,Marco Carnesecchi,IT1,0,0,0,0,90
4621005_435772,4621005,435772,800,800,2026-03-22,Charles De Ketelaere,IT1,0,0,0,0,76
4635243_1241207,4635243,1241207,995,995,2026-03-22,Tylel Tati,FR1,0,0,0,0,90
4621009_668207,4621009,668207,46,46,2026-03-22,Petar Sučić,IT1,0,0,0,0,7
4621009_930781,4621009,930781,46,46,2026-03-22,Pio Esposito,IT1,0,0,1,0,90
4626105_583189,4626105,583189,762,762,2026-03-22,Anthony Elanga,GB1,0,0,0,0,65
4621014_326029,4621014,326029,12,12,2026-03-22,Donyell Malen,IT1,0,0,0,0,75
4626105_521964,4626105,521964,762,762,2026-03-22,Malick Thiaw,GB1,0,0,0,0,36
4626105_503981,4626105,503981,762,762,2026-03-22,Tino Livramento,GB1,0,0,0,0,25
4626105_503733,4626105,503733,762,762,2026-03-22,Anthony Gordon,GB1,0,0,1,0,89
4626105_473169,4626105,473169,289,289,2026-03-22,Brian Brobbey,GB1,1,0,1,0,90
4626105_455661,4626105,455661,762,762,2026-03-22,Nick Woltemade,GB1,0,0,0,1,65
4626105_398065,4626105,398065,762,762,2026-03-22,Harvey Barnes,GB1,0,0,0,0,76
4626105_388165,4626105,388165,762,762,2026-03-22,Yoane Wissa,GB1,0,0,0,0,1
4626105_361093,4626105,361093,762,762,2026-03-22,Sven Botman,GB1,0,0,0,0,54
4626105_333241,4626105,333241,762,762,2026-03-22,Joelinton,GB1,1,0,0,0,90
4626098_880245,4626098,880245,379,379,2026-03-22,Mateus Fernandes,GB1,0,0,0,0,90
4626098_522784,4626098,522784,379,379,2026-03-22,Taty Castellanos,GB1,0,0,0,0,45
4626098_503743,4626098,503743,405,405,2026-03-22,Morgan Rogers,GB1,0,0,0,0,77
4626098_485706,4626098,485706,405,405,2026-03-22,Amadou Onana,GB1,0,0,0,0,90
4626098_413403,4626098,413403,405,405,2026-03-22,Ezri Konsa,GB1,0,0,0,0,90
4626098_324358,4626098,324358,405,405,2026-03-22,Ollie Watkins,GB1,0,0,1,0,87
4626098_314875,4626098,314875,379,379,2026-03-22,Jarrod Bowen,GB1,0,0,0,0,90
4626098_249565,4626098,249565,405,405,2026-03-22,Youri Tielemans,GB1,0,0,0,0,23
4626098_1111589,4626098,1111589,379,379,2026-03-22,El Hadji Malick Diouf,GB1,0,0,0,0,90
4621014_813137,4621014,813137,12,12,2026-03-22,Niccolò Pisilli,IT1,1,0,0,0,90
4621014_371149,4621014,371149,12,12,2026-03-22,Evan Ndicka,IT1,0,0,0,0,90
4621014_338670,4621014,338670,12,12,2026-03-22,Mile Svilar,IT1,0,0,0,0,90
4635243_1064871,4635243,1064871,667,667,2026-03-22,Joaquín Panichelli,FR1,0,0,2,0,45
4641583_859035,4641583,859035,1090,1090,2026-03-22,Kees Smit,NL1,0,0,0,0,90
4635243_660867,4635243,660867,667,667,2026-03-22,Julio Enciso,FR1,0,0,0,0,14
4645913_411295,4645913,411295,131,131,2026-03-22,Raphinha,ES1,1,0,0,0,90
4649366_800175,4649366,800175,964,964,2026-03-22,Luiz Henrique,RU1,0,0,0,0,90
4648869_926993,4648869,926993,720,720,2026-03-22,Victor Froholdt,PO1,0,0,0,0,90
4648869_756990,4648869,756990,720,720,2026-03-22,Alan Varela,PO1,1,0,0,0,67
4648869_699704,4648869,699704,720,720,2026-03-22,Gabri Veiga,PO1,1,0,0,0,67
4648869_606752,4648869,606752,1075,1075,2026-03-22,Rodrigo Zalazar,PO1,1,0,1,0,90
4648869_425918,4648869,425918,720,11,2026-03-22,Jakub Kiwior,PO1,0,0,0,0,90
4648869_357153,4648869,357153,720,720,2026-03-22,Diogo Costa,PO1,0,0,0,0,90
4648869_1162012,4648869,1162012,720,720,2026-03-22,Oskar Pietuszewski,PO1,0,0,0,1,78
4648869_1004725,4648869,1004725,720,720,2026-03-22,William Gomes,PO1,0,0,1,0,35
4648866_701979,4648866,701979,336,336,2026-03-22,Geny Catamo,PO1,0,0,1,0,90
4648866_549006,4648866,549006,336,336,2026-03-22,Gonçalo Inácio,PO1,1,0,0,0,72
4648866_548193,4648866,548193,336,336,2026-03-22,Zeno Debast,PO1,0,0,0,0,18
4648866_461496,4648866,461496,336,336,2026-03-22,Morten Hjulmand,PO1,0,0,0,1,90
4648866_426620,4648866,426620,336,336,2026-03-22,Pedro Gonçalves,PO1,0,0,2,0,90
4648866_424784,4648866,424784,336,336,2026-03-22,Luis Suárez,PO1,1,0,1,0,82
4648866_412669,4648866,412669,336,336,2026-03-22,Francisco Trincão,PO1,0,0,0,0,90
4645913_962110,4645913,962110,131,131,2026-03-22,Pau Cubarsí,ES1,1,0,0,0,90
4645913_937958,4645913,937958,131,131,2026-03-22,Lamine Yamal,ES1,1,0,0,0,82
4645913_705395,4645913,705395,131,131,2026-03-22,Gerard Martín,ES1,0,0,0,0,90
4645913_683840,4645913,683840,131,131,2026-03-22,Pedri,ES1,0,0,0,0,90
4645913_636703,4645913,636703,131,131,2026-03-22,Fermín López,ES1,0,0,0,0,61
4649367_720286,4649367,720286,932,932,2026-03-22,Aleksey Batrakov,RU1,0,0,1,1,84
4665117_964426,4665117,964426,683,683,2026-03-22,Christos Mouzakitis,GR1,0,0,0,0,90
4818788_309400,4818788,309400,11,11,2026-03-22,Kai Havertz,CGB,0,0,0,0,66
4818788_502821,4818788,502821,11,11,2026-03-22,Riccardo Calafiori,CGB,0,0,0,0,25
4818788_763079,4818788,763079,281,281,2026-03-22,Abdukodir Khusanov,CGB,1,0,0,0,90
4818788_743413,4818788,743413,281,281,2026-03-22,Nico O'Reilly,CGB,0,0,2,0,90
4818788_659813,4818788,659813,11,11,2026-03-22,Piero Hincapié,CGB,1,0,0,0,65
4818788_655488,4818788,655488,11,11,2026-03-22,Gabriel Martinelli,CGB,0,0,0,0,8
4818788_607223,4818788,607223,281,281,2026-03-22,Rayan Cherki,CGB,0,0,0,0,90
4818788_601883,4818788,601883,281,281,2026-03-22,Matheus Nunes,CGB,0,0,0,1,90
4818788_583255,4818788,583255,281,281,2026-03-22,Antoine Semenyo,CGB,0,0,0,0,90
4818788_566799,4818788,566799,281,281,2026-03-22,James Trafford,CGB,0,0,0,0,90
4818788_503987,4818788,503987,11,11,2026-03-22,Noni Madueke,CGB,0,0,0,0,24
4818788_495666,4818788,495666,11,11,2026-03-22,William Saliba,CGB,0,0,0,0,90
4818788_325443,4818788,325443,11,11,2026-03-22,Viktor Gyökeres,CGB,0,0,0,0,90
4818788_486049,4818788,486049,281,281,2026-03-22,Jérémy Doku,CGB,0,0,0,0,90
4818788_435338,4818788,435338,11,11,2026-03-22,Gabriel,CGB,0,0,0,0,90
4818788_433177,4818788,433177,11,11,2026-03-22,Bukayo Saka,CGB,0,0,0,0,90
4818788_423440,4818788,423440,11,11,2026-03-22,Martín Zubimendi,CGB,0,0,0,0,90
4818788_418560,4818788,418560,281,281,2026-03-22,Erling Haaland,CGB,0,0,0,0,90
4635243_834397,4635243,834397,667,667,2026-03-22,Mike Penders,FR1,0,0,0,0,90
4818788_357662,4818788,357662,11,11,2026-03-22,Declan Rice,CGB,0,0,0,0,90
4818788_357565,4818788,357565,281,281,2026-03-22,Rodri,CGB,0,0,0,0,90
4818788_335721,4818788,335721,11,11,2026-03-22,Ben White,CGB,1,0,0,0,82
4645913_561613,4645913,561613,131,131,2026-03-22,Joan García,ES1,0,0,0,0,90
4818788_406635,4818788,406635,281,281,2026-03-22,Phil Foden,CGB,0,0,0,0,1
4645913_398184,4645913,398184,131,131,2026-03-22,Ferran Torres,ES1,0,0,0,0,45
4645909_314678,4645909,314678,418,418,2026-03-22,Brahim Díaz,ES1,0,0,0,1,74
4641591_702869,4641591,702869,383,383,2026-03-22,Ismael Saibari,NL1,1,0,0,0,90
4641591_627207,4641591,627207,383,383,2026-03-22,Ricardo Pepi,NL1,0,0,0,0,66
4641591_408574,4641591,408574,383,383,2026-03-22,Joey Veerman,NL1,0,0,0,0,15
4641585_748804,4641585,748804,610,610,2026-03-22,Mika Godts,NL1,0,0,0,0,90
4641583_552655,4641583,552655,1090,1090,2026-03-22,Troy Parrott,NL1,0,0,0,0,90
4641394_990148,4641394,990148,1184,1184,2026-03-22,Konstantinos Karetsas,BE1,0,0,0,1,90
4641392_1105541,4641392,1105541,58,58,2026-03-22,Nathan De Cat,BE1,0,0,0,0,90
4641391_893661,4641391,893661,2282,2282,2026-03-22,Joel Ordóñez,BE1,0,0,0,0,90
4641391_780136,4641391,780136,2282,2282,2026-03-22,Aleksandar Stanković,BE1,0,0,0,0,90
4641391_717329,4641391,717329,2282,2282,2026-03-22,Nicolò Tresoldi,BE1,0,0,1,0,86
4641391_451677,4641391,451677,2282,2282,2026-03-22,Christos Tzolis,BE1,0,0,0,2,81
4635248_890719,4635248,890719,244,244,2026-03-22,Ethan Nwaneri,FR1,0,0,1,0,57
4635248_724129,4635248,724129,1082,1082,2026-03-22,Matias Fernandez-Pardo,FR1,0,0,0,0,90
4635248_652275,4635248,652275,1082,1082,2026-03-22,Hákon Arnar Haraldsson,FR1,1,0,0,0,90
4635248_548254,4635248,548254,1082,1082,2026-03-22,Nathan Ngoy,FR1,1,0,0,0,90
4635248_532826,4635248,532826,244,244,2026-03-22,Mason Greenwood,FR1,1,0,0,0,18
4635248_420213,4635248,420213,244,244,2026-03-22,Quinten Timber,FR1,0,0,0,0,90
4635248_418659,4635248,418659,244,244,2026-03-22,Amine Gouiri,FR1,0,0,0,0,25
4635248_1097139,4635248,1097139,1082,1082,2026-03-22,Ayyoub Bouaddi,FR1,0,0,0,0,90
4635243_849410,4635243,849410,667,667,2026-03-22,Valentín Barco,FR1,1,0,0,0,90
4645913_293385,4645913,293385,131,131,2026-03-22,Dani Olmo,ES1,0,0,0,0,29
4645909_314353,4645909,314353,418,418,2026-03-22,Trent Alexander-Arnold,ES1,0,0,0,1,26
4635248_653610,4635248,653610,244,244,2026-03-22,Igor Paixão,FR1,0,0,0,1,90
4645909_342229,4645909,342229,418,418,2026-03-22,Kylian Mbappé,ES1,0,0,0,0,26
4645909_811778,4645909,811778,418,418,2026-03-22,Álvaro Carreras,ES1,0,0,0,0,3
4645913_258923,4645913,258923,131,131,2026-03-22,Marcus Rashford,ES1,0,0,0,0,8
4645909_369081,4645909,369081,418,418,2026-03-22,Federico Valverde,ES1,0,0,1,0,77
4645913_1018920,4645913,1018920,131,131,2026-03-22,Marc Bernal,ES1,0,0,0,0,61
4645912_938729,4645912,938729,621,621,2026-03-22,Mikel Jauregizar,ES1,0,0,0,0,28
4645912_735568,4645912,735568,150,150,2026-03-22,Natan,ES1,1,0,0,0,90
4645912_602105,4645912,602105,150,150,2026-03-22,Antony,ES1,0,0,0,0,45
4645912_571020,4645912,571020,621,621,2026-03-22,Oihan Sancet,ES1,0,0,1,0,72
4645909_890290,4645909,890290,418,418,2026-03-22,Dean Huijsen,ES1,0,0,0,0,90
4645909_861410,4645909,861410,418,418,2026-03-22,Arda Güler,ES1,0,0,0,0,74
4645912_724520,4645912,724520,150,150,2026-03-22,Abde Ezzalzouli,ES1,0,0,0,0,90
4645909_742201,4645909,742201,13,13,2026-03-22,Giuliano Simeone,ES1,0,0,0,1,71
4645909_616631,4645909,616631,13,13,2026-03-22,Matteo Ruggeri,ES1,1,0,0,0,90
4645909_581678,4645909,581678,418,418,2026-03-22,Jude Bellingham,ES1,0,0,0,0,16
4645909_576024,4645909,576024,13,13,2026-03-22,Julián Alvarez,ES1,0,0,0,1,90
4645909_548111,4645909,548111,13,13,2026-03-22,Álex Baena,ES1,0,0,0,0,19
4645909_413112,4645909,413112,418,418,2026-03-22,Aurélien Tchouaméni,ES1,0,0,0,0,90
4645909_406040,4645909,406040,13,800,2026-03-22,Ademola Lookman,ES1,0,0,1,0,57
4645909_640428,4645909,640428,418,418,2026-03-22,Eduardo Camavinga,ES1,0,0,0,0,16
4645909_404418,4645909,404418,13,13,2026-03-22,Dávid Hancko,ES1,1,0,0,0,90
4645909_371998,4645909,371998,418,418,2026-03-22,Vinicius Junior,ES1,0,0,2,0,87
4626101_475188,4626101,475188,29,29,2026-03-21,Kiernan Dewsbury-Hall,GB1,0,0,0,0,89
4626101_610849,4626101,610849,631,631,2026-03-21,Liam Delap,GB1,0,0,0,0,12
4626101_568177,4626101,568177,631,631,2026-03-21,Cole Palmer,GB1,0,0,0,0,90
4626101_505219,4626101,505219,29,29,2026-03-21,James Garner,GB1,0,0,0,1,90
4626101_487465,4626101,487465,631,631,2026-03-21,Pedro Neto,GB1,0,0,0,0,70
4626101_475411,4626101,475411,631,631,2026-03-21,Wesley Fofana,GB1,1,0,0,0,90
4626100_996897,4626100,996897,1237,1237,2026-03-21,Diego Gómez,GB1,1,0,0,1,90
4626101_404842,4626101,404842,29,29,2026-03-21,Vitaliy Mykolenko,GB1,0,0,0,0,90
4626101_284857,4626101,284857,631,631,2026-03-21,Marc Cucurella,GB1,0,0,0,0,90
4626101_1056993,4626101,1056993,631,631,2026-03-21,Estêvão,GB1,0,0,0,0,20
4626100_973085,4626100,973085,1237,1237,2026-03-21,Carlos Baleba,GB1,0,0,0,0,14
4626100_867688,4626100,867688,1237,1237,2026-03-21,Jack Hinshelwood,GB1,0,0,0,1,83
4626101_623570,4626101,623570,29,29,2026-03-21,Iliman Ndiaye,GB1,0,0,1,0,89
4626100_730861,4626100,730861,31,31,2026-03-21,Milos Kerkez,GB1,0,0,1,0,76
4626101_620322,4626101,620322,631,631,2026-03-21,Malo Gusto,GB1,0,0,0,0,45
4626102_279455,4626102,279455,931,931,2026-03-21,Harry Wilson,GB1,0,0,1,0,87
4626101_626724,4626101,626724,631,631,2026-03-21,João Pedro,GB1,0,0,0,0,78
4626101_648195,4626101,648195,631,631,2026-03-21,Enzo Fernández,GB1,0,0,0,0,90
4626101_661053,4626101,661053,29,29,2026-03-21,Jarrad Branthwaite,GB1,0,0,0,0,12
4626101_687626,4626101,687626,631,631,2026-03-21,Moisés Caicedo,GB1,0,0,0,0,78
4626101_743600,4626101,743600,631,631,2026-03-21,Andrey Santos,GB1,0,0,0,0,33
4626101_811779,4626101,811779,631,631,2026-03-21,Alejandro Garnacho,GB1,1,0,0,0,45
4626101_904802,4626101,904802,631,631,2026-03-21,Jorrel Hato,GB1,0,0,0,0,90
4626101_937941,4626101,937941,29,29,2026-03-21,Thierno Barry,GB1,0,0,0,0,9
4626102_1011131,4626102,1011131,931,931,2026-03-21,Josh King,GB1,0,0,1,1,82
4626102_333014,4626102,333014,931,931,2026-03-21,Sander Berge,GB1,0,0,0,0,90
4626102_461883,4626102,461883,931,931,2026-03-21,Calvin Bassey,GB1,0,0,0,0,90
4626102_661207,4626102,661207,931,281,2026-03-21,Oscar Bobb,GB1,0,0,0,0,62
4626102_842341,4626102,842341,1132,1132,2026-03-21,Maxime Estève,GB1,0,0,0,0,90
4621011_265088,4621011,265088,506,506,2026-03-21,Manuel Locatelli,IT1,0,0,0,0,90
4626100_709726,4626100,709726,31,31,2026-03-21,Hugo Ekitiké,GB1,0,0,0,0,8
4621011_845654,4621011,845654,506,506,2026-03-21,Kenan Yıldız,IT1,0,0,1,0,90
4626100_667287,4626100,667287,1237,1237,2026-03-21,Yasin Ayari,GB1,0,0,0,0,7
4626100_1012534,4626100,1012534,1237,1237,2026-03-21,Yankuba Minteh,GB1,1,0,0,0,76
4626103_344069,4626103,344069,399,399,2026-03-21,Anton Stach,GB1,0,0,0,0,90
4621011_332697,4621011,332697,506,506,2026-03-21,Weston McKennie,IT1,0,0,0,0,90
4621011_357498,4621011,357498,506,506,2026-03-21,Dušan Vlahović,IT1,0,0,0,0,11
4621011_463618,4621011,463618,506,506,2026-03-21,Khéphren Thuram,IT1,0,0,0,0,62
4621011_487474,4621011,487474,506,506,2026-03-21,Francisco Conceição,IT1,0,0,0,1,88
4621011_516716,4621011,516716,506,506,2026-03-21,Bremer,IT1,1,0,0,0,90
4621011_585949,4621011,585949,506,506,2026-03-21,Pierre Kalulu,IT1,0,0,0,0,90
4621011_679423,4621011,679423,6574,6574,2026-03-21,Tarik Muharemović,IT1,0,0,0,0,90
4621011_921655,4621011,921655,6574,6574,2026-03-21,Ismaël Koné,IT1,0,0,0,0,90
4621012_315779,4621012,315779,5,5,2026-03-21,Christian Pulisic,IT1,0,0,0,1,77
4621012_344381,4621012,344381,5,5,2026-03-21,Christopher Nkunku,IT1,0,0,0,0,20
4621012_569598,4621012,569598,5,5,2026-03-21,Youssouf Fofana,IT1,0,0,1,0,70
4621012_574671,4621012,574671,5,5,2026-03-21,Strahinja Pavlović,IT1,1,0,1,0,90
4626100_1108466,4626100,1108466,31,31,2026-03-21,Rio Ngumoha,GB1,0,0,0,0,27
4626100_598577,4626100,598577,31,31,2026-03-21,Florian Wirtz,GB1,0,0,0,0,90
4626100_357119,4626100,357119,31,31,2026-03-21,Ibrahima Konaté,GB1,1,0,0,0,77
4626100_369316,4626100,369316,1237,1237,2026-03-21,Ferdi Kadıoğlu,GB1,0,0,0,0,90
4626100_415381,4626100,415381,1237,1237,2026-03-21,Mats Wieffer,GB1,1,0,0,0,90
4626100_433188,4626100,433188,31,31,2026-03-21,Curtis Jones,GB1,0,0,0,0,82
4626100_434675,4626100,434675,31,31,2026-03-21,Cody Gakpo,GB1,0,0,0,0,90
4626100_451276,4626100,451276,31,31,2026-03-21,Dominik Szoboszlai,GB1,1,0,0,0,90
4626100_478573,4626100,478573,31,31,2026-03-21,Ryan Gravenberch,GB1,0,0,0,0,90
4626100_484547,4626100,484547,31,31,2026-03-21,Jeremie Frimpong,GB1,1,0,0,0,63
4626100_502676,4626100,502676,31,31,2026-03-21,Giorgi Mamardashvili,GB1,0,0,0,0,90
4626100_534033,4626100,534033,31,31,2026-03-21,Alexis Mac Allister,GB1,1,0,0,0,90
4626100_538977,4626100,538977,1237,1237,2026-03-21,Georginio Rutter,GB1,0,0,0,0,7
4626100_565093,4626100,565093,1237,1237,2026-03-21,Bart Verbruggen,GB1,0,0,0,0,90
4626100_576314,4626100,576314,1237,1237,2026-03-21,Jan Paul van Hecke,GB1,0,0,0,0,90
4626103_340918,4626103,340918,1148,1148,2026-03-21,Caoimhín Kelleher,GB1,0,0,0,0,90
4634430_467437,4634430,467437,15,15,2026-03-21,Malik Tillman,L1,0,0,1,0,82
4626103_346890,4626103,346890,399,399,2026-03-21,Noah Okafor,GB1,0,0,0,0,21
4635247_914562,4635247,914562,583,583,2026-03-21,Désiré Doué,FR1,0,0,1,0,76
4634430_905011,4634430,905011,15,15,2026-03-21,Ibrahim Maza,L1,1,0,0,0,90
4634431_1168219,4634431,1168219,3,3,2026-03-21,Said El Mala,L1,0,0,1,0,77
4635247_1185888,4635247,1185888,583,583,2026-03-21,Ibrahim Mbaye,FR1,0,0,0,0,14
4635247_288230,4635247,288230,583,583,2026-03-21,Ousmane Dembélé,FR1,0,0,0,1,26
4635247_318470,4635247,318470,583,583,2026-03-21,Matvey Safonov,FR1,0,0,0,0,90
4635247_487469,4635247,487469,583,583,2026-03-21,Vitinha,FR1,0,0,0,0,90
4635247_502670,4635247,502670,583,583,2026-03-21,Khvicha Kvaratskhelia,FR1,0,0,0,0,76
4635247_550550,4635247,550550,583,583,2026-03-21,Gonçalo Ramos,FR1,0,0,0,0,14
4635247_557149,4635247,557149,583,583,2026-03-21,Kang-in Lee,FR1,0,0,0,0,64
4635247_659089,4635247,659089,583,583,2026-03-21,Ilya Zabarnyi,FR1,0,0,0,0,90
4635247_661171,4635247,661171,583,583,2026-03-21,Willian Pacho,FR1,0,0,0,0,90
4635247_810092,4635247,810092,583,583,2026-03-21,Warren Zaïre-Emery,FR1,0,0,1,0,90
4635247_903693,4635247,903693,583,583,2026-03-21,Senny Mayulu,FR1,1,0,0,0,43
4645910_1005575,4645910,1005575,12321,12321,2026-03-21,Vitor Reis,ES1,0,0,0,0,90
4634430_632349,4634430,632349,15,15,2026-03-21,Jarell Quansah,L1,1,0,0,0,90
4645910_935231,4645910,935231,331,331,2026-03-21,Víctor Muñoz,ES1,0,0,0,0,90
4645915_709372,4645915,709372,714,714,2026-03-21,Carlos Romero,ES1,0,0,0,0,90
4645917_834764,4645917,834764,1049,1049,2026-03-21,Javi Guerra,ES1,0,0,0,0,89
4648867_982575,4648867,982575,3329,3329,2026-03-21,Gustavo Sá,PO1,1,0,0,1,89
4648870_324503,4648870,324503,294,294,2026-03-21,Vangelis Pavlidis,PO1,0,0,1,0,82
4648870_504087,4648870,504087,294,294,2026-03-21,Tomás Araújo,PO1,0,0,0,0,90
4648870_537844,4648870,537844,294,294,2026-03-21,Anatoliy Trubin,PO1,0,0,0,0,90
4648870_623325,4648870,623325,294,660,2026-03-21,Georgiy Sudakov,PO1,0,0,0,0,77
4648870_670103,4648870,670103,294,294,2026-03-21,Andreas Schjelderup,PO1,0,0,0,0,77
4648870_735573,4648870,735573,294,294,2026-03-21,Richard Ríos,PO1,0,0,0,2,90
4649363_515744,4649363,515744,16704,16704,2026-03-21,Eduard Spertsyan,RU1,0,0,0,2,87
4649365_651580,4649365,651580,2410,2410,2026-03-21,Matvey Kislyak,RU1,0,0,1,0,90
4626103_392771,4626103,392771,399,399,2026-03-21,Ethan Ampadu,GB1,0,0,0,0,90
4634430_718303,4634430,718303,15,1090,2026-03-21,Ernest Poku,L1,0,0,0,0,45
4635247_616341,4635247,616341,583,583,2026-03-21,Nuno Mendes,FR1,0,0,1,1,76
4634430_401578,4634430,401578,15,15,2026-03-21,Exequiel Palacios,L1,0,0,0,0,90
4634423_483046,4634423,483046,27,27,2026-03-21,Josip Stanisic,L1,0,0,0,0,90
4626103_469050,4626103,469050,1148,1148,2026-03-21,Nathan Collins,GB1,0,0,0,0,90
4626103_473050,4626103,473050,1148,1148,2026-03-21,Kevin Schade,GB1,0,0,0,0,77
4626103_541231,4626103,541231,1148,1148,2026-03-21,Sepp van den Berg,GB1,0,0,0,0,90
4634430_1364454,4634430,1364454,15,15,2026-03-21,Christian Kofane,L1,0,0,0,0,3
4626103_717411,4626103,717411,1148,1148,2026-03-21,Yegor Yarmolyuk,GB1,0,0,0,0,90
4626103_739443,4626103,739443,1148,1148,2026-03-21,Igor Thiago,GB1,0,0,0,0,90
4626103_823231,4626103,823231,1148,1148,2026-03-21,Dango Ouattara,GB1,0,0,0,0,13
4626103_823486,4626103,823486,1148,1148,2026-03-21,Michael Kayode,GB1,0,0,0,0,90
4634423_1075147,4634423,1075147,27,27,2026-03-21,Lennart Karl,L1,0,0,0,0,61
4634423_132098,4634423,132098,27,27,2026-03-21,Harry Kane,L1,0,0,1,0,90
4634423_161056,4634423,161056,27,27,2026-03-21,Joshua Kimmich,L1,0,0,0,0,90
4634423_223967,4634423,223967,27,27,2026-03-21,Konrad Laimer,L1,0,0,0,1,90
4634423_344695,4634423,344695,27,27,2026-03-21,Dayot Upamecano,L1,1,0,0,0,61
4626103_644401,4626103,644401,1148,1148,2026-03-21,Keane Lewis-Potter,GB1,0,0,0,0,90
4634423_566723,4634423,566723,27,27,2026-03-21,Michael Olise,L1,0,0,1,0,90
4634424_496094,4634424,496094,16,16,2026-03-21,Karim Adeyemi,L1,1,0,0,0,45
4634423_822959,4634423,822959,27,27,2026-03-21,Tom Bischof,L1,0,0,0,0,29
4634427_669380,4634427,669380,82,82,2026-03-21,Konstantinos Koulierakis,L1,0,0,0,0,90
4634424_892160,4634424,892160,41,148,2026-03-21,Luka Vuskovic,L1,0,0,0,0,90
4634424_796297,4634424,796297,16,16,2026-03-21,Jobe Bellingham,L1,0,0,0,0,90
4634424_578392,4634424,578392,16,16,2026-03-21,Maximilian Beier,L1,0,0,0,1,90
4634427_1084638,4634427,1084638,86,86,2026-03-21,Karim Coulibaly,L1,0,0,0,0,29
4634424_406640,4634424,406640,16,16,2026-03-21,Felix Nmecha,L1,0,0,0,0,90
4634424_388198,4634424,388198,16,16,2026-03-21,Nico Schlotterbeck,L1,0,0,0,0,90
4634424_370789,4634424,370789,16,16,2026-03-21,Julian Ryerson,L1,1,0,0,0,90
4634424_270541,4634424,270541,16,16,2026-03-21,Serhou Guirassy,L1,0,0,1,0,45
4634424_257814,4634424,257814,16,16,2026-03-21,Gregor Kobel,L1,0,0,0,0,90
4626099_711337,4626099,711337,989,989,2026-03-20,Evanilson,GB1,0,0,0,1,90
4626099_357147,4626099,357147,985,985,2026-03-20,Diogo Dalot,GB1,0,0,0,0,90
4626099_654539,4626099,654539,989,989,2026-03-20,Adrien Truffert,GB1,0,0,0,1,90
4626099_627442,4626099,627442,985,985,2026-03-20,Benjamin Sesko,GB1,1,0,0,0,19
4626099_536835,4626099,536835,985,985,2026-03-20,Amad Diallo,GB1,0,0,0,0,90
4626099_517894,4626099,517894,985,985,2026-03-20,Matheus Cunha,GB1,0,0,0,1,82
4626099_503883,4626099,503883,985,1096,2026-03-20,Senne Lammens,GB1,0,0,0,0,90
4626099_476701,4626099,476701,985,985,2026-03-20,Manuel Ugarte,GB1,0,0,0,0,8
4626099_465555,4626099,465555,989,989,2026-03-20,Djordje Petrovic,GB1,0,0,0,0,90
4626099_413039,4626099,413039,985,985,2026-03-20,Bryan Mbeumo,GB1,0,0,0,0,71
4626099_399434,4626099,399434,989,989,2026-03-20,Marcus Tavernier,GB1,0,0,0,0,90
4621007_895937,4621007,895937,1390,1390,2026-03-20,Marco Palestra,IT1,0,0,0,0,90
4626099_346483,4626099,346483,985,985,2026-03-20,Mason Mount,GB1,0,0,0,0,1
4626099_240306,4626099,240306,985,985,2026-03-20,Bruno Fernandes,GB1,0,0,1,0,90
4626099_1078163,4626099,1078163,985,985,2026-03-20,Ayden Heaven,GB1,0,0,0,0,8
4626099_1012564,4626099,1012564,989,989,2026-03-20,Rayan,GB1,0,0,0,0,87
4621010_855308,4621010,855308,410,410,2026-03-20,Arthur Atta,IT1,0,0,0,0,45
4621007_830365,4621007,830365,6195,6195,2026-03-20,Alisson Santos,IT1,0,0,0,0,35
4621007_610442,4621007,610442,6195,6195,2026-03-20,Rasmus Højlund,IT1,0,0,0,0,90
4621007_386446,4621007,386446,6195,6195,2026-03-20,Alessandro Buongiorno,IT1,0,0,0,0,90
4621007_315969,4621007,315969,6195,6195,2026-03-20,Scott McTominay,IT1,0,0,1,0,90
4626099_855256,4626099,855256,989,989,2026-03-20,Alex Scott,GB1,0,0,0,0,90
4626099_820374,4626099,820374,985,985,2026-03-20,Kobbie Mainoo,GB1,0,0,0,0,90
4626099_469781,4626099,469781,989,989,2026-03-20,Marcos Senesi,GB1,0,0,0,0,90
4626099_923831,4626099,923831,985,985,2026-03-20,Leny Yoro,GB1,0,0,0,0,90
4634426_894914,4634426,894914,23826,23826,2026-03-20,Antonio Nusa,L1,0,0,0,0,24
4626099_955357,4626099,955357,989,989,2026-03-20,Junior Kroupi,GB1,0,0,1,0,17
4645911_733576,4645911,733576,1050,1050,2026-03-20,Alberto Moleiro,ES1,0,0,0,0,74
4645911_729814,4645911,729814,1050,1050,2026-03-20,Georges Mikautadze,ES1,0,0,1,1,89
4645911_711374,4645911,711374,681,681,2026-03-20,Jon Gorrotxategi,ES1,0,0,0,0,45
4645911_485963,4645911,485963,1050,1050,2026-03-20,Pape Gueye,ES1,0,0,0,0,89
4645911_351478,4645911,351478,681,681,2026-03-20,Mikel Oyarzabal,ES1,0,0,0,0,82
4645911_1018938,4645911,1018938,681,681,2026-03-20,Jon Martín,ES1,0,0,0,0,90
4635244_808348,4635244,808348,826,826,2026-03-20,Mamadou Sangaré,FR1,0,0,1,0,45
4635244_743515,4635244,743515,826,826,2026-03-20,Robin Risser,FR1,0,0,0,0,90
4634426_957874,4634426,957874,23826,23826,2026-03-20,Rômulo,L1,0,0,0,0,76
4645911_805714,4645911,805714,1050,1050,2026-03-20,Renato Veiga,ES1,0,0,0,0,90
4634426_700106,4634426,700106,23826,23826,2026-03-20,Brajan Gruda,L1,0,0,2,1,90
4634426_579459,4634426,579459,533,533,2026-03-20,Albian Hajdari,L1,0,0,0,0,45
4634426_524290,4634426,524290,533,533,2026-03-20,Fisnik Asllani,L1,0,0,0,0,45
4634426_404950,4634426,404950,23826,23826,2026-03-20,Nicolas Seiwald,L1,0,0,0,0,90
4634426_324278,4634426,324278,23826,23826,2026-03-20,Christoph Baumgartner,L1,0,0,2,0,90
4634426_318204,4634426,318204,23826,23826,2026-03-20,David Raum,L1,0,0,0,1,82
4634426_1390649,4634426,1390649,23826,23826,2026-03-20,Yan Diomande,L1,0,0,0,1,66
4634426_618472,4634426,618472,23826,23826,2026-03-20,Castello Lukeba,L1,0,0,0,0,90
4634426_1067904,4634426,1067904,533,533,2026-03-20,Bazoumana Touré,L1,0,0,0,0,69
4805916_443710,4805916,443710,79,79,2026-03-19,Angelo Stiller,EL,0,0,0,0,78
4805916_357153,4805916,357153,720,720,2026-03-19,Diogo Costa,EL,0,0,0,0,90
4805916_425918,4805916,425918,720,11,2026-03-19,Jakub Kiwior,EL,0,0,0,0,32
4805916_436064,4805916,436064,79,79,2026-03-19,Ramon Hendriks,EL,0,0,0,0,90
4805916_957653,4805916,957653,720,720,2026-03-19,Rodrigo Mora,EL,1,0,0,0,45
4805916_654982,4805916,654982,79,79,2026-03-19,Bilal El Khannouss,EL,0,0,0,0,90
4805916_926993,4805916,926993,720,720,2026-03-19,Victor Froholdt,EL,0,0,1,0,45
4805915_971570,4805915,971570,1041,418,2026-03-19,Endrick,EL,0,0,0,0,67
4805917_1005649,4805917,1005649,703,703,2026-03-19,Murillo,EL,1,0,0,0,59
4805916_1004725,4805916,1004725,720,720,2026-03-19,William Gomes,EL,0,0,1,0,58
4805914_927353,4805914,927353,60,60,2026-03-19,Johan Manzambi,EL,1,0,0,1,81
4805915_743386,4805915,743386,1041,1041,2026-03-19,Malick Fofana,EL,0,0,0,0,8
4805915_618494,4805915,618494,1041,1041,2026-03-19,Tyler Morton,EL,0,0,0,0,82
4805914_990148,4805914,990148,1184,1184,2026-03-19,Konstantinos Karetsas,EL,0,0,0,1,90
4805914_668606,4805914,668606,60,60,2026-03-19,Yuito Suzuki,EL,0,0,1,1,90
4805914_526845,4805914,526845,60,60,2026-03-19,Noah Atubolu,EL,0,0,0,0,90
4805913_735568,4805913,735568,150,150,2026-03-19,Natan,EL,0,0,0,0,90
4805913_724520,4805913,724520,150,150,2026-03-19,Abde Ezzalzouli,EL,0,0,0,1,90
4805913_602105,4805913,602105,150,150,2026-03-19,Antony,EL,0,0,1,0,90
4805917_413507,4805917,413507,703,703,2026-03-19,Nikola Milenković,EL,0,0,0,1,61
4648002_454567,4648002,454567,114,114,2026-03-19,Orkun Kökçü,TR1,0,0,1,1,90
4805917_365108,4805917,365108,703,703,2026-03-19,Dan Ndoye,EL,0,0,0,0,61
4805916_756990,4805916,756990,720,720,2026-03-19,Alan Varela,EL,0,0,0,0,17
4805917_429014,4805917,429014,703,703,2026-03-19,Morgan Gibbs-White,EL,0,0,0,0,59
4805918_964580,4805918,964580,12,12,2026-03-19,Wesley,EL,0,0,0,0,120
4805917_503680,4805917,503680,703,703,2026-03-19,Neco Williams,EL,0,0,0,0,59
4839901_720286,4839901,720286,932,932,2026-03-19,Aleksey Batrakov,RUP,1,0,0,1,90
4805919_724129,4805919,724129,1082,1082,2026-03-19,Matias Fernandez-Pardo,EL,0,0,0,0,23
4805919_548254,4805919,548254,1082,1082,2026-03-19,Nathan Ngoy,EL,0,0,0,0,90
4805919_503743,4805919,503743,405,405,2026-03-19,Morgan Rogers,EL,0,0,0,0,84
4805919_485706,4805919,485706,405,405,2026-03-19,Amadou Onana,EL,0,0,0,0,90
4805919_485585,4805919,485585,405,405,2026-03-19,Ian Maatsen,EL,0,0,0,0,90
4805919_324358,4805919,324358,405,405,2026-03-19,Ollie Watkins,EL,0,0,0,1,34
4805919_1097139,4805919,1097139,1082,1082,2026-03-19,Ayyoub Bouaddi,EL,0,0,0,0,67
4805919_652275,4805919,652275,1082,1082,2026-03-19,Hákon Arnar Haraldsson,EL,0,0,0,0,23
4805918_849520,4805918,849520,1025,1025,2026-03-19,Santiago Castro,EL,0,0,1,1,73
4805918_338670,4805918,338670,12,12,2026-03-19,Mile Svilar,EL,0,0,0,0,120
4805918_813137,4805918,813137,12,12,2026-03-19,Niccolò Pisilli,EL,0,0,0,0,104
4805917_567576,4805917,567576,703,703,2026-03-19,Elliot Anderson,EL,1,0,0,0,45
4805918_326029,4805918,326029,12,12,2026-03-19,Donyell Malen,EL,0,0,1,0,120
4805917_741238,4805917,741238,703,703,2026-03-19,Omari Hutchinson,EL,0,0,0,0,61
4805918_371149,4805918,371149,12,12,2026-03-19,Evan Ndicka,EL,0,0,1,0,120
4805918_624690,4805918,624690,12,12,2026-03-19,Manu Koné,EL,0,0,0,0,20
4805918_672381,4805918,672381,1025,244,2026-03-19,Jonathan Rowe,EL,0,0,1,1,73
4805917_540664,4805917,540664,703,667,2026-03-19,Dilane Bakwa,EL,0,0,0,0,75
4814365_132098,4814365,132098,27,27,2026-03-18,Harry Kane,CL,0,0,2,0,72
4814365_483046,4814365,483046,27,27,2026-03-18,Josip Stanisic,CL,0,0,0,1,72
4814365_196357,4814365,196357,27,27,2026-03-18,Jonathan Tah,CL,0,0,0,0,90
4814365_315867,4814365,315867,800,800,2026-03-18,Gianluca Scamacca,CL,0,0,0,0,71
4814365_434433,4814365,434433,800,1005,2026-03-18,Nikola Krstović,CL,0,0,0,0,19
4814365_435772,4814365,435772,800,800,2026-03-18,Charles De Ketelaere,CL,0,0,0,0,57
4814365_480692,4814365,480692,27,27,2026-03-18,Luis Díaz,CL,0,0,1,1,90
4814365_822959,4814365,822959,27,27,2026-03-18,Tom Bischof,CL,0,0,0,0,72
4814365_571604,4814365,571604,800,800,2026-03-18,Giorgio Scalvini,CL,0,0,0,0,83
4814365_607854,4814365,607854,800,800,2026-03-18,Éderson,CL,0,0,0,0,57
4814365_776890,4814365,776890,27,27,2026-03-18,Nicolas Jackson,CL,0,0,0,0,18
4814366_1018920,4814366,1018920,131,131,2026-03-18,Marc Bernal,CL,0,0,1,0,90
4814366_293385,4814366,293385,131,131,2026-03-18,Dani Olmo,CL,0,0,0,0,23
4814366_333241,4814366,333241,762,762,2026-03-18,Joelinton,CL,1,0,0,0,64
4814365_1075147,4814365,1075147,27,27,2026-03-18,Lennart Karl,CL,0,0,1,1,90
4814365_1077175,4814365,1077175,800,800,2026-03-18,Honest Ahanor,CL,0,0,0,0,7
4814363_434675,4814363,434675,31,31,2026-03-18,Cody Gakpo,CL,0,0,0,0,16
4814363_730861,4814363,730861,31,31,2026-03-18,Milos Kerkez,CL,0,0,0,0,90
4814363_451276,4814363,451276,31,31,2026-03-18,Dominik Szoboszlai,CL,0,0,1,0,90
4814366_397033,4814366,397033,762,762,2026-03-18,Sandro Tonali,CL,0,0,0,0,55
4805912_606752,4805912,606752,1075,1075,2026-03-18,Rodrigo Zalazar,EL,1,0,0,1,90
4814363_1108466,4814363,1108466,31,31,2026-03-18,Rio Ngumoha,CL,0,0,0,0,1
4814363_357119,4814363,357119,31,31,2026-03-18,Ibrahima Konaté,CL,0,0,0,0,90
4814363_401923,4814363,401923,141,141,2026-03-18,Victor Osimhen,CL,0,0,0,0,45
4814363_433188,4814363,433188,31,31,2026-03-18,Curtis Jones,CL,0,0,0,0,23
4814363_478573,4814363,478573,31,31,2026-03-18,Ryan Gravenberch,CL,0,0,1,0,89
4814363_709726,4814363,709726,31,31,2026-03-18,Hugo Ekitiké,CL,0,0,1,0,89
4814363_484547,4814363,484547,31,31,2026-03-18,Jeremie Frimpong,CL,0,0,0,0,67
4814363_534033,4814363,534033,31,31,2026-03-18,Alexis Mac Allister,CL,0,0,0,1,90
4814363_541537,4814363,541537,141,141,2026-03-18,Barış Alper Yılmaz,CL,0,0,0,0,90
4814363_553469,4814363,553469,141,141,2026-03-18,Gabriel Sara,CL,0,0,0,0,90
4814363_598577,4814363,598577,31,31,2026-03-18,Florian Wirtz,CL,0,0,0,1,89
4814363_648779,4814363,648779,141,141,2026-03-18,Wilfried Singo,CL,0,0,0,0,90
4814366_361093,4814366,361093,762,762,2026-03-18,Sven Botman,CL,0,0,0,0,26
4814365_792380,4814365,792380,27,27,2026-03-18,Aleksandar Pavlovic,CL,0,0,0,0,56
4814366_398065,4814366,398065,762,762,2026-03-18,Harvey Barnes,CL,0,0,0,1,90
4814367_355915,4814367,355915,148,148,2026-03-18,Cristian Romero,CL,1,0,0,0,81
4814367_406040,4814367,406040,13,800,2026-03-18,Ademola Lookman,CL,1,0,0,1,63
4814367_483348,4814367,483348,148,148,2026-03-18,Djed Spence,CL,0,0,0,0,90
4814367_488362,4814367,488362,148,148,2026-03-18,Conor Gallagher,CL,0,0,0,0,9
4814367_548111,4814367,548111,13,13,2026-03-18,Álex Baena,CL,0,0,0,0,6
4814367_553875,4814367,553875,148,148,2026-03-18,Pedro Porro,CL,1,0,0,0,74
4814367_556385,4814367,556385,148,148,2026-03-18,Destiny Udogie,CL,1,0,0,0,24
4814367_557459,4814367,557459,148,148,2026-03-18,Micky van de Ven,CL,0,0,0,0,90
4814367_568693,4814367,568693,148,148,2026-03-18,Pape Matar Sarr,CL,0,0,0,0,90
4814367_576024,4814367,576024,13,13,2026-03-18,Julián Alvarez,CL,0,0,1,1,84
4814367_616631,4814367,616631,13,13,2026-03-18,Matteo Ruggeri,CL,1,0,0,0,90
4814367_742201,4814367,742201,13,13,2026-03-18,Giuliano Simeone,CL,0,0,0,0,87
4814367_866246,4814367,866246,148,148,2026-03-18,Lucas Bergvall,CL,0,0,0,0,16
4814367_922693,4814367,922693,148,148,2026-03-18,Archie Gray,CL,0,0,0,1,81
4839900_800175,4839900,800175,964,964,2026-03-18,Luiz Henrique,RUP,0,0,0,0,80
4814366_398184,4814366,398184,131,131,2026-03-18,Ferran Torres,CL,0,0,0,0,24
4814367_404418,4814367,404418,13,13,2026-03-18,Dávid Hancko,CL,0,0,1,0,90
4814367_566931,4814367,566931,148,23826,2026-03-18,Xavi Simons,CL,0,0,2,0,90
4814366_962110,4814366,962110,131,131,2026-03-18,Pau Cubarsí,CL,1,0,0,0,90
4814366_411295,4814366,411295,131,131,2026-03-18,Raphinha,CL,0,0,2,3,90
4814366_937958,4814366,937958,131,131,2026-03-18,Lamine Yamal,CL,0,0,1,1,90
4814366_466794,4814366,466794,131,131,2026-03-18,Eric García,CL,0,0,0,0,22
4814366_503733,4814366,503733,762,762,2026-03-18,Anthony Gordon,CL,0,0,0,0,81
4814366_503749,4814366,503749,762,762,2026-03-18,Jacob Ramsey,CL,0,0,0,0,90
4814366_503981,4814366,503981,762,762,2026-03-18,Tino Livramento,CL,0,0,0,0,45
4814366_521964,4814366,521964,762,762,2026-03-18,Malick Thiaw,CL,0,0,0,0,90
4814366_561613,4814366,561613,131,131,2026-03-18,Joan García,CL,0,0,0,0,82
4814366_583189,4814366,583189,762,762,2026-03-18,Anthony Elanga,CL,0,0,2,0,64
4814366_609556,4814366,609556,762,762,2026-03-18,William Osula,CL,0,0,0,0,9
4814366_636703,4814366,636703,131,131,2026-03-18,Fermín López,CL,0,0,1,1,67
4814366_670858,4814366,670858,762,762,2026-03-18,Lewis Hall,CL,0,0,0,1,90
4814366_683840,4814366,683840,131,131,2026-03-18,Pedri,CL,0,0,0,0,90
4814366_705395,4814366,705395,131,131,2026-03-18,Gerard Martín,CL,0,0,0,1,90
4814362_810092,4814362,810092,583,583,2026-03-17,Warren Zaïre-Emery,CL,0,0,0,0,90
4814362_904802,4814362,904802,631,631,2026-03-17,Jorrel Hato,CL,0,0,0,0,90
4814362_903693,4814362,903693,583,583,2026-03-17,Senny Mayulu,CL,0,0,1,0,45
4814362_811779,4814362,811779,631,631,2026-03-17,Alejandro Garnacho,CL,0,0,0,0,31
4814362_687626,4814362,687626,631,631,2026-03-17,Moisés Caicedo,CL,0,0,0,0,90
4814362_743600,4814362,743600,631,631,2026-03-17,Andrey Santos,CL,0,0,0,0,90
4814362_708265,4814362,708265,583,583,2026-03-17,Bradley Barcola,CL,0,0,1,0,59
4814364_258004,4814364,258004,281,281,2026-03-17,Rúben Dias,CL,0,0,0,0,45
4814362_914562,4814362,914562,583,583,2026-03-17,Désiré Doué,CL,0,0,0,0,31
4814364_371998,4814364,371998,418,418,2026-03-17,Vinicius Junior,CL,0,0,2,0,90
4814364_314353,4814364,314353,418,418,2026-03-17,Trent Alexander-Arnold,CL,1,0,0,0,83
4814364_314678,4814364,314678,418,418,2026-03-17,Brahim Díaz,CL,0,0,0,0,69
4814364_315858,4814364,315858,281,281,2026-03-17,Gianluigi Donnarumma,CL,0,0,0,0,90
4814364_342229,4814364,342229,418,418,2026-03-17,Kylian Mbappé,CL,1,0,0,0,21
4814364_357565,4814364,357565,281,281,2026-03-17,Rodri,CL,0,0,0,0,74
4814364_369081,4814364,369081,418,418,2026-03-17,Federico Valverde,CL,0,0,0,0,90
4814364_392757,4814364,392757,281,281,2026-03-17,Marc Guéhi,CL,0,0,0,0,45
4814364_413112,4814364,413112,418,418,2026-03-17,Aurélien Tchouaméni,CL,0,0,0,1,90
4814362_661171,4814362,661171,583,583,2026-03-17,Willian Pacho,CL,0,0,0,0,90
4814362_670681,4814362,670681,583,583,2026-03-17,João Neves,CL,0,0,0,0,45
4814362_1004708,4814362,1004708,631,631,2026-03-17,Josh Acheampong,CL,0,0,0,0,45
4814362_648195,4814362,648195,631,631,2026-03-17,Enzo Fernández,CL,0,0,0,0,60
4814362_616341,4814362,616341,583,583,2026-03-17,Nuno Mendes,CL,0,0,0,0,66
4648007_465830,4648007,465830,36,398,2026-03-17,Mattéo Guendouzi,TR1,0,0,0,1,84
4777067_515744,4777067,515744,16704,16704,2026-03-17,Eduard Spertsyan,RUP,0,0,0,1,89
4777067_651580,4777067,651580,2410,2410,2026-03-17,Matvey Kislyak,RUP,0,0,0,0,71
4814364_445939,4814364,445939,281,281,2026-03-17,Omar Marmoush,CL,0,0,0,0,34
4814362_181767,4814362,181767,583,583,2026-03-17,Marquinhos,CL,0,0,0,0,90
4814362_284857,4814362,284857,631,631,2026-03-17,Marc Cucurella,CL,0,0,0,0,71
4814362_288230,4814362,288230,583,583,2026-03-17,Ousmane Dembélé,CL,0,0,0,0,66
4814362_318470,4814362,318470,583,583,2026-03-17,Matvey Safonov,CL,0,0,0,1,90
4814362_346314,4814362,346314,631,631,2026-03-17,Trevoh Chalobah,CL,0,0,0,0,90
4814362_398073,4814362,398073,583,583,2026-03-17,Achraf Hakimi,CL,0,0,0,2,90
4814362_487465,4814362,487465,631,631,2026-03-17,Pedro Neto,CL,0,0,0,0,90
4814362_487469,4814362,487469,583,583,2026-03-17,Vitinha,CL,0,0,0,0,90
4814362_502670,4814362,502670,583,583,2026-03-17,Khvicha Kvaratskhelia,CL,0,0,1,0,73
4814362_550550,4814362,550550,583,583,2026-03-17,Gonçalo Ramos,CL,0,0,0,0,24
4814362_557149,4814362,557149,583,583,2026-03-17,Kang-in Lee,CL,0,0,0,0,17
4814362_568177,4814362,568177,631,631,2026-03-17,Cole Palmer,CL,0,0,0,0,59
4814362_610849,4814362,610849,631,631,2026-03-17,Liam Delap,CL,0,0,0,0,31
4814364_418560,4814364,418560,281,281,2026-03-17,Erling Haaland,CL,0,0,1,0,56
4814362_626724,4814362,626724,631,631,2026-03-17,João Pedro,CL,0,0,0,0,59
4814364_460939,4814364,460939,281,281,2026-03-17,Tijjani Reijnders,CL,0,0,0,0,45
4814369_495666,4814369,495666,11,11,2026-03-17,William Saliba,CL,0,0,0,0,90
4814369_335721,4814369,335721,11,11,2026-03-17,Ben White,CL,0,0,0,0,69
4814369_357662,4814369,357662,11,11,2026-03-17,Declan Rice,CL,0,0,1,0,90
4814369_401578,4814369,401578,15,15,2026-03-17,Exequiel Palacios,CL,1,0,0,0,70
4814369_423440,4814369,423440,11,11,2026-03-17,Martín Zubimendi,CL,0,0,0,0,68
4814369_433177,4814369,433177,11,11,2026-03-17,Bukayo Saka,CL,0,0,0,0,90
4814369_435338,4814369,435338,11,11,2026-03-17,Gabriel,CL,0,0,0,0,90
4814369_467437,4814369,467437,15,15,2026-03-17,Malik Tillman,CL,0,0,0,0,30
4814369_479999,4814369,479999,11,11,2026-03-17,Eberechi Eze,CL,0,0,1,0,69
4814369_564545,4814369,564545,15,15,2026-03-17,Edmond Tapsoba,CL,0,0,0,0,90
4814369_262749,4814369,262749,11,11,2026-03-17,David Raya,CL,0,0,0,0,90
4814369_632349,4814369,632349,15,15,2026-03-17,Jarell Quansah,CL,0,0,0,0,90
4814369_646750,4814369,646750,11,11,2026-03-17,Cristhian Mosquera,CL,0,0,0,0,21
4814369_655488,4814369,655488,11,11,2026-03-17,Gabriel Martinelli,CL,0,0,0,0,21
4814369_659813,4814369,659813,11,11,2026-03-17,Piero Hincapié,CL,0,0,0,0,90
4814369_718303,4814369,718303,15,1090,2026-03-17,Ernest Poku,CL,0,0,0,0,60
4814369_890721,4814369,890721,11,11,2026-03-17,Myles Lewis-Skelly,CL,0,0,0,0,1
4814369_905011,4814369,905011,15,15,2026-03-17,Ibrahim Maza,CL,0,0,0,0,90
4814364_466805,4814364,466805,281,281,2026-03-17,Nico González,CL,0,0,0,0,16
4814369_309400,4814369,309400,11,11,2026-03-17,Kai Havertz,CL,0,0,0,0,21
4814369_325443,4814369,325443,11,11,2026-03-17,Viktor Gyökeres,CL,0,0,0,0,90
4814369_1364454,4814369,1364454,15,15,2026-03-17,Christian Kofane,CL,0,0,0,0,90
4814368_412669,4814368,412669,336,336,2026-03-17,Francisco Trincão,CL,0,0,0,2,110
4814364_486049,4814364,486049,281,281,2026-03-17,Jérémy Doku,CL,0,0,0,0,90
4814364_578391,4814364,578391,281,281,2026-03-17,Rayan Aït-Nouri,CL,0,0,0,0,90
4814364_583255,4814364,583255,281,281,2026-03-17,Antoine Semenyo,CL,0,0,0,0,33
4814364_601883,4814364,601883,281,281,2026-03-17,Matheus Nunes,CL,0,0,0,0,57
4814364_607223,4814364,607223,281,281,2026-03-17,Rayan Cherki,CL,0,0,0,0,90
4814364_640428,4814364,640428,418,418,2026-03-17,Eduardo Camavinga,CL,0,0,0,0,16
4814364_763079,4814364,763079,281,281,2026-03-17,Abdukodir Khusanov,CL,1,0,0,0,90
4814364_890290,4814364,890290,418,418,2026-03-17,Dean Huijsen,CL,0,0,0,0,90
4814364_861410,4814364,861410,418,418,2026-03-17,Arda Güler,CL,0,0,0,0,74
4814368_424784,4814368,424784,336,336,2026-03-17,Luis Suárez,CL,0,0,1,1,116
4814368_426620,4814368,426620,336,336,2026-03-17,Pedro Gonçalves,CL,0,0,1,0,68
4814368_461496,4814368,461496,336,336,2026-03-17,Morten Hjulmand,CL,1,0,0,0,120
4814368_548193,4814368,548193,336,336,2026-03-17,Zeno Debast,CL,0,0,0,0,56
4814368_549006,4814368,549006,336,336,2026-03-17,Gonçalo Inácio,CL,0,0,1,0,120
4814368_572675,4814368,572675,336,336,2026-03-17,Maxi Araújo,CL,0,0,1,0,110
4814368_701979,4814368,701979,336,336,2026-03-17,Geny Catamo,CL,0,0,0,0,120
4814368_974982,4814368,974982,336,336,2026-03-17,Ousmane Diomande,CL,0,0,0,0,10
4626089_644401,4626089,644401,1148,1148,2026-03-16,Keane Lewis-Potter,GB1,0,0,0,1,90
4626089_340918,4626089,340918,1148,1148,2026-03-16,Caoimhín Kelleher,GB1,0,0,0,0,90
4626089_469050,4626089,469050,1148,1148,2026-03-16,Nathan Collins,GB1,1,0,0,0,90
4626089_473050,4626089,473050,1148,1148,2026-03-16,Kevin Schade,GB1,0,0,0,0,68
4626089_540941,4626089,540941,1148,1148,2026-03-16,Mikkel Damsgaard,GB1,0,0,0,0,72
4626089_541231,4626089,541231,1148,1148,2026-03-16,Sepp van den Berg,GB1,0,0,0,0,90
4626089_823231,4626089,823231,1148,1148,2026-03-16,Dango Ouattara,GB1,0,0,0,1,85
4626089_717411,4626089,717411,1148,1148,2026-03-16,Yegor Yarmolyuk,GB1,0,0,0,0,22
4626089_739443,4626089,739443,1148,1148,2026-03-16,Igor Thiago,GB1,0,0,1,0,90
4626089_800176,4626089,800176,543,543,2026-03-16,André,GB1,0,0,0,0,90
4626089_735570,4626089,735570,543,543,2026-03-16,João Gomes,GB1,0,0,0,1,90
4626089_823486,4626089,823486,1148,1148,2026-03-16,Michael Kayode,GB1,0,0,1,0,90
4626093_478573,4626093,478573,31,31,2026-03-15,Ryan Gravenberch,GB1,0,0,0,0,90
4626093_568693,4626093,568693,148,148,2026-03-15,Pape Matar Sarr,GB1,0,0,0,0,90
4626093_566931,4626093,566931,148,23826,2026-03-15,Xavi Simons,GB1,0,0,0,0,34
4626093_553875,4626093,553875,148,148,2026-03-15,Pedro Porro,GB1,0,0,0,0,90
4626093_534033,4626093,534033,31,31,2026-03-15,Alexis Mac Allister,GB1,0,0,0,0,90
4626093_484547,4626093,484547,31,31,2026-03-15,Jeremie Frimpong,GB1,0,0,0,0,64
4626093_483348,4626093,483348,148,148,2026-03-15,Djed Spence,GB1,0,0,0,0,76
4626093_434675,4626093,434675,31,31,2026-03-15,Cody Gakpo,GB1,0,0,0,0,83
4626093_451276,4626093,451276,31,31,2026-03-15,Dominik Szoboszlai,GB1,0,0,1,0,90
4626093_709726,4626093,709726,31,31,2026-03-15,Hugo Ekitiké,GB1,0,0,0,0,26
4626093_433188,4626093,433188,31,31,2026-03-15,Curtis Jones,GB1,0,0,0,0,26
4626093_378710,4626093,378710,148,148,2026-03-15,Richarlison,GB1,0,0,1,0,90
4626093_258889,4626093,258889,148,148,2026-03-15,Dominic Solanke,GB1,0,0,0,0,90
4626093_1108466,4626093,1108466,31,31,2026-03-15,Rio Ngumoha,GB1,0,0,0,0,64
4626092_744149,4626092,744149,873,873,2026-03-15,Adam Wharton,GB1,0,0,0,0,30
4626093_598577,4626093,598577,31,31,2026-03-15,Florian Wirtz,GB1,0,0,0,0,64
4626094_324358,4626094,324358,405,405,2026-03-15,Ollie Watkins,GB1,1,0,0,0,60
4626093_922693,4626093,922693,148,148,2026-03-15,Archie Gray,GB1,0,0,0,0,90
4626094_503743,4626094,503743,405,405,2026-03-15,Morgan Rogers,GB1,0,0,0,0,90
4626092_578539,4626092,578539,873,873,2026-03-15,Chris Richards,GB1,0,0,0,0,90
4626094_820374,4626094,820374,985,985,2026-03-15,Kobbie Mainoo,GB1,0,0,0,0,90
4626094_627442,4626094,627442,985,985,2026-03-15,Benjamin Sesko,GB1,0,0,1,0,15
4626094_536835,4626094,536835,985,985,2026-03-15,Amad Diallo,GB1,0,0,0,0,90
4626094_517894,4626094,517894,985,985,2026-03-15,Matheus Cunha,GB1,0,0,1,0,90
4626094_503883,4626094,503883,985,1096,2026-03-15,Senne Lammens,GB1,0,0,0,0,90
4626094_485706,4626094,485706,405,405,2026-03-15,Amadou Onana,GB1,0,0,0,0,90
4626094_240306,4626094,240306,985,985,2026-03-15,Bruno Fernandes,GB1,0,0,0,2,90
4626094_923831,4626094,923831,985,985,2026-03-15,Leny Yoro,GB1,1,0,0,0,90
4626094_485585,4626094,485585,405,405,2026-03-15,Ian Maatsen,GB1,0,0,0,0,8
4626094_476701,4626094,476701,985,985,2026-03-15,Manuel Ugarte,GB1,0,0,0,0,1
4626094_413403,4626094,413403,405,405,2026-03-15,Ezri Konsa,GB1,0,0,0,0,90
4626094_413039,4626094,413039,985,985,2026-03-15,Bryan Mbeumo,GB1,0,0,0,0,75
4626094_357147,4626094,357147,985,985,2026-03-15,Diogo Dalot,GB1,0,0,0,0,90
4626092_730893,4626092,730893,873,873,2026-03-15,Tyrick Mitchell,GB1,0,0,0,0,90
4620995_813137,4620995,813137,12,12,2026-03-15,Niccolò Pisilli,IT1,0,0,0,0,23
4626092_568157,4626092,568157,873,1050,2026-03-15,Yéremy Pino,GB1,0,0,0,0,10
4620995_668547,4620995,668547,1047,1047,2026-03-15,Máximo Perrone,IT1,0,0,0,0,23
4620998_344381,4620998,344381,5,5,2026-03-15,Christopher Nkunku,IT1,0,0,0,0,23
4620998_315779,4620998,315779,5,5,2026-03-15,Christian Pulisic,IT1,0,0,0,0,90
4620995_964580,4620995,964580,12,12,2026-03-15,Wesley,IT1,0,0,0,0,64
4620995_948294,4620995,948294,1047,1047,2026-03-15,Nico Paz,IT1,0,0,0,0,77
4620995_1061282,4620995,1061282,1047,1047,2026-03-15,Assane Diao,IT1,0,0,0,0,45
4620995_948278,4620995,948278,1047,1047,2026-03-15,Jacobo Ramón,IT1,0,0,0,0,90
4620995_624690,4620995,624690,12,12,2026-03-15,Manu Koné,IT1,0,0,0,0,90
4620998_470394,4620998,470394,398,398,2026-03-15,Kenneth Taylor,IT1,0,0,0,0,90
4620995_580451,4620995,580451,1047,1047,2026-03-15,Martin Baturina,IT1,0,0,0,0,90
4620995_523318,4620995,523318,1047,1047,2026-03-15,Anastasios Douvikas,IT1,0,0,1,0,45
4620995_338670,4620995,338670,12,12,2026-03-15,Mile Svilar,IT1,0,0,0,0,90
4620995_326029,4620995,326029,12,12,2026-03-15,Donyell Malen,IT1,0,0,1,0,67
4620995_1190411,4620995,1190411,1047,1047,2026-03-15,Jesús Rodríguez,IT1,0,0,0,0,13
4626095_1011131,4626095,1011131,931,931,2026-03-15,Josh King,GB1,0,0,0,0,63
4620998_357164,4620998,357164,5,5,2026-03-15,Rafael Leão,IT1,0,0,0,0,67
4620998_569598,4620998,569598,5,5,2026-03-15,Youssouf Fofana,IT1,0,0,0,0,67
4626092_500689,4626092,500689,873,873,2026-03-15,Evann Guessand,GB1,0,0,0,0,90
4626092_344069,4626092,344069,399,399,2026-03-15,Anton Stach,GB1,0,0,0,0,90
4626092_470607,4626092,470607,873,148,2026-03-15,Brennan Johnson,GB1,1,0,0,0,80
4626092_434224,4626092,434224,873,873,2026-03-15,Maxence Lacroix,GB1,0,0,0,0,90
4626092_429983,4626092,429983,873,543,2026-03-15,Jørgen Strand Larsen,GB1,0,0,0,0,60
4626092_420002,4626092,420002,873,873,2026-03-15,Jean-Philippe Mateta,GB1,0,0,0,0,30
4626092_410225,4626092,410225,873,873,2026-03-15,Ismaïla Sarr,GB1,0,0,0,0,90
4626092_392771,4626092,392771,399,399,2026-03-15,Ethan Ampadu,GB1,0,0,0,0,90
4626092_1006411,4626092,1006411,873,873,2026-03-15,Jaydee Canvot,GB1,0,0,0,0,80
4620998_574671,4620998,574671,5,5,2026-03-15,Strahinja Pavlović,IT1,0,0,0,0,90
4621001_921655,4621001,921655,6574,6574,2026-03-15,Ismaël Koné,IT1,0,0,0,0,75
4621001_849520,4621001,849520,1025,1025,2026-03-15,Santiago Castro,IT1,0,0,0,0,26
4621001_679423,4621001,679423,6574,6574,2026-03-15,Tarik Muharemović,IT1,0,0,0,0,90
4621000_895937,4621000,895937,1390,1390,2026-03-15,Marco Palestra,IT1,0,0,0,0,90
4620998_618341,4620998,618341,398,398,2026-03-15,Mario Gila,IT1,0,0,0,0,90
4620998_608172,4620998,608172,5,5,2026-03-15,Ardon Jashari,IT1,0,0,0,0,90
4626095_1005649,4626095,1005649,703,703,2026-03-15,Murillo,GB1,0,0,0,0,90
4647995_454567,4647995,454567,114,114,2026-03-15,Orkun Kökçü,TR1,0,0,1,0,83
4626095_279455,4626095,279455,931,931,2026-03-15,Harry Wilson,GB1,0,0,0,0,90
4645920_709372,4645920,709372,714,714,2026-03-15,Carlos Romero,ES1,1,0,0,0,90
4645925_561613,4645925,561613,131,131,2026-03-15,Joan García,ES1,0,0,0,0,90
4645925_411295,4645925,411295,131,131,2026-03-15,Raphinha,ES1,0,0,3,0,82
4645925_293385,4645925,293385,131,131,2026-03-15,Dani Olmo,ES1,0,0,1,0,90
4645925_1018920,4645925,1018920,131,131,2026-03-15,Marc Bernal,ES1,0,0,0,0,67
4645923_935231,4645923,935231,331,331,2026-03-15,Víctor Muñoz,ES1,0,0,1,0,90
4645923_351478,4645923,351478,681,681,2026-03-15,Mikel Oyarzabal,ES1,0,0,1,0,90
4641539_859035,4641539,859035,1090,1090,2026-03-15,Kees Smit,NL1,0,0,0,0,90
4645925_646740,4645925,646740,131,131,2026-03-15,Gavi,ES1,0,0,0,0,8
4641539_552655,4641539,552655,1090,1090,2026-03-15,Troy Parrott,NL1,0,0,1,2,76
4641380_1105541,4641380,1105541,58,58,2026-03-15,Nathan De Cat,BE1,1,0,0,0,90
4641376_990148,4641376,990148,1184,1184,2026-03-15,Konstantinos Karetsas,BE1,0,0,0,0,69
4635236_724129,4635236,724129,1082,1082,2026-03-15,Matias Fernandez-Pardo,FR1,0,0,1,1,90
4635236_652275,4635236,652275,1082,1082,2026-03-15,Hákon Arnar Haraldsson,FR1,0,0,1,0,89
4635236_548254,4635236,548254,1082,1082,2026-03-15,Nathan Ngoy,FR1,1,0,0,1,90
4645925_636703,4645925,636703,131,131,2026-03-15,Fermín López,ES1,0,0,0,1,45
4645925_683840,4645925,683840,131,131,2026-03-15,Pedri,ES1,0,0,0,0,45
4635236_1097139,4635236,1097139,1082,1082,2026-03-15,Ayyoub Bouaddi,FR1,0,0,0,0,90
4648875_425918,4648875,425918,720,11,2026-03-15,Jakub Kiwior,PO1,0,0,0,0,90
4626095_333014,4626095,333014,931,931,2026-03-15,Sander Berge,GB1,1,0,0,0,78
4649357_720286,4649357,720286,932,932,2026-03-15,Aleksey Batrakov,RU1,1,0,0,0,90
4648875_957653,4648875,957653,720,720,2026-03-15,Rodrigo Mora,PO1,0,0,0,0,24
4648875_926993,4648875,926993,720,720,2026-03-15,Victor Froholdt,PO1,0,0,0,2,90
4648875_756990,4648875,756990,720,720,2026-03-15,Alan Varela,PO1,0,0,0,0,90
4648875_699704,4648875,699704,720,720,2026-03-15,Gabri Veiga,PO1,0,0,1,0,66
4648875_357153,4648875,357153,720,720,2026-03-15,Diogo Costa,PO1,0,0,0,0,90
4645925_705395,4645925,705395,131,131,2026-03-15,Gerard Martín,ES1,0,0,0,0,90
4648875_1162012,4648875,1162012,720,720,2026-03-15,Oskar Pietuszewski,PO1,0,0,1,0,56
4648875_1004725,4648875,1004725,720,720,2026-03-15,William Gomes,PO1,0,0,1,0,18
4645926_735568,4645926,735568,150,150,2026-03-15,Natan,ES1,0,0,0,0,90
4645926_602105,4645926,602105,150,150,2026-03-15,Antony,ES1,1,0,0,0,23
4645925_962110,4645925,962110,131,131,2026-03-15,Pau Cubarsí,ES1,0,0,0,0,90
4645925_937958,4645925,937958,131,131,2026-03-15,Lamine Yamal,ES1,0,0,0,0,23
4635236_461607,4635236,461607,273,273,2026-03-15,Estéban Lepaul,FR1,0,0,1,0,90
4645926_724520,4645926,724520,150,150,2026-03-15,Abde Ezzalzouli,ES1,0,0,0,0,67
4635234_849410,4635234,849410,667,667,2026-03-15,Valentín Barco,FR1,0,0,0,0,90
4626095_567576,4626095,567576,703,703,2026-03-15,Elliot Anderson,GB1,1,0,0,0,88
4634409_643574,4634409,643574,39,39,2026-03-15,Kaishu Sano,L1,0,0,0,0,90
4634408_927353,4634408,927353,60,60,2026-03-15,Johan Manzambi,L1,0,0,0,0,90
4634408_668606,4634408,668606,60,60,2026-03-15,Yuito Suzuki,L1,0,0,0,0,29
4634408_526845,4634408,526845,60,60,2026-03-15,Noah Atubolu,L1,0,0,0,0,90
4626095_741238,4626095,741238,703,703,2026-03-15,Omari Hutchinson,GB1,0,0,0,0,45
4626095_661207,4626095,661207,931,281,2026-03-15,Oscar Bobb,GB1,0,0,0,0,62
4626095_461883,4626095,461883,931,931,2026-03-15,Calvin Bassey,GB1,0,0,0,0,90
4634410_318204,4634410,318204,23826,23826,2026-03-15,David Raum,L1,0,0,0,0,90
4626095_432164,4626095,432164,703,703,2026-03-15,Igor Jesus,GB1,0,0,0,0,63
4626095_429014,4626095,429014,703,703,2026-03-15,Morgan Gibbs-White,GB1,0,0,0,0,74
4626095_413507,4626095,413507,703,703,2026-03-15,Nikola Milenković,GB1,0,0,0,0,90
4626095_392768,4626095,392768,703,703,2026-03-15,Callum Hudson-Odoi,GB1,0,0,0,0,45
4635234_834397,4635234,834397,667,667,2026-03-15,Mike Penders,FR1,0,0,0,0,90
4626095_365108,4626095,365108,703,703,2026-03-15,Dan Ndoye,GB1,0,0,0,0,45
4634410_1390649,4634410,1390649,23826,23826,2026-03-15,Yan Diomande,L1,0,0,0,0,90
4626095_503680,4626095,503680,703,703,2026-03-15,Neco Williams,GB1,1,0,0,0,90
4634410_324278,4634410,324278,23826,23826,2026-03-15,Christoph Baumgartner,L1,0,0,0,0,90
4634410_894914,4634410,894914,23826,23826,2026-03-15,Antonio Nusa,L1,0,0,0,0,71
4635234_1064871,4635234,1064871,667,667,2026-03-15,Joaquín Panichelli,FR1,0,0,0,0,90
4635234_660867,4635234,660867,667,667,2026-03-15,Julio Enciso,FR1,0,0,0,0,79
4634410_404950,4634410,404950,23826,23826,2026-03-15,Nicolas Seiwald,L1,0,0,0,0,71
4635233_971570,4635233,971570,1041,418,2026-03-15,Endrick,FR1,0,0,0,0,80
4635233_618494,4635233,618494,1041,1041,2026-03-15,Tyler Morton,FR1,0,0,0,0,90
4634410_924117,4634410,924117,79,79,2026-03-15,Finn Jeltsch,L1,0,0,0,0,90
4634410_957874,4634410,957874,23826,23826,2026-03-15,Rômulo,L1,1,0,0,0,71
4634410_700106,4634410,700106,23826,23826,2026-03-15,Brajan Gruda,L1,0,0,0,0,26
4634410_654982,4634410,654982,79,79,2026-03-15,Bilal El Khannouss,L1,0,0,0,0,69
4634410_618472,4634410,618472,23826,23826,2026-03-15,Castello Lukeba,L1,0,0,0,0,90
4634410_518505,4634410,518505,79,79,2026-03-15,Jamie Leweling,L1,0,0,0,0,81
4634410_443710,4634410,443710,79,79,2026-03-15,Angelo Stiller,L1,0,0,0,0,90
4634410_436064,4634410,436064,79,79,2026-03-15,Ramon Hendriks,L1,0,0,0,0,90
4626091_521964,4626091,521964,762,762,2026-03-14,Malick Thiaw,GB1,0,0,0,0,90
4626091_361093,4626091,361093,762,762,2026-03-14,Sven Botman,GB1,0,0,0,0,90
4626091_503981,4626091,503981,762,762,2026-03-14,Tino Livramento,GB1,0,0,0,0,90
4626091_503749,4626091,503749,762,762,2026-03-14,Jacob Ramsey,GB1,0,0,0,0,90
4626091_503733,4626091,503733,762,762,2026-03-14,Anthony Gordon,GB1,0,0,1,0,90
4626091_568177,4626091,568177,631,631,2026-03-14,Cole Palmer,GB1,0,0,0,0,90
4626091_475411,4626091,475411,631,631,2026-03-14,Wesley Fofana,GB1,1,0,0,0,82
4626091_472423,4626091,472423,631,631,2026-03-14,Reece James,GB1,0,0,0,0,90
4626091_455661,4626091,455661,762,762,2026-03-14,Nick Woltemade,GB1,0,0,0,0,67
4626091_398065,4626091,398065,762,762,2026-03-14,Harvey Barnes,GB1,0,0,0,0,90
4626090_842341,4626090,842341,1132,1132,2026-03-14,Maxime Estève,GB1,0,0,0,0,74
4626091_346314,4626091,346314,631,631,2026-03-14,Trevoh Chalobah,GB1,0,0,0,0,90
4626091_333241,4626091,333241,762,762,2026-03-14,Joelinton,GB1,0,0,0,0,23
4626091_284857,4626091,284857,631,631,2026-03-14,Marc Cucurella,GB1,0,0,0,0,90
4626090_955357,4626090,955357,989,989,2026-03-14,Junior Kroupi,GB1,0,0,0,0,80
4626090_855256,4626090,855256,989,989,2026-03-14,Alex Scott,GB1,0,0,0,0,90
4626090_711337,4626090,711337,989,989,2026-03-14,Evanilson,GB1,0,0,0,0,90
4626090_654539,4626090,654539,989,989,2026-03-14,Adrien Truffert,GB1,0,0,0,0,90
4626090_469781,4626090,469781,989,989,2026-03-14,Marcos Senesi,GB1,0,0,0,0,90
4626091_610849,4626091,610849,631,631,2026-03-14,Liam Delap,GB1,0,0,0,0,45
4626090_465555,4626090,465555,989,989,2026-03-14,Djordje Petrovic,GB1,0,0,0,0,90
4626091_583189,4626091,583189,762,762,2026-03-14,Anthony Elanga,GB1,0,0,0,0,12
4626096_743384,4626096,743384,289,289,2026-03-14,Chemsdine Talbi,GB1,0,0,0,0,85
4626091_620322,4626091,620322,631,631,2026-03-14,Malo Gusto,GB1,0,0,0,0,45
4626091_626724,4626091,626724,631,631,2026-03-14,João Pedro,GB1,0,0,0,0,90
4626090_1012564,4626090,1012564,989,989,2026-03-14,Rayan,GB1,0,0,0,0,87
4626097_315858,4626097,315858,281,281,2026-03-14,Gianluigi Donnarumma,GB1,0,0,0,0,90
4626097_314875,4626097,314875,379,379,2026-03-14,Jarrod Bowen,GB1,0,0,0,1,90
4626097_1111589,4626097,1111589,379,379,2026-03-14,El Hadji Malick Diouf,GB1,0,0,0,0,90
4626096_996897,4626096,996897,1237,1237,2026-03-14,Diego Gómez,GB1,1,0,0,0,90
4626096_947411,4626096,947411,289,289,2026-03-14,Chris Rigg,GB1,0,0,0,0,90
4626096_876631,4626096,876631,289,289,2026-03-14,Habib Diarra,GB1,0,0,0,0,90
4626096_867688,4626096,867688,1237,1237,2026-03-14,Jack Hinshelwood,GB1,0,0,0,0,88
4626096_727089,4626096,727089,289,289,2026-03-14,Noah Sadiki,GB1,0,0,0,0,90
4626096_667287,4626096,667287,1237,1237,2026-03-14,Yasin Ayari,GB1,0,0,0,0,2
4626096_576314,4626096,576314,1237,1237,2026-03-14,Jan Paul van Hecke,GB1,0,0,0,0,90
4626096_565093,4626096,565093,1237,1237,2026-03-14,Bart Verbruggen,GB1,0,0,0,0,90
4626096_473169,4626096,473169,289,289,2026-03-14,Brian Brobbey,GB1,0,0,0,0,78
4626096_415381,4626096,415381,1237,1237,2026-03-14,Mats Wieffer,GB1,0,0,0,0,90
4626096_369316,4626096,369316,1237,1237,2026-03-14,Ferdi Kadıoğlu,GB1,0,0,0,0,90
4626096_1012534,4626096,1012534,1237,1237,2026-03-14,Yankuba Minteh,GB1,1,0,1,0,76
4626091_904802,4626091,904802,631,631,2026-03-14,Jorrel Hato,GB1,0,0,0,0,8
4626091_811779,4626091,811779,631,631,2026-03-14,Alejandro Garnacho,GB1,0,0,0,0,90
4626091_687626,4626091,687626,631,631,2026-03-14,Moisés Caicedo,GB1,1,0,0,0,61
4626091_670858,4626091,670858,762,762,2026-03-14,Lewis Hall,GB1,1,0,0,0,90
4626091_648195,4626091,648195,631,631,2026-03-14,Enzo Fernández,GB1,0,0,0,0,90
4626090_399434,4626090,399434,989,989,2026-03-14,Marcus Tavernier,GB1,0,0,0,0,90
4620999_315969,4620999,315969,6195,6195,2026-03-14,Scott McTominay,IT1,0,0,0,0,45
4626088_937941,4626088,937941,29,29,2026-03-14,Thierno Barry,GB1,0,0,0,0,21
4621003_516716,4621003,516716,506,506,2026-03-14,Bremer,IT1,0,0,0,0,90
4621003_463618,4621003,463618,506,506,2026-03-14,Khéphren Thuram,IT1,0,0,0,0,49
4621003_332697,4621003,332697,506,506,2026-03-14,Weston McKennie,IT1,0,0,0,0,90
4621003_265088,4621003,265088,506,506,2026-03-14,Manuel Locatelli,IT1,0,0,0,0,90
4620999_830365,4620999,830365,6195,6195,2026-03-14,Alisson Santos,IT1,0,0,0,0,85
4620999_610442,4620999,610442,6195,6195,2026-03-14,Rasmus Højlund,IT1,0,0,1,0,90
4620999_386446,4620999,386446,6195,6195,2026-03-14,Alessandro Buongiorno,IT1,0,0,0,0,90
4626097_392757,4626097,392757,281,281,2026-03-14,Marc Guéhi,GB1,0,0,0,0,90
4620997_930781,4620997,930781,46,46,2026-03-14,Pio Esposito,IT1,0,0,1,0,65
4620997_827734,4620997,827734,46,46,2026-03-14,Ange-Yoan Bonny,IT1,0,0,0,0,25
4620997_668207,4620997,668207,46,46,2026-03-14,Petar Sučić,IT1,1,0,0,0,45
4620997_607854,4620997,607854,800,800,2026-03-14,Éderson,IT1,0,0,0,0,38
4620997_571604,4620997,571604,800,800,2026-03-14,Giorgio Scalvini,IT1,0,0,0,0,90
4620997_459763,4620997,459763,800,800,2026-03-14,Marco Carnesecchi,IT1,0,0,0,0,90
4620997_441986,4620997,441986,46,46,2026-03-14,Yann Bisseck,IT1,0,0,0,0,90
4620997_435772,4620997,435772,800,800,2026-03-14,Charles De Ketelaere,IT1,1,0,0,0,14
4620997_434433,4620997,434433,800,1005,2026-03-14,Nikola Krstović,IT1,0,0,1,0,39
4620997_321528,4620997,321528,46,46,2026-03-14,Denzel Dumfries,IT1,0,0,0,0,90
4620997_318528,4620997,318528,46,46,2026-03-14,Marcus Thuram,IT1,0,0,0,0,90
4620997_315867,4620997,315867,800,800,2026-03-14,Gianluca Scamacca,IT1,0,0,0,0,51
4620997_255942,4620997,255942,46,46,2026-03-14,Nicolò Barella,IT1,0,0,0,1,76
4620997_198116,4620997,198116,46,46,2026-03-14,Federico Dimarco,IT1,0,0,0,0,65
4621003_487474,4621003,487474,506,506,2026-03-14,Francisco Conceição,IT1,0,0,0,0,78
4621003_533738,4621003,533738,506,506,2026-03-14,Jonathan David,IT1,0,0,0,0,1
4626088_659813,4626088,659813,11,11,2026-03-14,Piero Hincapié,GB1,0,0,0,1,16
4621003_585949,4621003,585949,506,506,2026-03-14,Pierre Kalulu,IT1,0,0,0,0,90
4626088_655488,4626088,655488,11,11,2026-03-14,Gabriel Martinelli,GB1,0,0,0,1,29
4626088_646750,4626088,646750,11,11,2026-03-14,Cristhian Mosquera,GB1,0,0,0,0,52
4626088_623570,4626088,623570,29,29,2026-03-14,Iliman Ndiaye,GB1,0,0,0,0,90
4626088_505219,4626088,505219,29,29,2026-03-14,James Garner,GB1,0,0,0,0,90
4626088_503987,4626088,503987,11,11,2026-03-14,Noni Madueke,GB1,0,0,0,0,61
4626088_502821,4626088,502821,11,11,2026-03-14,Riccardo Calafiori,GB1,0,0,0,0,74
4626088_495666,4626088,495666,11,11,2026-03-14,William Saliba,GB1,0,0,0,0,90
4626088_479999,4626088,479999,11,11,2026-03-14,Eberechi Eze,GB1,0,0,0,0,90
4626088_475188,4626088,475188,29,29,2026-03-14,Kiernan Dewsbury-Hall,GB1,0,0,0,0,90
4626088_435338,4626088,435338,11,11,2026-03-14,Gabriel,GB1,0,0,0,0,90
4626088_433177,4626088,433177,11,11,2026-03-14,Bukayo Saka,GB1,0,0,0,0,90
4626088_423440,4626088,423440,11,11,2026-03-14,Martín Zubimendi,GB1,0,0,0,0,74
4626088_420243,4626088,420243,11,11,2026-03-14,Jurriën Timber,GB1,0,0,0,0,38
4626088_404842,4626088,404842,29,29,2026-03-14,Vitaliy Mykolenko,GB1,0,0,0,0,90
4626088_357662,4626088,357662,11,11,2026-03-14,Declan Rice,GB1,0,0,0,0,90
4626088_325443,4626088,325443,11,11,2026-03-14,Viktor Gyökeres,GB1,0,0,1,0,29
4626088_309400,4626088,309400,11,11,2026-03-14,Kai Havertz,GB1,0,0,0,0,61
4626088_262749,4626088,262749,11,11,2026-03-14,David Raya,GB1,0,0,0,0,90
4626088_1187629,4626088,1187629,11,11,2026-03-14,Max Dowman,GB1,0,0,1,0,16
4621003_855308,4621003,855308,410,410,2026-03-14,Arthur Atta,IT1,0,0,0,0,84
4621003_845654,4621003,845654,506,506,2026-03-14,Kenan Yıldız,IT1,0,0,0,1,90
4626097_357565,4626097,357565,281,281,2026-03-14,Rodri,GB1,0,0,0,0,90
4634406_333647,4634406,333647,24,24,2026-03-14,Jonathan Burkardt,L1,0,0,0,0,10
4626097_406635,4626097,406635,281,281,2026-03-14,Phil Foden,GB1,0,0,0,0,15
4634413_1168219,4634413,1168219,3,3,2026-03-14,Said El Mala,L1,1,0,1,0,74
4645919_935230,4645919,935230,418,418,2026-03-14,Gonzalo García,ES1,0,0,0,0,32
4645919_890290,4645919,890290,418,418,2026-03-14,Dean Huijsen,ES1,0,0,1,0,90
4645919_861410,4645919,861410,418,418,2026-03-14,Arda Güler,ES1,0,0,1,0,32
4645919_640428,4645919,640428,418,418,2026-03-14,Eduardo Camavinga,ES1,1,0,0,0,90
4645919_413112,4645919,413112,418,418,2026-03-14,Aurélien Tchouaméni,ES1,0,0,0,0,58
4645919_371998,4645919,371998,418,418,2026-03-14,Vinicius Junior,ES1,0,0,0,0,58
4645919_369081,4645919,369081,418,418,2026-03-14,Federico Valverde,ES1,0,0,1,0,58
4645919_314678,4645919,314678,418,418,2026-03-14,Brahim Díaz,ES1,0,0,0,0,63
4641545_702869,4641545,702869,383,383,2026-03-14,Ismael Saibari,NL1,0,0,0,2,90
4641545_627207,4641545,627207,383,383,2026-03-14,Ricardo Pepi,NL1,0,0,0,0,70
4641538_748804,4641538,748804,610,610,2026-03-14,Mika Godts,NL1,0,0,1,1,90
4641381_893661,4641381,893661,2282,2282,2026-03-14,Joel Ordóñez,BE1,0,0,0,0,90
4641381_780136,4641381,780136,2282,2282,2026-03-14,Aleksandar Stanković,BE1,0,0,0,0,90
4641381_717329,4641381,717329,2282,2282,2026-03-14,Nicolò Tresoldi,BE1,0,0,1,0,82
4641381_451677,4641381,451677,2282,2282,2026-03-14,Christos Tzolis,BE1,0,0,1,0,90
4635238_918969,4635238,918969,162,162,2026-03-14,Lamine Camara,FR1,0,0,0,1,90
4635238_745200,4635238,745200,162,162,2026-03-14,Maghnes Akliouche,FR1,0,0,0,0,70
4635238_503770,4635238,503770,162,162,2026-03-14,Folarin Balogun,FR1,0,0,1,0,70
4635238_334526,4635238,334526,162,162,2026-03-14,Denis Zakaria,FR1,0,0,0,0,90
4635232_808348,4635232,808348,826,826,2026-03-14,Mamadou Sangaré,FR1,0,0,0,1,90
4635232_743515,4635232,743515,826,826,2026-03-14,Robin Risser,FR1,0,0,0,0,90
4645924_406040,4645924,406040,13,800,2026-03-14,Ademola Lookman,ES1,0,0,0,0,24
4645924_548111,4645924,548111,13,13,2026-03-14,Álex Baena,ES1,0,0,0,0,73
4645924_576024,4645924,576024,13,13,2026-03-14,Julián Alvarez,ES1,0,0,0,0,24
4648878_504087,4648878,504087,294,294,2026-03-14,Tomás Araújo,PO1,0,0,0,0,90
4665129_964426,4665129,964426,683,683,2026-03-14,Christos Mouzakitis,GR1,0,0,1,0,14
4649362_515744,4649362,515744,16704,16704,2026-03-14,Eduard Spertsyan,RU1,0,0,2,0,90
4649359_651580,4649359,651580,2410,2410,2026-03-14,Matvey Kislyak,RU1,0,0,0,0,90
4649355_800175,4649355,800175,964,964,2026-03-14,Luiz Henrique,RU1,0,0,0,0,45
4648878_735573,4648878,735573,294,294,2026-03-14,Richard Ríos,PO1,1,0,1,0,90
4648878_670103,4648878,670103,294,294,2026-03-14,Andreas Schjelderup,PO1,0,0,0,1,85
4648878_650568,4648878,650568,294,294,2026-03-14,António Silva,PO1,1,0,0,0,74
4648878_623325,4648878,623325,294,660,2026-03-14,Georgiy Sudakov,PO1,0,0,0,0,16
4648878_537844,4648878,537844,294,294,2026-03-14,Anatoliy Trubin,PO1,1,0,0,0,90
4648878_324503,4648878,324503,294,294,2026-03-14,Vangelis Pavlidis,PO1,1,0,0,0,90
4645924_742201,4645924,742201,13,13,2026-03-14,Giuliano Simeone,ES1,0,0,0,0,24
4648874_982575,4648874,982575,3329,3329,2026-03-14,Gustavo Sá,PO1,0,0,0,0,90
4647997_648779,4647997,648779,141,141,2026-03-14,Wilfried Singo,TR1,0,0,1,0,79
4647997_553469,4647997,553469,141,141,2026-03-14,Gabriel Sara,TR1,0,0,0,0,90
4647997_541537,4647997,541537,141,141,2026-03-14,Barış Alper Yılmaz,TR1,0,0,0,0,74
4647997_401923,4647997,401923,141,141,2026-03-14,Victor Osimhen,TR1,0,0,1,0,75
4645928_938729,4645928,938729,621,621,2026-03-14,Mikel Jauregizar,ES1,0,0,0,0,68
4645928_571020,4645928,571020,621,621,2026-03-14,Oihan Sancet,ES1,1,0,0,0,74
4645927_834764,4645927,834764,1049,1049,2026-03-14,Javi Guerra,ES1,0,0,0,0,70
4645924_844637,4645924,844637,13,13,2026-03-14,Marc Pubill,ES1,0,0,0,0,66
4626097_418560,4626097,418560,281,281,2026-03-14,Erling Haaland,GB1,0,0,0,0,90
4634413_892160,4634413,892160,41,148,2026-03-14,Luka Vuskovic,L1,0,0,0,0,90
4634412_669380,4634412,669380,82,82,2026-03-14,Konstantinos Koulierakis,L1,1,0,1,0,90
4626097_880245,4626097,880245,379,379,2026-03-14,Mateus Fernandes,GB1,1,0,0,0,90
4634405_467437,4634405,467437,15,15,2026-03-14,Malik Tillman,L1,0,0,0,0,90
4634405_401578,4634405,401578,15,15,2026-03-14,Exequiel Palacios,L1,0,0,0,0,13
4634405_344695,4634405,344695,27,27,2026-03-14,Dayot Upamecano,L1,0,0,0,0,90
4634405_223967,4634405,223967,27,27,2026-03-14,Konrad Laimer,L1,0,0,0,0,88
4634405_196357,4634405,196357,27,27,2026-03-14,Jonathan Tah,L1,1,0,0,0,90
4634405_161056,4634405,161056,27,27,2026-03-14,Joshua Kimmich,L1,0,0,0,0,90
4634405_1364454,4634405,1364454,15,15,2026-03-14,Christian Kofane,L1,0,0,0,0,29
4634405_132098,4634405,132098,27,27,2026-03-14,Harry Kane,L1,0,0,0,0,29
4634405_1075147,4634405,1075147,27,27,2026-03-14,Lennart Karl,L1,0,0,0,0,61
4626097_763079,4626097,763079,281,281,2026-03-14,Abdukodir Khusanov,GB1,0,0,0,0,90
4634405_483046,4634405,483046,27,27,2026-03-14,Josip Stanisic,L1,0,0,0,0,90
4626097_743413,4626097,743413,281,281,2026-03-14,Nico O'Reilly,GB1,0,0,0,0,90
4626097_607223,4626097,607223,281,281,2026-03-14,Rayan Cherki,GB1,0,0,0,0,30
4626097_601883,4626097,601883,281,281,2026-03-14,Matheus Nunes,GB1,0,0,0,0,90
4626097_583255,4626097,583255,281,281,2026-03-14,Antoine Semenyo,GB1,0,0,0,0,75
4626097_578391,4626097,578391,281,281,2026-03-14,Rayan Aït-Nouri,GB1,0,0,0,0,60
4626097_522784,4626097,522784,379,379,2026-03-14,Taty Castellanos,GB1,0,0,0,0,75
4626097_486049,4626097,486049,281,281,2026-03-14,Jérémy Doku,GB1,0,0,0,0,30
4626097_460939,4626097,460939,281,281,2026-03-14,Tijjani Reijnders,GB1,0,0,0,0,15
4626097_445939,4626097,445939,281,281,2026-03-14,Omar Marmoush,GB1,1,0,0,1,60
4634412_667457,4634412,667457,533,533,2026-03-14,Leon Avdullahu,L1,0,0,0,0,79
4634405_480692,4634405,480692,27,27,2026-03-14,Luis Díaz,L1,0,0,1,0,84
4634405_564545,4634405,564545,15,15,2026-03-14,Edmond Tapsoba,L1,1,0,0,0,90
4634407_257814,4634407,257814,16,16,2026-03-14,Gregor Kobel,L1,0,0,0,0,90
4634412_524290,4634412,524290,533,533,2026-03-14,Fisnik Asllani,L1,0,0,0,0,61
4634412_1067904,4634412,1067904,533,533,2026-03-14,Bazoumana Touré,L1,0,0,0,1,90
4634407_796297,4634407,796297,16,16,2026-03-14,Jobe Bellingham,L1,0,0,0,0,90
4634407_578392,4634407,578392,16,16,2026-03-14,Maximilian Beier,L1,0,0,0,1,86
4634407_496094,4634407,496094,16,16,2026-03-14,Karim Adeyemi,L1,0,0,1,0,90
4634407_406640,4634407,406640,16,16,2026-03-14,Felix Nmecha,L1,0,0,0,0,86
4634407_388198,4634407,388198,16,16,2026-03-14,Nico Schlotterbeck,L1,0,0,0,0,90
4634407_370789,4634407,370789,16,16,2026-03-14,Julian Ryerson,L1,0,0,0,1,90
4634405_566723,4634405,566723,27,27,2026-03-14,Michael Olise,L1,0,0,0,1,89
4634407_270541,4634407,270541,16,16,2026-03-14,Serhou Guirassy,L1,0,0,0,0,1
4634406_939964,4634406,939964,24,24,2026-03-14,Jean-Mattéo Bahoya,L1,0,0,0,0,90
4634406_931838,4634406,931838,24,24,2026-03-14,Hugo Larsson,L1,0,0,0,0,90
4634406_691892,4634406,691892,24,24,2026-03-14,Nathaniel Brown,L1,0,0,0,0,90
4634406_585959,4634406,585959,24,24,2026-03-14,Arnaud Kalimuendo,L1,0,0,1,0,80
4634405_905011,4634405,905011,15,15,2026-03-14,Ibrahim Maza,L1,0,0,0,0,45
4634405_822959,4634405,822959,27,27,2026-03-14,Tom Bischof,L1,0,0,0,0,1
4634405_792380,4634405,792380,27,27,2026-03-14,Aleksandar Pavlovic,L1,0,0,0,0,61
4634405_776890,4634405,776890,27,27,2026-03-14,Nicolas Jackson,L1,0,0,0,0,42
4634405_718303,4634405,718303,15,1090,2026-03-14,Ernest Poku,L1,0,0,0,0,87
4634405_632349,4634405,632349,15,15,2026-03-14,Jarell Quansah,L1,0,0,0,0,90
4635239_418659,4635239,418659,244,244,2026-03-13,Amine Gouiri,FR1,0,0,1,0,28
4635239_420213,4635239,420213,244,244,2026-03-13,Quinten Timber,FR1,1,0,0,0,90
4635239_532826,4635239,532826,244,244,2026-03-13,Mason Greenwood,FR1,0,0,0,0,90
4635239_653610,4635239,653610,244,244,2026-03-13,Igor Paixão,FR1,1,0,0,0,90
4635239_890719,4635239,890719,244,244,2026-03-13,Ethan Nwaneri,FR1,0,0,0,0,1
4645922_485963,4645922,485963,1050,1050,2026-03-13,Pape Gueye,ES1,0,0,0,0,67
4645922_733576,4645922,733576,1050,1050,2026-03-13,Alberto Moleiro,ES1,0,0,0,0,31
4647999_465830,4647999,465830,36,398,2026-03-13,Mattéo Guendouzi,TR1,0,0,0,0,90
4645922_729814,4645922,729814,1050,1050,2026-03-13,Georges Mikautadze,ES1,0,0,0,0,83
4805908_357153,4805908,357153,720,720,2026-03-12,Diogo Costa,EL,0,0,0,0,90
4805908_957653,4805908,957653,720,720,2026-03-12,Rodrigo Mora,EL,0,0,1,0,59
4805908_926993,4805908,926993,720,720,2026-03-12,Victor Froholdt,EL,0,0,0,0,31
4805908_924117,4805908,924117,79,79,2026-03-12,Finn Jeltsch,EL,1,0,0,0,70
4805908_756990,4805908,756990,720,720,2026-03-12,Alan Varela,EL,1,0,0,0,10
4805908_699704,4805908,699704,720,720,2026-03-12,Gabri Veiga,EL,0,0,0,0,20
4805908_654982,4805908,654982,79,79,2026-03-12,Bilal El Khannouss,EL,1,0,0,0,90
4805908_518505,4805908,518505,79,79,2026-03-12,Jamie Leweling,EL,0,0,0,0,90
4805908_443710,4805908,443710,79,79,2026-03-12,Angelo Stiller,EL,0,0,0,0,90
4805908_436064,4805908,436064,79,79,2026-03-12,Ramon Hendriks,EL,0,0,0,0,90
4805907_971570,4805907,971570,1041,418,2026-03-12,Endrick,EL,0,0,1,0,90
4805908_1004725,4805908,1004725,720,720,2026-03-12,William Gomes,EL,1,0,0,0,70
4805909_392768,4805909,392768,703,703,2026-03-12,Callum Hudson-Odoi,EL,0,0,0,0,90
4805907_618494,4805907,618494,1041,1041,2026-03-12,Tyler Morton,EL,0,0,0,0,85
4805906_990148,4805906,990148,1184,1184,2026-03-12,Konstantinos Karetsas,EL,0,0,0,0,90
4805906_668606,4805906,668606,60,60,2026-03-12,Yuito Suzuki,EL,0,0,0,0,71
4805906_526845,4805906,526845,60,60,2026-03-12,Noah Atubolu,EL,0,0,0,0,90
4805905_735568,4805905,735568,150,150,2026-03-12,Natan,EL,1,0,0,0,45
4805905_724520,4805905,724520,150,150,2026-03-12,Abde Ezzalzouli,EL,0,0,0,0,68
4805905_602105,4805905,602105,150,150,2026-03-12,Antony,EL,0,0,0,0,90
4805904_606752,4805904,606752,1075,1075,2026-03-12,Rodrigo Zalazar,EL,0,0,0,0,90
4805909_1005649,4805909,1005649,703,703,2026-03-12,Murillo,EL,0,0,0,0,90
4805906_927353,4805906,927353,60,60,2026-03-12,Johan Manzambi,EL,0,0,0,0,90
4805909_413507,4805909,413507,703,703,2026-03-12,Nikola Milenković,EL,0,0,0,0,81
4805910_849520,4805910,849520,1025,1025,2026-03-12,Santiago Castro,EL,0,0,0,0,79
4805909_429014,4805909,429014,703,703,2026-03-12,Morgan Gibbs-White,EL,0,0,0,0,90
4805911_724129,4805911,724129,1082,1082,2026-03-12,Matias Fernandez-Pardo,EL,0,0,0,0,38
4805911_652275,4805911,652275,1082,1082,2026-03-12,Hákon Arnar Haraldsson,EL,0,0,0,0,83
4805911_485706,4805911,485706,405,405,2026-03-12,Amadou Onana,EL,0,0,0,0,90
4805911_485585,4805911,485585,405,405,2026-03-12,Ian Maatsen,EL,0,0,0,0,7
4805911_413403,4805911,413403,405,405,2026-03-12,Ezri Konsa,EL,0,0,0,0,90
4805911_324358,4805911,324358,405,405,2026-03-12,Ollie Watkins,EL,0,0,1,0,77
4805911_1097139,4805911,1097139,1082,1082,2026-03-12,Ayyoub Bouaddi,EL,0,0,0,0,45
4805910_964580,4805910,964580,12,12,2026-03-12,Wesley,EL,1,0,0,0,90
4805911_503743,4805911,503743,405,405,2026-03-12,Morgan Rogers,EL,0,0,0,0,90
4805910_813137,4805910,813137,12,12,2026-03-12,Niccolò Pisilli,EL,0,0,0,0,90
4805909_741238,4805909,741238,703,703,2026-03-12,Omari Hutchinson,EL,0,0,0,0,90
4805910_672381,4805910,672381,1025,244,2026-03-12,Jonathan Rowe,EL,0,0,0,1,71
4805909_503680,4805909,503680,703,703,2026-03-12,Neco Williams,EL,0,0,0,0,45
4805909_432164,4805909,432164,703,703,2026-03-12,Igor Jesus,EL,0,0,0,0,69
4805909_567576,4805909,567576,703,703,2026-03-12,Elliot Anderson,EL,0,0,0,0,90
4805909_540664,4805909,540664,703,667,2026-03-12,Dilane Bakwa,EL,0,0,0,0,8
4805910_326029,4805910,326029,12,12,2026-03-12,Donyell Malen,EL,0,0,0,1,90
4805910_338670,4805910,338670,12,12,2026-03-12,Mile Svilar,EL,0,0,0,0,90
4805910_371149,4805910,371149,12,12,2026-03-12,Evan Ndicka,EL,0,0,0,0,90
4814354_708265,4814354,708265,583,583,2026-03-11,Bradley Barcola,CL,0,0,1,0,78
4814354_687626,4814354,687626,631,631,2026-03-11,Moisés Caicedo,CL,0,0,0,0,90
4814354_810092,4814354,810092,583,583,2026-03-11,Warren Zaïre-Emery,CL,0,0,0,0,78
4814354_811779,4814354,811779,631,631,2026-03-11,Alejandro Garnacho,CL,0,0,0,0,2
4814354_903693,4814354,903693,583,583,2026-03-11,Senny Mayulu,CL,0,0,0,0,12
4814354_914562,4814354,914562,583,583,2026-03-11,Désiré Doué,CL,0,0,0,1,62
4814356_1057316,4814356,1057316,418,418,2026-03-11,Franco Mastantuono,CL,0,0,0,0,14
4814356_258004,4814356,258004,281,281,2026-03-11,Rúben Dias,CL,0,0,0,0,90
4814356_357565,4814356,357565,281,281,2026-03-11,Rodri,CL,0,0,0,0,90
4814356_314353,4814356,314353,418,418,2026-03-11,Trent Alexander-Arnold,CL,0,0,0,0,83
4814356_314678,4814356,314678,418,418,2026-03-11,Brahim Díaz,CL,0,0,0,1,76
4814356_315858,4814356,315858,281,281,2026-03-11,Gianluigi Donnarumma,CL,1,0,0,0,90
4814356_369081,4814356,369081,418,418,2026-03-11,Federico Valverde,CL,0,0,3,0,90
4814356_371998,4814356,371998,418,418,2026-03-11,Vinicius Junior,CL,0,0,0,1,90
4814356_392757,4814356,392757,281,281,2026-03-11,Marc Guéhi,CL,0,0,0,0,90
4814354_661171,4814354,661171,583,583,2026-03-11,Willian Pacho,CL,0,0,0,1,90
4814356_413112,4814356,413112,418,418,2026-03-11,Aurélien Tchouaméni,CL,0,0,0,0,90
4814354_670681,4814354,670681,583,583,2026-03-11,João Neves,CL,0,0,0,1,90
4814354_475411,4814354,475411,631,631,2026-03-11,Wesley Fofana,CL,0,0,0,0,90
4814354_648195,4814354,648195,631,631,2026-03-11,Enzo Fernández,CL,0,0,1,1,90
4814354_472423,4814354,472423,631,631,2026-03-11,Reece James,CL,0,0,0,0,90
4814356_445939,4814356,445939,281,281,2026-03-11,Omar Marmoush,CL,0,0,0,0,8
4814354_181767,4814354,181767,583,583,2026-03-11,Marquinhos,CL,0,0,0,0,90
4814354_284857,4814354,284857,631,631,2026-03-11,Marc Cucurella,CL,0,0,0,0,90
4814354_288230,4814354,288230,583,583,2026-03-11,Ousmane Dembélé,CL,0,0,1,0,69
4814354_318470,4814354,318470,583,583,2026-03-11,Matvey Safonov,CL,0,0,0,0,90
4814354_346314,4814354,346314,631,631,2026-03-11,Trevoh Chalobah,CL,0,0,0,0,90
4814354_398073,4814354,398073,583,583,2026-03-11,Achraf Hakimi,CL,0,0,0,1,90
4814354_487465,4814354,487465,631,631,2026-03-11,Pedro Neto,CL,0,0,0,1,90
4814354_626724,4814354,626724,631,631,2026-03-11,João Pedro,CL,0,0,0,0,83
4814354_487469,4814354,487469,583,583,2026-03-11,Vitinha,CL,0,0,1,0,90
4814354_502670,4814354,502670,583,583,2026-03-11,Khvicha Kvaratskhelia,CL,1,0,2,1,28
4814354_557149,4814354,557149,583,583,2026-03-11,Kang-in Lee,CL,0,0,0,0,21
4814354_568177,4814354,568177,631,631,2026-03-11,Cole Palmer,CL,0,0,0,0,83
4814354_610849,4814354,610849,631,631,2026-03-11,Liam Delap,CL,0,0,0,0,7
4814354_616341,4814354,616341,583,583,2026-03-11,Nuno Mendes,CL,0,0,0,0,90
4814354_620322,4814354,620322,631,631,2026-03-11,Malo Gusto,CL,0,0,1,0,88
4814356_418560,4814356,418560,281,281,2026-03-11,Erling Haaland,CL,0,0,0,0,82
4814356_743591,4814356,743591,281,281,2026-03-11,Savinho,CL,0,0,0,0,45
4814356_460939,4814356,460939,281,281,2026-03-11,Tijjani Reijnders,CL,0,0,0,0,45
4814361_479999,4814361,479999,11,11,2026-03-11,Eberechi Eze,CL,0,0,0,0,82
4814361_357662,4814361,357662,11,11,2026-03-11,Declan Rice,CL,0,0,0,0,90
4814361_401578,4814361,401578,15,15,2026-03-11,Exequiel Palacios,CL,1,0,0,0,82
4814361_420243,4814361,420243,11,11,2026-03-11,Jurriën Timber,CL,0,0,0,0,90
4814361_423440,4814361,423440,11,11,2026-03-11,Martín Zubimendi,CL,1,0,0,0,90
4814361_433177,4814361,433177,11,11,2026-03-11,Bukayo Saka,CL,0,0,0,0,60
4814361_435338,4814361,435338,11,11,2026-03-11,Gabriel,CL,0,0,0,0,90
4814361_467437,4814361,467437,15,15,2026-03-11,Malik Tillman,CL,0,0,0,0,16
4814361_495666,4814361,495666,11,11,2026-03-11,William Saliba,CL,0,0,0,0,90
4814361_309400,4814361,309400,11,11,2026-03-11,Kai Havertz,CL,1,0,1,0,16
4814361_503987,4814361,503987,11,11,2026-03-11,Noni Madueke,CL,0,0,0,1,30
4814361_564545,4814361,564545,15,15,2026-03-11,Edmond Tapsoba,CL,0,0,0,0,90
4814361_632349,4814361,632349,15,15,2026-03-11,Jarell Quansah,CL,0,0,0,0,90
4814361_655488,4814361,655488,11,11,2026-03-11,Gabriel Martinelli,CL,1,0,0,0,90
4814361_659813,4814361,659813,11,11,2026-03-11,Piero Hincapié,CL,0,0,0,0,90
4814356_486049,4814356,486049,281,281,2026-03-11,Jérémy Doku,CL,0,0,0,0,90
4814361_905011,4814361,905011,15,15,2026-03-11,Ibrahim Maza,CL,0,0,0,0,74
4814361_325443,4814361,325443,11,11,2026-03-11,Viktor Gyökeres,CL,0,0,0,0,74
4814361_718303,4814361,718303,15,1090,2026-03-11,Ernest Poku,CL,1,0,0,0,90
4814361_262749,4814361,262749,11,11,2026-03-11,David Raya,CL,0,0,0,0,90
4814356_861410,4814356,861410,418,418,2026-03-11,Arda Güler,CL,0,0,0,0,70
4814361_1364454,4814361,1364454,15,15,2026-03-11,Christian Kofane,CL,0,0,0,0,90
4814356_583255,4814356,583255,281,281,2026-03-11,Antoine Semenyo,CL,0,0,0,0,69
4814356_607223,4814356,607223,281,281,2026-03-11,Rayan Cherki,CL,0,0,0,0,21
4814356_640428,4814356,640428,418,418,2026-03-11,Eduardo Camavinga,CL,0,0,0,0,20
4814356_743413,4814356,743413,281,281,2026-03-11,Nico O'Reilly,CL,0,0,0,0,90
4814356_763079,4814356,763079,281,281,2026-03-11,Abdukodir Khusanov,CL,0,0,0,0,90
4814356_578391,4814356,578391,281,281,2026-03-11,Rayan Aït-Nouri,CL,1,0,0,0,20
4814356_890290,4814356,890290,418,418,2026-03-11,Dean Huijsen,CL,0,0,0,0,90
4814360_424784,4814360,424784,336,336,2026-03-11,Luis Suárez,CL,0,0,0,0,90
4814360_461496,4814360,461496,336,336,2026-03-11,Morten Hjulmand,CL,1,0,0,0,90
4814360_549006,4814360,549006,336,336,2026-03-11,Gonçalo Inácio,CL,0,0,0,0,90
4814360_701979,4814360,701979,336,336,2026-03-11,Geny Catamo,CL,0,0,0,0,63
4814360_412669,4814360,412669,336,336,2026-03-11,Francisco Trincão,CL,0,0,0,0,90
4814360_974982,4814360,974982,336,336,2026-03-11,Ousmane Diomande,CL,0,0,0,0,90
4814357_566723,4814357,566723,27,27,2026-03-10,Michael Olise,CL,1,0,2,1,90
4814357_344695,4814357,344695,27,27,2026-03-10,Dayot Upamecano,CL,0,0,0,1,90
4814357_424204,4814357,424204,27,27,2026-03-10,Alphonso Davies,CL,0,0,0,1,25
4814357_434433,4814357,434433,800,1005,2026-03-10,Nikola Krstović,CL,0,0,0,0,90
4814357_459763,4814357,459763,800,800,2026-03-10,Marco Carnesecchi,CL,0,0,0,0,90
4814357_480692,4814357,480692,27,27,2026-03-10,Luis Díaz,CL,0,0,0,1,90
4814357_483046,4814357,483046,27,27,2026-03-10,Josip Stanisic,CL,0,0,1,0,86
4814357_792380,4814357,792380,27,27,2026-03-10,Aleksandar Pavlovic,CL,0,0,0,0,68
4814357_580195,4814357,580195,27,27,2026-03-10,Jamal Musiala,CL,0,0,1,0,44
4814357_776890,4814357,776890,27,27,2026-03-10,Nicolas Jackson,CL,0,0,1,1,90
4814357_822959,4814357,822959,27,27,2026-03-10,Tom Bischof,CL,0,0,0,0,19
4814358_1018920,4814358,1018920,131,131,2026-03-10,Marc Bernal,CL,0,0,0,0,73
4814358_258923,4814358,258923,131,131,2026-03-10,Marcus Rashford,CL,0,0,0,0,20
4814357_223967,4814357,223967,27,27,2026-03-10,Konrad Laimer,CL,1,0,0,0,45
4814358_293385,4814358,293385,131,131,2026-03-10,Dani Olmo,CL,0,0,0,1,20
4814357_315867,4814357,315867,800,800,2026-03-10,Gianluca Scamacca,CL,0,0,0,0,45
4814355_541537,4814355,541537,141,141,2026-03-10,Barış Alper Yılmaz,CL,0,0,0,0,90
4814357_196357,4814357,196357,27,27,2026-03-10,Jonathan Tah,CL,0,0,0,0,90
4814355_484547,4814355,484547,31,31,2026-03-10,Jeremie Frimpong,CL,0,0,0,0,30
4814358_397033,4814358,397033,762,762,2026-03-10,Sandro Tonali,CL,1,0,0,0,90
4814355_357119,4814355,357119,31,31,2026-03-10,Ibrahima Konaté,CL,0,0,0,0,90
4814355_401923,4814355,401923,141,141,2026-03-10,Victor Osimhen,CL,0,0,0,1,90
4814355_434675,4814355,434675,31,31,2026-03-10,Cody Gakpo,CL,0,0,0,0,17
4814355_451276,4814355,451276,31,31,2026-03-10,Dominik Szoboszlai,CL,1,0,0,0,90
4814355_478573,4814355,478573,31,31,2026-03-10,Ryan Gravenberch,CL,1,0,0,0,90
4814355_502676,4814355,502676,31,31,2026-03-10,Giorgi Mamardashvili,CL,0,0,0,0,90
4814357_161056,4814357,161056,27,27,2026-03-10,Joshua Kimmich,CL,1,0,0,0,90
4814355_534033,4814355,534033,31,31,2026-03-10,Alexis Mac Allister,CL,0,0,0,0,90
4814355_553469,4814355,553469,141,141,2026-03-10,Gabriel Sara,CL,0,0,0,0,87
4814355_598577,4814355,598577,31,31,2026-03-10,Florian Wirtz,CL,0,0,0,0,73
4814355_648779,4814355,648779,141,141,2026-03-10,Wilfried Singo,CL,0,0,0,0,90
4814355_730861,4814355,730861,31,31,2026-03-10,Milos Kerkez,CL,1,0,0,0,60
4814357_1077175,4814357,1077175,800,800,2026-03-10,Honest Ahanor,CL,0,0,0,0,35
4814358_333241,4814358,333241,762,762,2026-03-10,Joelinton,CL,0,0,0,0,90
4814355_709726,4814355,709726,31,31,2026-03-10,Hugo Ekitiké,CL,0,0,0,0,90
4814358_398065,4814358,398065,762,762,2026-03-10,Harvey Barnes,CL,0,0,1,0,90
4814359_566931,4814359,566931,148,23826,2026-03-10,Xavi Simons,CL,0,0,0,0,7
4814359_404418,4814359,404418,13,13,2026-03-10,Dávid Hancko,CL,0,0,0,0,90
4814359_406040,4814359,406040,13,800,2026-03-10,Ademola Lookman,CL,0,0,0,0,69
4814359_483348,4814359,483348,148,148,2026-03-10,Djed Spence,CL,1,0,0,0,83
4814359_488362,4814359,488362,148,148,2026-03-10,Conor Gallagher,CL,0,0,0,0,45
4814359_553875,4814359,553875,148,148,2026-03-10,Pedro Porro,CL,0,0,1,1,90
4814359_557459,4814359,557459,148,148,2026-03-10,Micky van de Ven,CL,0,0,0,0,90
4814359_568693,4814359,568693,148,148,2026-03-10,Pape Matar Sarr,CL,0,0,0,0,90
4814359_355915,4814359,355915,148,148,2026-03-10,Cristian Romero,CL,1,0,0,0,90
4814359_576024,4814359,576024,13,13,2026-03-10,Julián Alvarez,CL,0,0,2,1,73
4814359_616631,4814359,616631,13,13,2026-03-10,Matteo Ruggeri,CL,0,0,0,0,90
4814359_742201,4814359,742201,13,13,2026-03-10,Giuliano Simeone,CL,0,0,0,0,90
4814359_775605,4814359,775605,13,13,2026-03-10,Pablo Barrios,CL,0,0,0,0,21
4814359_844637,4814359,844637,13,13,2026-03-10,Marc Pubill,CL,0,0,0,0,90
4814359_922693,4814359,922693,148,148,2026-03-10,Archie Gray,CL,1,0,0,0,90
4814359_378710,4814359,378710,148,148,2026-03-10,Richarlison,CL,1,0,0,1,68
4814358_398184,4814358,398184,131,131,2026-03-10,Ferran Torres,CL,0,0,0,0,2
4814359_258889,4814359,258889,148,148,2026-03-10,Dominic Solanke,CL,0,0,1,0,45
4814358_583189,4814358,583189,762,762,2026-03-10,Anthony Elanga,CL,0,0,0,0,67
4814358_411295,4814358,411295,131,131,2026-03-10,Raphinha,CL,0,0,0,0,90
4814358_503733,4814358,503733,762,762,2026-03-10,Anthony Gordon,CL,0,0,0,0,23
4814358_503749,4814358,503749,762,762,2026-03-10,Jacob Ramsey,CL,0,0,0,0,90
4814358_962110,4814358,962110,131,131,2026-03-10,Pau Cubarsí,CL,0,0,0,0,90
4814358_521964,4814358,521964,762,762,2026-03-10,Malick Thiaw,CL,0,0,0,0,90
4814358_561613,4814358,561613,131,131,2026-03-10,Joan García,CL,0,0,0,0,90
4814358_503981,4814358,503981,762,762,2026-03-10,Tino Livramento,CL,0,0,0,0,23
4814358_609556,4814358,609556,762,762,2026-03-10,William Osula,CL,0,0,0,0,67
4814358_636703,4814358,636703,131,131,2026-03-10,Fermín López,CL,0,0,0,0,88
4814358_670858,4814358,670858,762,762,2026-03-10,Lewis Hall,CL,0,0,0,0,90
4814358_683840,4814358,683840,131,131,2026-03-10,Pedri,CL,0,0,0,0,70
4814358_705395,4814358,705395,131,131,2026-03-10,Gerard Martín,CL,0,0,0,0,90
4814358_937958,4814358,937958,131,131,2026-03-10,Lamine Yamal,CL,0,0,1,0,90
4827504_474701,4827504,474701,379,379,2026-03-09,Crysencio Summerville,FAC,1,0,0,0,74
4620991_470394,4620991,470394,398,398,2026-03-09,Kenneth Taylor,IT1,0,0,0,0,90
4620991_618341,4620991,618341,398,398,2026-03-09,Mario Gila,IT1,0,0,0,0,90
4620991_679423,4620991,679423,6574,6574,2026-03-09,Tarik Muharemović,IT1,0,0,0,0,90
4620991_921655,4620991,921655,6574,6574,2026-03-09,Ismaël Koné,IT1,0,0,0,0,83
4645955_709372,4645955,709372,714,714,2026-03-09,Carlos Romero,ES1,0,0,0,0,90
4649303_720286,4649303,720286,932,932,2026-03-09,Aleksey Batrakov,RU1,1,0,0,0,90
4827504_314875,4827504,314875,379,379,2026-03-09,Jarrod Bowen,FAC,0,0,2,0,120
4827504_340918,4827504,340918,1148,1148,2026-03-09,Caoimhín Kelleher,FAC,0,0,0,0,120
4827504_469050,4827504,469050,1148,1148,2026-03-09,Nathan Collins,FAC,0,0,0,1,120
4827504_473050,4827504,473050,1148,1148,2026-03-09,Kevin Schade,FAC,0,0,0,0,105
4827504_823486,4827504,823486,1148,1148,2026-03-09,Michael Kayode,FAC,0,0,0,1,120
4827504_540941,4827504,540941,1148,1148,2026-03-09,Mikkel Damsgaard,FAC,0,0,0,0,87
4827504_541231,4827504,541231,1148,1148,2026-03-09,Sepp van den Berg,FAC,0,0,0,0,23
4827504_644401,4827504,644401,1148,1148,2026-03-09,Keane Lewis-Potter,FAC,0,0,0,0,120
4827504_717411,4827504,717411,1148,1148,2026-03-09,Yegor Yarmolyuk,FAC,0,0,0,0,63
4827504_739443,4827504,739443,1148,1148,2026-03-09,Igor Thiago,FAC,0,0,2,0,120
4827504_823231,4827504,823231,1148,1148,2026-03-09,Dango Ouattara,FAC,0,0,0,0,120
4827504_880245,4827504,880245,379,379,2026-03-09,Mateus Fernandes,FAC,0,0,0,0,105
4827504_522784,4827504,522784,379,379,2026-03-09,Taty Castellanos,FAC,0,0,0,0,60
4634393_691892,4634393,691892,24,24,2026-03-08,Nathaniel Brown,L1,0,0,0,0,90
4634393_939964,4634393,939964,24,24,2026-03-08,Jean-Mattéo Bahoya,L1,0,0,0,0,90
4634393_931838,4634393,931838,24,24,2026-03-08,Hugo Larsson,L1,0,0,0,0,90
4641354_717329,4641354,717329,2282,2282,2026-03-08,Nicolò Tresoldi,BE1,0,0,2,0,90
4634393_585959,4634393,585959,24,24,2026-03-08,Arnaud Kalimuendo,L1,0,0,0,0,83
4634393_333647,4634393,333647,24,24,2026-03-08,Jonathan Burkardt,L1,0,0,0,0,90
4635225_618494,4635225,618494,1041,1041,2026-03-08,Tyler Morton,FR1,1,0,0,0,90
4620986_672381,4620986,672381,1025,244,2026-03-08,Jonathan Rowe,IT1,0,0,1,0,77
4635227_548254,4635227,548254,1082,1082,2026-03-08,Nathan Ngoy,FR1,0,0,0,0,90
4635225_971570,4635225,971570,1041,418,2026-03-08,Endrick,FR1,0,0,0,0,25
4635226_743515,4635226,743515,826,826,2026-03-08,Robin Risser,FR1,0,0,0,0,90
4635226_808348,4635226,808348,826,826,2026-03-08,Mamadou Sangaré,FR1,0,0,0,0,73
4635227_1097139,4635227,1097139,1082,1082,2026-03-08,Ayyoub Bouaddi,FR1,0,0,0,0,73
4620993_827734,4620993,827734,46,46,2026-03-08,Ange-Yoan Bonny,IT1,0,0,0,0,90
4635227_652275,4635227,652275,1082,1082,2026-03-08,Hákon Arnar Haraldsson,FR1,0,0,0,0,88
4635227_724129,4635227,724129,1082,1082,2026-03-08,Matias Fernandez-Pardo,FR1,0,0,1,0,87
4641354_1105541,4641354,1105541,58,58,2026-03-08,Nathan De Cat,BE1,0,0,1,0,65
4620993_930781,4620993,930781,46,46,2026-03-08,Pio Esposito,IT1,0,0,0,0,90
4620993_357164,4620993,357164,5,5,2026-03-08,Rafael Leão,IT1,0,0,0,0,73
4620993_668207,4620993,668207,46,46,2026-03-08,Petar Sučić,IT1,0,0,0,0,31
4620993_198116,4620993,198116,46,46,2026-03-08,Federico Dimarco,IT1,0,0,0,0,90
4620986_849520,4620986,849520,1025,1025,2026-03-08,Santiago Castro,IT1,0,0,0,0,90
4620989_326029,4620989,326029,12,12,2026-03-08,Donyell Malen,IT1,1,0,0,0,90
4620989_338670,4620989,338670,12,12,2026-03-08,Mile Svilar,IT1,0,0,0,0,90
4620989_371149,4620989,371149,12,12,2026-03-08,Evan Ndicka,IT1,1,0,1,0,90
4620989_624690,4620989,624690,12,12,2026-03-08,Manu Koné,IT1,0,0,0,0,90
4620989_813137,4620989,813137,12,12,2026-03-08,Niccolò Pisilli,IT1,0,0,0,0,90
4620993_255942,4620993,255942,46,46,2026-03-08,Nicolò Barella,IT1,0,0,0,0,68
4620993_574671,4620993,574671,5,5,2026-03-08,Strahinja Pavlović,IT1,0,0,0,0,90
4620993_315779,4620993,315779,5,5,2026-03-08,Christian Pulisic,IT1,0,0,0,0,84
4620993_315853,4620993,315853,46,46,2026-03-08,Alessandro Bastoni,IT1,1,0,0,0,68
4620993_321528,4620993,321528,46,46,2026-03-08,Denzel Dumfries,IT1,1,0,0,0,31
4620993_344381,4620993,344381,5,5,2026-03-08,Christopher Nkunku,IT1,0,0,0,0,6
4620993_441986,4620993,441986,46,46,2026-03-08,Yann Bisseck,IT1,0,0,0,0,80
4620993_569598,4620993,569598,5,5,2026-03-08,Youssouf Fofana,IT1,0,0,0,1,73
4641354_451677,4641354,451677,2282,2282,2026-03-08,Christos Tzolis,BE1,1,0,0,1,90
4635224_461607,4635224,461607,273,273,2026-03-08,Estéban Lepaul,FR1,0,0,1,0,70
4641354_780136,4641354,780136,2282,2282,2026-03-08,Aleksandar Stanković,BE1,0,0,0,0,75
4648852_670103,4648852,670103,294,294,2026-03-08,Andreas Schjelderup,PO1,0,0,1,0,90
4648852_735573,4648852,735573,294,294,2026-03-08,Richard Ríos,PO1,0,0,0,0,90
4648852_756990,4648852,756990,720,720,2026-03-08,Alan Varela,PO1,0,0,0,0,90
4648852_926993,4648852,926993,720,720,2026-03-08,Victor Froholdt,PO1,0,0,1,0,90
4649302_651580,4649302,651580,2410,2410,2026-03-08,Matvey Kislyak,RU1,0,0,0,0,90
4649304_800175,4649304,800175,964,964,2026-03-08,Luiz Henrique,RU1,0,0,0,0,78
4649305_515744,4649305,515744,16704,16704,2026-03-08,Eduard Spertsyan,RU1,0,0,0,0,90
4827506_1011131,4827506,1011131,931,931,2026-03-08,Josh King,FAC,0,0,0,0,1
4827506_661207,4827506,661207,931,281,2026-03-08,Oscar Bobb,FAC,0,0,0,0,90
4827507_344069,4827507,344069,399,399,2026-03-08,Anton Stach,FAC,0,0,0,0,20
4827507_392771,4827507,392771,399,399,2026-03-08,Ethan Ampadu,FAC,0,0,0,0,90
4827508_633992,4827508,633992,289,289,2026-03-08,Enzo Le Fée,FAC,0,0,0,0,90
4827508_743384,4827508,743384,289,289,2026-03-08,Chemsdine Talbi,FAC,0,0,0,0,68
4827508_876631,4827508,876631,289,289,2026-03-08,Habib Diarra,FAC,0,0,0,0,90
4827508_947411,4827508,947411,289,289,2026-03-08,Chris Rigg,FAC,0,0,0,0,83
4641354_893661,4641354,893661,2282,2282,2026-03-08,Joel Ordóñez,BE1,0,0,0,0,90
4648852_699704,4648852,699704,720,720,2026-03-08,Gabri Veiga,PO1,1,0,0,1,45
4664998_964426,4664998,964426,683,683,2026-03-08,Christos Mouzakitis,GR1,0,0,0,0,20
4648852_650568,4648852,650568,294,294,2026-03-08,António Silva,PO1,1,0,0,0,15
4647987_465830,4647987,465830,36,398,2026-03-08,Mattéo Guendouzi,TR1,1,0,1,0,90
4648852_537844,4648852,537844,294,294,2026-03-08,Anatoliy Trubin,PO1,0,0,0,0,90
4645957_602105,4645957,602105,150,150,2026-03-08,Antony,ES1,1,0,0,0,29
4645957_724520,4645957,724520,150,150,2026-03-08,Abde Ezzalzouli,ES1,1,0,0,0,61
4645958_485963,4645958,485963,1050,1050,2026-03-08,Pape Gueye,ES1,0,0,0,1,75
4645958_729814,4645958,729814,1050,1050,2026-03-08,Georges Mikautadze,ES1,0,0,0,0,90
4645958_805714,4645958,805714,1050,1050,2026-03-08,Renato Veiga,ES1,0,0,0,0,15
4645958_733576,4645958,733576,1050,1050,2026-03-08,Alberto Moleiro,ES1,1,0,0,0,65
4648852_1004725,4648852,1004725,720,720,2026-03-08,William Gomes,PO1,1,0,0,0,45
4645956_834764,4645956,834764,1049,1049,2026-03-08,Javi Guerra,ES1,0,0,1,0,82
4648852_1162012,4648852,1162012,720,720,2026-03-08,Oskar Pietuszewski,PO1,0,0,1,0,64
4648852_324503,4648852,324503,294,294,2026-03-08,Vangelis Pavlidis,PO1,0,0,0,0,90
4648852_357153,4648852,357153,720,720,2026-03-08,Diogo Costa,PO1,1,0,0,0,90
4648852_425918,4648852,425918,720,11,2026-03-08,Jakub Kiwior,PO1,0,0,0,0,90
4648852_504087,4648852,504087,294,294,2026-03-08,Tomás Araújo,PO1,0,0,0,0,90
4634394_667457,4634394,667457,533,533,2026-03-07,Leon Avdullahu,L1,0,0,0,0,90
4634395_406640,4634395,406640,16,16,2026-03-07,Felix Nmecha,L1,0,0,0,0,90
4634395_388198,4634395,388198,16,16,2026-03-07,Nico Schlotterbeck,L1,0,0,0,0,90
4634395_370789,4634395,370789,16,16,2026-03-07,Julian Ryerson,L1,0,0,0,0,61
4634395_270541,4634395,270541,16,16,2026-03-07,Serhou Guirassy,L1,0,0,1,0,61
4634395_257814,4634395,257814,16,16,2026-03-07,Gregor Kobel,L1,0,0,0,0,90
4634395_1168219,4634395,1168219,3,3,2026-03-07,Said El Mala,L1,0,0,0,0,86
4634390_894914,4634390,894914,23826,23826,2026-03-07,Antonio Nusa,L1,0,0,0,0,61
4634394_579459,4634394,579459,533,533,2026-03-07,Albian Hajdari,L1,0,0,0,0,77
4634394_524290,4634394,524290,533,533,2026-03-07,Fisnik Asllani,L1,0,0,1,1,88
4634394_1067904,4634394,1067904,533,533,2026-03-07,Bazoumana Touré,L1,0,0,0,1,87
4634391_892160,4634391,892160,41,148,2026-03-07,Luka Vuskovic,L1,0,0,1,1,90
4620985_315867,4620985,315867,800,800,2026-03-07,Gianluca Scamacca,IT1,0,0,2,0,90
4634391_669380,4634391,669380,82,82,2026-03-07,Konstantinos Koulierakis,L1,0,0,0,0,90
4634390_957874,4634390,957874,23826,23826,2026-03-07,Rômulo,L1,0,0,0,0,74
4634395_578392,4634395,578392,16,16,2026-03-07,Maximilian Beier,L1,0,0,1,1,83
4634395_496094,4634395,496094,16,16,2026-03-07,Karim Adeyemi,L1,0,0,0,0,7
4645950_935231,4645950,935231,331,331,2026-03-07,Víctor Muñoz,ES1,1,0,0,1,90
4634395_796297,4634395,796297,16,16,2026-03-07,Jobe Bellingham,L1,0,0,0,0,1
4641575_748804,4641575,748804,610,610,2026-03-07,Mika Godts,NL1,0,0,0,0,90
4645952_1018920,4645952,1018920,131,131,2026-03-07,Marc Bernal,ES1,0,0,0,0,45
4634390_618472,4634390,618472,23826,23826,2026-03-07,Castello Lukeba,L1,0,0,0,0,90
4645949_1005575,4645949,1005575,12321,12321,2026-03-07,Vitor Reis,ES1,1,0,0,0,90
4641581_702869,4641581,702869,383,383,2026-03-07,Ismael Saibari,NL1,0,0,0,0,90
4641581_627207,4641581,627207,383,383,2026-03-07,Ricardo Pepi,NL1,1,0,1,0,88
4641581_552655,4641581,552655,1090,1090,2026-03-07,Troy Parrott,NL1,0,0,0,0,88
4641581_408574,4641581,408574,383,383,2026-03-07,Joey Veerman,NL1,0,0,0,0,90
4641355_990148,4641355,990148,1184,1184,2026-03-07,Konstantinos Karetsas,BE1,1,0,0,0,63
4635222_418659,4635222,418659,244,244,2026-03-07,Amine Gouiri,FR1,0,0,0,0,24
4635228_849410,4635228,849410,667,667,2026-03-07,Valentín Barco,FR1,0,0,0,0,25
4635228_834397,4635228,834397,667,667,2026-03-07,Mike Penders,FR1,0,0,0,0,90
4635228_660867,4635228,660867,667,667,2026-03-07,Julio Enciso,FR1,0,0,0,0,90
4635228_1064871,4635228,1064871,667,667,2026-03-07,Joaquín Panichelli,FR1,0,0,0,0,26
4635222_653610,4635222,653610,244,244,2026-03-07,Igor Paixão,FR1,0,0,0,1,90
4635222_532826,4635222,532826,244,244,2026-03-07,Mason Greenwood,FR1,1,0,1,0,66
4635222_420213,4635222,420213,244,244,2026-03-07,Quinten Timber,FR1,0,0,0,0,82
4634390_700106,4634390,700106,23826,23826,2026-03-07,Brajan Gruda,L1,0,0,0,0,61
4634388_401578,4634388,401578,15,15,2026-03-07,Exequiel Palacios,L1,0,0,0,0,8
4634390_404950,4634390,404950,23826,23826,2026-03-07,Nicolas Seiwald,L1,0,0,0,0,90
4620987_895937,4620987,895937,1390,1390,2026-03-07,Marco Palestra,IT1,1,0,0,0,90
4620990_516716,4620990,516716,506,506,2026-03-07,Bremer,IT1,1,0,0,0,90
4620990_487474,4620990,487474,506,506,2026-03-07,Francisco Conceição,IT1,0,0,0,1,77
4620990_463618,4620990,463618,506,506,2026-03-07,Khéphren Thuram,IT1,0,0,1,0,77
4620990_332697,4620990,332697,506,506,2026-03-07,Weston McKennie,IT1,0,0,0,0,90
4620990_265088,4620990,265088,506,506,2026-03-07,Manuel Locatelli,IT1,0,0,0,1,90
4620987_948294,4620987,948294,1047,1047,2026-03-07,Nico Paz,IT1,0,0,0,0,81
4620987_948278,4620987,948278,1047,1047,2026-03-07,Jacobo Ramón,IT1,1,0,0,0,90
4620987_668547,4620987,668547,1047,1047,2026-03-07,Máximo Perrone,IT1,0,0,0,0,36
4634390_324278,4634390,324278,23826,23826,2026-03-07,Christoph Baumgartner,L1,0,0,0,0,90
4620987_580451,4620987,580451,1047,1047,2026-03-07,Martin Baturina,IT1,0,0,1,0,81
4620987_523318,4620987,523318,1047,1047,2026-03-07,Anastasios Douvikas,IT1,0,0,0,0,62
4620987_1190411,4620987,1190411,1047,1047,2026-03-07,Jesús Rodríguez,IT1,0,0,0,0,90
4620985_855308,4620985,855308,410,410,2026-03-07,Arthur Atta,IT1,0,0,0,0,28
4620985_459763,4620985,459763,800,800,2026-03-07,Marco Carnesecchi,IT1,0,0,0,0,90
4620985_434433,4620985,434433,800,1005,2026-03-07,Nikola Krstović,IT1,0,0,0,0,33
4645952_293385,4645952,293385,131,131,2026-03-07,Dani Olmo,ES1,0,0,0,0,62
4620990_533738,4620990,533738,506,506,2026-03-07,Jonathan David,IT1,0,0,0,0,45
4620990_585949,4620990,585949,506,506,2026-03-07,Pierre Kalulu,IT1,0,0,0,0,90
4620990_845654,4620990,845654,506,506,2026-03-07,Kenan Yıldız,IT1,0,0,1,1,83
4634388_1364454,4634388,1364454,15,15,2026-03-07,Christian Kofane,L1,0,0,1,1,90
4634390_318204,4634390,318204,23826,23826,2026-03-07,David Raum,L1,0,0,0,0,90
4634390_1390649,4634390,1390649,23826,23826,2026-03-07,Yan Diomande,L1,0,0,1,0,90
4634389_924117,4634389,924117,79,79,2026-03-07,Finn Jeltsch,L1,0,0,0,0,15
4634389_643574,4634389,643574,39,39,2026-03-07,Kaishu Sano,L1,0,0,0,0,90
4634389_518505,4634389,518505,79,79,2026-03-07,Jamie Leweling,L1,0,0,0,0,90
4634389_443710,4634389,443710,79,79,2026-03-07,Angelo Stiller,L1,0,0,0,0,90
4634389_436064,4634389,436064,79,79,2026-03-07,Ramon Hendriks,L1,0,0,0,0,6
4634388_927353,4634388,927353,60,60,2026-03-07,Johan Manzambi,L1,0,0,0,0,75
4634388_905011,4634388,905011,15,15,2026-03-07,Ibrahim Maza,L1,0,0,0,0,66
4634388_718303,4634388,718303,15,1090,2026-03-07,Ernest Poku,L1,0,0,0,0,82
4634388_668606,4634388,668606,60,60,2026-03-07,Yuito Suzuki,L1,0,0,1,0,90
4634388_632349,4634388,632349,15,15,2026-03-07,Jarell Quansah,L1,1,0,0,0,90
4634388_564545,4634388,564545,15,15,2026-03-07,Edmond Tapsoba,L1,0,0,0,0,90
4634388_526845,4634388,526845,60,60,2026-03-07,Noah Atubolu,L1,0,0,0,0,90
4634388_467437,4634388,467437,15,15,2026-03-07,Malik Tillman,L1,0,0,0,0,24
4645952_258923,4645952,258923,131,131,2026-03-07,Marcus Rashford,ES1,0,0,0,0,62
4827501_333241,4827501,333241,762,762,2026-03-07,Joelinton,FAC,1,0,0,0,28
4645952_398184,4645952,398184,131,131,2026-03-07,Ferran Torres,ES1,0,0,0,0,62
4827503_487465,4827503,487465,631,631,2026-03-07,Pedro Neto,FAC,0,0,0,0,100
4827503_1004708,4827503,1004708,631,631,2026-03-07,Josh Acheampong,FAC,0,0,1,0,85
4827501_763079,4827501,763079,281,281,2026-03-07,Abdukodir Khusanov,FAC,0,0,0,0,90
4827501_743591,4827501,743591,281,281,2026-03-07,Savinho,FAC,0,0,1,0,79
4827501_743413,4827501,743413,281,281,2026-03-07,Nico O'Reilly,FAC,0,0,0,0,90
4827501_670858,4827501,670858,762,762,2026-03-07,Lewis Hall,FAC,0,0,0,0,80
4827501_609556,4827501,609556,762,762,2026-03-07,William Osula,FAC,0,0,0,0,63
4827501_601883,4827501,601883,281,281,2026-03-07,Matheus Nunes,FAC,0,0,0,1,90
4827501_583255,4827501,583255,281,281,2026-03-07,Antoine Semenyo,FAC,0,0,0,0,17
4827501_583189,4827501,583189,762,762,2026-03-07,Anthony Elanga,FAC,0,0,0,0,62
4827501_566799,4827501,566799,281,281,2026-03-07,James Trafford,FAC,0,0,0,0,90
4827501_521964,4827501,521964,762,762,2026-03-07,Malick Thiaw,FAC,0,0,0,0,90
4827501_503981,4827501,503981,762,762,2026-03-07,Tino Livramento,FAC,0,0,0,0,10
4827501_503733,4827501,503733,762,762,2026-03-07,Anthony Gordon,FAC,0,0,0,0,18
4827501_486049,4827501,486049,281,281,2026-03-07,Jérémy Doku,FAC,0,0,0,1,79
4827501_466805,4827501,466805,281,281,2026-03-07,Nico González,FAC,0,0,0,0,90
4827503_284857,4827503,284857,631,631,2026-03-07,Marc Cucurella,FAC,0,0,0,0,55
4827503_610849,4827503,610849,631,631,2026-03-07,Liam Delap,FAC,0,0,0,0,85
4827501_455661,4827501,455661,762,762,2026-03-07,Nick Woltemade,FAC,0,0,0,0,72
4827503_620322,4827503,620322,631,631,2026-03-07,Malo Gusto,FAC,0,0,0,0,35
4645952_411295,4645952,411295,131,131,2026-03-07,Raphinha,ES1,0,0,0,0,28
4827505_659813,4827505,659813,11,11,2026-03-07,Piero Hincapié,FAC,0,0,0,0,52
4827505_655488,4827505,655488,11,11,2026-03-07,Gabriel Martinelli,FAC,0,0,0,1,90
4827505_646750,4827505,646750,11,11,2026-03-07,Cristhian Mosquera,FAC,0,0,0,0,90
4827505_503987,4827505,503987,11,11,2026-03-07,Noni Madueke,FAC,0,0,1,0,90
4827505_502821,4827505,502821,11,11,2026-03-07,Riccardo Calafiori,FAC,1,0,0,0,76
4827505_479999,4827505,479999,11,11,2026-03-07,Eberechi Eze,FAC,1,0,1,0,28
4827505_433177,4827505,433177,11,11,2026-03-07,Bukayo Saka,FAC,0,0,0,0,13
4827505_420243,4827505,420243,11,11,2026-03-07,Jurriën Timber,FAC,0,0,0,0,28
4827505_309400,4827505,309400,11,11,2026-03-07,Kai Havertz,FAC,0,0,0,0,62
4827505_1187629,4827505,1187629,11,11,2026-03-07,Max Dowman,FAC,0,0,0,0,77
4827503_904802,4827503,904802,631,631,2026-03-07,Jorrel Hato,FAC,0,0,0,0,65
4827503_811779,4827503,811779,631,631,2026-03-07,Alejandro Garnacho,FAC,1,0,1,0,120
4827503_743600,4827503,743600,631,631,2026-03-07,Andrey Santos,FAC,1,0,0,0,120
4827503_626724,4827503,626724,631,631,2026-03-07,João Pedro,FAC,0,0,1,0,35
4827501_460939,4827501,460939,281,281,2026-03-07,Tijjani Reijnders,FAC,0,0,0,0,90
4827501_607223,4827501,607223,281,281,2026-03-07,Rayan Cherki,FAC,0,0,0,0,11
4827501_445939,4827501,445939,281,281,2026-03-07,Omar Marmoush,FAC,0,0,2,0,73
4645952_962110,4645952,962110,131,131,2026-03-07,Pau Cubarsí,ES1,1,0,0,0,90
4645953_742201,4645953,742201,13,13,2026-03-07,Giuliano Simeone,ES1,0,0,0,0,53
4645953_616631,4645953,616631,13,13,2026-03-07,Matteo Ruggeri,ES1,0,0,0,1,90
4645953_576024,4645953,576024,13,13,2026-03-07,Julián Alvarez,ES1,0,0,0,0,37
4645953_406040,4645953,406040,13,800,2026-03-07,Ademola Lookman,ES1,0,0,0,0,53
4645953_404418,4645953,404418,13,13,2026-03-07,Dávid Hancko,ES1,1,0,0,0,90
4645953_351478,4645953,351478,681,681,2026-03-07,Mikel Oyarzabal,ES1,0,0,1,0,34
4645953_1018938,4645953,1018938,681,681,2026-03-07,Jon Martín,ES1,0,0,0,0,90
4645952_938729,4645952,938729,621,621,2026-03-07,Mikel Jauregizar,ES1,0,0,0,0,74
4647990_454567,4647990,454567,114,114,2026-03-07,Orkun Kökçü,TR1,1,0,0,0,90
4827501_406635,4827501,406635,281,281,2026-03-07,Phil Foden,FAC,0,0,0,0,11
4645952_705395,4645952,705395,131,131,2026-03-07,Gerard Martín,ES1,0,0,0,0,90
4645952_683840,4645952,683840,131,131,2026-03-07,Pedri,ES1,0,0,0,1,45
4645952_636703,4645952,636703,131,131,2026-03-07,Fermín López,ES1,0,0,0,0,28
4645952_571020,4645952,571020,621,621,2026-03-07,Oihan Sancet,ES1,0,0,0,0,45
4645952_561613,4645952,561613,131,131,2026-03-07,Joan García,ES1,0,0,0,0,90
4645952_466794,4645952,466794,131,131,2026-03-07,Eric García,ES1,0,0,0,0,90
4647990_401923,4647990,401923,141,141,2026-03-07,Victor Osimhen,TR1,1,0,1,0,90
4645952_937958,4645952,937958,131,131,2026-03-07,Lamine Yamal,ES1,0,0,1,0,90
4647990_541537,4647990,541537,141,141,2026-03-07,Barış Alper Yılmaz,TR1,0,0,0,0,81
4648851_572675,4648851,572675,336,336,2026-03-07,Maxi Araújo,PO1,1,0,0,0,90
4647990_553469,4647990,553469,141,141,2026-03-07,Gabriel Sara,TR1,0,0,0,0,67
4827501_398065,4827501,398065,762,762,2026-03-07,Harvey Barnes,FAC,0,0,1,0,90
4827501_397033,4827501,397033,762,762,2026-03-07,Sandro Tonali,FAC,0,0,0,1,90
4827501_388165,4827501,388165,762,762,2026-03-07,Yoane Wissa,FAC,1,0,0,0,27
4648851_974982,4648851,974982,336,336,2026-03-07,Ousmane Diomande,PO1,1,0,0,0,90
4648851_701979,4648851,701979,336,336,2026-03-07,Geny Catamo,PO1,0,0,0,0,81
4648851_606752,4648851,606752,1075,1075,2026-03-07,Rodrigo Zalazar,PO1,0,0,1,1,90
4827501_361093,4827501,361093,762,762,2026-03-07,Sven Botman,FAC,0,0,0,0,90
4648851_549006,4648851,549006,336,336,2026-03-07,Gonçalo Inácio,PO1,0,0,1,0,90
4648851_461496,4648851,461496,336,336,2026-03-07,Morten Hjulmand,PO1,0,0,0,0,90
4648851_426620,4648851,426620,336,336,2026-03-07,Pedro Gonçalves,PO1,0,0,0,1,73
4648851_424784,4648851,424784,336,336,2026-03-07,Luis Suárez,PO1,0,0,1,0,90
4648851_412669,4648851,412669,336,336,2026-03-07,Francisco Trincão,PO1,0,0,0,0,90
4647990_648779,4647990,648779,141,141,2026-03-07,Wilfried Singo,TR1,1,0,0,0,8
4635230_502670,4635230,502670,583,583,2026-03-06,Khvicha Kvaratskhelia,FR1,0,0,0,0,60
4635230_318470,4635230,318470,583,583,2026-03-06,Matvey Safonov,FR1,0,0,0,0,90
4635230_334526,4635230,334526,162,162,2026-03-06,Denis Zakaria,FR1,0,0,0,0,90
4635230_398073,4635230,398073,583,583,2026-03-06,Achraf Hakimi,FR1,1,0,0,1,90
4635230_487469,4635230,487469,583,583,2026-03-06,Vitinha,FR1,0,0,0,0,90
4635230_550550,4635230,550550,583,583,2026-03-06,Gonçalo Ramos,FR1,0,0,0,0,16
4635230_503770,4635230,503770,162,162,2026-03-06,Folarin Balogun,FR1,1,0,1,1,81
4635230_616341,4635230,616341,583,583,2026-03-06,Nuno Mendes,FR1,0,0,0,0,90
4635230_557149,4635230,557149,583,583,2026-03-06,Kang-in Lee,FR1,0,0,0,0,30
4634387_822959,4634387,822959,27,27,2026-03-06,Tom Bischof,L1,0,0,0,0,90
4635230_288230,4635230,288230,583,583,2026-03-06,Ousmane Dembélé,FR1,0,0,0,0,30
4634387_1075147,4634387,1075147,27,27,2026-03-06,Lennart Karl,L1,0,0,0,1,90
4634387_776890,4634387,776890,27,27,2026-03-06,Nicolas Jackson,L1,1,0,1,1,90
4634387_580195,4634387,580195,27,27,2026-03-06,Jamal Musiala,L1,0,0,1,0,90
4634387_483046,4634387,483046,27,27,2026-03-06,Josip Stanisic,L1,0,0,0,0,29
4634387_480692,4634387,480692,27,27,2026-03-06,Luis Díaz,L1,0,0,1,1,61
4634387_344695,4634387,344695,27,27,2026-03-06,Dayot Upamecano,L1,0,0,0,0,61
4634387_223967,4634387,223967,27,27,2026-03-06,Konrad Laimer,L1,0,0,1,0,60
4634387_161056,4634387,161056,27,27,2026-03-06,Joshua Kimmich,L1,0,0,0,0,81
4620994_830365,4620994,830365,6195,6195,2026-03-06,Alisson Santos,IT1,0,0,1,0,79
4620994_610442,4620994,610442,6195,6195,2026-03-06,Rasmus Højlund,IT1,0,0,0,0,84
4620994_386446,4620994,386446,6195,6195,2026-03-06,Alessandro Buongiorno,IT1,0,0,0,0,90
4635230_661171,4635230,661171,583,583,2026-03-06,Willian Pacho,FR1,0,0,0,0,90
4635230_659089,4635230,659089,583,583,2026-03-06,Ilya Zabarnyi,FR1,0,0,0,0,90
4635230_708265,4635230,708265,583,583,2026-03-06,Bradley Barcola,FR1,0,0,1,0,90
4827502_433188,4827502,433188,31,31,2026-03-06,Curtis Jones,FAC,0,0,1,1,90
4645954_935230,4645954,935230,418,418,2026-03-06,Gonzalo García,ES1,0,0,0,0,13
4635230_745200,4635230,745200,162,162,2026-03-06,Maghnes Akliouche,FR1,0,0,1,1,81
4827502_735570,4827502,735570,543,543,2026-03-06,João Gomes,FAC,1,0,0,0,90
4827502_598577,4827502,598577,31,31,2026-03-06,Florian Wirtz,FAC,0,0,0,0,21
4827502_534033,4827502,534033,31,31,2026-03-06,Alexis Mac Allister,FAC,0,0,0,0,82
4827502_484547,4827502,484547,31,31,2026-03-06,Jeremie Frimpong,FAC,0,0,0,0,21
4827502_478573,4827502,478573,31,31,2026-03-06,Ryan Gravenberch,FAC,0,0,0,1,90
4827502_451276,4827502,451276,31,31,2026-03-06,Dominik Szoboszlai,FAC,1,0,0,0,90
4827502_434675,4827502,434675,31,31,2026-03-06,Cody Gakpo,FAC,0,0,0,0,86
4827502_357119,4827502,357119,31,31,2026-03-06,Ibrahima Konaté,FAC,0,0,0,0,9
4827502_1108466,4827502,1108466,31,31,2026-03-06,Rio Ngumoha,FAC,0,0,0,0,69
4648846_982575,4648846,982575,3329,3329,2026-03-06,Gustavo Sá,PO1,0,0,0,0,90
4645954_861410,4645954,861410,418,418,2026-03-06,Arda Güler,ES1,0,0,0,1,65
4645954_413112,4645954,413112,418,418,2026-03-06,Aurélien Tchouaméni,ES1,1,0,1,0,90
4645954_371998,4645954,371998,418,418,2026-03-06,Vinicius Junior,ES1,0,0,0,0,90
4645954_369081,4645954,369081,418,418,2026-03-06,Federico Valverde,ES1,0,0,1,0,90
4645954_314678,4645954,314678,418,418,2026-03-06,Brahim Díaz,ES1,0,0,0,0,77
4645954_314353,4645954,314353,418,418,2026-03-06,Trent Alexander-Arnold,ES1,0,0,0,0,90
4635230_918969,4635230,918969,162,162,2026-03-06,Lamine Camara,FR1,1,0,0,0,90
4635230_914562,4635230,914562,583,583,2026-03-06,Désiré Doué,FR1,0,0,0,0,60
4635230_903693,4635230,903693,583,583,2026-03-06,Senny Mayulu,FR1,0,0,0,0,30
4635230_810092,4635230,810092,583,583,2026-03-06,Warren Zaïre-Emery,FR1,0,0,0,0,74
4626086_258919,4626086,258919,873,873,2026-03-05,Dean Henderson,GB1,0,0,0,0,90
4626086_429983,4626086,429983,873,543,2026-03-05,Jørgen Strand Larsen,GB1,1,0,1,0,81
4626086_410225,4626086,410225,873,873,2026-03-05,Ismaïla Sarr,GB1,0,0,2,0,90
4626086_378710,4626086,378710,148,148,2026-03-05,Richarlison,GB1,0,0,0,0,16
4626086_488362,4626086,488362,148,148,2026-03-05,Conor Gallagher,GB1,0,0,0,0,47
4626086_258889,4626086,258889,148,148,2026-03-05,Dominic Solanke,GB1,0,0,1,0,74
4626086_1006411,4626086,1006411,873,873,2026-03-05,Jaydee Canvot,GB1,0,0,0,0,90
4626086_500689,4626086,500689,873,873,2026-03-05,Evann Guessand,GB1,0,0,0,0,67
4626086_470607,4626086,470607,873,148,2026-03-05,Brennan Johnson,GB1,0,0,0,0,23
4626086_730893,4626086,730893,873,873,2026-03-05,Tyrick Mitchell,GB1,0,0,0,0,90
4626086_553875,4626086,553875,148,148,2026-03-05,Pedro Porro,GB1,0,0,0,0,74
4626086_557459,4626086,557459,148,148,2026-03-05,Micky van de Ven,GB1,0,0,0,0,38
4626086_566931,4626086,566931,148,23826,2026-03-05,Xavi Simons,GB1,0,0,0,0,16
4626086_568693,4626086,568693,148,148,2026-03-05,Pape Matar Sarr,GB1,1,0,0,0,90
4626086_578539,4626086,578539,873,873,2026-03-05,Chris Richards,GB1,0,0,0,0,90
4626086_744149,4626086,744149,873,873,2026-03-05,Adam Wharton,GB1,0,0,0,2,81
4626086_922693,4626086,922693,148,148,2026-03-05,Archie Gray,GB1,0,0,0,1,90
4777069_720286,4777069,720286,932,932,2026-03-05,Aleksey Batrakov,RUP,0,0,0,1,90
4626080_659813,4626080,659813,11,11,2026-03-04,Piero Hincapié,GB1,0,0,0,0,90
4626080_996897,4626080,996897,1237,1237,2026-03-04,Diego Gómez,GB1,1,0,0,0,77
4626080_973085,4626080,973085,1237,1237,2026-03-04,Carlos Baleba,GB1,0,0,0,0,78
4626080_867688,4626080,867688,1237,1237,2026-03-04,Jack Hinshelwood,GB1,0,0,0,0,69
4626080_667287,4626080,667287,1237,1237,2026-03-04,Yasin Ayari,GB1,1,0,0,0,12
4626080_565093,4626080,565093,1237,1237,2026-03-04,Bart Verbruggen,GB1,0,0,0,0,90
4626080_655488,4626080,655488,11,11,2026-03-04,Gabriel Martinelli,GB1,0,0,0,0,60
4626080_646750,4626080,646750,11,11,2026-03-04,Cristhian Mosquera,GB1,1,0,0,0,64
4626080_576314,4626080,576314,1237,1237,2026-03-04,Jan Paul van Hecke,GB1,0,0,0,0,90
4626080_502821,4626080,502821,11,11,2026-03-04,Riccardo Calafiori,GB1,0,0,0,0,26
4626080_538977,4626080,538977,1237,1237,2026-03-04,Georginio Rutter,GB1,0,0,0,0,90
4626082_1111589,4626082,1111589,379,379,2026-03-04,El Hadji Malick Diouf,GB1,0,0,0,0,90
4626082_1011131,4626082,1011131,931,931,2026-03-04,Josh King,GB1,0,0,0,0,61
4626084_406635,4626084,406635,281,281,2026-03-04,Phil Foden,GB1,0,0,0,0,77
4626082_314875,4626082,314875,379,379,2026-03-04,Jarrod Bowen,GB1,1,0,0,1,90
4626082_333014,4626082,333014,931,931,2026-03-04,Sander Berge,GB1,0,0,0,0,82
4626082_461883,4626082,461883,931,931,2026-03-04,Calvin Bassey,GB1,1,0,0,0,90
4626082_474701,4626082,474701,379,379,2026-03-04,Crysencio Summerville,GB1,0,0,1,0,90
4626082_522784,4626082,522784,379,379,2026-03-04,Taty Castellanos,GB1,0,0,0,0,88
4626082_661207,4626082,661207,931,281,2026-03-04,Oscar Bobb,GB1,0,0,0,0,29
4626082_880245,4626082,880245,379,379,2026-03-04,Mateus Fernandes,GB1,1,0,0,0,90
4626084_1005649,4626084,1005649,703,703,2026-03-04,Murillo,GB1,1,0,0,0,90
4626084_258004,4626084,258004,281,281,2026-03-04,Rúben Dias,GB1,0,0,0,0,90
4626084_315858,4626084,315858,281,281,2026-03-04,Gianluigi Donnarumma,GB1,0,0,0,0,90
4626084_357565,4626084,357565,281,281,2026-03-04,Rodri,GB1,0,0,1,0,90
4626084_392757,4626084,392757,281,281,2026-03-04,Marc Guéhi,GB1,0,0,0,0,90
4626080_435338,4626080,435338,11,11,2026-03-04,Gabriel,GB1,0,0,0,0,90
4626080_479999,4626080,479999,11,11,2026-03-04,Eberechi Eze,GB1,0,0,0,0,90
4626078_485706,4626078,485706,405,405,2026-03-04,Amadou Onana,GB1,0,0,0,0,90
4626080_433177,4626080,433177,11,11,2026-03-04,Bukayo Saka,GB1,0,0,1,0,90
4626080_423440,4626080,423440,11,11,2026-03-04,Martín Zubimendi,GB1,0,0,0,0,80
4626078_324358,4626078,324358,405,405,2026-03-04,Ollie Watkins,GB1,1,0,0,0,72
4626078_346314,4626078,346314,631,631,2026-03-04,Trevoh Chalobah,GB1,0,0,0,0,90
4626078_413403,4626078,413403,405,405,2026-03-04,Ezri Konsa,GB1,0,0,0,0,90
4626078_472423,4626078,472423,631,631,2026-03-04,Reece James,GB1,0,0,0,0,90
4626078_475411,4626078,475411,631,631,2026-03-04,Wesley Fofana,GB1,0,0,0,0,79
4626078_485585,4626078,485585,405,405,2026-03-04,Ian Maatsen,GB1,0,0,0,0,90
4626078_284857,4626078,284857,631,631,2026-03-04,Marc Cucurella,GB1,0,0,0,0,11
4626078_503743,4626078,503743,405,405,2026-03-04,Morgan Rogers,GB1,1,0,0,0,90
4626078_568177,4626078,568177,631,631,2026-03-04,Cole Palmer,GB1,0,0,1,0,85
4626078_610849,4626078,610849,631,631,2026-03-04,Liam Delap,GB1,0,0,0,0,5
4626078_620322,4626078,620322,631,631,2026-03-04,Malo Gusto,GB1,0,0,0,1,75
4626078_626724,4626078,626724,631,631,2026-03-04,João Pedro,GB1,1,0,3,1,85
4626078_648195,4626078,648195,631,631,2026-03-04,Enzo Fernández,GB1,1,0,0,1,79
4626078_687626,4626078,687626,631,631,2026-03-04,Moisés Caicedo,GB1,0,0,0,0,90
4626078_743600,4626078,743600,631,631,2026-03-04,Andrey Santos,GB1,0,0,0,0,5
4626078_811779,4626078,811779,631,631,2026-03-04,Alejandro Garnacho,GB1,0,0,0,1,90
4626078_904802,4626078,904802,631,631,2026-03-04,Jorrel Hato,GB1,0,0,0,0,90
4626080_1012534,4626080,1012534,1237,1237,2026-03-04,Yankuba Minteh,GB1,0,0,0,0,45
4626080_262749,4626080,262749,11,11,2026-03-04,David Raya,GB1,0,0,0,0,90
4626080_309400,4626080,309400,11,11,2026-03-04,Kai Havertz,GB1,0,0,0,0,31
4626080_325443,4626080,325443,11,11,2026-03-04,Viktor Gyökeres,GB1,0,0,0,0,59
4626080_357662,4626080,357662,11,11,2026-03-04,Declan Rice,GB1,0,0,0,0,90
4626080_369316,4626080,369316,1237,1237,2026-03-04,Ferdi Kadıoğlu,GB1,1,0,0,0,90
4626080_415381,4626080,415381,1237,1237,2026-03-04,Mats Wieffer,GB1,0,0,0,0,77
4626080_420243,4626080,420243,11,11,2026-03-04,Jurriën Timber,GB1,0,0,0,1,90
4626084_392768,4626084,392768,703,703,2026-03-04,Callum Hudson-Odoi,GB1,0,0,0,1,27
4824554_1077175,4824554,1077175,800,800,2026-03-04,Honest Ahanor,CIT,0,0,0,0,14
4626084_413507,4626084,413507,703,703,2026-03-04,Nikola Milenković,GB1,1,0,0,0,90
4626085_627442,4626085,627442,985,985,2026-03-04,Benjamin Sesko,GB1,0,0,0,0,90
4626085_820374,4626085,820374,985,985,2026-03-04,Kobbie Mainoo,GB1,0,0,0,0,76
4626085_923831,4626085,923831,985,985,2026-03-04,Leny Yoro,GB1,0,0,0,0,90
4634280_1364454,4634280,1364454,15,15,2026-03-04,Christian Kofane,L1,0,0,1,0,90
4634280_401578,4634280,401578,15,15,2026-03-04,Exequiel Palacios,L1,1,0,0,0,90
4634280_467437,4634280,467437,15,15,2026-03-04,Malik Tillman,L1,0,0,0,0,19
4634280_564545,4634280,564545,15,15,2026-03-04,Edmond Tapsoba,L1,0,0,0,0,90
4634280_632349,4634280,632349,15,15,2026-03-04,Jarell Quansah,L1,0,0,0,0,90
4634280_718303,4634280,718303,15,1090,2026-03-04,Ernest Poku,L1,0,0,0,0,10
4634280_892160,4634280,892160,41,148,2026-03-04,Luka Vuskovic,L1,0,0,0,0,90
4634280_905011,4634280,905011,15,15,2026-03-04,Ibrahim Maza,L1,0,0,0,1,90
4777065_515744,4777065,515744,16704,16704,2026-03-04,Eduard Spertsyan,RUP,0,0,0,0,47
4777065_651580,4777065,651580,2410,2410,2026-03-04,Matvey Kislyak,RUP,0,0,0,2,90
4819284_1018938,4819284,1018938,681,681,2026-03-04,Jon Martín,CDR,0,0,0,0,90
4819284_351478,4819284,351478,681,681,2026-03-04,Mikel Oyarzabal,CDR,0,0,1,0,90
4819284_571020,4819284,571020,621,621,2026-03-04,Oihan Sancet,CDR,0,0,0,0,67
4819284_711374,4819284,711374,681,681,2026-03-04,Jon Gorrotxategi,CDR,0,0,0,0,90
4819284_938729,4819284,938729,621,621,2026-03-04,Mikel Jauregizar,CDR,1,0,0,0,82
4626084_418560,4626084,418560,281,281,2026-03-04,Erling Haaland,GB1,0,0,0,0,90
4819607_859035,4819607,859035,1090,1090,2026-03-04,Kees Smit,NLP,1,0,0,1,84
4824554_315867,4824554,315867,800,800,2026-03-04,Gianluca Scamacca,CIT,0,0,0,0,5
4824554_434433,4824554,434433,800,1005,2026-03-04,Nikola Krstović,CIT,0,0,0,0,85
4824554_459763,4824554,459763,800,800,2026-03-04,Marco Carnesecchi,CIT,0,0,0,0,90
4824554_470394,4824554,470394,398,398,2026-03-04,Kenneth Taylor,CIT,0,0,0,0,83
4824554_571604,4824554,571604,800,800,2026-03-04,Giorgio Scalvini,CIT,0,0,0,0,64
4824554_618341,4824554,618341,398,398,2026-03-04,Mario Gila,CIT,0,0,0,0,90
4626085_670858,4626085,670858,762,762,2026-03-04,Lewis Hall,GB1,0,0,0,0,90
4819607_552655,4819607,552655,1090,1090,2026-03-04,Troy Parrott,NLP,0,0,0,1,90
4626085_609556,4626085,609556,762,762,2026-03-04,William Osula,GB1,0,0,1,0,5
4626085_333241,4626085,333241,762,762,2026-03-04,Joelinton,GB1,1,0,0,0,90
4626085_583189,4626085,583189,762,762,2026-03-04,Anthony Elanga,GB1,0,0,0,0,84
4626084_429014,4626084,429014,703,703,2026-03-04,Morgan Gibbs-White,GB1,0,0,1,0,90
4626084_432164,4626084,432164,703,703,2026-03-04,Igor Jesus,GB1,0,0,0,1,79
4626084_486049,4626084,486049,281,281,2026-03-04,Jérémy Doku,GB1,0,0,0,0,13
4626084_567576,4626084,567576,703,703,2026-03-04,Elliot Anderson,GB1,0,0,1,0,90
4626084_578391,4626084,578391,281,281,2026-03-04,Rayan Aït-Nouri,GB1,0,0,0,1,77
4626084_583255,4626084,583255,281,281,2026-03-04,Antoine Semenyo,GB1,0,0,1,0,90
4626084_601883,4626084,601883,281,281,2026-03-04,Matheus Nunes,GB1,0,0,0,0,90
4626084_607223,4626084,607223,281,281,2026-03-04,Rayan Cherki,GB1,0,0,0,1,82
4626084_743591,4626084,743591,281,281,2026-03-04,Savinho,GB1,0,0,0,0,8
4626084_763079,4626084,763079,281,281,2026-03-04,Abdukodir Khusanov,GB1,0,0,0,0,13
4626085_240306,4626085,240306,985,985,2026-03-04,Bruno Fernandes,GB1,0,0,0,1,90
4626084_503680,4626084,503680,703,703,2026-03-04,Neco Williams,GB1,0,0,0,0,90
4626085_357147,4626085,357147,985,985,2026-03-04,Diogo Dalot,GB1,0,0,0,0,29
4626085_503749,4626085,503749,762,762,2026-03-04,Jacob Ramsey,GB1,0,0,0,0,45
4626085_536835,4626085,536835,985,985,2026-03-04,Amad Diallo,GB1,0,0,0,0,14
4626085_361093,4626085,361093,762,762,2026-03-04,Sven Botman,GB1,0,0,0,0,1
4626085_521964,4626085,521964,762,762,2026-03-04,Malick Thiaw,GB1,0,0,0,0,90
4626085_503883,4626085,503883,985,1096,2026-03-04,Senne Lammens,GB1,0,0,0,0,90
4626085_517894,4626085,517894,985,985,2026-03-04,Matheus Cunha,GB1,0,0,0,0,90
4626085_503733,4626085,503733,762,762,2026-03-04,Anthony Gordon,GB1,0,0,1,0,85
4626085_476701,4626085,476701,985,985,2026-03-04,Manuel Ugarte,GB1,0,0,0,0,29
4626085_413039,4626085,413039,985,985,2026-03-04,Bryan Mbeumo,GB1,1,0,0,0,77
4626085_398065,4626085,398065,762,762,2026-03-04,Harvey Barnes,GB1,0,0,0,0,45
4626085_397033,4626085,397033,762,762,2026-03-04,Sandro Tonali,GB1,0,0,0,0,90
4626081_505219,4626081,505219,29,29,2026-03-03,James Garner,GB1,0,0,0,1,90
4626083_727089,4626083,727089,289,289,2026-03-03,Noah Sadiki,GB1,0,0,0,0,90
4626081_623570,4626081,623570,29,29,2026-03-03,Iliman Ndiaye,GB1,0,0,0,1,90
4626081_661053,4626081,661053,29,29,2026-03-03,Jarrad Branthwaite,GB1,0,0,0,0,83
4626081_842341,4626081,842341,1132,1132,2026-03-03,Maxime Estève,GB1,0,0,0,0,90
4626081_937941,4626081,937941,29,29,2026-03-03,Thierno Barry,GB1,0,0,0,0,7
4626083_344069,4626083,344069,399,399,2026-03-03,Anton Stach,GB1,0,0,0,0,90
4626083_392771,4626083,392771,399,399,2026-03-03,Ethan Ampadu,GB1,0,0,0,0,90
4626083_633992,4626083,633992,289,289,2026-03-03,Enzo Le Fée,GB1,0,0,0,0,90
4626087_433188,4626087,433188,31,31,2026-03-03,Curtis Jones,GB1,0,0,0,0,45
4626083_876631,4626083,876631,289,289,2026-03-03,Habib Diarra,GB1,1,0,1,0,90
4626083_947411,4626083,947411,289,289,2026-03-03,Chris Rigg,GB1,0,0,0,0,1
4626087_1108466,4626087,1108466,31,31,2026-03-03,Rio Ngumoha,GB1,0,0,0,0,25
4626087_357119,4626087,357119,31,31,2026-03-03,Ibrahima Konaté,GB1,0,0,0,0,79
4626087_434675,4626087,434675,31,31,2026-03-03,Cody Gakpo,GB1,0,0,0,0,65
4626087_451276,4626087,451276,31,31,2026-03-03,Dominik Szoboszlai,GB1,0,0,0,0,90
4626087_478573,4626087,478573,31,31,2026-03-03,Ryan Gravenberch,GB1,1,0,0,0,45
4626081_404842,4626081,404842,29,29,2026-03-03,Vitaliy Mykolenko,GB1,0,0,0,0,90
4626081_475188,4626081,475188,29,29,2026-03-03,Kiernan Dewsbury-Hall,GB1,0,0,1,0,90
4626079_469050,4626079,469050,1148,1148,2026-03-03,Nathan Collins,GB1,0,0,0,0,90
4626079_955357,4626079,955357,989,989,2026-03-03,Junior Kroupi,GB1,0,0,0,0,16
4626079_855256,4626079,855256,989,989,2026-03-03,Alex Scott,GB1,0,0,0,0,90
4626087_709726,4626087,709726,31,31,2026-03-03,Hugo Ekitiké,GB1,0,0,0,0,90
4626079_1012564,4626079,1012564,989,989,2026-03-03,Rayan,GB1,0,0,0,0,74
4626079_332705,4626079,332705,989,989,2026-03-03,Tyler Adams,GB1,1,0,0,0,90
4626079_340918,4626079,340918,1148,1148,2026-03-03,Caoimhín Kelleher,GB1,0,0,0,0,90
4626079_399434,4626079,399434,989,989,2026-03-03,Marcus Tavernier,GB1,1,0,0,0,90
4626079_465555,4626079,465555,989,989,2026-03-03,Djordje Petrovic,GB1,0,0,0,0,90
4626079_469781,4626079,469781,989,989,2026-03-03,Marcos Senesi,GB1,0,0,0,0,90
4626079_473050,4626079,473050,1148,1148,2026-03-03,Kevin Schade,GB1,0,0,0,0,90
4626079_540941,4626079,540941,1148,1148,2026-03-03,Mikkel Damsgaard,GB1,0,0,0,0,90
4626079_541231,4626079,541231,1148,1148,2026-03-03,Sepp van den Berg,GB1,0,0,0,0,90
4626079_644401,4626079,644401,1148,1148,2026-03-03,Keane Lewis-Potter,GB1,0,0,0,0,3
4626079_654539,4626079,654539,989,989,2026-03-03,Adrien Truffert,GB1,0,0,0,0,90
4626079_711337,4626079,711337,989,989,2026-03-03,Evanilson,GB1,0,0,0,0,80
4626079_717411,4626079,717411,1148,1148,2026-03-03,Yegor Yarmolyuk,GB1,0,0,0,0,28
4626079_739443,4626079,739443,1148,1148,2026-03-03,Igor Thiago,GB1,0,0,0,0,90
4626079_823231,4626079,823231,1148,1148,2026-03-03,Dango Ouattara,GB1,0,0,0,0,87
4626079_823486,4626079,823486,1148,1148,2026-03-03,Michael Kayode,GB1,0,0,0,0,90
4626087_484547,4626087,484547,31,31,2026-03-03,Jeremie Frimpong,GB1,0,0,0,0,72
4626087_534033,4626087,534033,31,31,2026-03-03,Alexis Mac Allister,GB1,0,0,0,0,90
4626087_730861,4626087,730861,31,31,2026-03-03,Milos Kerkez,GB1,0,0,0,0,65
4819283_705395,4819283,705395,131,131,2026-03-03,Gerard Martín,CDR,0,0,0,0,90
4819283_844637,4819283,844637,13,13,2026-03-03,Marc Pubill,CDR,0,0,0,0,90
4819283_937958,4819283,937958,131,131,2026-03-03,Lamine Yamal,CDR,1,0,0,1,90
4819606_408574,4819606,408574,383,383,2026-03-03,Joey Veerman,NLP,0,0,0,0,90
4819606_627207,4819606,627207,383,383,2026-03-03,Ricardo Pepi,NLP,0,0,0,0,24
4819606_702869,4819606,702869,383,383,2026-03-03,Ismael Saibari,NLP,0,0,1,0,90
4824553_1061282,4824553,1061282,1047,1047,2026-03-03,Assane Diao,CIT,0,0,0,0,20
4824553_315853,4824553,315853,46,46,2026-03-03,Alessandro Bastoni,CIT,0,0,0,0,90
4824553_318528,4824553,318528,46,46,2026-03-03,Marcus Thuram,CIT,0,0,0,0,32
4824553_321528,4824553,321528,46,46,2026-03-03,Denzel Dumfries,CIT,0,0,0,0,32
4824553_441986,4824553,441986,46,46,2026-03-03,Yann Bisseck,CIT,0,0,0,0,90
4824553_523318,4824553,523318,1047,1047,2026-03-03,Anastasios Douvikas,CIT,0,0,0,0,4
4824553_580451,4824553,580451,1047,1047,2026-03-03,Martin Baturina,CIT,0,0,0,0,4
4824553_668207,4824553,668207,46,46,2026-03-03,Petar Sučić,CIT,0,0,0,0,90
4824553_668547,4824553,668547,1047,1047,2026-03-03,Máximo Perrone,CIT,0,0,0,0,90
4824553_930781,4824553,930781,46,46,2026-03-03,Pio Esposito,CIT,0,0,0,0,58
4824553_948278,4824553,948278,1047,1047,2026-03-03,Jacobo Ramón,CIT,0,0,0,0,90
4824553_948294,4824553,948294,1047,1047,2026-03-03,Nico Paz,CIT,0,0,0,0,86
4819283_742201,4819283,742201,13,13,2026-03-03,Giuliano Simeone,CDR,0,0,0,0,76
4819283_962110,4819283,962110,131,131,2026-03-03,Pau Cubarsí,CDR,0,0,0,0,90
4819283_683840,4819283,683840,131,131,2026-03-03,Pedri,CDR,0,0,0,0,90
4819283_406040,4819283,406040,13,800,2026-03-03,Ademola Lookman,CDR,0,0,0,0,58
4626087_735570,4626087,735570,543,543,2026-03-03,João Gomes,GB1,1,0,0,0,90
4626087_800176,4626087,800176,543,543,2026-03-03,André,GB1,0,0,1,0,90
4777070_800175,4777070,800175,964,964,2026-03-03,Luiz Henrique,RUP,0,0,0,0,74
4819283_1018920,4819283,1018920,131,131,2026-03-03,Marc Bernal,CDR,0,0,2,0,90
4819283_636703,4819283,636703,131,131,2026-03-03,Fermín López,CDR,0,0,0,0,64
4819283_293385,4819283,293385,131,131,2026-03-03,Dani Olmo,CDR,1,0,0,0,26
4819283_398184,4819283,398184,131,131,2026-03-03,Ferran Torres,CDR,0,0,0,0,64
4819283_404418,4819283,404418,13,13,2026-03-03,Dávid Hancko,CDR,0,0,0,0,90
4819283_258923,4819283,258923,131,131,2026-03-03,Marcus Rashford,CDR,0,0,0,0,26
4819283_411295,4819283,411295,131,131,2026-03-03,Raphinha,CDR,0,0,1,0,90
4819283_548111,4819283,548111,13,13,2026-03-03,Álex Baena,CDR,1,0,0,0,21
4819283_561613,4819283,561613,131,131,2026-03-03,Joan García,CDR,0,0,0,0,90
4819283_576024,4819283,576024,13,13,2026-03-03,Julián Alvarez,CDR,0,0,0,0,69
4819283_616631,4819283,616631,13,13,2026-03-03,Matteo Ruggeri,CDR,0,0,0,0,90
4819283_636688,4819283,636688,131,131,2026-03-03,Alejandro Balde,CDR,0,0,0,0,58
4819283_411975,4819283,411975,131,131,2026-03-03,Jules Koundé,CDR,0,0,0,0,13
4645822_314353,4645822,314353,418,418,2026-03-02,Trent Alexander-Arnold,ES1,0,0,0,0,55
4645822_371998,4645822,371998,418,418,2026-03-02,Vinicius Junior,ES1,1,0,0,0,90
4645822_369081,4645822,369081,418,418,2026-03-02,Federico Valverde,ES1,0,0,0,0,90
4645822_314678,4645822,314678,418,418,2026-03-02,Brahim Díaz,ES1,0,0,0,0,3
4620979_672381,4620979,672381,1025,244,2026-03-02,Jonathan Rowe,IT1,0,0,0,0,16
4645822_1057316,4645822,1057316,418,418,2026-03-02,Franco Mastantuono,ES1,0,0,0,0,21
4620983_364135,4620983,364135,430,430,2026-03-02,Moise Kean,IT1,0,0,0,0,71
4620979_849520,4620979,849520,1025,1025,2026-03-02,Santiago Castro,IT1,0,0,0,0,90
4645822_413112,4645822,413112,418,418,2026-03-02,Aurélien Tchouaméni,ES1,1,0,0,0,87
4645822_412363,4645822,412363,418,418,2026-03-02,Rodrygo,ES1,0,0,0,0,35
4645822_861410,4645822,861410,418,418,2026-03-02,Arda Güler,ES1,0,0,0,0,69
4645822_811778,4645822,811778,418,418,2026-03-02,Álvaro Carreras,ES1,1,0,0,0,90
4645822_890290,4645822,890290,418,418,2026-03-02,Dean Huijsen,ES1,1,0,0,0,35
4645822_935230,4645822,935230,418,418,2026-03-02,Gonzalo García,ES1,0,0,0,0,90
4648841_324503,4648841,324503,294,294,2026-03-02,Vangelis Pavlidis,PO1,0,0,0,0,90
4648841_537844,4648841,537844,294,294,2026-03-02,Anatoliy Trubin,PO1,0,0,0,0,90
4648841_650568,4648841,650568,294,294,2026-03-02,António Silva,PO1,0,0,1,0,90
4648841_670103,4648841,670103,294,294,2026-03-02,Andreas Schjelderup,PO1,1,0,1,0,82
4648841_735573,4648841,735573,294,294,2026-03-02,Richard Ríos,PO1,0,0,0,0,21
4626068_743600,4626068,743600,631,631,2026-03-01,Andrey Santos,GB1,0,0,0,0,75
4626070_413507,4626070,413507,703,703,2026-03-01,Nikola Milenković,GB1,0,0,0,0,90
4626070_392768,4626070,392768,703,703,2026-03-01,Callum Hudson-Odoi,GB1,0,0,0,0,74
4626070_369316,4626070,369316,1237,1237,2026-03-01,Ferdi Kadıoğlu,GB1,0,0,0,0,90
4626070_365108,4626070,365108,703,703,2026-03-01,Dan Ndoye,GB1,0,0,0,0,8
4626070_1005649,4626070,1005649,703,703,2026-03-01,Murillo,GB1,0,0,0,0,90
4626068_904802,4626068,904802,631,631,2026-03-01,Jorrel Hato,GB1,1,0,0,0,75
4626068_811779,4626068,811779,631,631,2026-03-01,Alejandro Garnacho,GB1,0,0,0,0,4
4626068_648195,4626068,648195,631,631,2026-03-01,Enzo Fernández,GB1,1,0,0,0,86
4626068_687626,4626068,687626,631,631,2026-03-01,Moisés Caicedo,GB1,0,0,0,0,90
4626068_659813,4626068,659813,11,11,2026-03-01,Piero Hincapié,GB1,0,0,0,0,90
4626068_655488,4626068,655488,11,11,2026-03-01,Gabriel Martinelli,GB1,0,0,0,0,34
4626070_429014,4626070,429014,703,703,2026-03-01,Morgan Gibbs-White,GB1,0,0,1,0,90
4626068_626724,4626068,626724,631,631,2026-03-01,João Pedro,GB1,0,0,0,0,90
4626068_620322,4626068,620322,631,631,2026-03-01,Malo Gusto,GB1,0,0,0,0,15
4626068_610849,4626068,610849,631,631,2026-03-01,Liam Delap,GB1,0,0,0,0,4
4626068_568177,4626068,568177,631,631,2026-03-01,Cole Palmer,GB1,1,0,0,0,86
4626070_415381,4626070,415381,1237,1237,2026-03-01,Mats Wieffer,GB1,1,0,0,0,71
4626070_565093,4626070,565093,1237,1237,2026-03-01,Bart Verbruggen,GB1,0,0,0,0,90
4626070_432164,4626070,432164,703,703,2026-03-01,Igor Jesus,GB1,0,0,0,1,83
4626070_503680,4626070,503680,703,703,2026-03-01,Neco Williams,GB1,0,0,0,0,56
4626072_488362,4626072,488362,148,148,2026-03-01,Conor Gallagher,GB1,0,0,0,0,58
4626072_461883,4626072,461883,931,931,2026-03-01,Calvin Bassey,GB1,1,0,0,0,90
4626072_378710,4626072,378710,148,148,2026-03-01,Richarlison,GB1,1,0,1,0,32
4626072_333014,4626072,333014,931,931,2026-03-01,Sander Berge,GB1,0,0,0,0,90
4626072_279455,4626072,279455,931,931,2026-03-01,Harry Wilson,GB1,0,0,1,1,72
4626072_258889,4626072,258889,148,148,2026-03-01,Dominic Solanke,GB1,0,0,0,0,90
4626072_1011131,4626072,1011131,931,931,2026-03-01,Josh King,GB1,0,0,0,0,16
4626070_996897,4626070,996897,1237,1237,2026-03-01,Diego Gómez,GB1,0,0,1,0,86
4626070_973085,4626070,973085,1237,1237,2026-03-01,Carlos Baleba,GB1,0,0,0,0,4
4626070_867688,4626070,867688,1237,1237,2026-03-01,Jack Hinshelwood,GB1,0,0,0,1,90
4626070_741238,4626070,741238,703,703,2026-03-01,Omari Hutchinson,GB1,0,0,0,0,56
4626070_576314,4626070,576314,1237,1237,2026-03-01,Jan Paul van Hecke,GB1,0,0,0,0,90
4626070_567576,4626070,567576,703,703,2026-03-01,Elliot Anderson,GB1,1,0,0,0,90
4626068_487465,4626068,487465,631,631,2026-03-01,Pedro Neto,GB1,0,0,0,0,70
4626070_540664,4626070,540664,703,667,2026-03-01,Dilane Bakwa,GB1,0,0,0,0,16
4626068_495666,4626068,495666,11,11,2026-03-01,William Saliba,GB1,0,0,1,0,90
4620980_338670,4620980,338670,12,12,2026-03-01,Mile Svilar,IT1,0,0,0,0,90
4626068_479999,4626068,479999,11,11,2026-03-01,Eberechi Eze,GB1,0,0,0,0,90
4620980_845654,4620980,845654,506,506,2026-03-01,Kenan Yıldız,IT1,0,0,0,0,90
4620980_624690,4620980,624690,12,12,2026-03-01,Manu Koné,IT1,0,0,0,1,90
4620980_533738,4620980,533738,506,506,2026-03-01,Jonathan David,IT1,0,0,0,0,62
4620980_516716,4620980,516716,506,506,2026-03-01,Bremer,IT1,0,0,0,1,88
4620980_487474,4620980,487474,506,506,2026-03-01,Francisco Conceição,IT1,0,0,1,0,72
4620980_463618,4620980,463618,506,506,2026-03-01,Khéphren Thuram,IT1,0,0,0,0,72
4620980_371149,4620980,371149,12,12,2026-03-01,Evan Ndicka,IT1,0,0,1,0,90
4620980_368887,4620980,368887,506,506,2026-03-01,Loïs Openda,IT1,0,0,0,0,1
4626072_557459,4626072,557459,148,148,2026-03-01,Micky van de Ven,GB1,1,0,0,0,90
4620980_332697,4620980,332697,506,506,2026-03-01,Weston McKennie,IT1,0,0,0,0,90
4620980_326029,4620980,326029,12,12,2026-03-01,Donyell Malen,IT1,0,0,1,0,90
4620976_574671,4620976,574671,5,5,2026-03-01,Strahinja Pavlović,IT1,0,0,1,0,90
4620976_569598,4620976,569598,5,5,2026-03-01,Youssouf Fofana,IT1,0,0,0,0,62
4620976_357164,4620976,357164,5,5,2026-03-01,Rafael Leão,IT1,0,0,1,0,90
4620976_344381,4620976,344381,5,5,2026-03-01,Christopher Nkunku,IT1,0,0,0,1,12
4620976_315779,4620976,315779,5,5,2026-03-01,Christian Pulisic,IT1,0,0,0,0,78
4620980_813137,4620980,813137,12,12,2026-03-01,Niccolò Pisilli,IT1,0,0,0,1,90
4620980_964580,4620980,964580,12,12,2026-03-01,Wesley,IT1,1,0,1,0,90
4626068_472423,4626068,472423,631,631,2026-03-01,Reece James,GB1,0,0,0,1,90
4620981_315867,4620981,315867,800,800,2026-03-01,Gianluca Scamacca,IT1,0,0,0,0,45
4626068_435338,4626068,435338,11,11,2026-03-01,Gabriel,GB1,1,0,0,1,90
4626068_433177,4626068,433177,11,11,2026-03-01,Bukayo Saka,GB1,0,0,0,0,90
4626068_423440,4626068,423440,11,11,2026-03-01,Martín Zubimendi,GB1,0,0,0,0,90
4626068_420243,4626068,420243,11,11,2026-03-01,Jurriën Timber,GB1,0,0,1,0,90
4626068_357662,4626068,357662,11,11,2026-03-01,Declan Rice,GB1,0,0,0,1,76
4626068_346314,4626068,346314,631,631,2026-03-01,Trevoh Chalobah,GB1,0,0,0,0,90
4626068_325443,4626068,325443,11,11,2026-03-01,Viktor Gyökeres,GB1,0,0,0,0,76
4626068_309400,4626068,309400,11,11,2026-03-01,Kai Havertz,GB1,0,0,0,0,14
4626068_262749,4626068,262749,11,11,2026-03-01,David Raya,GB1,0,0,0,0,90
4620982_470394,4620982,470394,398,398,2026-03-01,Kenneth Taylor,IT1,0,0,0,0,90
4620981_921655,4620981,921655,6574,6574,2026-03-01,Ismaël Koné,IT1,0,0,1,0,89
4620981_679423,4620981,679423,6574,6574,2026-03-01,Tarik Muharemović,IT1,0,0,0,0,90
4620981_571604,4620981,571604,800,800,2026-03-01,Giorgio Scalvini,IT1,0,0,0,0,90
4620981_459763,4620981,459763,800,800,2026-03-01,Marco Carnesecchi,IT1,0,0,0,0,90
4620981_434433,4620981,434433,800,1005,2026-03-01,Nikola Krstović,IT1,0,0,0,0,45
4626072_553875,4626072,553875,148,148,2026-03-01,Pedro Porro,GB1,1,0,0,0,90
4620980_585949,4620980,585949,506,506,2026-03-01,Pierre Kalulu,IT1,0,0,0,0,90
4626072_566931,4626072,566931,148,23826,2026-03-01,Xavi Simons,GB1,0,0,0,0,58
4641296_990148,4641296,990148,1184,1184,2026-03-01,Konstantinos Karetsas,BE1,0,0,0,0,17
4635221_890719,4635221,890719,244,244,2026-03-01,Ethan Nwaneri,FR1,0,0,0,1,27
4635221_653610,4635221,653610,244,244,2026-03-01,Igor Paixão,FR1,0,0,1,1,45
4635221_618494,4635221,618494,1041,1041,2026-03-01,Tyler Morton,FR1,1,0,0,0,90
4635221_532826,4635221,532826,244,244,2026-03-01,Mason Greenwood,FR1,0,0,0,0,90
4635221_420213,4635221,420213,244,244,2026-03-01,Quinten Timber,FR1,0,0,0,0,45
4635218_724129,4635218,724129,1082,1082,2026-03-01,Matias Fernandez-Pardo,FR1,0,0,0,0,90
4635218_652275,4635218,652275,1082,1082,2026-03-01,Hákon Arnar Haraldsson,FR1,0,0,0,0,74
4635218_548254,4635218,548254,1082,1082,2026-03-01,Nathan Ngoy,FR1,1,0,1,0,90
4634386_957874,4634386,957874,23826,23826,2026-03-01,Rômulo,L1,1,0,1,1,90
4634386_894914,4634386,894914,23826,23826,2026-03-01,Antonio Nusa,L1,0,0,0,0,72
4634386_892160,4634386,892160,41,148,2026-03-01,Luka Vuskovic,L1,0,0,0,0,90
4634386_700106,4634386,700106,23826,23826,2026-03-01,Brajan Gruda,L1,0,0,0,0,72
4634386_618472,4634386,618472,23826,23826,2026-03-01,Castello Lukeba,L1,0,0,0,0,90
4634386_404950,4634386,404950,23826,23826,2026-03-01,Nicolas Seiwald,L1,0,0,0,0,90
4634386_324278,4634386,324278,23826,23826,2026-03-01,Christoph Baumgartner,L1,0,0,0,0,90
4635221_971570,4635221,971570,1041,418,2026-03-01,Endrick,FR1,0,0,0,2,90
4641302_717329,4641302,717329,2282,2282,2026-03-01,Nicolò Tresoldi,BE1,0,0,0,1,85
4634386_1390649,4634386,1390649,23826,23826,2026-03-01,Yan Diomande,L1,0,0,1,0,90
4641302_780136,4641302,780136,2282,2282,2026-03-01,Aleksandar Stanković,BE1,0,0,0,0,90
4626072_568693,4626072,568693,148,148,2026-03-01,Pape Matar Sarr,GB1,0,0,0,0,32
4665040_964426,4665040,964426,683,683,2026-03-01,Christos Mouzakitis,GR1,0,0,0,0,45
4649335_651580,4649335,651580,2410,2410,2026-03-01,Matvey Kislyak,RU1,0,0,0,0,68
4647981_465830,4647981,465830,36,398,2026-03-01,Mattéo Guendouzi,TR1,0,0,0,0,90
4645826_709372,4645826,709372,714,714,2026-03-01,Carlos Romero,ES1,0,0,1,0,90
4645825_735568,4645825,735568,150,150,2026-03-01,Natan,ES1,1,0,0,0,90
4645825_724520,4645825,724520,150,150,2026-03-01,Abde Ezzalzouli,ES1,0,0,0,1,90
4645825_602105,4645825,602105,150,150,2026-03-01,Antony,ES1,1,0,1,0,90
4645823_935231,4645823,935231,331,331,2026-03-01,Víctor Muñoz,ES1,0,0,0,0,90
4645823_834764,4645823,834764,1049,1049,2026-03-01,Javi Guerra,ES1,0,0,0,0,90
4645821_1005575,4645821,1005575,12321,12321,2026-03-01,Vitor Reis,ES1,0,0,0,0,90
4641598_748804,4641598,748804,610,610,2026-03-01,Mika Godts,NL1,0,0,0,0,90
4641594_859035,4641594,859035,1090,1090,2026-03-01,Kees Smit,NL1,1,0,0,0,45
4641594_552655,4641594,552655,1090,1090,2026-03-01,Troy Parrott,NL1,0,0,0,0,45
4641302_893661,4641302,893661,2282,2282,2026-03-01,Joel Ordóñez,BE1,0,0,1,0,90
4634386_318204,4634386,318204,23826,23826,2026-03-01,David Raum,L1,0,0,0,0,90
4641302_451677,4641302,451677,2282,2282,2026-03-01,Christos Tzolis,BE1,0,0,1,0,90
4634382_924117,4634382,924117,79,79,2026-03-01,Finn Jeltsch,L1,0,0,0,0,90
4626075_568157,4626075,568157,873,1050,2026-03-01,Yéremy Pino,GB1,0,0,0,0,5
4626075_517894,4626075,517894,985,985,2026-03-01,Matheus Cunha,GB1,0,0,0,1,90
4626075_503883,4626075,503883,985,1096,2026-03-01,Senne Lammens,GB1,0,0,0,0,90
4626075_500689,4626075,500689,873,873,2026-03-01,Evann Guessand,GB1,0,0,0,0,32
4626075_470607,4626075,470607,873,148,2026-03-01,Brennan Johnson,GB1,0,0,0,1,58
4626075_429983,4626075,429983,873,543,2026-03-01,Jørgen Strand Larsen,GB1,0,0,0,0,58
4626075_413039,4626075,413039,985,985,2026-03-01,Bryan Mbeumo,GB1,0,0,0,0,86
4626075_410225,4626075,410225,873,873,2026-03-01,Ismaïla Sarr,GB1,0,0,0,0,90
4626075_357147,4626075,357147,985,985,2026-03-01,Diogo Dalot,GB1,1,0,0,0,90
4626075_258919,4626075,258919,873,873,2026-03-01,Dean Henderson,GB1,1,0,0,0,90
4626075_240306,4626075,240306,985,985,2026-03-01,Bruno Fernandes,GB1,0,0,1,1,90
4626075_1078163,4626075,1078163,985,985,2026-03-01,Ayden Heaven,GB1,1,0,0,0,5
4626075_1006411,4626075,1006411,873,873,2026-03-01,Jaydee Canvot,GB1,0,0,0,0,90
4626072_922693,4626072,922693,148,148,2026-03-01,Archie Gray,GB1,0,0,0,1,90
4634382_669380,4634382,669380,82,82,2026-03-01,Konstantinos Koulierakis,L1,0,0,0,0,90
4626072_661207,4626072,661207,931,281,2026-03-01,Oscar Bobb,GB1,0,0,0,0,74
4626075_536835,4626075,536835,985,985,2026-03-01,Amad Diallo,GB1,0,0,0,0,15
4626075_434224,4626075,434224,873,873,2026-03-01,Maxence Lacroix,GB1,0,0,1,0,56
4634379_691892,4634379,691892,24,24,2026-03-01,Nathaniel Brown,L1,0,0,0,0,90
4634379_526845,4634379,526845,60,60,2026-03-01,Noah Atubolu,L1,0,0,0,0,90
4634382_518505,4634382,518505,79,79,2026-03-01,Jamie Leweling,L1,0,0,2,0,77
4626075_578539,4626075,578539,873,873,2026-03-01,Chris Richards,GB1,0,0,0,0,90
4634382_443710,4634382,443710,79,79,2026-03-01,Angelo Stiller,L1,0,0,0,0,90
4634382_436064,4634382,436064,79,79,2026-03-01,Ramon Hendriks,L1,0,0,0,0,90
4634379_939964,4634379,939964,24,24,2026-03-01,Jean-Mattéo Bahoya,L1,0,0,1,0,90
4634379_931838,4634379,931838,24,24,2026-03-01,Hugo Larsson,L1,0,0,0,0,77
4634379_668606,4634379,668606,60,60,2026-03-01,Yuito Suzuki,L1,0,0,0,0,90
4634379_585959,4634379,585959,24,24,2026-03-01,Arnaud Kalimuendo,L1,0,0,0,0,90
4634382_654982,4634382,654982,79,79,2026-03-01,Bilal El Khannouss,L1,1,0,0,0,88
4634379_333647,4634379,333647,24,24,2026-03-01,Jonathan Burkardt,L1,0,0,0,0,77
4626075_923831,4626075,923831,985,985,2026-03-01,Leny Yoro,GB1,0,0,0,0,90
4626075_820374,4626075,820374,985,985,2026-03-01,Kobbie Mainoo,GB1,0,0,0,0,90
4626075_744149,4626075,744149,873,873,2026-03-01,Adam Wharton,GB1,0,0,0,0,68
4626075_730893,4626075,730893,873,873,2026-03-01,Tyrick Mitchell,GB1,0,0,0,0,90
4626075_627442,4626075,627442,985,985,2026-03-01,Benjamin Sesko,GB1,0,0,1,0,75
4626074_474701,4626074,474701,379,379,2026-02-28,Crysencio Summerville,GB1,1,0,0,0,90
4626074_1108466,4626074,1108466,31,31,2026-02-28,Rio Ngumoha,GB1,0,0,0,0,14
4626074_478573,4626074,478573,31,31,2026-02-28,Ryan Gravenberch,GB1,0,0,0,1,86
4626074_451276,4626074,451276,31,31,2026-02-28,Dominik Szoboszlai,GB1,1,0,0,1,90
4626074_434675,4626074,434675,31,31,2026-02-28,Cody Gakpo,GB1,1,0,1,0,90
4626074_357119,4626074,357119,31,31,2026-02-28,Ibrahima Konaté,GB1,0,0,0,0,90
4626074_314875,4626074,314875,379,379,2026-02-28,Jarrod Bowen,GB1,0,0,0,1,90
4626074_1111589,4626074,1111589,379,379,2026-02-28,El Hadji Malick Diouf,GB1,0,0,0,1,90
4626073_392771,4626073,392771,399,399,2026-02-28,Ethan Ampadu,GB1,0,0,0,0,90
4626073_460939,4626073,460939,281,281,2026-02-28,Tijjani Reijnders,GB1,0,0,0,0,20
4626073_743591,4626073,743591,281,281,2026-02-28,Savinho,GB1,1,0,0,0,22
4626073_743413,4626073,743413,281,281,2026-02-28,Nico O'Reilly,GB1,0,0,0,0,70
4626073_607223,4626073,607223,281,281,2026-02-28,Rayan Cherki,GB1,0,0,0,0,88
4626073_601883,4626073,601883,281,281,2026-02-28,Matheus Nunes,GB1,0,0,0,0,90
4626073_583255,4626073,583255,281,281,2026-02-28,Antoine Semenyo,GB1,0,0,1,0,90
4626073_578391,4626073,578391,281,281,2026-02-28,Rayan Aït-Nouri,GB1,1,0,0,1,90
4626074_522784,4626074,522784,379,379,2026-02-28,Taty Castellanos,GB1,0,0,1,0,90
4626073_445939,4626073,445939,281,281,2026-02-28,Omar Marmoush,GB1,0,0,0,0,68
4626074_484547,4626074,484547,31,31,2026-02-28,Jeremie Frimpong,GB1,0,0,0,1,13
4626076_609556,4626076,609556,762,762,2026-02-28,William Osula,GB1,0,0,0,0,4
4626074_534033,4626074,534033,31,31,2026-02-28,Alexis Mac Allister,GB1,0,0,1,0,90
4626074_709726,4626074,709726,31,31,2026-02-28,Hugo Ekitiké,GB1,0,0,1,2,76
4626073_357565,4626073,357565,281,281,2026-02-28,Rodri,GB1,0,0,0,0,90
4626076_661053,4626076,661053,29,29,2026-02-28,Jarrad Branthwaite,GB1,0,0,1,0,90
4626076_623570,4626076,623570,29,29,2026-02-28,Iliman Ndiaye,GB1,0,0,0,0,90
4626076_583189,4626076,583189,762,762,2026-02-28,Anthony Elanga,GB1,0,0,0,0,56
4626076_521964,4626076,521964,762,762,2026-02-28,Malick Thiaw,GB1,0,0,0,0,90
4626076_505219,4626076,505219,29,29,2026-02-28,James Garner,GB1,1,0,0,1,90
4626076_503749,4626076,503749,762,762,2026-02-28,Jacob Ramsey,GB1,0,0,1,0,45
4626076_503733,4626076,503733,762,762,2026-02-28,Anthony Gordon,GB1,0,0,0,0,86
4626076_475188,4626076,475188,29,29,2026-02-28,Kiernan Dewsbury-Hall,GB1,1,0,0,1,89
4626076_455661,4626076,455661,762,762,2026-02-28,Nick Woltemade,GB1,0,0,0,0,56
4626076_404842,4626076,404842,29,29,2026-02-28,Vitaliy Mykolenko,GB1,0,0,0,0,90
4626076_398065,4626076,398065,762,762,2026-02-28,Harvey Barnes,GB1,0,0,0,0,34
4626076_397033,4626076,397033,762,762,2026-02-28,Sandro Tonali,GB1,0,0,0,1,90
4626076_388165,4626076,388165,762,762,2026-02-28,Yoane Wissa,GB1,0,0,0,0,15
4626076_333241,4626076,333241,762,762,2026-02-28,Joelinton,GB1,0,0,0,1,90
4626074_880245,4626074,880245,379,379,2026-02-28,Mateus Fernandes,GB1,0,0,0,0,90
4626074_730861,4626074,730861,31,31,2026-02-28,Milos Kerkez,GB1,0,0,0,0,90
4626073_392757,4626073,392757,281,281,2026-02-28,Marc Guéhi,GB1,0,0,0,0,90
4620975_948278,4620975,948278,1047,1047,2026-02-28,Jacobo Ramón,IT1,0,0,0,0,90
4626073_344069,4626073,344069,399,399,2026-02-28,Anton Stach,GB1,0,0,0,0,90
4620977_441986,4620977,441986,46,46,2026-02-28,Yann Bisseck,IT1,0,0,0,0,23
4626069_399434,4626069,399434,989,989,2026-02-28,Marcus Tavernier,GB1,0,0,0,1,81
4626069_332705,4626069,332705,989,989,2026-02-28,Tyler Adams,GB1,1,0,0,0,62
4626069_1012564,4626069,1012564,989,989,2026-02-28,Rayan,GB1,0,0,0,0,90
4620984_830365,4620984,830365,6195,6195,2026-02-28,Alisson Santos,IT1,0,0,0,0,73
4620984_610442,4620984,610442,6195,6195,2026-02-28,Rasmus Højlund,IT1,0,0,1,0,90
4620984_386446,4620984,386446,6195,6195,2026-02-28,Alessandro Buongiorno,IT1,0,0,0,0,90
4620977_930781,4620977,930781,46,46,2026-02-28,Pio Esposito,IT1,0,0,0,0,31
4620977_827734,4620977,827734,46,46,2026-02-28,Ange-Yoan Bonny,IT1,0,0,0,0,76
4620977_318528,4620977,318528,46,46,2026-02-28,Marcus Thuram,IT1,0,0,0,0,59
4626073_315858,4626073,315858,281,281,2026-02-28,Gianluigi Donnarumma,GB1,1,0,0,0,90
4620977_255942,4620977,255942,46,46,2026-02-28,Nicolò Barella,IT1,0,0,0,0,90
4620977_198116,4620977,198116,46,46,2026-02-28,Federico Dimarco,IT1,0,0,1,0,90
4620975_948294,4620975,948294,1047,1047,2026-02-28,Nico Paz,IT1,0,0,0,0,26
4626076_937941,4626076,937941,29,29,2026-02-28,Thierno Barry,GB1,1,0,1,0,16
4620975_668547,4620975,668547,1047,1047,2026-02-28,Máximo Perrone,IT1,0,0,0,1,64
4620975_523318,4620975,523318,1047,1047,2026-02-28,Anastasios Douvikas,IT1,0,0,1,0,77
4620975_1190411,4620975,1190411,1047,1047,2026-02-28,Jesús Rodríguez,IT1,0,0,1,1,84
4620975_1061282,4620975,1061282,1047,1047,2026-02-28,Assane Diao,IT1,0,0,0,0,6
4626069_465555,4626069,465555,989,989,2026-02-28,Djordje Petrovic,GB1,0,0,0,0,90
4626069_469781,4626069,469781,989,989,2026-02-28,Marcos Senesi,GB1,0,0,0,0,90
4626069_633992,4626069,633992,289,289,2026-02-28,Enzo Le Fée,GB1,0,0,0,0,90
4626069_646991,4626069,646991,289,289,2026-02-28,Robin Roefs,GB1,1,0,0,0,90
4626073_258004,4626073,258004,281,281,2026-02-28,Rúben Dias,GB1,0,0,0,0,90
4626071_842341,4626071,842341,1132,1132,2026-02-28,Maxime Estève,GB1,0,0,0,0,90
4626071_823486,4626071,823486,1148,1148,2026-02-28,Michael Kayode,GB1,0,0,0,0,90
4626071_823231,4626071,823231,1148,1148,2026-02-28,Dango Ouattara,GB1,0,0,0,1,72
4626071_739443,4626071,739443,1148,1148,2026-02-28,Igor Thiago,GB1,1,0,1,0,90
4626071_717411,4626071,717411,1148,1148,2026-02-28,Yegor Yarmolyuk,GB1,1,0,0,0,73
4626071_644401,4626071,644401,1148,1148,2026-02-28,Keane Lewis-Potter,GB1,0,0,0,0,18
4626071_541231,4626071,541231,1148,1148,2026-02-28,Sepp van den Berg,GB1,0,0,0,0,90
4626071_540941,4626071,540941,1148,1148,2026-02-28,Mikkel Damsgaard,GB1,0,0,2,1,90
4626071_473050,4626071,473050,1148,1148,2026-02-28,Kevin Schade,GB1,0,0,1,0,72
4626069_955357,4626069,955357,989,989,2026-02-28,Junior Kroupi,GB1,0,0,0,0,81
4626069_876631,4626069,876631,289,289,2026-02-28,Habib Diarra,GB1,0,0,0,0,90
4626069_855256,4626069,855256,989,989,2026-02-28,Alex Scott,GB1,1,0,0,0,90
4626069_743384,4626069,743384,289,289,2026-02-28,Chemsdine Talbi,GB1,0,0,0,0,69
4626069_727089,4626069,727089,289,289,2026-02-28,Noah Sadiki,GB1,1,0,0,0,90
4626069_711337,4626069,711337,989,989,2026-02-28,Evanilson,GB1,0,0,1,0,39
4626069_654539,4626069,654539,989,989,2026-02-28,Adrien Truffert,GB1,0,0,0,0,90
4626076_670858,4626076,670858,762,762,2026-02-28,Lewis Hall,GB1,1,0,0,0,90
4635213_1185888,4635213,1185888,583,583,2026-02-28,Ibrahim Mbaye,FR1,0,0,0,0,19
4634378_1364454,4634378,1364454,15,15,2026-02-28,Christian Kofane,L1,0,0,0,1,18
4645824_561613,4645824,561613,131,131,2026-02-28,Joan García,ES1,0,0,0,0,90
4645824_466794,4645824,466794,131,131,2026-02-28,Eric García,ES1,0,0,0,0,90
4645824_411975,4645824,411975,131,131,2026-02-28,Jules Koundé,ES1,0,0,0,1,90
4645824_411295,4645824,411295,131,131,2026-02-28,Raphinha,ES1,1,0,0,0,73
4645824_398184,4645824,398184,131,131,2026-02-28,Ferran Torres,ES1,0,0,0,0,67
4645824_293385,4645824,293385,131,131,2026-02-28,Dani Olmo,ES1,0,0,0,0,59
4645824_258923,4645824,258923,131,131,2026-02-28,Marcus Rashford,ES1,0,0,0,0,17
4645824_1018920,4645824,1018920,131,131,2026-02-28,Marc Bernal,ES1,1,0,0,0,67
4645820_742201,4645820,742201,13,13,2026-02-28,Giuliano Simeone,ES1,0,0,0,0,29
4645820_576024,4645820,576024,13,13,2026-02-28,Julián Alvarez,ES1,0,0,1,0,45
4645820_548111,4645820,548111,13,13,2026-02-28,Álex Baena,ES1,0,0,0,0,90
4645820_406040,4645820,406040,13,800,2026-02-28,Ademola Lookman,ES1,0,0,0,0,45
4634378_401578,4634378,401578,15,15,2026-02-28,Exequiel Palacios,L1,0,0,0,0,82
4641596_627207,4641596,627207,383,383,2026-02-28,Ricardo Pepi,NL1,0,0,0,0,45
4641596_408574,4641596,408574,383,383,2026-02-28,Joey Veerman,NL1,0,0,0,1,90
4641295_1105541,4641295,1105541,58,58,2026-02-28,Nathan De Cat,BE1,0,0,0,1,90
4635215_918969,4635215,918969,162,162,2026-02-28,Lamine Camara,FR1,0,0,0,0,90
4635215_503770,4635215,503770,162,162,2026-02-28,Folarin Balogun,FR1,0,0,1,0,73
4645824_485963,4645824,485963,1050,1050,2026-02-28,Pape Gueye,ES1,0,0,1,0,90
4645824_636688,4645824,636688,131,131,2026-02-28,Alejandro Balde,ES1,0,0,0,0,90
4635214_597659,4635214,597659,415,415,2026-02-28,Charlie Cresswell,FR1,1,0,0,0,90
4645824_636703,4645824,636703,131,131,2026-02-28,Fermín López,ES1,0,0,0,2,90
4649334_720286,4649334,720286,932,932,2026-02-28,Aleksey Batrakov,RU1,0,0,0,1,90
4649332_515744,4649332,515744,16704,16704,2026-02-28,Eduard Spertsyan,RU1,0,0,1,0,90
4648840_606752,4648840,606752,1075,1075,2026-02-28,Rodrigo Zalazar,PO1,0,0,2,0,90
4647978_648779,4647978,648779,141,141,2026-02-28,Wilfried Singo,TR1,1,0,0,0,90
4647978_553469,4647978,553469,141,141,2026-02-28,Gabriel Sara,TR1,0,0,0,0,87
4647978_541537,4647978,541537,141,141,2026-02-28,Barış Alper Yılmaz,TR1,0,0,0,0,66
4647978_401923,4647978,401923,141,141,2026-02-28,Victor Osimhen,TR1,0,0,1,1,86
4645829_938729,4645829,938729,621,621,2026-02-28,Mikel Jauregizar,ES1,1,0,0,0,86
4645829_571020,4645829,571020,621,621,2026-02-28,Oihan Sancet,ES1,1,0,0,0,86
4645827_711374,4645827,711374,681,681,2026-02-28,Jon Gorrotxategi,ES1,1,0,0,0,84
4645827_351478,4645827,351478,681,681,2026-02-28,Mikel Oyarzabal,ES1,0,0,0,0,84
4645824_962110,4645824,962110,131,131,2026-02-28,Pau Cubarsí,ES1,0,0,0,0,90
4645824_937958,4645824,937958,131,131,2026-02-28,Lamine Yamal,ES1,0,0,3,0,73
4645824_805714,4645824,805714,1050,1050,2026-02-28,Renato Veiga,ES1,0,0,0,0,90
4645824_733576,4645824,733576,1050,1050,2026-02-28,Alberto Moleiro,ES1,0,0,0,0,67
4645824_729814,4645824,729814,1050,1050,2026-02-28,Georges Mikautadze,ES1,0,0,0,0,90
4645824_683840,4645824,683840,131,131,2026-02-28,Pedri,ES1,0,0,0,1,31
4635215_334526,4635215,334526,162,162,2026-02-28,Denis Zakaria,FR1,0,0,0,0,90
4641596_702869,4641596,702869,383,383,2026-02-28,Ismael Saibari,NL1,0,0,1,0,83
4635214_461607,4635214,461607,273,273,2026-02-28,Estéban Lepaul,FR1,1,0,0,0,81
4634380_578392,4634380,578392,16,16,2026-02-28,Maximilian Beier,L1,0,0,0,0,75
4634380_496094,4634380,496094,16,16,2026-02-28,Karim Adeyemi,L1,0,0,0,0,74
4634380_483046,4634380,483046,27,27,2026-02-28,Josip Stanisic,L1,0,0,0,1,90
4634380_480692,4634380,480692,27,27,2026-02-28,Luis Díaz,L1,0,0,0,0,90
4634380_406640,4634380,406640,16,16,2026-02-28,Felix Nmecha,L1,0,0,0,0,75
4634380_388198,4634380,388198,16,16,2026-02-28,Nico Schlotterbeck,L1,1,0,1,0,90
4635213_914562,4635213,914562,583,583,2026-02-28,Désiré Doué,FR1,0,0,0,0,29
4634380_270541,4634380,270541,16,16,2026-02-28,Serhou Guirassy,L1,0,0,0,0,23
4634380_257814,4634380,257814,16,16,2026-02-28,Gregor Kobel,L1,0,0,0,0,90
4634380_223967,4634380,223967,27,27,2026-02-28,Konrad Laimer,L1,0,0,0,0,90
4634380_196357,4634380,196357,27,27,2026-02-28,Jonathan Tah,L1,0,0,0,0,90
4634380_161056,4634380,161056,27,27,2026-02-28,Joshua Kimmich,L1,0,0,1,0,90
4634380_132098,4634380,132098,27,27,2026-02-28,Harry Kane,L1,0,0,2,0,90
4634378_905011,4634378,905011,15,15,2026-02-28,Ibrahim Maza,L1,0,0,0,0,31
4634378_718303,4634378,718303,15,1090,2026-02-28,Ernest Poku,L1,0,0,0,0,59
4634378_643574,4634378,643574,39,39,2026-02-28,Kaishu Sano,L1,0,0,0,0,90
4634378_632349,4634378,632349,15,15,2026-02-28,Jarell Quansah,L1,0,0,1,0,90
4634378_564545,4634378,564545,15,15,2026-02-28,Edmond Tapsoba,L1,1,0,0,0,90
4634380_566723,4634380,566723,27,27,2026-02-28,Michael Olise,L1,0,0,0,0,90
4634380_344695,4634380,344695,27,27,2026-02-28,Dayot Upamecano,L1,0,0,0,0,90
4634380_580195,4634380,580195,27,27,2026-02-28,Jamal Musiala,L1,0,0,0,0,28
4635213_487469,4635213,487469,583,583,2026-02-28,Vitinha,FR1,0,0,0,0,90
4634380_792380,4634380,792380,27,27,2026-02-28,Aleksandar Pavlovic,L1,0,0,0,0,90
4635213_708265,4635213,708265,583,583,2026-02-28,Bradley Barcola,FR1,0,0,1,0,90
4635213_661171,4635213,661171,583,583,2026-02-28,Willian Pacho,FR1,0,0,0,0,90
4635213_659089,4635213,659089,583,583,2026-02-28,Ilya Zabarnyi,FR1,0,0,0,0,90
4635213_616341,4635213,616341,583,583,2026-02-28,Nuno Mendes,FR1,0,0,0,0,29
4635213_557149,4635213,557149,583,583,2026-02-28,Kang-in Lee,FR1,0,0,0,1,61
4635213_502670,4635213,502670,583,583,2026-02-28,Khvicha Kvaratskhelia,FR1,0,0,0,0,71
4635213_810092,4635213,810092,583,583,2026-02-28,Warren Zaïre-Emery,FR1,0,0,0,0,90
4635213_398073,4635213,398073,583,583,2026-02-28,Achraf Hakimi,FR1,0,0,0,0,90
4634385_667457,4634385,667457,533,533,2026-02-28,Leon Avdullahu,L1,0,0,0,0,90
4634385_579459,4634385,579459,533,533,2026-02-28,Albian Hajdari,L1,0,0,0,0,86
4634385_524290,4634385,524290,533,533,2026-02-28,Fisnik Asllani,L1,0,0,0,0,90
4634385_1067904,4634385,1067904,533,533,2026-02-28,Bazoumana Touré,L1,0,0,0,0,90
4634380_822959,4634380,822959,27,27,2026-02-28,Tom Bischof,L1,0,0,0,0,1
4634380_796297,4634380,796297,16,16,2026-02-28,Jobe Bellingham,L1,0,0,0,0,15
4635213_318470,4635213,318470,583,583,2026-02-28,Matvey Safonov,FR1,0,0,0,0,90
4626077_800176,4626077,800176,543,543,2026-02-27,André,GB1,0,0,0,0,89
4635220_808348,4635220,808348,826,826,2026-02-27,Mamadou Sangaré,FR1,0,0,1,0,90
4635220_743515,4635220,743515,826,826,2026-02-27,Robin Risser,FR1,0,0,0,0,90
4635220_660867,4635220,660867,667,667,2026-02-27,Julio Enciso,FR1,1,0,0,0,90
4635220_655006,4635220,655006,667,667,2026-02-27,Diego Moreira,FR1,0,0,0,0,90
4635220_1064871,4635220,1064871,667,667,2026-02-27,Joaquín Panichelli,FR1,0,0,1,0,90
4634384_1168219,4634384,1168219,3,3,2026-02-27,Said El Mala,L1,0,0,0,0,24
4626077_485585,4626077,485585,405,405,2026-02-27,Ian Maatsen,GB1,0,0,0,0,20
4626077_735570,4626077,735570,543,543,2026-02-27,João Gomes,GB1,0,0,1,0,90
4626077_503743,4626077,503743,405,405,2026-02-27,Morgan Rogers,GB1,0,0,0,0,90
4626077_485706,4626077,485706,405,405,2026-02-27,Amadou Onana,GB1,0,0,0,0,90
4626077_413403,4626077,413403,405,405,2026-02-27,Ezri Konsa,GB1,0,0,0,0,90
4626077_324358,4626077,324358,405,405,2026-02-27,Ollie Watkins,GB1,0,0,0,0,86
4620978_895937,4620978,895937,1390,1390,2026-02-27,Marco Palestra,IT1,0,0,0,0,90
4635220_849410,4635220,849410,667,667,2026-02-27,Valentín Barco,FR1,0,0,0,0,90
4635220_834397,4635220,834397,667,667,2026-02-27,Mike Penders,FR1,0,0,0,0,90
4648835_701979,4648835,701979,336,336,2026-02-27,Geny Catamo,PO1,0,0,0,0,83
4648835_412669,4648835,412669,336,336,2026-02-27,Francisco Trincão,PO1,0,0,0,1,83
4648837_1162012,4648837,1162012,720,720,2026-02-27,Oskar Pietuszewski,PO1,0,0,1,0,62
4649331_800175,4649331,800175,964,964,2026-02-27,Luiz Henrique,RU1,0,0,1,0,29
4648837_957653,4648837,957653,720,720,2026-02-27,Rodrigo Mora,PO1,0,0,0,0,28
4648837_699704,4648837,699704,720,720,2026-02-27,Gabri Veiga,PO1,0,0,0,0,62
4648837_425918,4648837,425918,720,11,2026-02-27,Jakub Kiwior,PO1,0,0,0,0,90
4648837_357153,4648837,357153,720,720,2026-02-27,Diogo Costa,PO1,0,0,0,0,90
4648837_926993,4648837,926993,720,720,2026-02-27,Victor Froholdt,PO1,0,0,0,1,90
4648837_1004725,4648837,1004725,720,720,2026-02-27,William Gomes,PO1,0,0,1,1,28
4648835_974982,4648835,974982,336,336,2026-02-27,Ousmane Diomande,PO1,0,0,0,0,90
4648835_424784,4648835,424784,336,336,2026-02-27,Luis Suárez,PO1,0,0,2,0,90
4648835_572675,4648835,572675,336,336,2026-02-27,Maxi Araújo,PO1,1,0,0,0,90
4648835_549006,4648835,549006,336,336,2026-02-27,Gonçalo Inácio,PO1,0,0,0,0,90
4648835_461496,4648835,461496,336,336,2026-02-27,Morten Hjulmand,PO1,0,0,0,1,90
4805901_503680,4805901,503680,703,703,2026-02-26,Neco Williams,EL,0,0,0,0,90
4805900_436064,4805900,436064,79,79,2026-02-26,Ramon Hendriks,EL,0,0,0,0,18
4805900_443710,4805900,443710,79,79,2026-02-26,Angelo Stiller,EL,0,0,0,0,26
4805900_518505,4805900,518505,79,79,2026-02-26,Jamie Leweling,EL,0,0,0,0,45
4805900_924117,4805900,924117,79,79,2026-02-26,Finn Jeltsch,EL,0,0,0,0,90
4805901_1005649,4805901,1005649,703,703,2026-02-26,Murillo,EL,0,0,0,0,45
4805901_392768,4805901,392768,703,703,2026-02-26,Callum Hudson-Odoi,EL,0,0,1,0,45
4805901_429014,4805901,429014,703,703,2026-02-26,Morgan Gibbs-White,EL,0,0,0,0,6
4805901_432164,4805901,432164,703,703,2026-02-26,Igor Jesus,EL,0,0,0,0,45
4805901_465830,4805901,465830,36,398,2026-02-26,Mattéo Guendouzi,EL,0,0,0,0,90
4805900_654982,4805900,654982,79,79,2026-02-26,Bilal El Khannouss,EL,0,0,0,0,5
4805901_567576,4805901,567576,703,703,2026-02-26,Elliot Anderson,EL,0,0,0,0,90
4805902_672381,4805902,672381,1025,244,2026-02-26,Jonathan Rowe,EL,0,0,0,0,90
4805902_849520,4805902,849520,1025,1025,2026-02-26,Santiago Castro,EL,0,0,0,0,79
4805903_1073632,4805903,1073632,159,159,2026-02-26,Vasilije Kostov,EL,0,0,0,0,104
4805903_1097139,4805903,1097139,1082,1082,2026-02-26,Ayyoub Bouaddi,EL,1,0,0,0,120
4805903_548254,4805903,548254,1082,1082,2026-02-26,Nathan Ngoy,EL,0,0,1,0,25
4805903_652275,4805903,652275,1082,1082,2026-02-26,Hákon Arnar Haraldsson,EL,0,0,0,0,95
4805903_724129,4805903,724129,1082,1082,2026-02-26,Matias Fernandez-Pardo,EL,0,0,0,0,120
4805901_741238,4805901,741238,703,703,2026-02-26,Omari Hutchinson,EL,0,0,0,0,90
4814104_368887,4814104,368887,506,506,2026-02-25,Loïs Openda,CL,0,0,0,0,11
4814103_914562,4814103,914562,583,583,2026-02-25,Désiré Doué,CL,0,0,0,1,88
4814103_918969,4814103,918969,162,162,2026-02-25,Lamine Camara,CL,0,0,0,0,90
4814104_265088,4814104,265088,506,506,2026-02-25,Manuel Locatelli,CL,0,0,1,0,109
4814104_332697,4814104,332697,506,506,2026-02-25,Weston McKennie,CL,0,0,1,0,120
4814104_533738,4814104,533738,506,506,2026-02-25,Jonathan David,CL,0,0,0,0,67
4814104_401923,4814104,401923,141,141,2026-02-25,Victor Osimhen,CL,1,0,1,0,120
4814104_463618,4814104,463618,506,506,2026-02-25,Khéphren Thuram,CL,0,0,0,1,78
4814104_487474,4814104,487474,506,506,2026-02-25,Francisco Conceição,CL,0,0,0,0,67
4814103_745200,4814103,745200,162,162,2026-02-25,Maghnes Akliouche,CL,0,0,1,0,74
4814104_541537,4814104,541537,141,141,2026-02-25,Barış Alper Yılmaz,CL,0,0,1,1,120
4814104_553469,4814104,553469,141,141,2026-02-25,Gabriel Sara,CL,1,0,0,0,71
4814103_810092,4814103,810092,583,583,2026-02-25,Warren Zaïre-Emery,CL,0,0,0,0,87
4814103_557149,4814103,557149,583,583,2026-02-25,Kang-in Lee,CL,0,0,0,0,21
4814103_708265,4814103,708265,583,583,2026-02-25,Bradley Barcola,CL,0,0,0,0,69
4814103_670681,4814103,670681,583,583,2026-02-25,João Neves,CL,0,0,0,0,90
4814103_661171,4814103,661171,583,583,2026-02-25,Willian Pacho,CL,0,0,0,0,90
4814103_616341,4814103,616341,583,583,2026-02-25,Nuno Mendes,CL,0,0,0,0,80
4814103_550550,4814103,550550,583,583,2026-02-25,Gonçalo Ramos,CL,0,0,0,0,2
4814103_503770,4814103,503770,162,162,2026-02-25,Folarin Balogun,CL,0,0,0,0,74
4814103_502670,4814103,502670,583,583,2026-02-25,Khvicha Kvaratskhelia,CL,0,0,1,0,90
4814103_487469,4814103,487469,583,583,2026-02-25,Vitinha,CL,0,0,0,0,90
4814103_398073,4814103,398073,583,583,2026-02-25,Achraf Hakimi,CL,0,0,0,0,90
4814103_334526,4814103,334526,162,162,2026-02-25,Denis Zakaria,CL,1,0,0,0,74
4814103_318470,4814103,318470,583,583,2026-02-25,Matvey Safonov,CL,1,0,0,0,90
4814103_181767,4814103,181767,583,583,2026-02-25,Marquinhos,CL,0,0,1,0,90
4814104_648779,4814104,648779,141,141,2026-02-25,Wilfried Singo,CL,0,0,0,1,17
4814104_585949,4814104,585949,506,506,2026-02-25,Pierre Kalulu,CL,0,0,0,1,109
4814105_537844,4814105,537844,294,294,2026-02-25,Anatoliy Trubin,CL,0,0,0,0,90
4814104_845654,4814104,845654,506,506,2026-02-25,Kenan Yıldız,CL,1,0,0,0,103
4814105_935230,4814105,935230,418,418,2026-02-25,Gonzalo García,CL,0,0,0,0,84
4814106_796297,4814106,796297,16,16,2026-02-25,Jobe Bellingham,CL,0,0,0,0,70
4814106_578392,4814106,578392,16,16,2026-02-25,Maximilian Beier,CL,0,0,0,0,60
4814106_571604,4814106,571604,800,800,2026-02-25,Giorgio Scalvini,CL,0,0,0,0,77
4814106_496094,4814106,496094,16,16,2026-02-25,Karim Adeyemi,CL,0,0,1,0,20
4814105_1057316,4814105,1057316,418,418,2026-02-25,Franco Mastantuono,CL,0,0,0,0,13
4814106_434433,4814106,434433,800,1005,2026-02-25,Nikola Krstović,CL,0,0,0,1,18
4814106_406640,4814106,406640,16,16,2026-02-25,Felix Nmecha,CL,0,0,0,0,90
4814106_370789,4814106,370789,16,16,2026-02-25,Julian Ryerson,CL,1,0,0,0,70
4814106_315867,4814106,315867,800,800,2026-02-25,Gianluca Scamacca,CL,0,0,1,0,72
4814106_270541,4814106,270541,16,16,2026-02-25,Serhou Guirassy,CL,0,0,0,0,90
4814106_257814,4814106,257814,16,16,2026-02-25,Gregor Kobel,CL,0,0,0,0,90
4814106_1077175,4814106,1077175,800,800,2026-02-25,Honest Ahanor,CL,0,0,0,0,17
4814106_459763,4814106,459763,800,800,2026-02-25,Marco Carnesecchi,CL,0,0,0,0,90
4814105_861410,4814105,861410,418,418,2026-02-25,Arda Güler,CL,0,0,0,0,84
4814105_413112,4814105,413112,418,418,2026-02-25,Aurélien Tchouaméni,CL,0,0,1,0,90
4814105_811778,4814105,811778,418,418,2026-02-25,Álvaro Carreras,CL,0,0,0,0,90
4814105_314353,4814105,314353,418,418,2026-02-25,Trent Alexander-Arnold,CL,0,0,0,0,90
4814105_324503,4814105,324503,294,294,2026-02-25,Vangelis Pavlidis,CL,0,0,0,0,90
4814105_371998,4814105,371998,418,418,2026-02-25,Vinicius Junior,CL,0,0,1,0,90
4814105_369081,4814105,369081,418,418,2026-02-25,Federico Valverde,CL,0,0,0,2,90
4814105_504087,4814105,504087,294,294,2026-02-25,Tomás Araújo,CL,0,0,0,0,90
4814105_640428,4814105,640428,418,418,2026-02-25,Eduardo Camavinga,CL,0,0,0,0,77
4814105_670103,4814105,670103,294,294,2026-02-25,Andreas Schjelderup,CL,0,0,0,0,85
4814105_735573,4814105,735573,294,294,2026-02-25,Richard Ríos,CL,1,0,0,0,90
4814108_717329,4814108,717329,2282,2282,2026-02-24,Nicolò Tresoldi,CL,0,0,0,0,65
4814107_670858,4814107,670858,762,762,2026-02-24,Lewis Hall,CL,0,0,0,0,36
4814108_616631,4814108,616631,13,13,2026-02-24,Matteo Ruggeri,CL,0,0,0,1,90
4814108_576024,4814108,576024,13,13,2026-02-24,Julián Alvarez,CL,0,0,0,0,58
4814108_548111,4814108,548111,13,13,2026-02-24,Álex Baena,CL,0,0,0,0,70
4814108_451677,4814108,451677,2282,2282,2026-02-24,Christos Tzolis,CL,0,0,0,0,82
4814108_406040,4814108,406040,13,800,2026-02-24,Ademola Lookman,CL,0,0,0,1,20
4814108_404418,4814108,404418,13,13,2026-02-24,Dávid Hancko,CL,0,0,0,0,90
4814107_388165,4814107,388165,762,762,2026-02-24,Yoane Wissa,CL,0,0,0,0,17
4814107_609556,4814107,609556,762,762,2026-02-24,William Osula,CL,0,0,0,0,73
4814107_503733,4814107,503733,762,762,2026-02-24,Anthony Gordon,CL,0,0,0,0,36
4814107_455661,4814107,455661,762,762,2026-02-24,Nick Woltemade,CL,0,0,0,0,90
4814107_398065,4814107,398065,762,762,2026-02-24,Harvey Barnes,CL,0,0,0,1,90
4814107_397033,4814107,397033,762,762,2026-02-24,Sandro Tonali,CL,0,0,1,0,90
4814107_361093,4814107,361093,762,762,2026-02-24,Sven Botman,CL,0,0,1,0,54
4814107_333241,4814107,333241,762,762,2026-02-24,Joelinton,CL,0,0,1,0,54
4814108_780136,4814108,780136,2282,2282,2026-02-24,Aleksandar Stanković,CL,0,0,0,0,90
4814108_742201,4814108,742201,13,13,2026-02-24,Giuliano Simeone,CL,0,0,0,0,83
4814108_893661,4814108,893661,2282,2282,2026-02-24,Joel Ordóñez,CL,1,0,1,0,90
4814108_844637,4814108,844637,13,13,2026-02-24,Marc Pubill,CL,0,0,0,0,90
4814109_827734,4814109,827734,46,46,2026-02-24,Ange-Yoan Bonny,CL,0,0,0,1,28
4814110_964426,4814110,964426,683,683,2026-02-24,Christos Mouzakitis,CL,0,0,0,0,79
4814110_905011,4814110,905011,15,15,2026-02-24,Ibrahim Maza,CL,0,0,0,0,56
4814110_718303,4814110,718303,15,1090,2026-02-24,Ernest Poku,CL,0,0,0,0,34
4814110_564545,4814110,564545,15,15,2026-02-24,Edmond Tapsoba,CL,0,0,0,0,90
4814110_401578,4814110,401578,15,15,2026-02-24,Exequiel Palacios,CL,0,0,0,0,73
4814109_930781,4814109,930781,46,46,2026-02-24,Pio Esposito,CL,0,0,0,0,90
4814110_632349,4814110,632349,15,15,2026-02-24,Jarell Quansah,CL,0,0,0,0,90
4814109_668207,4814109,668207,46,46,2026-02-24,Petar Sučić,CL,0,0,0,0,28
4814109_321528,4814109,321528,46,46,2026-02-24,Denzel Dumfries,CL,0,0,0,0,9
4814109_318528,4814109,318528,46,46,2026-02-24,Marcus Thuram,CL,0,0,0,0,90
4814109_315853,4814109,315853,46,46,2026-02-24,Alessandro Bastoni,CL,0,0,1,0,90
4814109_255942,4814109,255942,46,46,2026-02-24,Nicolò Barella,CL,0,0,0,0,90
4814109_198116,4814109,198116,46,46,2026-02-24,Federico Dimarco,CL,0,0,0,0,81
4814109_441986,4814109,441986,46,46,2026-02-24,Yann Bisseck,CL,0,0,0,0,81
4626062_240306,4626062,240306,985,985,2026-02-23,Bruno Fernandes,GB1,1,0,0,0,90
4626062_503883,4626062,503883,985,1096,2026-02-23,Senne Lammens,GB1,0,0,0,0,90
4626062_475188,4626062,475188,29,29,2026-02-23,Kiernan Dewsbury-Hall,GB1,0,0,0,0,90
4626062_413039,4626062,413039,985,985,2026-02-23,Bryan Mbeumo,GB1,0,0,0,1,78
4626062_357147,4626062,357147,985,985,2026-02-23,Diogo Dalot,GB1,0,0,0,0,90
4620966_849520,4620966,849520,1025,1025,2026-02-23,Santiago Castro,IT1,0,0,0,1,85
4626062_1078163,4626062,1078163,985,985,2026-02-23,Ayden Heaven,GB1,0,0,0,0,1
4620966_855308,4620966,855308,410,410,2026-02-23,Arthur Atta,IT1,0,0,0,0,90
4620966_672381,4620966,672381,1025,244,2026-02-23,Jonathan Rowe,IT1,0,0,0,0,56
4626062_517894,4626062,517894,985,985,2026-02-23,Matheus Cunha,GB1,0,0,0,0,90
4626062_505219,4626062,505219,29,29,2026-02-23,James Garner,GB1,0,0,0,0,90
4620968_364135,4620968,364135,430,430,2026-02-23,Moise Kean,IT1,0,0,1,0,86
4626062_536835,4626062,536835,985,985,2026-02-23,Amad Diallo,GB1,0,0,0,0,58
4626062_627442,4626062,627442,985,985,2026-02-23,Benjamin Sesko,GB1,0,0,1,0,32
4626062_661053,4626062,661053,29,29,2026-02-23,Jarrad Branthwaite,GB1,0,0,0,0,90
4626062_820374,4626062,820374,985,985,2026-02-23,Kobbie Mainoo,GB1,0,0,0,0,90
4626062_923831,4626062,923831,985,985,2026-02-23,Leny Yoro,GB1,0,0,0,0,90
4626062_937941,4626062,937941,29,29,2026-02-23,Thierno Barry,GB1,0,0,0,0,90
4645864_1005575,4645864,1005575,12321,12321,2026-02-23,Vitor Reis,ES1,0,0,0,0,90
4647966_465830,4647966,465830,36,398,2026-02-23,Mattéo Guendouzi,TR1,1,0,0,0,90
4648881_982575,4648881,982575,3329,3329,2026-02-23,Gustavo Sá,PO1,1,0,0,0,90
4626062_623570,4626062,623570,29,29,2026-02-23,Iliman Ndiaye,GB1,0,0,0,0,90
4626064_451276,4626064,451276,31,31,2026-02-22,Dominik Szoboszlai,GB1,0,0,0,0,90
4626064_540664,4626064,540664,703,667,2026-02-22,Dilane Bakwa,GB1,0,0,0,0,24
4626064_534033,4626064,534033,31,31,2026-02-22,Alexis Mac Allister,GB1,0,0,1,0,90
4626064_503680,4626064,503680,703,703,2026-02-22,Neco Williams,GB1,0,0,0,0,90
4626064_478573,4626064,478573,31,31,2026-02-22,Ryan Gravenberch,GB1,0,0,0,0,90
4620965_1077175,4620965,1077175,800,800,2026-02-22,Honest Ahanor,IT1,0,0,0,0,6
4626064_413507,4626064,413507,703,703,2026-02-22,Nikola Milenković,GB1,0,0,0,0,90
4626064_434675,4626064,434675,31,31,2026-02-22,Cody Gakpo,GB1,0,0,0,0,77
4626064_433188,4626064,433188,31,31,2026-02-22,Curtis Jones,GB1,0,0,0,0,83
4626064_432164,4626064,432164,703,703,2026-02-22,Igor Jesus,GB1,0,0,0,0,77
4626064_429014,4626064,429014,703,703,2026-02-22,Morgan Gibbs-White,GB1,1,0,0,0,90
4626064_709726,4626064,709726,31,31,2026-02-22,Hugo Ekitiké,GB1,0,0,0,0,90
4626064_392768,4626064,392768,703,703,2026-02-22,Callum Hudson-Odoi,GB1,0,0,0,0,66
4626064_365108,4626064,365108,703,703,2026-02-22,Dan Ndoye,GB1,0,0,0,0,24
4626064_567576,4626064,567576,703,703,2026-02-22,Elliot Anderson,GB1,0,0,0,0,77
4626065_461883,4626065,461883,931,931,2026-02-22,Calvin Bassey,GB1,0,0,0,1,90
4626064_730861,4626064,730861,31,31,2026-02-22,Milos Kerkez,GB1,0,0,0,0,83
4626064_741238,4626064,741238,703,703,2026-02-22,Omari Hutchinson,GB1,0,0,0,0,66
4626065_279455,4626065,279455,931,931,2026-02-22,Harry Wilson,GB1,0,0,0,1,90
4626065_333014,4626065,333014,931,931,2026-02-22,Sander Berge,GB1,0,0,0,0,90
4626065_473169,4626065,473169,289,289,2026-02-22,Brian Brobbey,GB1,1,0,0,0,70
4626065_633992,4626065,633992,289,289,2026-02-22,Enzo Le Fée,GB1,0,0,1,0,90
4626065_646991,4626065,646991,289,289,2026-02-22,Robin Roefs,GB1,0,0,0,0,90
4626065_661207,4626065,661207,931,281,2026-02-22,Oscar Bobb,GB1,0,0,0,0,45
4626065_727089,4626065,727089,289,289,2026-02-22,Noah Sadiki,GB1,0,0,0,0,90
4626065_876631,4626065,876631,289,289,2026-02-22,Habib Diarra,GB1,0,0,0,0,71
4626065_900195,4626065,900195,931,660,2026-02-22,Kevin,GB1,0,0,0,0,45
4626066_258889,4626066,258889,148,148,2026-02-22,Dominic Solanke,GB1,0,0,0,0,28
4626066_262749,4626066,262749,11,11,2026-02-22,David Raya,GB1,0,0,0,0,90
4626066_316264,4626066,316264,11,11,2026-02-22,Martin Ødegaard,GB1,0,0,0,1,13
4626064_1108466,4626064,1108466,31,31,2026-02-22,Rio Ngumoha,GB1,0,0,0,0,13
4626064_357119,4626064,357119,31,31,2026-02-22,Ibrahima Konaté,GB1,0,0,0,0,90
4620973_326029,4620973,326029,12,12,2026-02-22,Donyell Malen,IT1,0,0,0,0,90
4626064_1005649,4626064,1005649,703,703,2026-02-22,Murillo,GB1,0,0,0,0,90
4626061_800176,4626061,800176,543,543,2026-02-22,André,GB1,1,0,0,0,90
4620965_315867,4620965,315867,800,800,2026-02-22,Gianluca Scamacca,IT1,0,0,0,0,33
4620965_386446,4620965,386446,6195,6195,2026-02-22,Alessandro Buongiorno,IT1,0,0,0,0,90
4620965_434433,4620965,434433,800,1005,2026-02-22,Nikola Krstović,IT1,0,0,0,0,57
4620965_459763,4620965,459763,800,800,2026-02-22,Marco Carnesecchi,IT1,0,0,0,0,90
4620965_571604,4620965,571604,800,800,2026-02-22,Giorgio Scalvini,IT1,0,0,0,0,69
4620965_610442,4620965,610442,6195,6195,2026-02-22,Rasmus Højlund,IT1,0,0,0,0,90
4620965_830365,4620965,830365,6195,6195,2026-02-22,Alisson Santos,IT1,0,0,0,0,85
4620972_315779,4620972,315779,5,5,2026-02-22,Christian Pulisic,IT1,0,0,0,0,62
4620972_344381,4620972,344381,5,5,2026-02-22,Christopher Nkunku,IT1,0,0,0,0,5
4620972_357164,4620972,357164,5,5,2026-02-22,Rafael Leão,IT1,1,0,0,0,90
4620972_574671,4620972,574671,5,5,2026-02-22,Strahinja Pavlović,IT1,0,0,0,0,28
4620972_608172,4620972,608172,5,5,2026-02-22,Ardon Jashari,IT1,0,0,0,0,74
4626066_357662,4626066,357662,11,11,2026-02-22,Declan Rice,GB1,0,0,0,0,90
4620973_338670,4620973,338670,12,12,2026-02-22,Mile Svilar,IT1,0,0,0,0,90
4620973_371149,4620973,371149,12,12,2026-02-22,Evan Ndicka,IT1,0,0,1,0,90
4620973_624690,4620973,624690,12,12,2026-02-22,Manu Koné,IT1,0,0,0,0,90
4620973_813137,4620973,813137,12,12,2026-02-22,Niccolò Pisilli,IT1,0,0,1,0,18
4620973_964580,4620973,964580,12,12,2026-02-22,Wesley,IT1,0,0,0,0,90
4626061_1006411,4626061,1006411,873,873,2026-02-22,Jaydee Canvot,GB1,1,0,0,0,90
4626061_258919,4626061,258919,873,873,2026-02-22,Dean Henderson,GB1,0,0,0,0,90
4626061_410225,4626061,410225,873,873,2026-02-22,Ismaïla Sarr,GB1,1,0,0,0,90
4626061_429983,4626061,429983,873,543,2026-02-22,Jørgen Strand Larsen,GB1,0,0,0,0,90
4626061_470607,4626061,470607,873,148,2026-02-22,Brennan Johnson,GB1,0,0,0,0,13
4626061_500689,4626061,500689,873,873,2026-02-22,Evann Guessand,GB1,0,0,1,0,18
4626061_568157,4626061,568157,873,1050,2026-02-22,Yéremy Pino,GB1,0,0,0,0,77
4626061_578539,4626061,578539,873,873,2026-02-22,Chris Richards,GB1,0,0,0,0,90
4626061_730893,4626061,730893,873,873,2026-02-22,Tyrick Mitchell,GB1,0,0,0,1,90
4626061_735570,4626061,735570,543,543,2026-02-22,João Gomes,GB1,0,0,0,0,3
4626061_744149,4626061,744149,873,873,2026-02-22,Adam Wharton,GB1,1,0,0,0,90
4626066_325443,4626066,325443,11,11,2026-02-22,Viktor Gyökeres,GB1,0,0,2,0,90
4634367_654982,4634367,654982,79,79,2026-02-22,Bilal El Khannouss,L1,1,0,0,0,66
4626066_378710,4626066,378710,148,148,2026-02-22,Richarlison,GB1,0,0,0,0,22
4635211_724129,4635211,724129,1082,1082,2026-02-22,Matias Fernandez-Pardo,FR1,0,0,0,0,90
4641337_990148,4641337,990148,1184,1184,2026-02-22,Konstantinos Karetsas,BE1,0,0,0,0,85
4641340_1105541,4641340,1105541,58,58,2026-02-22,Nathan De Cat,BE1,0,0,0,2,90
4641521_552655,4641521,552655,1090,1090,2026-02-22,Troy Parrott,NL1,1,0,1,0,90
4641521_859035,4641521,859035,1090,1090,2026-02-22,Kees Smit,NL1,0,0,1,0,45
4645862_485963,4645862,485963,1050,1050,2026-02-22,Pape Gueye,ES1,0,0,1,0,58
4645862_729814,4645862,729814,1050,1050,2026-02-22,Georges Mikautadze,ES1,1,0,0,0,90
4645862_733576,4645862,733576,1050,1050,2026-02-22,Alberto Moleiro,ES1,0,0,0,0,70
4645862_805714,4645862,805714,1050,1050,2026-02-22,Renato Veiga,ES1,0,0,0,0,90
4645862_834764,4645862,834764,1049,1049,2026-02-22,Javi Guerra,ES1,1,0,0,0,90
4645867_1018920,4645867,1018920,131,131,2026-02-22,Marc Bernal,ES1,1,0,1,0,66
4645867_293385,4645867,293385,131,131,2026-02-22,Dani Olmo,ES1,0,0,0,0,66
4645867_326330,4645867,326330,131,131,2026-02-22,Frenkie de Jong,ES1,0,0,1,0,90
4645867_398184,4645867,398184,131,131,2026-02-22,Ferran Torres,ES1,0,0,0,0,24
4645867_411295,4645867,411295,131,131,2026-02-22,Raphinha,ES1,0,0,0,0,90
4645867_411975,4645867,411975,131,131,2026-02-22,Jules Koundé,ES1,0,0,0,0,90
4645867_466794,4645867,466794,131,131,2026-02-22,Eric García,ES1,0,0,0,1,90
4645867_561613,4645867,561613,131,131,2026-02-22,Joan García,ES1,0,0,0,0,90
4645867_636703,4645867,636703,131,131,2026-02-22,Fermín López,ES1,0,0,1,0,24
4645867_683840,4645867,683840,131,131,2026-02-22,Pedri,ES1,0,0,0,0,24
4645867_705395,4645867,705395,131,131,2026-02-22,Gerard Martín,ES1,1,0,0,0,88
4645867_937958,4645867,937958,131,131,2026-02-22,Lamine Yamal,ES1,0,0,0,1,88
4647971_454567,4647971,454567,114,114,2026-02-22,Orkun Kökçü,TR1,1,0,0,2,81
4648886_1162012,4648886,1162012,720,720,2026-02-22,Oskar Pietuszewski,PO1,0,0,0,1,65
4648886_357153,4648886,357153,720,720,2026-02-22,Diogo Costa,PO1,0,0,0,0,90
4648886_699704,4648886,699704,720,720,2026-02-22,Gabri Veiga,PO1,0,0,0,0,65
4648886_756990,4648886,756990,720,720,2026-02-22,Alan Varela,PO1,1,0,0,0,90
4648886_926993,4648886,926993,720,720,2026-02-22,Victor Froholdt,PO1,0,0,1,0,85
4648886_957653,4648886,957653,720,720,2026-02-22,Rodrigo Mora,PO1,0,0,0,0,25
4626066_420243,4626066,420243,11,11,2026-02-22,Jurriën Timber,GB1,1,0,0,1,57
4635212_461607,4635212,461607,273,273,2026-02-22,Estéban Lepaul,FR1,0,0,1,0,68
4648886_1004725,4648886,1004725,720,720,2026-02-22,William Gomes,PO1,0,0,0,0,25
4635211_652275,4635211,652275,1082,1082,2026-02-22,Hákon Arnar Haraldsson,FR1,0,0,0,0,17
4626066_659813,4626066,659813,11,11,2026-02-22,Piero Hincapié,GB1,0,0,0,0,90
4626066_423440,4626066,423440,11,11,2026-02-22,Martín Zubimendi,GB1,0,0,0,0,90
4635211_548254,4635211,548254,1082,1082,2026-02-22,Nathan Ngoy,FR1,1,0,0,0,90
4626066_433177,4626066,433177,11,11,2026-02-22,Bukayo Saka,GB1,0,0,0,0,90
4626066_435338,4626066,435338,11,11,2026-02-22,Gabriel,GB1,0,0,0,0,90
4626066_483348,4626066,483348,148,148,2026-02-22,Djed Spence,GB1,0,0,0,0,90
4626066_488362,4626066,488362,148,148,2026-02-22,Conor Gallagher,GB1,0,0,0,0,62
4626066_495666,4626066,495666,11,11,2026-02-22,William Saliba,GB1,0,0,0,0,90
4626066_503987,4626066,503987,11,11,2026-02-22,Noni Madueke,GB1,0,0,0,0,1
4626066_557459,4626066,557459,148,148,2026-02-22,Micky van de Ven,GB1,0,0,0,0,90
4626066_566931,4626066,566931,148,23826,2026-02-22,Xavi Simons,GB1,0,0,0,0,90
4626066_568693,4626066,568693,148,148,2026-02-22,Pape Matar Sarr,GB1,0,0,0,0,90
4626066_646750,4626066,646750,11,11,2026-02-22,Cristhian Mosquera,GB1,0,0,0,0,33
4626066_655488,4626066,655488,11,11,2026-02-22,Gabriel Martinelli,GB1,0,0,0,0,14
4626066_479999,4626066,479999,11,11,2026-02-22,Eberechi Eze,GB1,0,0,2,0,77
4626066_922693,4626066,922693,148,148,2026-02-22,Archie Gray,GB1,1,0,0,0,90
4635204_618494,4635204,618494,1041,1041,2026-02-22,Tyler Morton,FR1,0,0,0,0,90
4634361_526845,4634361,526845,60,60,2026-02-22,Noah Atubolu,L1,0,0,0,0,90
4635211_1097139,4635211,1097139,1082,1082,2026-02-22,Ayyoub Bouaddi,FR1,0,0,0,0,90
4635204_849410,4635204,849410,667,667,2026-02-22,Valentín Barco,FR1,0,0,0,0,90
4635204_660867,4635204,660867,667,667,2026-02-22,Julio Enciso,FR1,0,0,0,0,85
4635204_655006,4635204,655006,667,667,2026-02-22,Diego Moreira,FR1,0,0,1,1,90
4635204_834397,4635204,834397,667,667,2026-02-22,Mike Penders,FR1,0,0,0,0,90
4635204_971570,4635204,971570,1041,418,2026-02-22,Endrick,FR1,1,0,0,0,90
4634361_668606,4634361,668606,60,60,2026-02-22,Yuito Suzuki,L1,0,0,0,0,79
4634367_518505,4634367,518505,79,79,2026-02-22,Jamie Leweling,L1,0,0,0,0,24
4634367_443710,4634367,443710,79,79,2026-02-22,Angelo Stiller,L1,0,0,0,0,78
4634367_436064,4634367,436064,79,79,2026-02-22,Ramon Hendriks,L1,0,0,0,0,90
4635204_1064871,4635204,1064871,667,667,2026-02-22,Joaquín Panichelli,FR1,0,0,1,0,90
4626063_398065,4626063,398065,762,762,2026-02-21,Harvey Barnes,GB1,1,0,0,0,30
4626063_406635,4626063,406635,281,281,2026-02-21,Phil Foden,GB1,0,0,0,0,3
4626063_418560,4626063,418560,281,281,2026-02-21,Erling Haaland,GB1,0,0,0,1,90
4626063_445939,4626063,445939,281,281,2026-02-21,Omar Marmoush,GB1,0,0,0,1,58
4626063_583189,4626063,583189,762,762,2026-02-21,Anthony Elanga,GB1,0,0,0,0,78
4626063_455661,4626063,455661,762,762,2026-02-21,Nick Woltemade,GB1,0,0,0,0,60
4626063_503733,4626063,503733,762,762,2026-02-21,Anthony Gordon,GB1,0,0,0,0,78
4626063_521964,4626063,521964,762,762,2026-02-21,Malick Thiaw,GB1,0,0,0,0,90
4626063_397033,4626063,397033,762,762,2026-02-21,Sandro Tonali,GB1,0,0,0,0,90
4626063_578391,4626063,578391,281,281,2026-02-21,Rayan Aït-Nouri,GB1,0,0,0,0,90
4626063_503749,4626063,503749,762,762,2026-02-21,Jacob Ramsey,GB1,0,0,0,1,90
4626063_258004,4626063,258004,281,281,2026-02-21,Rúben Dias,GB1,1,0,0,0,45
4626063_392757,4626063,392757,281,281,2026-02-21,Marc Guéhi,GB1,0,0,0,0,90
4626063_357565,4626063,357565,281,281,2026-02-21,Rodri,GB1,0,0,0,0,90
4626063_333241,4626063,333241,762,762,2026-02-21,Joelinton,GB1,1,0,0,0,30
4626063_315858,4626063,315858,281,281,2026-02-21,Gianluigi Donnarumma,GB1,0,0,0,0,90
4626060_904802,4626060,904802,631,631,2026-02-21,Jorrel Hato,GB1,1,0,0,0,10
4626060_842341,4626060,842341,1132,1132,2026-02-21,Maxime Estève,GB1,0,0,0,0,90
4626060_743600,4626060,743600,631,631,2026-02-21,Andrey Santos,GB1,0,0,0,0,90
4626060_687626,4626060,687626,631,631,2026-02-21,Moisés Caicedo,GB1,0,0,0,0,90
4626060_648195,4626060,648195,631,631,2026-02-21,Enzo Fernández,GB1,0,0,0,0,90
4626063_601883,4626063,601883,281,281,2026-02-21,Matheus Nunes,GB1,0,0,0,0,90
4626060_626724,4626060,626724,631,631,2026-02-21,João Pedro,GB1,0,0,1,0,80
4626063_583255,4626063,583255,281,281,2026-02-21,Antoine Semenyo,GB1,0,0,0,0,87
4626067_522784,4626067,522784,379,379,2026-02-21,Taty Castellanos,GB1,0,0,0,0,90
4626063_607223,4626063,607223,281,281,2026-02-21,Rayan Cherki,GB1,0,0,0,0,32
4626067_654539,4626067,654539,989,989,2026-02-21,Adrien Truffert,GB1,0,0,0,0,90
4626060_610849,4626060,610849,631,631,2026-02-21,Liam Delap,GB1,0,0,0,0,10
4634360_344695,4634360,344695,27,27,2026-02-21,Dayot Upamecano,L1,0,0,0,0,90
4634360_333647,4634360,333647,24,24,2026-02-21,Jonathan Burkardt,L1,0,0,1,0,30
4634360_196357,4634360,196357,27,27,2026-02-21,Jonathan Tah,L1,0,0,0,0,1
4634360_161056,4634360,161056,27,27,2026-02-21,Joshua Kimmich,L1,0,0,0,1,90
4634360_132098,4634360,132098,27,27,2026-02-21,Harry Kane,L1,0,0,2,0,90
4626067_955357,4626067,955357,989,989,2026-02-21,Junior Kroupi,GB1,0,0,0,0,89
4626067_880245,4626067,880245,379,379,2026-02-21,Mateus Fernandes,GB1,0,0,0,0,90
4626067_855256,4626067,855256,989,989,2026-02-21,Alex Scott,GB1,0,0,0,0,90
4626067_711337,4626067,711337,989,989,2026-02-21,Evanilson,GB1,0,0,0,0,80
4626067_474701,4626067,474701,379,379,2026-02-21,Crysencio Summerville,GB1,0,0,0,0,90
4626063_609556,4626063,609556,762,762,2026-02-21,William Osula,GB1,0,0,0,0,12
4626067_469781,4626067,469781,989,989,2026-02-21,Marcos Senesi,GB1,1,0,0,0,90
4626067_465555,4626067,465555,989,989,2026-02-21,Djordje Petrovic,GB1,0,0,0,0,90
4626067_399434,4626067,399434,989,989,2026-02-21,Marcus Tavernier,GB1,0,0,0,0,10
4626067_332705,4626067,332705,989,989,2026-02-21,Tyler Adams,GB1,0,0,0,0,66
4626067_314875,4626067,314875,379,379,2026-02-21,Jarrod Bowen,GB1,0,0,0,0,90
4626067_1111589,4626067,1111589,379,379,2026-02-21,El Hadji Malick Diouf,GB1,0,0,0,0,90
4626067_1012564,4626067,1012564,989,989,2026-02-21,Rayan,GB1,0,0,0,0,90
4626063_763079,4626063,763079,281,281,2026-02-21,Abdukodir Khusanov,GB1,0,0,0,0,45
4626063_743413,4626063,743413,281,281,2026-02-21,Nico O'Reilly,GB1,0,0,2,0,90
4626063_670858,4626063,670858,762,762,2026-02-21,Lewis Hall,GB1,0,0,1,0,90
4626060_620322,4626060,620322,631,631,2026-02-21,Malo Gusto,GB1,0,0,0,0,80
4620971_668207,4620971,668207,46,46,2026-02-21,Petar Sučić,IT1,0,0,0,0,60
4626060_568177,4626060,568177,631,631,2026-02-21,Cole Palmer,GB1,0,0,0,0,75
4620970_580451,4620970,580451,1047,1047,2026-02-21,Martin Baturina,IT1,0,0,0,0,60
4626058_324358,4626058,324358,405,405,2026-02-21,Ollie Watkins,GB1,0,0,0,0,90
4620971_930781,4620971,930781,46,46,2026-02-21,Pio Esposito,IT1,0,0,0,0,90
4620971_827734,4620971,827734,46,46,2026-02-21,Ange-Yoan Bonny,IT1,0,0,0,0,21
4620971_441986,4620971,441986,46,46,2026-02-21,Yann Bisseck,IT1,0,0,0,0,90
4620971_318528,4620971,318528,46,46,2026-02-21,Marcus Thuram,IT1,0,0,0,0,69
4620971_315853,4620971,315853,46,46,2026-02-21,Alessandro Bastoni,IT1,1,0,0,0,88
4620971_198116,4620971,198116,46,46,2026-02-21,Federico Dimarco,IT1,0,0,0,1,90
4620970_948278,4620970,948278,1047,1047,2026-02-21,Jacobo Ramón,IT1,0,0,0,0,90
4620970_845654,4620970,845654,506,506,2026-02-21,Kenan Yıldız,IT1,0,0,0,0,83
4620970_668547,4620970,668547,1047,1047,2026-02-21,Máximo Perrone,IT1,0,0,0,0,90
4620970_533738,4620970,533738,506,506,2026-02-21,Jonathan David,IT1,0,0,0,0,16
4626058_392771,4626058,392771,399,399,2026-02-21,Ethan Ampadu,GB1,0,0,0,0,90
4620970_523318,4620970,523318,1047,1047,2026-02-21,Anastasios Douvikas,IT1,0,0,0,1,87
4620970_487474,4620970,487474,506,506,2026-02-21,Francisco Conceição,IT1,0,0,0,0,45
4620970_463618,4620970,463618,506,506,2026-02-21,Khéphren Thuram,IT1,0,0,0,0,74
4620970_368887,4620970,368887,506,506,2026-02-21,Loïs Openda,IT1,0,0,0,0,74
4620970_332697,4620970,332697,506,506,2026-02-21,Weston McKennie,IT1,0,0,0,0,90
4620970_265088,4620970,265088,506,506,2026-02-21,Manuel Locatelli,IT1,1,0,0,0,90
4620967_895937,4620967,895937,1390,1390,2026-02-21,Marco Palestra,IT1,0,0,0,0,90
4620967_525704,4620967,525704,398,398,2026-02-21,Nicolò Rovella,IT1,0,0,0,0,60
4620967_470394,4620967,470394,398,398,2026-02-21,Kenneth Taylor,IT1,0,0,0,0,90
4634360_480692,4634360,480692,27,27,2026-02-21,Luis Díaz,L1,0,0,0,0,90
4626058_344069,4626058,344069,399,399,2026-02-21,Anton Stach,GB1,0,0,1,0,83
4626058_413403,4626058,413403,405,405,2026-02-21,Ezri Konsa,GB1,0,0,0,0,90
4626060_487465,4626060,487465,631,631,2026-02-21,Pedro Neto,GB1,0,0,0,1,88
4626059_644401,4626059,644401,1148,1148,2026-02-21,Keane Lewis-Potter,GB1,0,0,0,0,45
4626060_475411,4626060,475411,631,631,2026-02-21,Wesley Fofana,GB1,0,0,0,0,72
4626060_472423,4626060,472423,631,631,2026-02-21,Reece James,GB1,0,0,0,0,89
4626060_346314,4626060,346314,631,631,2026-02-21,Trevoh Chalobah,GB1,0,0,0,0,90
4626060_1004708,4626060,1004708,631,631,2026-02-21,Josh Acheampong,GB1,0,0,0,0,1
4626059_996897,4626059,996897,1237,1237,2026-02-21,Diego Gómez,GB1,0,0,1,0,76
4626059_973085,4626059,973085,1237,1237,2026-02-21,Carlos Baleba,GB1,0,0,0,0,1
4626059_867688,4626059,867688,1237,1237,2026-02-21,Jack Hinshelwood,GB1,0,0,0,0,90
4626059_823231,4626059,823231,1148,1148,2026-02-21,Dango Ouattara,GB1,0,0,0,0,90
4626059_739443,4626059,739443,1148,1148,2026-02-21,Igor Thiago,GB1,0,0,0,0,90
4626059_717411,4626059,717411,1148,1148,2026-02-21,Yegor Yarmolyuk,GB1,1,0,0,0,45
4626059_576314,4626059,576314,1237,1237,2026-02-21,Jan Paul van Hecke,GB1,0,0,0,0,90
4626058_485585,4626058,485585,405,405,2026-02-21,Ian Maatsen,GB1,0,0,0,0,90
4626059_565093,4626059,565093,1237,1237,2026-02-21,Bart Verbruggen,GB1,0,0,0,0,90
4626059_541231,4626059,541231,1148,1148,2026-02-21,Sepp van den Berg,GB1,0,0,0,0,90
4626059_540941,4626059,540941,1148,1148,2026-02-21,Mikkel Damsgaard,GB1,0,0,0,0,23
4626059_473050,4626059,473050,1148,1148,2026-02-21,Kevin Schade,GB1,0,0,0,0,45
4626059_469050,4626059,469050,1148,1148,2026-02-21,Nathan Collins,GB1,0,0,0,0,45
4626059_415381,4626059,415381,1237,1237,2026-02-21,Mats Wieffer,GB1,1,0,0,0,65
4626059_369316,4626059,369316,1237,1237,2026-02-21,Ferdi Kadıoğlu,GB1,1,0,0,0,90
4626059_340918,4626059,340918,1148,1148,2026-02-21,Caoimhín Kelleher,GB1,0,0,0,0,90
4626058_503743,4626058,503743,405,405,2026-02-21,Morgan Rogers,GB1,0,0,0,0,90
4626058_485706,4626058,485706,405,405,2026-02-21,Amadou Onana,GB1,0,0,0,0,61
4634360_424204,4634360,424204,27,27,2026-02-21,Alphonso Davies,L1,0,0,0,0,50
4645861_314353,4645861,314353,418,418,2026-02-21,Trent Alexander-Arnold,ES1,1,0,0,0,26
4634360_483046,4634360,483046,27,27,2026-02-21,Josip Stanisic,L1,0,0,0,1,90
4645861_640428,4645861,640428,418,418,2026-02-21,Eduardo Camavinga,ES1,0,0,0,0,64
4645866_548111,4645866,548111,13,13,2026-02-21,Álex Baena,ES1,0,0,0,1,61
4645866_406040,4645866,406040,13,800,2026-02-21,Ademola Lookman,ES1,0,0,1,0,61
4645866_404418,4645866,404418,13,13,2026-02-21,Dávid Hancko,ES1,0,0,0,0,90
4645863_711374,4645863,711374,681,681,2026-02-21,Jon Gorrotxategi,ES1,0,0,0,0,77
4645863_351478,4645863,351478,681,681,2026-02-21,Mikel Oyarzabal,ES1,0,0,0,0,90
4645863_1018938,4645863,1018938,681,681,2026-02-21,Jon Martín,ES1,0,0,0,0,90
4645861_935231,4645861,935231,331,331,2026-02-21,Víctor Muñoz,ES1,0,0,0,0,90
4645861_935230,4645861,935230,418,418,2026-02-21,Gonzalo García,ES1,0,0,0,0,15
4645861_861410,4645861,861410,418,418,2026-02-21,Arda Güler,ES1,0,0,0,0,82
4645861_811778,4645861,811778,418,418,2026-02-21,Álvaro Carreras,ES1,0,0,0,0,90
4645861_413112,4645861,413112,418,418,2026-02-21,Aurélien Tchouaméni,ES1,0,0,0,0,90
4641335_451677,4641335,451677,2282,2282,2026-02-21,Christos Tzolis,BE1,0,0,0,0,75
4645861_371998,4645861,371998,418,418,2026-02-21,Vinicius Junior,ES1,1,0,1,0,90
4645861_369081,4645861,369081,418,418,2026-02-21,Federico Valverde,ES1,0,0,0,1,75
4645861_342229,4645861,342229,418,418,2026-02-21,Kylian Mbappé,ES1,0,0,0,0,90
4645861_314678,4645861,314678,418,418,2026-02-21,Brahim Díaz,ES1,0,0,0,0,26
4641528_702869,4641528,702869,383,383,2026-02-21,Ismael Saibari,NL1,0,0,0,1,90
4641528_627207,4641528,627207,383,383,2026-02-21,Ricardo Pepi,NL1,0,0,1,0,15
4641528_408574,4641528,408574,383,383,2026-02-21,Joey Veerman,NL1,0,0,0,1,75
4641520_748804,4641520,748804,610,610,2026-02-21,Mika Godts,NL1,0,0,1,0,90
4641335_893661,4641335,893661,2282,2282,2026-02-21,Joel Ordóñez,BE1,0,0,0,0,90
4641335_780136,4641335,780136,2282,2282,2026-02-21,Aleksandar Stanković,BE1,0,0,0,1,34
4645866_576024,4645866,576024,13,13,2026-02-21,Julián Alvarez,ES1,0,0,0,0,29
4645866_616631,4645866,616631,13,13,2026-02-21,Matteo Ruggeri,ES1,0,0,0,2,90
4645866_709372,4645866,709372,714,714,2026-02-21,Carlos Romero,ES1,0,0,0,0,90
4645866_742201,4645866,742201,13,13,2026-02-21,Giuliano Simeone,ES1,0,0,1,0,84
4634360_566723,4634360,566723,27,27,2026-02-21,Michael Olise,L1,0,0,0,0,90
4648888_606752,4648888,606752,1075,1075,2026-02-21,Rodrigo Zalazar,PO1,0,0,2,1,90
4648887_974982,4648887,974982,336,336,2026-02-21,Ousmane Diomande,PO1,1,0,0,0,90
4648887_701979,4648887,701979,336,336,2026-02-21,Geny Catamo,PO1,0,0,1,0,78
4648887_572675,4648887,572675,336,336,2026-02-21,Maxi Araújo,PO1,0,0,0,1,90
4648887_549006,4648887,549006,336,336,2026-02-21,Gonçalo Inácio,PO1,0,0,0,0,90
4648887_461496,4648887,461496,336,336,2026-02-21,Morten Hjulmand,PO1,0,0,0,0,90
4648887_424784,4648887,424784,336,336,2026-02-21,Luis Suárez,PO1,0,0,1,0,78
4648880_735573,4648880,735573,294,294,2026-02-21,Richard Ríos,PO1,0,0,0,1,90
4648880_670103,4648880,670103,294,294,2026-02-21,Andreas Schjelderup,PO1,0,0,0,0,71
4648880_650568,4648880,650568,294,294,2026-02-21,António Silva,PO1,0,0,0,0,90
4648880_537844,4648880,537844,294,294,2026-02-21,Anatoliy Trubin,PO1,0,0,0,0,90
4648880_504087,4648880,504087,294,294,2026-02-21,Tomás Araújo,PO1,0,0,0,0,45
4648880_324503,4648880,324503,294,294,2026-02-21,Vangelis Pavlidis,PO1,0,0,0,0,81
4647972_648779,4647972,648779,141,141,2026-02-21,Wilfried Singo,TR1,0,0,0,0,90
4647972_553469,4647972,553469,141,141,2026-02-21,Gabriel Sara,TR1,0,0,0,0,84
4647972_541537,4647972,541537,141,141,2026-02-21,Barış Alper Yılmaz,TR1,0,0,0,0,45
4645868_735568,4645868,735568,150,150,2026-02-21,Natan,ES1,0,0,0,0,90
4645868_724520,4645868,724520,150,150,2026-02-21,Abde Ezzalzouli,ES1,0,0,0,0,90
4645868_602105,4645868,602105,150,150,2026-02-21,Antony,ES1,0,0,0,0,90
4645866_844637,4645866,844637,13,13,2026-02-21,Marc Pubill,ES1,0,0,0,0,90
4641335_717329,4641335,717329,2282,2282,2026-02-21,Nicolò Tresoldi,BE1,0,0,1,0,75
4648887_412669,4648887,412669,336,336,2026-02-21,Francisco Trincão,PO1,0,0,1,1,90
4635210_597659,4635210,597659,415,415,2026-02-21,Charlie Cresswell,FR1,0,0,0,0,90
4634363_324278,4634363,324278,23826,23826,2026-02-21,Christoph Baumgartner,L1,0,0,2,0,90
4634363_957874,4634363,957874,23826,23826,2026-02-21,Rômulo,L1,1,0,0,0,81
4634363_894914,4634363,894914,23826,23826,2026-02-21,Antonio Nusa,L1,0,0,0,0,25
4634363_796297,4634363,796297,16,16,2026-02-21,Jobe Bellingham,L1,0,0,0,0,90
4634363_700106,4634363,700106,23826,23826,2026-02-21,Brajan Gruda,L1,0,0,0,0,82
4634363_618472,4634363,618472,23826,23826,2026-02-21,Castello Lukeba,L1,1,0,0,0,90
4634363_578392,4634363,578392,16,16,2026-02-21,Maximilian Beier,L1,0,0,0,0,64
4634363_496094,4634363,496094,16,16,2026-02-21,Karim Adeyemi,L1,0,0,0,1,14
4634363_406640,4634363,406640,16,16,2026-02-21,Felix Nmecha,L1,0,0,0,0,65
4634363_404950,4634363,404950,23826,23826,2026-02-21,Nicolas Seiwald,L1,0,0,0,0,90
4634363_370789,4634363,370789,16,16,2026-02-21,Julian Ryerson,L1,1,0,0,0,90
4634363_318204,4634363,318204,23826,23826,2026-02-21,David Raum,L1,1,0,0,1,90
4634365_467437,4634365,467437,15,15,2026-02-21,Malik Tillman,L1,0,0,0,0,81
4634363_270541,4634363,270541,16,16,2026-02-21,Serhou Guirassy,L1,0,0,0,0,71
4634363_257814,4634363,257814,16,16,2026-02-21,Gregor Kobel,L1,0,0,0,0,90
4634363_1390649,4634363,1390649,23826,23826,2026-02-21,Yan Diomande,L1,0,0,0,1,90
4634360_939964,4634360,939964,24,24,2026-02-21,Jean-Mattéo Bahoya,L1,1,0,0,0,90
4634360_931838,4634360,931838,24,24,2026-02-21,Hugo Larsson,L1,0,0,0,0,90
4634360_822959,4634360,822959,27,27,2026-02-21,Tom Bischof,L1,0,0,0,0,13
4634360_792380,4634360,792380,27,27,2026-02-21,Aleksandar Pavlovic,L1,0,0,1,0,77
4634360_691892,4634360,691892,24,24,2026-02-21,Nathaniel Brown,L1,0,0,0,0,90
4634360_585959,4634360,585959,24,24,2026-02-21,Arnaud Kalimuendo,L1,0,0,1,0,30
4634360_580195,4634360,580195,27,27,2026-02-21,Jamal Musiala,L1,0,0,0,0,78
4634365_1364454,4634365,1364454,15,15,2026-02-21,Christian Kofane,L1,0,0,0,0,60
4635206_914562,4635206,914562,583,583,2026-02-21,Désiré Doué,FR1,0,0,1,0,45
4634365_564545,4634365,564545,15,15,2026-02-21,Edmond Tapsoba,L1,0,0,0,0,90
4635206_1185888,4635206,1185888,583,583,2026-02-21,Ibrahim Mbaye,FR1,0,0,0,0,45
4635206_708265,4635206,708265,583,583,2026-02-21,Bradley Barcola,FR1,0,0,1,0,64
4635206_670681,4635206,670681,583,583,2026-02-21,João Neves,FR1,0,0,0,0,27
4635206_557149,4635206,557149,583,583,2026-02-21,Kang-in Lee,FR1,0,0,0,0,63
4635206_550550,4635206,550550,583,583,2026-02-21,Gonçalo Ramos,FR1,0,0,1,1,90
4634365_718303,4634365,718303,15,1090,2026-02-21,Ernest Poku,L1,0,0,0,0,29
4635206_502670,4635206,502670,583,583,2026-02-21,Khvicha Kvaratskhelia,FR1,0,0,0,0,26
4635206_810092,4635206,810092,583,583,2026-02-21,Warren Zaïre-Emery,FR1,0,0,0,1,90
4635206_487469,4635206,487469,583,583,2026-02-21,Vitinha,FR1,0,0,0,0,27
4635206_398073,4635206,398073,583,583,2026-02-21,Achraf Hakimi,FR1,0,0,0,0,90
4635206_318470,4635206,318470,583,583,2026-02-21,Matvey Safonov,FR1,0,0,0,0,90
4635206_659089,4635206,659089,583,583,2026-02-21,Ilya Zabarnyi,FR1,0,0,0,0,90
4635205_918969,4635205,918969,162,162,2026-02-21,Lamine Camara,FR1,0,0,0,0,90
4635205_743515,4635205,743515,826,826,2026-02-21,Robin Risser,FR1,0,0,0,0,90
4635205_503770,4635205,503770,162,162,2026-02-21,Folarin Balogun,FR1,0,0,1,0,85
4635205_334526,4635205,334526,162,162,2026-02-21,Denis Zakaria,FR1,0,0,1,0,90
4634368_667457,4634368,667457,533,533,2026-02-21,Leon Avdullahu,L1,0,0,0,0,90
4634368_579459,4634368,579459,533,533,2026-02-21,Albian Hajdari,L1,1,0,0,1,90
4634368_524290,4634368,524290,533,533,2026-02-21,Fisnik Asllani,L1,0,0,0,0,90
4634368_1168219,4634368,1168219,3,3,2026-02-21,Said El Mala,L1,0,0,1,1,85
4634368_1067904,4634368,1067904,533,533,2026-02-21,Bazoumana Touré,L1,0,0,0,1,90
4634365_905011,4634365,905011,15,15,2026-02-21,Ibrahim Maza,L1,0,0,0,0,90
4620974_921655,4620974,921655,6574,6574,2026-02-20,Ismaël Koné,IT1,0,0,0,0,73
4634362_643574,4634362,643574,39,39,2026-02-20,Kaishu Sano,L1,0,0,0,0,90
4635207_418659,4635207,418659,244,244,2026-02-20,Amine Gouiri,FR1,0,0,0,0,71
4635207_420213,4635207,420213,244,244,2026-02-20,Quinten Timber,FR1,1,0,0,0,79
4635207_532826,4635207,532826,244,244,2026-02-20,Mason Greenwood,FR1,0,0,0,0,90
4635207_653610,4635207,653610,244,244,2026-02-20,Igor Paixão,FR1,0,0,0,0,71
4635207_890719,4635207,890719,244,244,2026-02-20,Ethan Nwaneri,FR1,1,0,0,0,19
4645865_571020,4645865,571020,621,621,2026-02-20,Oihan Sancet,ES1,0,0,0,0,75
4805893_429014,4805893,429014,703,703,2026-02-19,Morgan Gibbs-White,EL,0,0,1,1,67
4805890_990148,4805890,990148,1184,1184,2026-02-19,Konstantinos Karetsas,EL,0,0,0,1,88
4805892_436064,4805892,436064,79,79,2026-02-19,Ramon Hendriks,EL,0,0,0,0,90
4805892_443710,4805892,443710,79,79,2026-02-19,Angelo Stiller,EL,0,0,0,1,90
4805892_518505,4805892,518505,79,79,2026-02-19,Jamie Leweling,EL,0,0,1,0,72
4805892_654982,4805892,654982,79,79,2026-02-19,Bilal El Khannouss,EL,0,0,2,0,72
4805892_924117,4805892,924117,79,79,2026-02-19,Finn Jeltsch,EL,0,0,0,0,90
4805893_1005649,4805893,1005649,703,703,2026-02-19,Murillo,EL,0,0,1,0,90
4805893_365108,4805893,365108,703,703,2026-02-19,Dan Ndoye,EL,0,0,0,0,29
4805893_392768,4805893,392768,703,703,2026-02-19,Callum Hudson-Odoi,EL,0,0,0,0,83
4805893_413507,4805893,413507,703,703,2026-02-19,Nikola Milenković,EL,0,0,0,0,90
4805893_432164,4805893,432164,703,703,2026-02-19,Igor Jesus,EL,0,0,1,1,61
4805895_548254,4805895,548254,1082,1082,2026-02-19,Nathan Ngoy,EL,0,0,0,0,90
4805893_503680,4805893,503680,703,703,2026-02-19,Neco Williams,EL,0,0,0,0,90
4805893_567576,4805893,567576,703,703,2026-02-19,Elliot Anderson,EL,0,0,0,1,67
4805893_741238,4805893,741238,703,703,2026-02-19,Omari Hutchinson,EL,0,0,0,0,61
4805894_672381,4805894,672381,1025,244,2026-02-19,Jonathan Rowe,EL,0,0,0,0,3
4805894_849520,4805894,849520,1025,1025,2026-02-19,Santiago Castro,EL,0,0,1,0,45
4805895_1097139,4805895,1097139,1082,1082,2026-02-19,Ayyoub Bouaddi,EL,0,0,0,0,90
4805895_652275,4805895,652275,1082,1082,2026-02-19,Hákon Arnar Haraldsson,EL,0,0,0,0,45
4805895_724129,4805895,724129,1082,1082,2026-02-19,Matias Fernandez-Pardo,EL,0,0,0,0,77
4805893_465830,4805893,465830,36,398,2026-02-19,Mattéo Guendouzi,EL,0,0,0,0,90
4626107_502821,4626107,502821,11,11,2026-02-18,Riccardo Calafiori,GB1,0,0,0,0,1
4626107_503987,4626107,503987,11,11,2026-02-18,Noni Madueke,GB1,0,0,0,0,65
4814099_455661,4814099,455661,762,762,2026-02-18,Nick Woltemade,CL,0,0,0,0,90
4626107_495666,4626107,495666,11,11,2026-02-18,William Saliba,GB1,0,0,0,0,90
4626107_479999,4626107,479999,11,11,2026-02-18,Eberechi Eze,GB1,0,0,0,0,25
4626107_659813,4626107,659813,11,11,2026-02-18,Piero Hincapié,GB1,0,0,1,0,90
4626107_655488,4626107,655488,11,11,2026-02-18,Gabriel Martinelli,GB1,0,0,0,0,90
4645780_805714,4645780,805714,1050,1050,2026-02-18,Renato Veiga,ES1,0,0,0,0,11
4626107_800176,4626107,800176,543,543,2026-02-18,André,GB1,0,0,0,0,90
4645780_485963,4645780,485963,1050,1050,2026-02-18,Pape Gueye,ES1,1,0,0,0,79
4645780_729814,4645780,729814,1050,1050,2026-02-18,Georges Mikautadze,ES1,0,0,1,0,89
4645780_733576,4645780,733576,1050,1050,2026-02-18,Alberto Moleiro,ES1,0,0,0,0,88
4626107_433177,4626107,433177,11,11,2026-02-18,Bukayo Saka,GB1,0,0,1,0,73
4814099_333241,4814099,333241,762,762,2026-02-18,Joelinton,CL,0,0,0,0,13
4814099_397033,4814099,397033,762,762,2026-02-18,Sandro Tonali,CL,0,0,0,0,90
4626107_435338,4626107,435338,11,11,2026-02-18,Gabriel,GB1,0,0,0,1,90
4620945_948294,4620945,948294,1047,1047,2026-02-18,Nico Paz,IT1,1,0,1,0,71
4626107_423440,4626107,423440,11,11,2026-02-18,Martín Zubimendi,GB1,0,0,0,0,90
4626107_357662,4626107,357662,11,11,2026-02-18,Declan Rice,GB1,0,0,0,1,90
4626107_325443,4626107,325443,11,11,2026-02-18,Viktor Gyökeres,GB1,0,0,0,0,65
4626107_262749,4626107,262749,11,11,2026-02-18,David Raya,GB1,0,0,0,0,90
4620945_948278,4620945,948278,1047,1047,2026-02-18,Jacobo Ramón,IT1,0,0,0,0,90
4620945_668547,4620945,668547,1047,1047,2026-02-18,Máximo Perrone,IT1,0,0,0,0,90
4620945_608172,4620945,608172,5,5,2026-02-18,Ardon Jashari,IT1,0,0,0,1,90
4620945_580451,4620945,580451,1047,1047,2026-02-18,Martin Baturina,IT1,0,0,0,0,90
4620945_574671,4620945,574671,5,5,2026-02-18,Strahinja Pavlović,IT1,0,0,0,0,45
4620945_569598,4620945,569598,5,5,2026-02-18,Youssouf Fofana,IT1,0,0,0,0,34
4620945_523318,4620945,523318,1047,1047,2026-02-18,Anastasios Douvikas,IT1,0,0,0,0,19
4620945_357164,4620945,357164,5,5,2026-02-18,Rafael Leão,IT1,1,0,1,0,82
4620945_1190411,4620945,1190411,1047,1047,2026-02-18,Jesús Rodríguez,IT1,0,0,0,0,12
4620945_315779,4620945,315779,5,5,2026-02-18,Christian Pulisic,IT1,0,0,0,0,8
4814099_398065,4814099,398065,762,762,2026-02-18,Harvey Barnes,CL,0,0,0,1,87
4620945_344381,4620945,344381,5,5,2026-02-18,Christopher Nkunku,IT1,0,0,0,0,62
4814099_503733,4814099,503733,762,762,2026-02-18,Anthony Gordon,CL,0,0,4,0,68
4814102_401578,4814102,401578,15,15,2026-02-18,Exequiel Palacios,CL,0,0,0,0,90
4814101_318528,4814101,318528,46,46,2026-02-18,Marcus Thuram,CL,0,0,0,0,29
4814101_406625,4814101,406625,46,46,2026-02-18,Lautaro Martínez,CL,0,0,0,0,61
4814101_668207,4814101,668207,46,46,2026-02-18,Petar Sučić,CL,0,0,0,0,90
4814101_827734,4814101,827734,46,46,2026-02-18,Ange-Yoan Bonny,CL,0,0,0,0,14
4814101_930781,4814101,930781,46,46,2026-02-18,Pio Esposito,CL,1,0,1,0,76
4814102_1364454,4814102,1364454,15,15,2026-02-18,Christian Kofane,CL,0,0,0,0,3
4814102_467437,4814102,467437,15,15,2026-02-18,Malik Tillman,CL,0,0,0,0,26
4814101_255942,4814101,255942,46,46,2026-02-18,Nicolò Barella,CL,0,0,0,0,89
4814102_564545,4814102,564545,15,15,2026-02-18,Edmond Tapsoba,CL,0,0,0,0,90
4814102_632349,4814102,632349,15,15,2026-02-18,Jarell Quansah,CL,0,0,0,0,90
4814102_718303,4814102,718303,15,1090,2026-02-18,Ernest Poku,CL,0,0,0,1,76
4814102_905011,4814102,905011,15,15,2026-02-18,Ibrahim Maza,CL,0,0,0,0,64
4814102_964426,4814102,964426,683,683,2026-02-18,Christos Mouzakitis,CL,0,0,0,0,90
4814099_503749,4814099,503749,762,762,2026-02-18,Jacob Ramsey,CL,0,0,0,0,22
4814101_315853,4814101,315853,46,46,2026-02-18,Alessandro Bastoni,CL,0,0,0,0,90
4626107_420243,4626107,420243,11,11,2026-02-18,Jurriën Timber,GB1,0,0,0,0,90
4814099_583189,4814099,583189,762,762,2026-02-18,Anthony Elanga,CL,0,0,0,0,68
4814100_548111,4814100,548111,13,13,2026-02-18,Álex Baena,CL,1,0,0,0,28
4814100_893661,4814100,893661,2282,2282,2026-02-18,Joel Ordóñez,CL,0,0,0,0,90
4814099_521964,4814099,521964,762,762,2026-02-18,Malick Thiaw,CL,1,0,1,0,90
4814099_609556,4814099,609556,762,762,2026-02-18,William Osula,CL,0,0,0,0,22
4814099_670858,4814099,670858,762,762,2026-02-18,Lewis Hall,CL,0,0,0,0,90
4814100_404418,4814100,404418,13,13,2026-02-18,Dávid Hancko,CL,0,0,0,0,90
4814100_451677,4814100,451677,2282,2282,2026-02-18,Christos Tzolis,CL,0,0,1,0,90
4814100_406040,4814100,406040,13,800,2026-02-18,Ademola Lookman,CL,0,0,1,0,62
4814100_576024,4814100,576024,13,13,2026-02-18,Julián Alvarez,CL,0,0,1,0,90
4814100_616631,4814100,616631,13,13,2026-02-18,Matteo Ruggeri,CL,0,0,0,0,90
4814100_717329,4814100,717329,2282,2282,2026-02-18,Nicolò Tresoldi,CL,0,0,1,0,76
4814100_742201,4814100,742201,13,13,2026-02-18,Giuliano Simeone,CL,0,0,0,0,90
4814100_780136,4814100,780136,2282,2282,2026-02-18,Aleksandar Stanković,CL,0,0,0,0,86
4814100_844637,4814100,844637,13,13,2026-02-18,Marc Pubill,CL,1,0,0,0,90
4814096_401923,4814096,401923,141,141,2026-02-17,Victor Osimhen,CL,0,0,0,2,90
4814095_918969,4814095,918969,162,162,2026-02-17,Lamine Camara,CL,0,0,0,0,90
4814096_265088,4814096,265088,506,506,2026-02-17,Manuel Locatelli,CL,0,0,0,0,90
4814096_332697,4814096,332697,506,506,2026-02-17,Weston McKennie,CL,0,0,0,1,90
4814096_368887,4814096,368887,506,506,2026-02-17,Loïs Openda,CL,0,0,0,0,9
4814095_503770,4814095,503770,162,162,2026-02-17,Folarin Balogun,CL,0,0,2,0,83
4814096_463618,4814096,463618,506,506,2026-02-17,Khéphren Thuram,CL,0,0,0,0,80
4814096_487474,4814096,487474,506,506,2026-02-17,Francisco Conceição,CL,0,0,0,0,70
4814096_516716,4814096,516716,506,506,2026-02-17,Bremer,CL,0,0,0,0,34
4814096_541537,4814096,541537,141,141,2026-02-17,Barış Alper Yılmaz,CL,0,0,0,0,77
4814096_553469,4814096,553469,141,141,2026-02-17,Gabriel Sara,CL,1,0,1,1,90
4814095_745200,4814095,745200,162,162,2026-02-17,Maghnes Akliouche,CL,0,0,0,1,58
4814095_810092,4814095,810092,583,583,2026-02-17,Warren Zaïre-Emery,CL,0,0,0,1,90
4814095_502670,4814095,502670,583,583,2026-02-17,Khvicha Kvaratskhelia,CL,0,0,0,0,69
4814095_708265,4814095,708265,583,583,2026-02-17,Bradley Barcola,CL,0,0,0,1,81
4814095_670681,4814095,670681,583,583,2026-02-17,João Neves,CL,0,0,0,0,90
4814095_661171,4814095,661171,583,583,2026-02-17,Willian Pacho,CL,0,0,0,0,90
4814095_616341,4814095,616341,583,583,2026-02-17,Nuno Mendes,CL,0,0,0,0,90
4814095_557149,4814095,557149,583,583,2026-02-17,Kang-in Lee,CL,0,0,0,0,21
4814095_550550,4814095,550550,583,583,2026-02-17,Gonçalo Ramos,CL,0,0,0,0,9
4814096_648779,4814096,648779,141,141,2026-02-17,Wilfried Singo,CL,0,0,0,0,13
4814095_487469,4814095,487469,583,583,2026-02-17,Vitinha,CL,0,0,0,0,90
4814095_398073,4814095,398073,583,583,2026-02-17,Achraf Hakimi,CL,0,0,1,0,90
4814095_334526,4814095,334526,162,162,2026-02-17,Denis Zakaria,CL,1,0,0,0,90
4814095_318470,4814095,318470,583,583,2026-02-17,Matvey Safonov,CL,0,0,0,0,90
4814095_288230,4814095,288230,583,583,2026-02-17,Ousmane Dembélé,CL,0,0,0,0,27
4814095_181767,4814095,181767,583,583,2026-02-17,Marquinhos,CL,0,0,0,0,90
4814096_585949,4814096,585949,506,506,2026-02-17,Pierre Kalulu,CL,0,0,0,0,90
4814095_914562,4814095,914562,583,583,2026-02-17,Désiré Doué,CL,0,0,2,0,63
4814096_845654,4814096,845654,506,506,2026-02-17,Kenan Yıldız,CL,0,0,0,0,81
4814097_861410,4814097,861410,418,418,2026-02-17,Arda Güler,CL,0,0,0,0,86
4814097_314353,4814097,314353,418,418,2026-02-17,Trent Alexander-Arnold,CL,0,0,0,0,90
4814098_796297,4814098,796297,16,16,2026-02-17,Jobe Bellingham,CL,0,0,0,0,90
4814098_607854,4814098,607854,800,800,2026-02-17,Éderson,CL,0,0,0,0,90
4814098_578392,4814098,578392,16,16,2026-02-17,Maximilian Beier,CL,0,0,1,0,70
4814098_496094,4814098,496094,16,16,2026-02-17,Karim Adeyemi,CL,0,0,0,0,20
4814098_459763,4814098,459763,800,800,2026-02-17,Marco Carnesecchi,CL,0,0,0,0,90
4814098_434433,4814098,434433,800,1005,2026-02-17,Nikola Krstović,CL,0,0,0,0,45
4814098_406640,4814098,406640,16,16,2026-02-17,Felix Nmecha,CL,0,0,0,0,83
4814098_370789,4814098,370789,16,16,2026-02-17,Julian Ryerson,CL,0,0,0,1,90
4814098_270541,4814098,270541,16,16,2026-02-17,Serhou Guirassy,CL,0,0,1,1,83
4814098_257814,4814098,257814,16,16,2026-02-17,Gregor Kobel,CL,0,0,0,0,90
4814097_890290,4814097,890290,418,418,2026-02-17,Dean Huijsen,CL,0,0,0,0,90
4814098_315867,4814098,315867,800,800,2026-02-17,Gianluca Scamacca,CL,1,0,0,0,45
4814097_811778,4814097,811778,418,418,2026-02-17,Álvaro Carreras,CL,0,0,0,0,90
4814097_413112,4814097,413112,418,418,2026-02-17,Aurélien Tchouaméni,CL,0,0,0,0,90
4814097_314678,4814097,314678,418,418,2026-02-17,Brahim Díaz,CL,0,0,0,0,4
4814097_324503,4814097,324503,294,294,2026-02-17,Vangelis Pavlidis,CL,0,0,0,0,90
4814097_735573,4814097,735573,294,294,2026-02-17,Richard Ríos,CL,0,0,0,0,16
4814097_369081,4814097,369081,418,418,2026-02-17,Federico Valverde,CL,0,0,0,0,90
4814097_371998,4814097,371998,418,418,2026-02-17,Vinicius Junior,CL,1,0,1,0,90
4814097_342229,4814097,342229,418,418,2026-02-17,Kylian Mbappé,CL,1,0,0,1,90
4814097_504087,4814097,504087,294,294,2026-02-17,Tomás Araújo,CL,0,0,0,0,90
4814097_537844,4814097,537844,294,294,2026-02-17,Anatoliy Trubin,CL,0,0,0,0,90
4814097_623325,4814097,623325,294,660,2026-02-17,Georgiy Sudakov,CL,1,0,0,0,16
4814097_640428,4814097,640428,418,418,2026-02-17,Eduardo Camavinga,CL,0,0,0,0,90
4814097_670103,4814097,670103,294,294,2026-02-17,Andreas Schjelderup,CL,0,0,0,0,74
4645882_636688,4645882,636688,131,131,2026-02-16,Alejandro Balde,ES1,0,0,0,0,27
4620955_895937,4620955,895937,1390,1390,2026-02-16,Marco Palestra,IT1,0,0,0,0,90
4645882_1005575,4645882,1005575,12321,12321,2026-02-16,Vitor Reis,ES1,1,0,0,0,90
4645882_1018920,4645882,1018920,131,131,2026-02-16,Marc Bernal,ES1,0,0,0,0,10
4645882_293385,4645882,293385,131,131,2026-02-16,Dani Olmo,ES1,0,0,0,0,80
4645882_326330,4645882,326330,131,131,2026-02-16,Frenkie de Jong,ES1,0,0,0,0,90
4645882_411295,4645882,411295,131,131,2026-02-16,Raphinha,ES1,0,0,0,0,63
4645882_411975,4645882,411975,131,131,2026-02-16,Jules Koundé,ES1,1,0,0,1,90
4645882_466794,4645882,466794,131,131,2026-02-16,Eric García,ES1,1,0,0,0,73
4645882_561613,4645882,561613,131,131,2026-02-16,Joan García,ES1,0,0,0,0,90
4645882_398184,4645882,398184,131,131,2026-02-16,Ferran Torres,ES1,0,0,0,0,73
4645882_636703,4645882,636703,131,131,2026-02-16,Fermín López,ES1,0,0,0,0,90
4808375_644401,4808375,644401,1148,1148,2026-02-16,Keane Lewis-Potter,FAC,0,0,0,0,29
4645882_705395,4645882,705395,131,131,2026-02-16,Gerard Martín,ES1,0,0,0,0,63
4808375_823231,4808375,823231,1148,1148,2026-02-16,Dango Ouattara,FAC,0,0,0,0,19
4808375_717411,4808375,717411,1148,1148,2026-02-16,Yegor Yarmolyuk,FAC,1,0,0,0,90
4808375_823486,4808375,823486,1148,1148,2026-02-16,Michael Kayode,FAC,0,0,0,0,90
4808375_469050,4808375,469050,1148,1148,2026-02-16,Nathan Collins,FAC,0,0,0,0,90
4645882_962110,4645882,962110,131,131,2026-02-16,Pau Cubarsí,ES1,0,0,1,0,90
4645882_937958,4645882,937958,131,131,2026-02-16,Lamine Yamal,ES1,0,0,0,0,90
4641370_893661,4641370,893661,2282,2282,2026-02-15,Joel Ordóñez,BE1,0,0,0,0,90
4634345_957874,4634345,957874,23826,23826,2026-02-15,Rômulo,L1,0,0,0,0,27
4635195_618494,4635195,618494,1041,1041,2026-02-15,Tyler Morton,FR1,0,0,0,0,90
4635198_597659,4635198,597659,415,415,2026-02-15,Charlie Cresswell,FR1,0,0,0,1,90
4641367_1105541,4641367,1105541,58,58,2026-02-15,Nathan De Cat,BE1,0,0,0,0,54
4641370_451677,4641370,451677,2282,2282,2026-02-15,Christos Tzolis,BE1,0,0,0,0,29
4641370_717329,4641370,717329,2282,2282,2026-02-15,Nicolò Tresoldi,BE1,0,0,1,0,67
4641370_780136,4641370,780136,2282,2282,2026-02-15,Aleksandar Stanković,BE1,0,0,0,0,90
4645881_548111,4645881,548111,13,13,2026-02-15,Álex Baena,ES1,0,0,0,0,56
4645880_571020,4645880,571020,621,621,2026-02-15,Oihan Sancet,ES1,0,0,1,0,90
4645880_938729,4645880,938729,621,621,2026-02-15,Mikel Jauregizar,ES1,0,0,1,0,61
4645881_406040,4645881,406040,13,800,2026-02-15,Ademola Lookman,ES1,0,0,0,0,27
4634345_700106,4634345,700106,23826,23826,2026-02-15,Brajan Gruda,L1,0,0,1,1,90
4645881_576024,4645881,576024,13,13,2026-02-15,Julián Alvarez,ES1,0,0,0,0,34
4645881_616631,4645881,616631,13,13,2026-02-15,Matteo Ruggeri,ES1,0,0,0,0,56
4645883_602105,4645883,602105,150,150,2026-02-15,Antony,ES1,0,0,0,1,90
4645883_724520,4645883,724520,150,150,2026-02-15,Abde Ezzalzouli,ES1,0,0,1,0,90
4645883_735568,4645883,735568,150,150,2026-02-15,Natan,ES1,0,0,0,0,90
4634345_894914,4634345,894914,23826,23826,2026-02-15,Antonio Nusa,L1,0,0,0,0,82
4634345_404950,4634345,404950,23826,23826,2026-02-15,Nicolas Seiwald,L1,0,0,0,0,82
4634345_669380,4634345,669380,82,82,2026-02-15,Konstantinos Koulierakis,L1,0,0,0,0,6
4620960_964580,4620960,964580,12,12,2026-02-15,Wesley,IT1,0,0,0,1,72
4620960_326029,4620960,326029,12,12,2026-02-15,Donyell Malen,IT1,0,0,2,0,72
4620960_371149,4620960,371149,12,12,2026-02-15,Evan Ndicka,IT1,0,0,0,0,90
4620960_386446,4620960,386446,6195,6195,2026-02-15,Alessandro Buongiorno,IT1,0,0,0,0,90
4620960_610442,4620960,610442,6195,6195,2026-02-15,Rasmus Højlund,IT1,0,0,0,0,90
4620960_668951,4620960,668951,12,12,2026-02-15,Matías Soulé,IT1,0,0,0,0,45
4620960_813137,4620960,813137,12,12,2026-02-15,Niccolò Pisilli,IT1,0,0,0,0,65
4620960_830365,4620960,830365,6195,6195,2026-02-15,Alisson Santos,IT1,0,0,1,0,20
4620963_672381,4620963,672381,1025,244,2026-02-15,Jonathan Rowe,IT1,0,0,0,1,74
4634345_618472,4634345,618472,23826,23826,2026-02-15,Castello Lukeba,L1,0,0,0,0,8
4620963_849520,4620963,849520,1025,1025,2026-02-15,Santiago Castro,IT1,0,0,1,0,83
4620964_679423,4620964,679423,6574,6574,2026-02-15,Tarik Muharemović,IT1,1,0,0,0,45
4620964_855308,4620964,855308,410,410,2026-02-15,Arthur Atta,IT1,1,0,0,0,90
4620964_921655,4620964,921655,6574,6574,2026-02-15,Ismaël Koné,IT1,0,0,0,0,90
4634345_1390649,4634345,1390649,23826,23826,2026-02-15,Yan Diomande,L1,0,0,1,0,90
4634345_324278,4634345,324278,23826,23826,2026-02-15,Christoph Baumgartner,L1,0,0,0,0,90
4620960_338670,4620960,338670,12,12,2026-02-15,Mile Svilar,IT1,0,0,0,0,90
4647959_454567,4647959,454567,114,114,2026-02-15,Orkun Kökçü,TR1,0,0,1,0,90
4645887_834764,4645887,834764,1049,1049,2026-02-15,Javi Guerra,ES1,0,0,0,1,32
4648793_412669,4648793,412669,336,336,2026-02-15,Francisco Trincão,PO1,0,0,0,1,90
4808372_646991,4808372,646991,289,289,2026-02-15,Robin Roefs,FAC,0,0,0,0,90
4808372_743384,4808372,743384,289,289,2026-02-15,Chemsdine Talbi,FAC,0,0,0,0,81
4808373_1011131,4808373,1011131,931,931,2026-02-15,Josh King,FAC,0,0,0,0,77
4808373_279455,4808373,279455,931,931,2026-02-15,Harry Wilson,FAC,0,0,0,0,4
4808373_333014,4808373,333014,931,931,2026-02-15,Sander Berge,FAC,0,0,0,0,1
4808373_661207,4808373,661207,931,281,2026-02-15,Oscar Bobb,FAC,0,0,0,0,86
4808373_900195,4808373,900195,931,660,2026-02-15,Kevin,FAC,0,0,1,0,90
4808374_325443,4808374,325443,11,11,2026-02-15,Viktor Gyökeres,FAC,0,0,0,0,45
4808374_335721,4808374,335721,11,11,2026-02-15,Ben White,FAC,0,0,0,0,79
4808374_423440,4808374,423440,11,11,2026-02-15,Martín Zubimendi,FAC,0,0,0,0,11
4808374_433177,4808374,433177,11,11,2026-02-15,Bukayo Saka,FAC,0,0,0,0,45
4808374_479999,4808374,479999,11,11,2026-02-15,Eberechi Eze,FAC,0,0,0,2,90
4808374_495666,4808374,495666,11,11,2026-02-15,William Saliba,FAC,0,0,0,0,61
4808374_503987,4808374,503987,11,11,2026-02-15,Noni Madueke,FAC,0,0,1,0,62
4808374_646750,4808374,646750,11,11,2026-02-15,Cristhian Mosquera,FAC,0,0,0,0,90
4808374_655488,4808374,655488,11,11,2026-02-15,Gabriel Martinelli,FAC,0,0,1,0,90
4808374_890721,4808374,890721,11,11,2026-02-15,Myles Lewis-Skelly,FAC,1,0,0,0,90
4648793_426620,4648793,426620,336,336,2026-02-15,Pedro Gonçalves,PO1,1,0,0,0,86
4808372_727089,4808372,727089,289,289,2026-02-15,Noah Sadiki,FAC,1,0,0,0,26
4808372_876631,4808372,876631,289,289,2026-02-15,Habib Diarra,FAC,0,0,1,0,64
4808372_633992,4808372,633992,289,289,2026-02-15,Enzo Le Fée,FAC,1,0,0,0,90
4648798_1162012,4648798,1162012,720,720,2026-02-15,Oskar Pietuszewski,PO1,0,0,0,0,59
4648793_461496,4648793,461496,336,336,2026-02-15,Morten Hjulmand,PO1,0,0,0,0,90
4648793_549006,4648793,549006,336,336,2026-02-15,Gonçalo Inácio,PO1,0,0,0,0,90
4648793_572675,4648793,572675,336,336,2026-02-15,Maxi Araújo,PO1,1,0,0,0,90
4648793_701979,4648793,701979,336,336,2026-02-15,Geny Catamo,PO1,0,0,0,0,28
4648793_974982,4648793,974982,336,336,2026-02-15,Ousmane Diomande,PO1,0,0,0,0,90
4808371_800176,4808371,800176,543,543,2026-02-15,André,FAC,1,0,0,0,89
4648798_1004725,4648798,1004725,720,720,2026-02-15,William Gomes,PO1,0,0,0,0,1
4648793_982575,4648793,982575,3329,3329,2026-02-15,Gustavo Sá,PO1,0,0,0,0,86
4648798_357153,4648798,357153,720,720,2026-02-15,Diogo Costa,PO1,0,0,0,0,90
4648798_699704,4648798,699704,720,720,2026-02-15,Gabri Veiga,PO1,0,0,0,1,31
4648798_756990,4648798,756990,720,720,2026-02-15,Alan Varela,PO1,0,0,0,0,90
4648798_926993,4648798,926993,720,720,2026-02-15,Victor Froholdt,PO1,0,0,0,0,74
4648798_957653,4648798,957653,720,720,2026-02-15,Rodrigo Mora,PO1,0,0,0,0,59
4808370_346890,4808370,346890,399,399,2026-02-15,Noah Okafor,FAC,0,0,0,1,82
4808370_392771,4808370,392771,399,399,2026-02-15,Ethan Ampadu,FAC,0,0,0,0,74
4808371_735570,4808371,735570,543,543,2026-02-15,João Gomes,FAC,0,0,0,1,90
4634346_822959,4634346,822959,27,27,2026-02-14,Tom Bischof,L1,0,0,0,0,14
4634346_776890,4634346,776890,27,27,2026-02-14,Nicolas Jackson,L1,0,0,0,0,4
4634346_580195,4634346,580195,27,27,2026-02-14,Jamal Musiala,L1,1,0,0,0,21
4634346_483046,4634346,483046,27,27,2026-02-14,Josip Stanisic,L1,0,0,0,0,69
4634346_480692,4634346,480692,27,27,2026-02-14,Luis Díaz,L1,0,0,0,1,90
4634346_424204,4634346,424204,27,27,2026-02-14,Alphonso Davies,L1,0,0,0,1,21
4634346_223967,4634346,223967,27,27,2026-02-14,Konrad Laimer,L1,0,0,0,0,90
4634343_585959,4634343,585959,24,24,2026-02-14,Arnaud Kalimuendo,L1,0,0,0,0,17
4634346_161056,4634346,161056,27,27,2026-02-14,Joshua Kimmich,L1,0,0,0,0,76
4634346_132098,4634346,132098,27,27,2026-02-14,Harry Kane,L1,0,0,2,0,86
4634346_1084638,4634346,1084638,86,86,2026-02-14,Karim Coulibaly,L1,0,0,0,0,61
4634346_1075147,4634346,1075147,27,27,2026-02-14,Lennart Karl,L1,0,0,0,1,90
4634343_939964,4634343,939964,24,24,2026-02-14,Jean-Mattéo Bahoya,L1,0,0,0,2,90
4634343_931838,4634343,931838,24,24,2026-02-14,Hugo Larsson,L1,0,0,0,0,79
4634343_691892,4634343,691892,24,24,2026-02-14,Nathaniel Brown,L1,0,0,1,0,90
4634347_436064,4634347,436064,79,79,2026-02-14,Ramon Hendriks,L1,0,0,0,1,13
4634347_1168219,4634347,1168219,3,3,2026-02-14,Said El Mala,L1,0,0,0,0,22
4634349_579459,4634349,579459,533,533,2026-02-14,Albian Hajdari,L1,0,0,0,0,90
4634347_443710,4634347,443710,79,79,2026-02-14,Angelo Stiller,L1,0,0,0,1,7
4634347_654982,4634347,654982,79,79,2026-02-14,Bilal El Khannouss,L1,1,0,0,0,20
4635196_660867,4635196,660867,667,667,2026-02-14,Julio Enciso,FR1,0,0,0,0,63
4635196_655006,4635196,655006,667,667,2026-02-14,Diego Moreira,FR1,0,0,0,0,90
4635196_653610,4635196,653610,244,244,2026-02-14,Igor Paixão,FR1,1,0,0,0,19
4635196_532826,4635196,532826,244,244,2026-02-14,Mason Greenwood,FR1,0,0,1,0,90
4635196_420213,4635196,420213,244,244,2026-02-14,Quinten Timber,FR1,0,0,0,0,90
4635196_418659,4635196,418659,244,244,2026-02-14,Amine Gouiri,FR1,0,0,1,1,85
4635196_1064871,4635196,1064871,667,667,2026-02-14,Joaquín Panichelli,FR1,1,0,1,0,90
4634350_892160,4634350,892160,41,148,2026-02-14,Luka Vuskovic,L1,1,0,0,0,90
4634349_668606,4634349,668606,60,60,2026-02-14,Yuito Suzuki,L1,0,0,0,0,57
4634349_667457,4634349,667457,533,533,2026-02-14,Leon Avdullahu,L1,0,0,0,0,90
4634342_718303,4634342,718303,15,1090,2026-02-14,Ernest Poku,L1,0,0,1,1,90
4634349_526845,4634349,526845,60,60,2026-02-14,Noah Atubolu,L1,0,0,0,0,90
4634349_524290,4634349,524290,533,533,2026-02-14,Fisnik Asllani,L1,0,0,1,0,74
4634349_1067904,4634349,1067904,533,533,2026-02-14,Bazoumana Touré,L1,1,0,0,0,73
4634347_924117,4634347,924117,79,79,2026-02-14,Finn Jeltsch,L1,0,0,0,0,90
4634342_905011,4634342,905011,15,15,2026-02-14,Ibrahim Maza,L1,0,0,0,0,45
4620959_571604,4620959,571604,800,800,2026-02-14,Giorgio Scalvini,IT1,1,0,0,0,45
4634342_632349,4634342,632349,15,15,2026-02-14,Jarell Quansah,L1,0,0,1,0,90
4620958_255942,4620958,255942,46,46,2026-02-14,Nicolò Barella,IT1,1,0,0,0,54
4620958_441986,4620958,441986,46,46,2026-02-14,Yann Bisseck,IT1,0,0,0,1,90
4620958_406625,4620958,406625,46,46,2026-02-14,Lautaro Martínez,IT1,0,0,0,0,90
4620958_368887,4620958,368887,506,506,2026-02-14,Loïs Openda,IT1,0,0,0,0,12
4620958_332697,4620958,332697,506,506,2026-02-14,Weston McKennie,IT1,0,0,0,2,90
4620958_318528,4620958,318528,46,46,2026-02-14,Marcus Thuram,IT1,0,0,0,0,86
4620958_315853,4620958,315853,46,46,2026-02-14,Alessandro Bastoni,IT1,1,0,0,0,45
4620958_265088,4620958,265088,506,506,2026-02-14,Manuel Locatelli,IT1,0,0,1,0,90
4620958_198116,4620958,198116,46,46,2026-02-14,Federico Dimarco,IT1,0,0,0,1,90
4634342_564545,4634342,564545,15,15,2026-02-14,Edmond Tapsoba,L1,0,0,1,0,90
4620956_948294,4620956,948294,1047,1047,2026-02-14,Nico Paz,IT1,0,0,0,0,90
4620956_948278,4620956,948278,1047,1047,2026-02-14,Jacobo Ramón,IT1,0,0,0,0,90
4620956_668547,4620956,668547,1047,1047,2026-02-14,Máximo Perrone,IT1,0,0,0,0,57
4620956_580451,4620956,580451,1047,1047,2026-02-14,Martin Baturina,IT1,0,0,0,0,90
4620956_523318,4620956,523318,1047,1047,2026-02-14,Anastasios Douvikas,IT1,0,0,0,0,57
4620956_364135,4620956,364135,430,430,2026-02-14,Moise Kean,IT1,0,0,1,0,84
4620956_1190411,4620956,1190411,1047,1047,2026-02-14,Jesús Rodríguez,IT1,1,0,0,0,45
4620958_487474,4620958,487474,506,506,2026-02-14,Francisco Conceição,IT1,0,0,0,0,45
4620958_516716,4620958,516716,506,506,2026-02-14,Bremer,IT1,0,0,0,0,90
4620958_533738,4620958,533738,506,506,2026-02-14,Jonathan David,IT1,0,0,0,0,61
4620958_585949,4620958,585949,506,506,2026-02-14,Pierre Kalulu,IT1,0,0,0,0,42
4634342_467437,4634342,467437,15,15,2026-02-14,Malik Tillman,L1,0,0,0,0,45
4634342_401578,4634342,401578,15,15,2026-02-14,Exequiel Palacios,L1,0,0,0,0,80
4634342_1364454,4634342,1364454,15,15,2026-02-14,Christian Kofane,L1,0,0,0,0,31
4620959_618341,4620959,618341,398,398,2026-02-14,Mario Gila,IT1,0,0,0,0,45
4620959_607854,4620959,607854,800,800,2026-02-14,Éderson,IT1,0,0,1,0,90
4635196_849410,4635196,849410,667,667,2026-02-14,Valentín Barco,FR1,1,0,0,0,90
4620959_525704,4620959,525704,398,398,2026-02-14,Nicolò Rovella,IT1,0,0,0,0,23
4620959_470394,4620959,470394,398,398,2026-02-14,Kenneth Taylor,IT1,1,0,0,0,79
4620959_459763,4620959,459763,800,800,2026-02-14,Marco Carnesecchi,IT1,0,0,0,0,90
4620959_434433,4620959,434433,800,1005,2026-02-14,Nikola Krstović,IT1,0,0,0,0,90
4620959_1077175,4620959,1077175,800,800,2026-02-14,Honest Ahanor,IT1,1,0,0,0,25
4620958_930781,4620958,930781,46,46,2026-02-14,Pio Esposito,IT1,0,0,1,0,24
4620958_845654,4620958,845654,506,506,2026-02-14,Kenan Yıldız,IT1,0,0,0,0,75
4620958_827734,4620958,827734,46,46,2026-02-14,Ange-Yoan Bonny,IT1,0,0,0,0,4
4620958_668207,4620958,668207,46,46,2026-02-14,Petar Sučić,IT1,0,0,0,0,67
4635196_834397,4635196,834397,667,667,2026-02-14,Mike Penders,FR1,0,0,0,0,90
4634346_196357,4634346,196357,27,27,2026-02-14,Jonathan Tah,L1,0,0,0,0,90
4635197_1097139,4635197,1097139,1082,1082,2026-02-14,Ayyoub Bouaddi,FR1,0,0,0,0,85
4808368_485706,4808368,485706,405,405,2026-02-14,Amadou Onana,FAC,0,0,0,0,90
4808368_670858,4808368,670858,762,762,2026-02-14,Lewis Hall,FAC,0,0,0,0,90
4808368_609556,4808368,609556,762,762,2026-02-14,William Osula,FAC,0,0,0,0,63
4808368_583189,4808368,583189,762,762,2026-02-14,Anthony Elanga,FAC,0,0,0,0,27
4808368_521964,4808368,521964,762,762,2026-02-14,Malick Thiaw,FAC,1,0,0,0,90
4808368_503749,4808368,503749,762,762,2026-02-14,Jacob Ramsey,FAC,1,0,0,0,80
4808368_503743,4808368,503743,405,405,2026-02-14,Morgan Rogers,FAC,0,0,0,0,77
4808368_503733,4808368,503733,762,762,2026-02-14,Anthony Gordon,FAC,0,0,0,0,27
4808368_485585,4808368,485585,405,405,2026-02-14,Ian Maatsen,FAC,0,0,0,0,13
4808364_583255,4808364,583255,281,281,2026-02-14,Antoine Semenyo,FAC,0,0,0,0,25
4808368_455661,4808368,455661,762,762,2026-02-14,Nick Woltemade,FAC,0,0,1,0,90
4808368_398065,4808368,398065,762,762,2026-02-14,Harvey Barnes,FAC,1,0,0,0,90
4808368_397033,4808368,397033,762,762,2026-02-14,Sandro Tonali,FAC,0,0,2,0,90
4808368_324358,4808368,324358,405,405,2026-02-14,Ollie Watkins,FAC,0,0,0,0,25
4808364_763079,4808364,763079,281,281,2026-02-14,Abdukodir Khusanov,FAC,0,0,0,0,90
4808364_743413,4808364,743413,281,281,2026-02-14,Nico O'Reilly,FAC,0,0,0,0,26
4808364_701057,4808364,701057,281,281,2026-02-14,Rico Lewis,FAC,0,0,0,0,90
4808369_1012534,4808369,1012534,1237,1237,2026-02-14,Yankuba Minteh,FAC,0,0,0,0,28
4808369_1060087,4808369,1060087,1237,1237,2026-02-14,Charalampos Kostoulas,FAC,0,0,0,0,90
4808369_1108466,4808369,1108466,31,31,2026-02-14,Rio Ngumoha,FAC,0,0,0,0,13
4808369_357119,4808369,357119,31,31,2026-02-14,Ibrahima Konaté,FAC,0,0,0,0,90
4635197_652275,4635197,652275,1082,1082,2026-02-14,Hákon Arnar Haraldsson,FR1,0,0,0,0,74
4808369_996897,4808369,996897,1237,1237,2026-02-14,Diego Gómez,FAC,1,0,0,0,62
4808369_973085,4808369,973085,1237,1237,2026-02-14,Carlos Baleba,FAC,1,0,0,0,62
4808369_867688,4808369,867688,1237,1237,2026-02-14,Jack Hinshelwood,FAC,0,0,0,0,81
4808369_730861,4808369,730861,31,31,2026-02-14,Milos Kerkez,FAC,0,0,0,1,90
4808369_709726,4808369,709726,31,31,2026-02-14,Hugo Ekitiké,FAC,0,0,0,0,13
4808369_598577,4808369,598577,31,31,2026-02-14,Florian Wirtz,FAC,0,0,0,0,71
4808369_576314,4808369,576314,1237,1237,2026-02-14,Jan Paul van Hecke,FAC,1,0,0,0,72
4808369_538977,4808369,538977,1237,1237,2026-02-14,Georginio Rutter,FAC,0,0,0,0,28
4808369_534033,4808369,534033,31,31,2026-02-14,Alexis Mac Allister,FAC,0,0,0,0,90
4808369_451276,4808369,451276,31,31,2026-02-14,Dominik Szoboszlai,FAC,0,0,1,0,90
4808369_434675,4808369,434675,31,31,2026-02-14,Cody Gakpo,FAC,0,0,0,0,89
4808369_433188,4808369,433188,31,31,2026-02-14,Curtis Jones,FAC,0,0,1,0,89
4808369_415381,4808369,415381,1237,1237,2026-02-14,Mats Wieffer,FAC,0,0,0,0,9
4808369_369316,4808369,369316,1237,1237,2026-02-14,Ferdi Kadıoğlu,FAC,0,0,0,0,90
4808364_607223,4808364,607223,281,281,2026-02-14,Rayan Cherki,FAC,0,0,0,0,90
4634347_518505,4634347,518505,79,79,2026-02-14,Jamie Leweling,L1,0,0,0,1,84
4808364_578391,4808364,578391,281,281,2026-02-14,Rayan Aït-Nouri,FAC,0,0,0,1,64
4645888_640428,4645888,640428,418,418,2026-02-14,Eduardo Camavinga,ES1,0,0,0,0,73
4645888_371998,4645888,371998,418,418,2026-02-14,Vinicius Junior,ES1,0,0,2,0,90
4645888_369081,4645888,369081,418,418,2026-02-14,Federico Valverde,ES1,0,0,1,0,73
4645888_351478,4645888,351478,681,681,2026-02-14,Mikel Oyarzabal,ES1,0,0,1,0,60
4645888_314678,4645888,314678,418,418,2026-02-14,Brahim Díaz,ES1,0,0,0,0,17
4645888_314353,4645888,314353,418,418,2026-02-14,Trent Alexander-Arnold,ES1,0,0,0,1,60
4645888_1018938,4645888,1018938,681,681,2026-02-14,Jon Martín,ES1,0,0,0,0,90
4645886_805714,4645886,805714,1050,1050,2026-02-14,Renato Veiga,ES1,1,0,0,0,90
4645886_729814,4645886,729814,1050,1050,2026-02-14,Georges Mikautadze,ES1,0,0,1,0,25
4645886_485963,4645886,485963,1050,1050,2026-02-14,Pape Gueye,ES1,0,0,0,0,90
4645884_709372,4645884,709372,714,714,2026-02-14,Carlos Romero,ES1,0,0,0,0,90
4641557_552655,4641557,552655,1090,1090,2026-02-14,Troy Parrott,NL1,0,0,1,0,90
4635202_808348,4635202,808348,826,826,2026-02-14,Mamadou Sangaré,FR1,0,0,0,0,48
4635202_743515,4635202,743515,826,826,2026-02-14,Robin Risser,FR1,0,0,0,0,90
4635197_724129,4635197,724129,1082,1082,2026-02-14,Matias Fernandez-Pardo,FR1,0,0,0,0,90
4808364_566799,4808364,566799,281,281,2026-02-14,James Trafford,FAC,0,0,0,0,90
4645888_413112,4645888,413112,418,418,2026-02-14,Aurélien Tchouaméni,ES1,0,0,0,0,79
4641556_748804,4641556,748804,610,610,2026-02-14,Mika Godts,NL1,0,0,2,1,90
4645888_711374,4645888,711374,681,681,2026-02-14,Jon Gorrotxategi,ES1,0,0,0,0,90
4808362_522784,4808362,522784,379,379,2026-02-14,Taty Castellanos,FAC,0,0,0,0,38
4808364_466805,4808364,466805,281,281,2026-02-14,Nico González,FAC,0,0,0,0,75
4645888_811778,4645888,811778,418,418,2026-02-14,Álvaro Carreras,ES1,0,0,0,1,90
4808364_460939,4808364,460939,281,281,2026-02-14,Tijjani Reijnders,FAC,0,0,0,0,90
4808364_406635,4808364,406635,281,281,2026-02-14,Phil Foden,FAC,0,0,0,0,65
4808364_392757,4808364,392757,281,281,2026-02-14,Marc Guéhi,FAC,0,0,1,0,25
4808364_357565,4808364,357565,281,281,2026-02-14,Rodri,FAC,0,0,0,0,15
4808363_842341,4808363,842341,1132,1132,2026-02-14,Maxime Estève,FAC,0,0,0,0,90
4808364_445939,4808364,445939,281,281,2026-02-14,Omar Marmoush,FAC,0,0,0,0,90
4808362_474701,4808362,474701,379,379,2026-02-14,Crysencio Summerville,FAC,0,0,1,0,37
4645888_890290,4645888,890290,418,418,2026-02-14,Dean Huijsen,ES1,1,0,0,0,90
4648795_606752,4648795,606752,1075,1075,2026-02-14,Rodrigo Zalazar,PO1,0,0,0,0,90
4647963_465830,4647963,465830,36,398,2026-02-14,Mattéo Guendouzi,TR1,1,0,0,0,90
4645888_935230,4645888,935230,418,418,2026-02-14,Gonzalo García,ES1,0,0,1,0,90
4645888_861410,4645888,861410,418,418,2026-02-14,Arda Güler,ES1,0,0,0,0,90
4665045_964426,4665045,964426,683,683,2026-02-14,Christos Mouzakitis,GR1,0,0,0,0,68
4635201_745200,4635201,745200,162,162,2026-02-13,Maghnes Akliouche,FR1,0,0,0,0,43
4635201_918969,4635201,918969,162,162,2026-02-13,Lamine Camara,FR1,1,0,0,0,62
4635203_288230,4635203,288230,583,583,2026-02-13,Ousmane Dembélé,FR1,0,0,1,0,74
4635203_318470,4635203,318470,583,583,2026-02-13,Matvey Safonov,FR1,0,0,0,0,90
4635203_398073,4635203,398073,583,583,2026-02-13,Achraf Hakimi,FR1,0,0,0,0,90
4635203_487469,4635203,487469,583,583,2026-02-13,Vitinha,FR1,0,0,0,0,90
4635203_461607,4635203,461607,273,273,2026-02-13,Estéban Lepaul,FR1,0,0,1,0,74
4635203_502670,4635203,502670,583,583,2026-02-13,Khvicha Kvaratskhelia,FR1,0,0,0,0,60
4635203_550550,4635203,550550,583,583,2026-02-13,Gonçalo Ramos,FR1,0,0,0,0,16
4635203_557149,4635203,557149,583,583,2026-02-13,Kang-in Lee,FR1,0,0,0,0,30
4635201_334526,4635201,334526,162,162,2026-02-13,Denis Zakaria,FR1,0,0,1,0,76
4635203_616341,4635203,616341,583,583,2026-02-13,Nuno Mendes,FR1,0,0,0,0,90
4635201_503770,4635201,503770,162,162,2026-02-13,Folarin Balogun,FR1,0,0,0,0,76
4634344_257814,4634344,257814,16,16,2026-02-13,Gregor Kobel,L1,0,0,0,0,90
4634344_796297,4634344,796297,16,16,2026-02-13,Jobe Bellingham,L1,0,0,0,0,90
4634344_643574,4634344,643574,39,39,2026-02-13,Kaishu Sano,L1,0,0,0,0,90
4634344_578392,4634344,578392,16,16,2026-02-13,Maximilian Beier,L1,0,0,1,0,61
4634344_496094,4634344,496094,16,16,2026-02-13,Karim Adeyemi,L1,0,0,0,0,16
4634344_406640,4634344,406640,16,16,2026-02-13,Felix Nmecha,L1,0,0,0,0,74
4634344_370789,4634344,370789,16,16,2026-02-13,Julian Ryerson,L1,0,0,0,4,90
4634344_270541,4634344,270541,16,16,2026-02-13,Serhou Guirassy,L1,0,0,2,0,74
4620962_574671,4620962,574671,5,5,2026-02-13,Strahinja Pavlović,IT1,0,0,0,0,90
4620962_569598,4620962,569598,5,5,2026-02-13,Youssouf Fofana,IT1,0,0,0,0,72
4620962_357164,4620962,357164,5,5,2026-02-13,Rafael Leão,IT1,0,0,0,0,18
4620962_344381,4620962,344381,5,5,2026-02-13,Christopher Nkunku,IT1,0,0,0,0,45
4620962_315779,4620962,315779,5,5,2026-02-13,Christian Pulisic,IT1,0,0,0,0,13
4635203_661171,4635203,661171,583,583,2026-02-13,Willian Pacho,FR1,0,0,0,0,90
4635203_659089,4635203,659089,583,583,2026-02-13,Ilya Zabarnyi,FR1,0,0,0,0,90
4647957_541537,4647957,541537,141,141,2026-02-13,Barış Alper Yılmaz,TR1,0,0,0,1,25
4635203_670681,4635203,670681,583,583,2026-02-13,João Neves,FR1,0,0,0,0,71
4648796_670103,4648796,670103,294,294,2026-02-13,Andreas Schjelderup,PO1,0,0,0,0,68
4808360_904802,4808360,904802,631,631,2026-02-13,Jorrel Hato,FAC,0,0,0,0,90
4808360_811779,4808360,811779,631,631,2026-02-13,Alejandro Garnacho,FAC,0,0,0,0,90
4635203_708265,4635203,708265,583,583,2026-02-13,Bradley Barcola,FR1,0,0,0,0,30
4808360_687626,4808360,687626,631,631,2026-02-13,Moisés Caicedo,FAC,0,0,0,0,61
4808360_648195,4808360,648195,631,631,2026-02-13,Enzo Fernández,FAC,0,0,0,0,30
4808360_610849,4808360,610849,631,631,2026-02-13,Liam Delap,FAC,0,0,0,3,88
4808360_487465,4808360,487465,631,631,2026-02-13,Pedro Neto,FAC,1,0,3,0,90
4808360_475411,4808360,475411,631,631,2026-02-13,Wesley Fofana,FAC,0,0,0,0,77
4808360_472423,4808360,472423,631,631,2026-02-13,Reece James,FAC,0,0,0,0,60
4808360_1056993,4808360,1056993,631,631,2026-02-13,Estêvão,FAC,0,0,1,0,77
4808360_1004708,4808360,1004708,631,631,2026-02-13,Josh Acheampong,FAC,0,0,0,0,29
4808360_743600,4808360,743600,631,631,2026-02-13,Andrey Santos,FAC,0,0,0,0,90
4648796_650568,4648796,650568,294,294,2026-02-13,António Silva,PO1,0,0,0,0,90
4645885_935231,4645885,935231,331,331,2026-02-13,Víctor Muñoz,ES1,0,0,0,0,67
4648796_623325,4648796,623325,294,660,2026-02-13,Georgiy Sudakov,PO1,0,0,0,0,11
4635203_810092,4635203,810092,583,583,2026-02-13,Warren Zaïre-Emery,FR1,0,0,0,0,90
4641372_990148,4641372,990148,1184,1184,2026-02-13,Konstantinos Karetsas,BE1,0,0,0,1,90
4641559_408574,4641559,408574,383,383,2026-02-13,Joey Veerman,NL1,0,0,0,0,90
4635203_914562,4635203,914562,583,583,2026-02-13,Désiré Doué,FR1,0,0,0,0,60
4647957_401923,4647957,401923,141,141,2026-02-13,Victor Osimhen,TR1,0,0,0,2,90
4647957_648779,4647957,648779,141,141,2026-02-13,Wilfried Singo,TR1,0,0,0,1,45
4648796_324503,4648796,324503,294,294,2026-02-13,Vangelis Pavlidis,PO1,0,0,1,0,90
4648796_504087,4648796,504087,294,294,2026-02-13,Tomás Araújo,PO1,1,0,0,1,90
4648796_537844,4648796,537844,294,294,2026-02-13,Anatoliy Trubin,PO1,0,0,0,0,90
4626049_502821,4626049,502821,11,11,2026-02-12,Riccardo Calafiori,GB1,0,0,0,0,9
4626049_717411,4626049,717411,1148,1148,2026-02-12,Yegor Yarmolyuk,GB1,0,0,0,0,73
4626049_659813,4626049,659813,11,11,2026-02-12,Piero Hincapié,GB1,0,0,0,1,81
4626049_655488,4626049,655488,11,11,2026-02-12,Gabriel Martinelli,GB1,0,0,0,0,9
4626049_646750,4626049,646750,11,11,2026-02-12,Cristhian Mosquera,GB1,0,0,0,0,90
4626049_644401,4626049,644401,1148,1148,2026-02-12,Keane Lewis-Potter,GB1,0,0,1,0,73
4626049_541231,4626049,541231,1148,1148,2026-02-12,Sepp van den Berg,GB1,0,0,0,1,90
4626049_540941,4626049,540941,1148,1148,2026-02-12,Mikkel Damsgaard,GB1,0,0,0,0,17
4626049_503987,4626049,503987,11,11,2026-02-12,Noni Madueke,GB1,0,0,1,0,70
4626049_357662,4626049,357662,11,11,2026-02-12,Declan Rice,GB1,0,0,0,0,90
4626049_479999,4626049,479999,11,11,2026-02-12,Eberechi Eze,GB1,0,0,0,0,45
4626049_435338,4626049,435338,11,11,2026-02-12,Gabriel,GB1,1,0,0,0,90
4626049_433177,4626049,433177,11,11,2026-02-12,Bukayo Saka,GB1,0,0,0,0,20
4626049_423440,4626049,423440,11,11,2026-02-12,Martín Zubimendi,GB1,0,0,0,0,90
4626049_420243,4626049,420243,11,11,2026-02-12,Jurriën Timber,GB1,0,0,0,0,90
4626049_340918,4626049,340918,1148,1148,2026-02-12,Caoimhín Kelleher,GB1,0,0,0,0,90
4626049_325443,4626049,325443,11,11,2026-02-12,Viktor Gyökeres,GB1,1,0,0,0,90
4626049_316264,4626049,316264,11,11,2026-02-12,Martin Ødegaard,GB1,0,0,0,0,45
4626049_262749,4626049,262749,11,11,2026-02-12,David Raya,GB1,0,0,0,0,90
4626049_739443,4626049,739443,1148,1148,2026-02-12,Igor Thiago,GB1,0,0,0,0,90
4626049_823486,4626049,823486,1148,1148,2026-02-12,Michael Kayode,GB1,0,0,0,0,90
4626049_823231,4626049,823231,1148,1148,2026-02-12,Dango Ouattara,GB1,1,0,0,0,90
4819274_576024,4819274,576024,13,13,2026-02-12,Julián Alvarez,CDR,0,0,1,1,68
4819274_293385,4819274,293385,131,131,2026-02-12,Dani Olmo,CDR,1,0,0,0,90
4819274_962110,4819274,962110,131,131,2026-02-12,Pau Cubarsí,CDR,0,0,0,0,77
4819274_937958,4819274,937958,131,131,2026-02-12,Lamine Yamal,CDR,0,0,0,0,90
4819274_844637,4819274,844637,13,13,2026-02-12,Marc Pubill,CDR,1,0,0,0,90
4819274_742201,4819274,742201,13,13,2026-02-12,Giuliano Simeone,CDR,1,0,0,0,90
4819274_636703,4819274,636703,131,131,2026-02-12,Fermín López,CDR,1,0,0,0,87
4819274_636688,4819274,636688,131,131,2026-02-12,Alejandro Balde,CDR,0,0,0,0,77
4819274_616631,4819274,616631,13,13,2026-02-12,Matteo Ruggeri,CDR,1,0,0,0,90
4819274_705395,4819274,705395,131,131,2026-02-12,Gerard Martín,CDR,0,0,0,0,3
4819274_561613,4819274,561613,131,131,2026-02-12,Joan García,CDR,0,0,0,0,90
4819274_466794,4819274,466794,131,131,2026-02-12,Eric García,CDR,0,0,0,0,85
4819274_411975,4819274,411975,131,131,2026-02-12,Jules Koundé,CDR,0,0,0,0,90
4819274_406040,4819274,406040,13,800,2026-02-12,Ademola Lookman,CDR,0,0,1,1,73
4819274_404418,4819274,404418,13,13,2026-02-12,Dávid Hancko,CDR,0,0,0,0,90
4819274_398184,4819274,398184,131,131,2026-02-12,Ferran Torres,CDR,0,0,0,0,90
4819274_326330,4819274,326330,131,131,2026-02-12,Frenkie de Jong,CDR,0,0,0,0,90
4819274_548111,4819274,548111,13,13,2026-02-12,Álex Baena,CDR,1,0,0,0,22
4626053_357565,4626053,357565,281,281,2026-02-11,Rodri,GB1,0,0,0,0,71
4626053_418560,4626053,418560,281,281,2026-02-11,Erling Haaland,GB1,0,0,1,0,45
4626053_406635,4626053,406635,281,281,2026-02-11,Phil Foden,GB1,1,0,0,1,71
4626053_392757,4626053,392757,281,281,2026-02-11,Marc Guéhi,GB1,0,0,0,0,90
4626053_279455,4626053,279455,931,931,2026-02-11,Harry Wilson,GB1,0,0,0,0,72
4626053_333014,4626053,333014,931,931,2026-02-11,Sander Berge,GB1,0,0,0,0,81
4626053_315858,4626053,315858,281,281,2026-02-11,Gianluigi Donnarumma,GB1,0,0,0,0,90
4626053_258004,4626053,258004,281,281,2026-02-11,Rúben Dias,GB1,0,0,0,0,90
4626053_460939,4626053,460939,281,281,2026-02-11,Tijjani Reijnders,GB1,0,0,0,0,30
4626053_445939,4626053,445939,281,281,2026-02-11,Omar Marmoush,GB1,0,0,0,0,45
4626053_763079,4626053,763079,281,281,2026-02-11,Abdukodir Khusanov,GB1,0,0,0,0,30
4626053_461883,4626053,461883,931,931,2026-02-11,Calvin Bassey,GB1,0,0,0,0,90
4626053_466805,4626053,466805,281,281,2026-02-11,Nico González,GB1,1,0,0,0,19
4626053_578391,4626053,578391,281,281,2026-02-11,Rayan Aït-Nouri,GB1,0,0,0,0,90
4626053_583255,4626053,583255,281,281,2026-02-11,Antoine Semenyo,GB1,0,0,1,1,90
4626053_601883,4626053,601883,281,281,2026-02-11,Matheus Nunes,GB1,0,0,0,0,60
4626053_607223,4626053,607223,281,281,2026-02-11,Rayan Cherki,GB1,0,0,0,0,19
4626053_661207,4626053,661207,931,281,2026-02-11,Oscar Bobb,GB1,0,0,0,0,18
4626053_743413,4626053,743413,281,281,2026-02-11,Nico O'Reilly,GB1,0,0,1,0,90
4626051_842341,4626051,842341,1132,1132,2026-02-11,Maxime Estève,GB1,0,0,0,0,90
4626053_900195,4626053,900195,931,660,2026-02-11,Kevin,GB1,0,0,0,0,30
4626054_365108,4626054,365108,703,703,2026-02-11,Dan Ndoye,GB1,0,0,0,0,25
4626053_1011131,4626053,1011131,931,931,2026-02-11,Josh King,GB1,0,0,0,0,30
4626051_258919,4626051,258919,873,873,2026-02-11,Dean Henderson,GB1,0,0,0,0,90
4626051_744149,4626051,744149,873,873,2026-02-11,Adam Wharton,GB1,0,0,0,1,83
4626051_730893,4626051,730893,873,873,2026-02-11,Tyrick Mitchell,GB1,0,0,0,0,90
4626054_413507,4626054,413507,703,703,2026-02-11,Nikola Milenković,GB1,0,0,0,0,90
4626048_1012534,4626048,1012534,1237,1237,2026-02-11,Yankuba Minteh,GB1,0,0,0,0,9
4626048_1060087,4626048,1060087,1237,1237,2026-02-11,Charalampos Kostoulas,GB1,0,0,0,0,9
4626048_324358,4626048,324358,405,405,2026-02-11,Ollie Watkins,GB1,0,0,0,0,74
4626048_369316,4626048,369316,1237,1237,2026-02-11,Ferdi Kadıoğlu,GB1,0,0,0,0,90
4626048_413403,4626048,413403,405,405,2026-02-11,Ezri Konsa,GB1,0,0,0,0,90
4626048_485585,4626048,485585,405,405,2026-02-11,Ian Maatsen,GB1,0,0,0,0,90
4626048_485706,4626048,485706,405,405,2026-02-11,Amadou Onana,GB1,0,0,0,0,75
4626048_503743,4626048,503743,405,405,2026-02-11,Morgan Rogers,GB1,1,0,0,0,90
4626048_565093,4626048,565093,1237,1237,2026-02-11,Bart Verbruggen,GB1,0,0,0,0,90
4626048_576314,4626048,576314,1237,1237,2026-02-11,Jan Paul van Hecke,GB1,1,0,0,0,61
4626048_867688,4626048,867688,1237,1237,2026-02-11,Jack Hinshelwood,GB1,0,0,0,0,90
4626048_973085,4626048,973085,1237,1237,2026-02-11,Carlos Baleba,GB1,1,0,0,0,22
4626048_996897,4626048,996897,1237,1237,2026-02-11,Diego Gómez,GB1,0,0,0,0,81
4626051_410225,4626051,410225,873,873,2026-02-11,Ismaïla Sarr,GB1,0,0,0,0,90
4626051_429983,4626051,429983,873,543,2026-02-11,Jørgen Strand Larsen,GB1,0,0,2,0,90
4626051_434224,4626051,434224,873,873,2026-02-11,Maxence Lacroix,GB1,0,0,0,0,90
4626051_470607,4626051,470607,873,148,2026-02-11,Brennan Johnson,GB1,0,0,0,0,32
4626051_500689,4626051,500689,873,873,2026-02-11,Evann Guessand,GB1,0,0,0,0,58
4626051_568157,4626051,568157,873,1050,2026-02-11,Yéremy Pino,GB1,0,0,0,0,18
4626051_578539,4626051,578539,873,873,2026-02-11,Chris Richards,GB1,1,0,0,0,90
4626054_392768,4626054,392768,703,703,2026-02-11,Callum Hudson-Odoi,GB1,0,0,0,0,65
4819275_938729,4819275,938729,621,621,2026-02-11,Mikel Jauregizar,CDR,0,0,0,0,82
4626054_429014,4626054,429014,703,703,2026-02-11,Morgan Gibbs-White,GB1,0,0,0,0,90
4782524_792380,4782524,792380,27,27,2026-02-11,Aleksandar Pavlovic,DFB,1,0,0,0,80
4782524_344695,4782524,344695,27,27,2026-02-11,Dayot Upamecano,DFB,0,0,0,0,90
4782524_404950,4782524,404950,23826,23826,2026-02-11,Nicolas Seiwald,DFB,1,0,0,0,90
4782524_424204,4782524,424204,27,27,2026-02-11,Alphonso Davies,DFB,0,0,0,0,90
4782524_480692,4782524,480692,27,27,2026-02-11,Luis Díaz,DFB,0,0,1,0,90
4782524_483046,4782524,483046,27,27,2026-02-11,Josip Stanisic,DFB,1,0,0,1,69
4782524_566723,4782524,566723,27,27,2026-02-11,Michael Olise,DFB,0,0,0,1,90
4782524_580195,4782524,580195,27,27,2026-02-11,Jamal Musiala,DFB,0,0,0,0,21
4782524_618472,4782524,618472,23826,23826,2026-02-11,Castello Lukeba,DFB,0,0,0,0,90
4782524_700106,4782524,700106,23826,23826,2026-02-11,Brajan Gruda,DFB,0,0,0,0,12
4782524_894914,4782524,894914,23826,23826,2026-02-11,Antonio Nusa,DFB,0,0,0,0,78
4782524_318204,4782524,318204,23826,23826,2026-02-11,David Raum,DFB,0,0,0,0,90
4782524_957874,4782524,957874,23826,23826,2026-02-11,Rômulo,DFB,1,0,0,0,78
4785784_470394,4785784,470394,398,398,2026-02-11,Kenneth Taylor,CIT,0,0,0,0,90
4785784_525704,4785784,525704,398,398,2026-02-11,Nicolò Rovella,CIT,0,0,0,0,61
4785784_618341,4785784,618341,398,398,2026-02-11,Mario Gila,CIT,1,0,0,0,90
4819275_1018938,4819275,1018938,681,681,2026-02-11,Jon Martín,CDR,0,0,0,0,90
4819275_351478,4819275,351478,681,681,2026-02-11,Mikel Oyarzabal,CDR,1,0,0,0,90
4819275_709187,4819275,709187,621,621,2026-02-11,Nico Williams,CDR,0,0,0,0,34
4819275_711374,4819275,711374,681,681,2026-02-11,Jon Gorrotxategi,CDR,0,0,0,0,90
4626054_432164,4626054,432164,703,703,2026-02-11,Igor Jesus,GB1,0,0,0,0,19
4782524_324278,4782524,324278,23826,23826,2026-02-11,Christoph Baumgartner,DFB,1,0,0,0,89
4785784_849520,4785784,849520,1025,1025,2026-02-11,Santiago Castro,CIT,1,0,1,0,80
4782524_223967,4782524,223967,27,27,2026-02-11,Konrad Laimer,DFB,1,0,0,0,21
4626055_534033,4626055,534033,31,31,2026-02-11,Alexis Mac Allister,GB1,0,0,0,0,90
4782524_196357,4782524,196357,27,27,2026-02-11,Jonathan Tah,DFB,0,0,0,0,90
4626054_503680,4626054,503680,703,703,2026-02-11,Neco Williams,GB1,0,0,0,0,90
4626054_567576,4626054,567576,703,703,2026-02-11,Elliot Anderson,GB1,0,0,0,0,90
4626054_735570,4626054,735570,543,543,2026-02-11,João Gomes,GB1,0,0,0,0,90
4626055_357119,4626055,357119,31,31,2026-02-11,Ibrahima Konaté,GB1,0,0,0,0,90
4626055_433188,4626055,433188,31,31,2026-02-11,Curtis Jones,GB1,0,0,0,0,15
4626055_434675,4626055,434675,31,31,2026-02-11,Cody Gakpo,GB1,0,0,0,0,75
4626055_473169,4626055,473169,289,289,2026-02-11,Brian Brobbey,GB1,0,0,0,0,90
4626055_478573,4626055,478573,31,31,2026-02-11,Ryan Gravenberch,GB1,0,0,0,0,90
4626054_741238,4626054,741238,703,703,2026-02-11,Omari Hutchinson,GB1,0,0,0,0,90
4626055_598577,4626055,598577,31,31,2026-02-11,Florian Wirtz,GB1,0,0,0,0,90
4626055_743384,4626055,743384,289,289,2026-02-11,Chemsdine Talbi,GB1,0,0,0,0,10
4626055_633992,4626055,633992,289,289,2026-02-11,Enzo Le Fée,GB1,0,0,0,0,90
4782524_1390649,4782524,1390649,23826,23826,2026-02-11,Yan Diomande,DFB,0,0,0,0,90
4626055_876631,4626055,876631,289,289,2026-02-11,Habib Diarra,GB1,0,0,0,0,90
4782524_132098,4782524,132098,27,27,2026-02-11,Harry Kane,DFB,0,0,1,0,90
4626055_727089,4626055,727089,289,289,2026-02-11,Noah Sadiki,GB1,0,0,0,0,90
4626055_709726,4626055,709726,31,31,2026-02-11,Hugo Ekitiké,GB1,0,0,0,0,88
4626055_646991,4626055,646991,289,289,2026-02-11,Robin Roefs,GB1,0,0,0,0,90
4782524_161056,4782524,161056,27,27,2026-02-11,Joshua Kimmich,DFB,0,0,0,0,90
4626052_475188,4626052,475188,29,29,2026-02-10,Kiernan Dewsbury-Hall,GB1,0,0,0,0,90
4626052_505219,4626052,505219,29,29,2026-02-10,James Garner,GB1,0,0,0,0,90
4626052_937941,4626052,937941,29,29,2026-02-10,Thierno Barry,GB1,0,0,0,0,62
4626052_623570,4626052,623570,29,29,2026-02-10,Iliman Ndiaye,GB1,0,0,1,0,90
4626052_654539,4626052,654539,989,989,2026-02-10,Adrien Truffert,GB1,0,0,0,1,90
4626052_661053,4626052,661053,29,29,2026-02-10,Jarrad Branthwaite,GB1,0,0,0,1,90
4626052_711337,4626052,711337,989,989,2026-02-10,Evanilson,GB1,0,0,0,0,58
4626052_855256,4626052,855256,989,989,2026-02-10,Alex Scott,GB1,0,0,0,0,90
4626056_397033,4626056,397033,762,762,2026-02-10,Sandro Tonali,GB1,0,0,0,0,15
4626052_955357,4626052,955357,989,989,2026-02-10,Junior Kroupi,GB1,0,0,0,0,32
4626056_258889,4626056,258889,148,148,2026-02-10,Dominic Solanke,GB1,0,0,0,0,90
4626056_361093,4626056,361093,762,762,2026-02-10,Sven Botman,GB1,0,0,0,0,90
4626056_398065,4626056,398065,762,762,2026-02-10,Harvey Barnes,GB1,0,0,0,0,90
4626056_455661,4626056,455661,762,762,2026-02-10,Nick Woltemade,GB1,0,0,0,0,2
4626052_465555,4626052,465555,989,989,2026-02-10,Djordje Petrovic,GB1,0,0,0,0,90
4626056_483348,4626056,483348,148,148,2026-02-10,Djed Spence,GB1,1,0,0,0,90
4626052_469781,4626052,469781,989,989,2026-02-10,Marcos Senesi,GB1,0,0,0,0,90
4626050_487465,4626050,487465,631,631,2026-02-10,Pedro Neto,GB1,0,0,0,0,26
4626052_404842,4626052,404842,29,29,2026-02-10,Vitaliy Mykolenko,GB1,0,0,0,0,90
4626052_1012564,4626052,1012564,989,989,2026-02-10,Rayan,GB1,1,0,1,0,90
4626056_503733,4626056,503733,762,762,2026-02-10,Anthony Gordon,GB1,0,0,0,1,88
4626050_1004708,4626050,1004708,631,631,2026-02-10,Josh Acheampong,GB1,1,0,0,0,79
4626050_1056993,4626050,1056993,631,631,2026-02-10,Estêvão,GB1,0,0,0,0,64
4626050_284857,4626050,284857,631,631,2026-02-10,Marc Cucurella,GB1,0,0,0,0,45
4626050_346890,4626050,346890,399,399,2026-02-10,Noah Okafor,GB1,0,0,1,0,35
4626050_392771,4626050,392771,399,399,2026-02-10,Ethan Ampadu,GB1,0,0,0,0,90
4626050_475411,4626050,475411,631,631,2026-02-10,Wesley Fofana,GB1,0,0,0,0,11
4626050_568177,4626050,568177,631,631,2026-02-10,Cole Palmer,GB1,1,0,1,1,90
4626050_610849,4626050,610849,631,631,2026-02-10,Liam Delap,GB1,0,0,0,0,11
4626050_620322,4626050,620322,631,631,2026-02-10,Malo Gusto,GB1,1,0,0,0,90
4626050_626724,4626050,626724,631,631,2026-02-10,João Pedro,GB1,0,0,1,1,90
4626050_648195,4626050,648195,631,631,2026-02-10,Enzo Fernández,GB1,0,0,0,0,90
4626050_687626,4626050,687626,631,631,2026-02-10,Moisés Caicedo,GB1,1,0,0,0,90
4626050_743600,4626050,743600,631,631,2026-02-10,Andrey Santos,GB1,0,0,0,0,79
4626050_904802,4626050,904802,631,631,2026-02-10,Jorrel Hato,GB1,0,0,0,0,45
4626056_488362,4626056,488362,148,148,2026-02-10,Conor Gallagher,GB1,0,0,0,0,70
4626050_346314,4626050,346314,631,631,2026-02-10,Trevoh Chalobah,GB1,0,0,0,0,90
4626056_503749,4626056,503749,762,762,2026-02-10,Jacob Ramsey,GB1,0,0,1,0,75
4626057_517894,4626057,517894,985,985,2026-02-10,Matheus Cunha,GB1,0,0,0,0,69
4626057_536835,4626057,536835,985,985,2026-02-10,Amad Diallo,GB1,0,0,0,0,90
4626057_627442,4626057,627442,985,985,2026-02-10,Benjamin Sesko,GB1,0,0,1,0,21
4626057_820374,4626057,820374,985,985,2026-02-10,Kobbie Mainoo,GB1,0,0,0,0,90
4626057_880245,4626057,880245,379,379,2026-02-10,Mateus Fernandes,GB1,1,0,0,0,90
4626057_923831,4626057,923831,985,985,2026-02-10,Leny Yoro,GB1,0,0,0,0,22
4782523_927353,4782523,927353,60,60,2026-02-10,Johan Manzambi,DFB,0,0,0,0,42
4785787_1190411,4785787,1190411,1047,1047,2026-02-10,Jesús Rodríguez,CIT,0,0,0,0,23
4785787_523318,4785787,523318,1047,1047,2026-02-10,Anastasios Douvikas,CIT,0,0,0,0,37
4785787_580451,4785787,580451,1047,1047,2026-02-10,Martin Baturina,CIT,0,0,1,0,90
4785787_610442,4785787,610442,6195,6195,2026-02-10,Rasmus Højlund,CIT,0,0,0,1,74
4785787_668547,4785787,668547,1047,1047,2026-02-10,Máximo Perrone,CIT,0,0,0,0,90
4626056_520624,4626056,520624,762,762,2026-02-10,Bruno Guimarães,GB1,1,0,0,0,90
4785787_830365,4785787,830365,6195,6195,2026-02-10,Alisson Santos,CIT,0,0,0,0,30
4785787_948278,4785787,948278,1047,1047,2026-02-10,Jacobo Ramón,CIT,1,0,0,0,53
4785787_948294,4785787,948294,1047,1047,2026-02-10,Nico Paz,CIT,0,0,0,0,82
4626057_522784,4626057,522784,379,379,2026-02-10,Taty Castellanos,GB1,0,0,0,0,69
4782523_668606,4782523,668606,60,60,2026-02-10,Yuito Suzuki,DFB,0,0,1,0,120
4626057_503883,4626057,503883,985,1096,2026-02-10,Senne Lammens,GB1,0,0,0,0,90
4626056_922693,4626056,922693,148,148,2026-02-10,Archie Gray,GB1,0,0,1,0,90
4626057_480762,4626057,480762,985,985,2026-02-10,Lisandro Martínez,GB1,0,0,0,0,90
4626056_557459,4626056,557459,148,148,2026-02-10,Micky van de Ven,GB1,0,0,0,0,90
4626056_566931,4626056,566931,148,23826,2026-02-10,Xavi Simons,GB1,1,0,0,0,90
4626056_568693,4626056,568693,148,148,2026-02-10,Pape Matar Sarr,GB1,1,0,0,1,90
4626056_583189,4626056,583189,762,762,2026-02-10,Anthony Elanga,GB1,0,0,0,0,75
4626056_609556,4626056,609556,762,762,2026-02-10,William Osula,GB1,0,0,0,0,2
4626056_670858,4626056,670858,762,762,2026-02-10,Lewis Hall,GB1,0,0,0,0,1
4626056_521964,4626056,521964,762,762,2026-02-10,Malick Thiaw,GB1,0,0,1,0,90
4626057_1111589,4626057,1111589,379,379,2026-02-10,El Hadji Malick Diouf,GB1,0,0,0,0,80
4626057_314875,4626057,314875,379,379,2026-02-10,Jarrod Bowen,GB1,0,0,0,1,90
4626057_357147,4626057,357147,985,985,2026-02-10,Diogo Dalot,GB1,1,0,0,0,82
4626057_413039,4626057,413039,985,985,2026-02-10,Bryan Mbeumo,GB1,0,0,0,1,90
4626057_474701,4626057,474701,379,379,2026-02-10,Crysencio Summerville,GB1,0,0,0,0,90
4626057_240306,4626057,240306,985,985,2026-02-10,Bruno Fernandes,GB1,0,0,0,0,90
4620946_668951,4620946,668951,12,12,2026-02-09,Matías Soulé,IT1,0,0,0,0,84
4645812_733576,4645812,733576,1050,1050,2026-02-09,Alberto Moleiro,ES1,0,0,1,1,80
4645812_729814,4645812,729814,1050,1050,2026-02-09,Georges Mikautadze,ES1,0,0,1,1,73
4645812_485963,4645812,485963,1050,1050,2026-02-09,Pape Gueye,ES1,1,0,0,0,90
4620946_964580,4620946,964580,12,12,2026-02-09,Wesley,IT1,0,0,0,0,90
4620946_895937,4620946,895937,1390,1390,2026-02-09,Marco Palestra,IT1,1,0,0,0,90
4620946_813137,4620946,813137,12,12,2026-02-09,Niccolò Pisilli,IT1,0,0,0,0,90
4620946_326029,4620946,326029,12,12,2026-02-09,Donyell Malen,IT1,0,0,2,0,84
4620946_371149,4620946,371149,12,12,2026-02-09,Evan Ndicka,IT1,0,0,0,0,90
4620946_338670,4620946,338670,12,12,2026-02-09,Mile Svilar,IT1,0,0,0,0,90
4620939_607854,4620939,607854,800,800,2026-02-09,Éderson,IT1,0,0,0,0,90
4620939_571604,4620939,571604,800,800,2026-02-09,Giorgio Scalvini,IT1,0,0,0,0,90
4620939_459763,4620939,459763,800,800,2026-02-09,Marco Carnesecchi,IT1,0,0,0,0,90
4620939_434433,4620939,434433,800,1005,2026-02-09,Nikola Krstović,IT1,0,0,1,0,90
4648799_982575,4648799,982575,3329,3329,2026-02-09,Gustavo Sá,PO1,0,0,0,0,74
4647955_465830,4647955,465830,36,398,2026-02-09,Mattéo Guendouzi,TR1,0,0,0,0,90
4645812_805714,4645812,805714,1050,1050,2026-02-09,Renato Veiga,ES1,0,0,0,0,90
4648806_357153,4648806,357153,720,720,2026-02-09,Diogo Costa,PO1,0,0,0,0,90
4648806_572675,4648806,572675,336,336,2026-02-09,Maxi Araújo,PO1,1,0,0,0,90
4648806_991268,4648806,991268,720,720,2026-02-09,Samu Aghehowa,PO1,0,0,0,0,45
4648806_974982,4648806,974982,336,336,2026-02-09,Ousmane Diomande,PO1,1,0,0,0,90
4648806_957653,4648806,957653,720,720,2026-02-09,Rodrigo Mora,PO1,0,0,0,0,27
4648806_756990,4648806,756990,720,720,2026-02-09,Alan Varela,PO1,0,0,0,0,90
4648806_701979,4648806,701979,336,336,2026-02-09,Geny Catamo,PO1,0,0,0,0,84
4648806_699704,4648806,699704,720,720,2026-02-09,Gabri Veiga,PO1,0,0,0,0,63
4648806_926993,4648806,926993,720,720,2026-02-09,Victor Froholdt,PO1,1,0,0,0,90
4648806_549006,4648806,549006,336,336,2026-02-09,Gonçalo Inácio,PO1,0,0,0,0,90
4648806_461496,4648806,461496,336,336,2026-02-09,Morten Hjulmand,PO1,1,0,0,0,90
4648806_426620,4648806,426620,336,336,2026-02-09,Pedro Gonçalves,PO1,0,0,0,0,84
4648806_425918,4648806,425918,720,11,2026-02-09,Jakub Kiwior,PO1,0,0,0,0,63
4648806_424784,4648806,424784,336,336,2026-02-09,Luis Suárez,PO1,1,0,1,0,90
4648806_412669,4648806,412669,336,336,2026-02-09,Francisco Trincão,PO1,0,0,0,0,90
4626044_445939,4626044,445939,281,281,2026-02-08,Omar Marmoush,GB1,1,0,0,0,61
4626044_607223,4626044,607223,281,281,2026-02-08,Rayan Cherki,GB1,0,0,0,0,29
4626044_601883,4626044,601883,281,281,2026-02-08,Matheus Nunes,GB1,0,0,0,1,90
4626044_598577,4626044,598577,31,31,2026-02-08,Florian Wirtz,GB1,0,0,0,0,90
4626044_583255,4626044,583255,281,281,2026-02-08,Antoine Semenyo,GB1,0,0,0,0,90
4626044_578391,4626044,578391,281,281,2026-02-08,Rayan Aït-Nouri,GB1,0,0,0,0,90
4626044_534033,4626044,534033,31,31,2026-02-08,Alexis Mac Allister,GB1,0,0,0,0,90
4626044_478573,4626044,478573,31,31,2026-02-08,Ryan Gravenberch,GB1,0,0,0,0,90
4626044_451276,4626044,451276,31,31,2026-02-08,Dominik Szoboszlai,GB1,0,0,1,0,90
4626044_315858,4626044,315858,281,281,2026-02-08,Gianluigi Donnarumma,GB1,0,0,0,0,90
4626044_434675,4626044,434675,31,31,2026-02-08,Cody Gakpo,GB1,0,0,0,0,85
4626044_433188,4626044,433188,31,31,2026-02-08,Curtis Jones,GB1,0,0,0,0,5
4626044_418560,4626044,418560,281,281,2026-02-08,Erling Haaland,GB1,1,0,1,1,90
4626044_392757,4626044,392757,281,281,2026-02-08,Marc Guéhi,GB1,1,0,0,0,90
4626044_357565,4626044,357565,281,281,2026-02-08,Rodri,GB1,0,0,0,0,90
4626044_357119,4626044,357119,31,31,2026-02-08,Ibrahima Konaté,GB1,0,0,0,0,90
4626044_730861,4626044,730861,31,31,2026-02-08,Milos Kerkez,GB1,0,0,0,0,90
4626044_258004,4626044,258004,281,281,2026-02-08,Rúben Dias,GB1,0,0,0,0,29
4626044_709726,4626044,709726,31,31,2026-02-08,Hugo Ekitiké,GB1,0,0,0,0,90
4634324_223967,4634324,223967,27,27,2026-02-08,Konrad Laimer,L1,0,0,0,0,10
4626044_743413,4626044,743413,281,281,2026-02-08,Nico O'Reilly,GB1,0,0,0,0,90
4626044_763079,4626044,763079,281,281,2026-02-08,Abdukodir Khusanov,GB1,0,0,0,0,61
4634324_776890,4634324,776890,27,27,2026-02-08,Nicolas Jackson,L1,0,0,0,0,22
4634324_667457,4634324,667457,533,533,2026-02-08,Leon Avdullahu,L1,1,0,0,0,81
4634324_580195,4634324,580195,27,27,2026-02-08,Jamal Musiala,L1,0,0,0,1,27
4634324_579459,4634324,579459,533,533,2026-02-08,Albian Hajdari,L1,0,0,0,0,90
4634324_566723,4634324,566723,27,27,2026-02-08,Michael Olise,L1,1,0,0,1,63
4634324_524290,4634324,524290,533,533,2026-02-08,Fisnik Asllani,L1,0,0,0,1,66
4634324_792380,4634324,792380,27,27,2026-02-08,Aleksandar Pavlovic,L1,0,0,0,0,90
4634324_483046,4634324,483046,27,27,2026-02-08,Josip Stanisic,L1,0,0,0,0,90
4634324_480692,4634324,480692,27,27,2026-02-08,Luis Díaz,L1,0,0,3,2,90
4634324_424204,4634324,424204,27,27,2026-02-08,Alphonso Davies,L1,0,0,0,0,80
4634324_344695,4634324,344695,27,27,2026-02-08,Dayot Upamecano,L1,0,0,0,0,90
4626040_973085,4626040,973085,1237,1237,2026-02-08,Carlos Baleba,GB1,0,0,0,0,71
4634324_196357,4634324,196357,27,27,2026-02-08,Jonathan Tah,L1,1,0,0,0,63
4634324_161056,4634324,161056,27,27,2026-02-08,Joshua Kimmich,L1,0,0,0,0,90
4634324_132098,4634324,132098,27,27,2026-02-08,Harry Kane,L1,0,0,2,1,68
4634324_1075147,4634324,1075147,27,27,2026-02-08,Lennart Karl,L1,0,0,0,0,27
4634324_1067904,4634324,1067904,533,533,2026-02-08,Bazoumana Touré,L1,0,0,0,0,71
4626040_996897,4626040,996897,1237,1237,2026-02-08,Diego Gómez,GB1,1,0,0,0,19
4620943_470394,4620943,470394,398,398,2026-02-08,Kenneth Taylor,IT1,1,0,0,0,90
4626040_867688,4626040,867688,1237,1237,2026-02-08,Jack Hinshelwood,GB1,0,0,0,0,8
4626040_744149,4626040,744149,873,873,2026-02-08,Adam Wharton,GB1,0,0,0,0,90
4620947_406625,4620947,406625,46,46,2026-02-08,Lautaro Martínez,IT1,0,0,1,0,76
4620947_318528,4620947,318528,46,46,2026-02-08,Marcus Thuram,IT1,0,0,1,0,76
4620947_315853,4620947,315853,46,46,2026-02-08,Alessandro Bastoni,IT1,0,0,0,0,63
4620947_198116,4620947,198116,46,46,2026-02-08,Federico Dimarco,IT1,1,0,0,3,90
4620944_855308,4620944,855308,410,410,2026-02-08,Arthur Atta,IT1,0,0,0,0,90
4620943_845654,4620943,845654,506,506,2026-02-08,Kenan Yıldız,IT1,0,0,0,0,90
4620943_618341,4620943,618341,398,398,2026-02-08,Mario Gila,IT1,0,0,0,0,77
4620943_585949,4620943,585949,506,506,2026-02-08,Pierre Kalulu,IT1,0,0,1,0,90
4620943_533738,4620943,533738,506,506,2026-02-08,Jonathan David,IT1,0,0,0,0,90
4620943_516716,4620943,516716,506,506,2026-02-08,Bremer,IT1,0,0,0,0,90
4620943_463618,4620943,463618,506,506,2026-02-08,Khéphren Thuram,IT1,0,0,0,0,90
4620943_368887,4620943,368887,506,506,2026-02-08,Loïs Openda,IT1,0,0,0,0,7
4620943_332697,4620943,332697,506,506,2026-02-08,Weston McKennie,IT1,0,0,1,0,84
4620943_265088,4620943,265088,506,506,2026-02-08,Manuel Locatelli,IT1,0,0,0,0,83
4620940_849520,4620940,849520,1025,1025,2026-02-08,Santiago Castro,IT1,0,0,0,0,33
4620940_672381,4620940,672381,1025,244,2026-02-08,Jonathan Rowe,IT1,0,0,0,0,87
4634332_1390649,4634332,1390649,23826,23826,2026-02-08,Yan Diomande,L1,0,0,0,0,82
4620947_441986,4620947,441986,46,46,2026-02-08,Yann Bisseck,IT1,0,0,1,0,90
4620947_668207,4620947,668207,46,46,2026-02-08,Petar Sučić,IT1,0,0,0,0,90
4620947_679423,4620947,679423,6574,6574,2026-02-08,Tarik Muharemović,IT1,0,0,0,0,90
4626040_434224,4626040,434224,873,873,2026-02-08,Maxence Lacroix,GB1,0,0,0,0,90
4626040_730893,4626040,730893,873,873,2026-02-08,Tyrick Mitchell,GB1,0,0,0,0,90
4626040_578539,4626040,578539,873,873,2026-02-08,Chris Richards,GB1,0,0,0,0,90
4626040_568157,4626040,568157,873,1050,2026-02-08,Yéremy Pino,GB1,0,0,0,0,56
4626040_565093,4626040,565093,1237,1237,2026-02-08,Bart Verbruggen,GB1,0,0,0,0,90
4626040_538977,4626040,538977,1237,1237,2026-02-08,Georginio Rutter,GB1,0,0,0,0,82
4626040_500689,4626040,500689,873,873,2026-02-08,Evann Guessand,GB1,0,0,0,1,34
4626040_470607,4626040,470607,873,148,2026-02-08,Brennan Johnson,GB1,0,0,0,0,2
4626040_429983,4626040,429983,873,543,2026-02-08,Jørgen Strand Larsen,GB1,1,0,0,0,90
4620947_827734,4620947,827734,46,46,2026-02-08,Ange-Yoan Bonny,IT1,0,0,0,0,14
4626040_410225,4626040,410225,873,873,2026-02-08,Ismaïla Sarr,GB1,0,0,1,0,88
4626040_369316,4626040,369316,1237,1237,2026-02-08,Ferdi Kadıoğlu,GB1,0,0,0,0,90
4626040_258919,4626040,258919,873,873,2026-02-08,Dean Henderson,GB1,0,0,0,0,90
4626040_1060087,4626040,1060087,1237,1237,2026-02-08,Charalampos Kostoulas,GB1,0,0,0,0,82
4626040_1012534,4626040,1012534,1237,1237,2026-02-08,Yankuba Minteh,GB1,0,0,0,0,19
4620947_930781,4620947,930781,46,46,2026-02-08,Pio Esposito,IT1,0,0,0,0,14
4620947_921655,4620947,921655,6574,6574,2026-02-08,Ismaël Koné,IT1,0,0,0,0,90
4634332_1168219,4634332,1168219,3,3,2026-02-08,Said El Mala,L1,0,0,0,0,90
4641361_990148,4641361,990148,1184,1184,2026-02-08,Konstantinos Karetsas,BE1,0,0,0,1,90
4634332_318204,4634332,318204,23826,23826,2026-02-08,David Raum,L1,1,0,0,1,90
4641548_408574,4641548,408574,383,383,2026-02-08,Joey Veerman,NL1,0,0,0,0,90
4645818_406040,4645818,406040,13,800,2026-02-08,Ademola Lookman,ES1,1,0,0,0,70
4645818_404418,4645818,404418,13,13,2026-02-08,Dávid Hancko,ES1,0,0,0,0,90
4645817_938729,4645817,938729,621,621,2026-02-08,Mikel Jauregizar,ES1,0,0,0,0,63
4645817_709187,4645817,709187,621,621,2026-02-08,Nico Williams,ES1,0,0,0,0,76
4645814_935230,4645814,935230,418,418,2026-02-08,Gonzalo García,ES1,0,0,0,0,76
4645814_890290,4645814,890290,418,418,2026-02-08,Dean Huijsen,ES1,0,0,0,1,90
4645814_861410,4645814,861410,418,418,2026-02-08,Arda Güler,ES1,0,0,0,0,82
4645814_834764,4645814,834764,1049,1049,2026-02-08,Javi Guerra,ES1,0,0,0,0,9
4645814_811778,4645814,811778,418,418,2026-02-08,Álvaro Carreras,ES1,1,0,1,0,90
4645814_640428,4645814,640428,418,418,2026-02-08,Eduardo Camavinga,ES1,0,0,0,0,90
4645814_413112,4645814,413112,418,418,2026-02-08,Aurélien Tchouaméni,ES1,0,0,0,0,90
4645814_369081,4645814,369081,418,418,2026-02-08,Federico Valverde,ES1,0,0,0,0,90
4645814_342229,4645814,342229,418,418,2026-02-08,Kylian Mbappé,ES1,0,0,1,0,90
4645814_314678,4645814,314678,418,418,2026-02-08,Brahim Díaz,ES1,0,0,0,1,14
4645814_314353,4645814,314353,418,418,2026-02-08,Trent Alexander-Arnold,ES1,0,0,0,0,14
4645814_1057316,4645814,1057316,418,418,2026-02-08,Franco Mastantuono,ES1,0,0,0,0,8
4645813_1005575,4645813,1005575,12321,12321,2026-02-08,Vitor Reis,ES1,0,0,0,0,90
4645818_548111,4645818,548111,13,13,2026-02-08,Álex Baena,ES1,1,0,0,0,45
4645818_576024,4645818,576024,13,13,2026-02-08,Julián Alvarez,ES1,0,0,0,0,45
4645818_602105,4645818,602105,150,150,2026-02-08,Antony,ES1,0,0,1,0,87
4648801_324503,4648801,324503,294,294,2026-02-08,Vangelis Pavlidis,PO1,0,0,0,0,88
4665123_964426,4665123,964426,683,683,2026-02-08,Christos Mouzakitis,GR1,0,0,0,0,5
4648807_606752,4648807,606752,1075,1075,2026-02-08,Rodrigo Zalazar,PO1,0,0,0,0,82
4648801_670103,4648801,670103,294,294,2026-02-08,Andreas Schjelderup,PO1,0,0,1,0,85
4634332_324278,4634332,324278,23826,23826,2026-02-08,Christoph Baumgartner,L1,1,0,2,0,90
4648801_623325,4648801,623325,294,660,2026-02-08,Georgiy Sudakov,PO1,0,0,0,0,17
4648801_537844,4648801,537844,294,294,2026-02-08,Anatoliy Trubin,PO1,0,0,0,0,90
4648801_504087,4648801,504087,294,294,2026-02-08,Tomás Araújo,PO1,1,0,0,0,90
4647954_648779,4647954,648779,141,141,2026-02-08,Wilfried Singo,TR1,0,0,0,0,10
4645818_616631,4645818,616631,13,13,2026-02-08,Matteo Ruggeri,ES1,1,0,0,0,45
4647954_553469,4647954,553469,141,141,2026-02-08,Gabriel Sara,TR1,0,0,0,0,90
4647954_541537,4647954,541537,141,141,2026-02-08,Barış Alper Yılmaz,TR1,0,0,1,1,84
4647954_401923,4647954,401923,141,141,2026-02-08,Victor Osimhen,TR1,1,0,1,0,90
4647951_454567,4647951,454567,114,114,2026-02-08,Orkun Kökçü,TR1,0,0,1,0,90
4645818_742201,4645818,742201,13,13,2026-02-08,Giuliano Simeone,ES1,0,0,0,0,90
4645818_735568,4645818,735568,150,150,2026-02-08,Natan,ES1,0,0,0,0,90
4645818_724520,4645818,724520,150,150,2026-02-08,Abde Ezzalzouli,ES1,1,0,0,1,90
4641548_702869,4641548,702869,383,383,2026-02-08,Ismael Saibari,NL1,0,0,1,0,90
4648801_650568,4648801,650568,294,294,2026-02-08,António Silva,PO1,0,0,0,0,2
4641547_748804,4641547,748804,610,610,2026-02-08,Mika Godts,NL1,0,0,0,0,88
4635186_708265,4635186,708265,583,583,2026-02-08,Bradley Barcola,FR1,0,0,0,0,68
4635186_661171,4635186,661171,583,583,2026-02-08,Willian Pacho,FR1,0,0,0,0,90
4635186_653610,4635186,653610,244,244,2026-02-08,Igor Paixão,FR1,0,0,0,0,45
4635186_616341,4635186,616341,583,583,2026-02-08,Nuno Mendes,FR1,0,0,0,1,90
4635186_557149,4635186,557149,583,583,2026-02-08,Kang-in Lee,FR1,0,0,1,0,22
4635186_550550,4635186,550550,583,583,2026-02-08,Gonçalo Ramos,FR1,0,0,0,0,15
4635186_532826,4635186,532826,244,244,2026-02-08,Mason Greenwood,FR1,0,0,0,0,80
4635186_502670,4635186,502670,583,583,2026-02-08,Khvicha Kvaratskhelia,FR1,0,0,1,0,28
4635186_487469,4635186,487469,583,583,2026-02-08,Vitinha,FR1,1,0,0,0,90
4635186_420213,4635186,420213,244,244,2026-02-08,Quinten Timber,FR1,0,0,0,0,90
4635186_418659,4635186,418659,244,244,2026-02-08,Amine Gouiri,FR1,0,0,0,0,90
4635186_318470,4635186,318470,583,583,2026-02-08,Matvey Safonov,FR1,0,0,0,0,90
4635186_288230,4635186,288230,583,583,2026-02-08,Ousmane Dembélé,FR1,0,0,2,1,75
4635186_181767,4635186,181767,583,583,2026-02-08,Marquinhos,FR1,0,0,0,0,90
4634332_957874,4634332,957874,23826,23826,2026-02-08,Rômulo,L1,0,0,0,0,64
4634332_894914,4634332,894914,23826,23826,2026-02-08,Antonio Nusa,L1,0,0,0,0,90
4634332_404950,4634332,404950,23826,23826,2026-02-08,Nicolas Seiwald,L1,0,0,0,0,90
4641547_552655,4641547,552655,1090,1090,2026-02-08,Troy Parrott,NL1,0,0,0,0,90
4635186_670681,4635186,670681,583,583,2026-02-08,João Neves,FR1,0,0,0,0,90
4634332_700106,4634332,700106,23826,23826,2026-02-08,Brajan Gruda,L1,0,0,0,0,82
4635186_810092,4635186,810092,583,583,2026-02-08,Warren Zaïre-Emery,FR1,1,0,0,0,75
4635189_655006,4635189,655006,667,667,2026-02-08,Diego Moreira,FR1,0,0,0,0,90
4635186_890719,4635186,890719,244,244,2026-02-08,Ethan Nwaneri,FR1,0,0,0,0,45
4641359_780136,4641359,780136,2282,2282,2026-02-08,Aleksandar Stanković,BE1,0,0,0,0,90
4641359_717329,4641359,717329,2282,2282,2026-02-08,Nicolò Tresoldi,BE1,0,0,1,0,85
4635193_597659,4635193,597659,415,415,2026-02-08,Charlie Cresswell,FR1,0,0,0,0,90
4635189_849410,4635189,849410,667,667,2026-02-08,Valentín Barco,FR1,0,0,0,0,90
4635189_834397,4635189,834397,667,667,2026-02-08,Mike Penders,FR1,0,0,0,0,90
4635189_660867,4635189,660867,667,667,2026-02-08,Julio Enciso,FR1,0,0,0,0,83
4641359_893661,4641359,893661,2282,2282,2026-02-08,Joel Ordóñez,BE1,0,0,1,0,90
4635189_1064871,4635189,1064871,667,667,2026-02-08,Joaquín Panichelli,FR1,0,0,0,0,90
4635187_745200,4635187,745200,162,162,2026-02-08,Maghnes Akliouche,FR1,0,0,0,0,90
4635187_503770,4635187,503770,162,162,2026-02-08,Folarin Balogun,FR1,1,0,0,0,90
4635187_334526,4635187,334526,162,162,2026-02-08,Denis Zakaria,FR1,0,0,0,0,90
4635186_914562,4635186,914562,583,583,2026-02-08,Désiré Doué,FR1,0,0,0,0,62
4635187_918969,4635187,918969,162,162,2026-02-08,Lamine Camara,FR1,0,0,0,0,90
4635186_903693,4635186,903693,583,583,2026-02-08,Senny Mayulu,FR1,0,0,0,2,75
4626042_623570,4626042,623570,29,29,2026-02-07,Iliman Ndiaye,GB1,0,0,0,0,90
4626045_258889,4626045,258889,148,148,2026-02-07,Dominic Solanke,GB1,0,0,0,0,80
4626045_240306,4626045,240306,985,985,2026-02-07,Bruno Fernandes,GB1,0,0,1,0,90
4626042_937941,4626042,937941,29,29,2026-02-07,Thierno Barry,GB1,0,0,0,0,69
4626042_900195,4626042,900195,931,660,2026-02-07,Kevin,GB1,0,0,0,0,15
4626042_661207,4626042,661207,931,281,2026-02-07,Oscar Bobb,GB1,0,0,0,0,7
4626042_661053,4626042,661053,29,29,2026-02-07,Jarrad Branthwaite,GB1,0,0,0,0,5
4626042_404842,4626042,404842,29,29,2026-02-07,Vitaliy Mykolenko,GB1,1,0,0,1,85
4626042_505219,4626042,505219,29,29,2026-02-07,James Garner,GB1,1,0,0,0,90
4626042_475188,4626042,475188,29,29,2026-02-07,Kiernan Dewsbury-Hall,GB1,0,0,1,1,90
4626042_333014,4626042,333014,931,931,2026-02-07,Sander Berge,GB1,0,0,0,0,90
4626042_279455,4626042,279455,931,931,2026-02-07,Harry Wilson,GB1,0,0,0,0,90
4626041_880245,4626041,880245,379,379,2026-02-07,Mateus Fernandes,GB1,0,0,0,1,90
4626041_842341,4626041,842341,1132,1132,2026-02-07,Maxime Estève,GB1,0,0,0,0,90
4626046_388165,4626046,388165,762,762,2026-02-07,Yoane Wissa,GB1,0,0,0,0,65
4626041_522784,4626041,522784,379,379,2026-02-07,Taty Castellanos,GB1,0,0,1,0,79
4626045_355915,4626045,355915,148,148,2026-02-07,Cristian Romero,GB1,0,0,0,0,29
4626045_556385,4626045,556385,148,148,2026-02-07,Destiny Udogie,GB1,1,0,0,0,55
4626045_357147,4626045,357147,985,985,2026-02-07,Diogo Dalot,GB1,0,0,0,1,90
4626045_413039,4626045,413039,985,985,2026-02-07,Bryan Mbeumo,GB1,0,0,1,0,87
4626041_314875,4626041,314875,379,379,2026-02-07,Jarrod Bowen,GB1,0,0,0,0,90
4626046_361093,4626046,361093,762,762,2026-02-07,Sven Botman,GB1,0,0,1,0,90
4626046_340918,4626046,340918,1148,1148,2026-02-07,Caoimhín Kelleher,GB1,0,0,0,0,90
4626045_922693,4626045,922693,148,148,2026-02-07,Archie Gray,GB1,0,0,0,0,90
4626045_820374,4626045,820374,985,985,2026-02-07,Kobbie Mainoo,GB1,0,0,0,1,90
4626045_627442,4626045,627442,985,985,2026-02-07,Benjamin Sesko,GB1,0,0,0,0,15
4626045_568693,4626045,568693,148,148,2026-02-07,Pape Matar Sarr,GB1,0,0,0,0,90
4626045_566931,4626045,566931,148,23826,2026-02-07,Xavi Simons,GB1,0,0,0,0,90
4626045_557459,4626045,557459,148,148,2026-02-07,Micky van de Ven,GB1,0,0,0,0,90
4626045_536835,4626045,536835,985,985,2026-02-07,Amad Diallo,GB1,1,0,0,0,90
4626045_517894,4626045,517894,985,985,2026-02-07,Matheus Cunha,GB1,0,0,0,0,75
4626045_503883,4626045,503883,985,1096,2026-02-07,Senne Lammens,GB1,0,0,0,0,90
4626045_488362,4626045,488362,148,148,2026-02-07,Conor Gallagher,GB1,0,0,0,0,80
4626045_480762,4626045,480762,985,985,2026-02-07,Lisandro Martínez,GB1,0,0,0,0,90
4626045_476701,4626045,476701,985,985,2026-02-07,Manuel Ugarte,GB1,0,0,0,0,3
4626041_474701,4626041,474701,379,379,2026-02-07,Crysencio Summerville,GB1,0,0,1,0,90
4626038_646991,4626038,646991,289,289,2026-02-07,Robin Roefs,GB1,0,0,0,0,90
4626041_1111589,4626041,1111589,379,379,2026-02-07,El Hadji Malick Diouf,GB1,1,0,0,1,79
4626038_503987,4626038,503987,11,11,2026-02-07,Noni Madueke,GB1,0,0,0,0,60
4626038_495666,4626038,495666,11,11,2026-02-07,William Saliba,GB1,1,0,0,0,90
4626038_479999,4626038,479999,11,11,2026-02-07,Eberechi Eze,GB1,0,0,0,0,23
4626038_473169,4626038,473169,289,289,2026-02-07,Brian Brobbey,GB1,1,0,0,0,85
4626038_435338,4626038,435338,11,11,2026-02-07,Gabriel,GB1,0,0,0,0,90
4626038_423440,4626038,423440,11,11,2026-02-07,Martín Zubimendi,GB1,0,0,1,0,90
4626038_420243,4626038,420243,11,11,2026-02-07,Jurriën Timber,GB1,0,0,0,0,90
4626038_357662,4626038,357662,11,11,2026-02-07,Declan Rice,GB1,0,0,0,0,90
4626038_325443,4626038,325443,11,11,2026-02-07,Viktor Gyökeres,GB1,0,0,2,0,30
4626038_309400,4626038,309400,11,11,2026-02-07,Kai Havertz,GB1,0,0,0,1,67
4626038_262749,4626038,262749,11,11,2026-02-07,David Raya,GB1,0,0,0,0,90
4620942_610442,4620942,610442,6195,6195,2026-02-07,Rasmus Højlund,IT1,0,0,2,0,90
4620942_386446,4620942,386446,6195,6195,2026-02-07,Alessandro Buongiorno,IT1,0,0,0,0,60
4620942_315969,4620942,315969,6195,6195,2026-02-07,Scott McTominay,IT1,0,0,1,0,45
4620941_364135,4620941,364135,430,430,2026-02-07,Moise Kean,IT1,0,0,1,0,85
4626046_398065,4626046,398065,762,762,2026-02-07,Harvey Barnes,GB1,0,0,0,0,90
4626038_502821,4626038,502821,11,11,2026-02-07,Riccardo Calafiori,GB1,0,0,0,0,67
4626038_633992,4626038,633992,289,289,2026-02-07,Enzo Le Fée,GB1,0,0,0,0,90
4626039_955357,4626039,955357,989,989,2026-02-07,Junior Kroupi,GB1,0,0,0,0,65
4626038_655488,4626038,655488,11,11,2026-02-07,Gabriel Martinelli,GB1,0,0,0,1,30
4626039_855256,4626039,855256,989,989,2026-02-07,Alex Scott,GB1,0,0,0,0,90
4626039_711337,4626039,711337,989,989,2026-02-07,Evanilson,GB1,0,0,0,0,90
4626039_654539,4626039,654539,989,989,2026-02-07,Adrien Truffert,GB1,0,0,0,0,90
4626039_503743,4626039,503743,405,405,2026-02-07,Morgan Rogers,GB1,0,0,1,0,90
4626039_485706,4626039,485706,405,405,2026-02-07,Amadou Onana,GB1,0,0,0,0,90
4626039_485585,4626039,485585,405,405,2026-02-07,Ian Maatsen,GB1,0,0,0,0,13
4626039_469781,4626039,469781,989,989,2026-02-07,Marcos Senesi,GB1,0,0,0,0,90
4626039_465555,4626039,465555,989,989,2026-02-07,Djordje Petrovic,GB1,0,0,0,0,90
4626039_413403,4626039,413403,405,405,2026-02-07,Ezri Konsa,GB1,0,0,0,0,90
4626039_324358,4626039,324358,405,405,2026-02-07,Ollie Watkins,GB1,0,0,0,0,86
4626039_1012564,4626039,1012564,989,989,2026-02-07,Rayan,GB1,0,0,1,0,87
4626038_876631,4626038,876631,289,289,2026-02-07,Habib Diarra,GB1,1,0,0,0,90
4626038_743384,4626038,743384,289,289,2026-02-07,Chemsdine Talbi,GB1,0,0,0,0,64
4626038_727089,4626038,727089,289,289,2026-02-07,Noah Sadiki,GB1,0,0,0,0,71
4626038_659813,4626038,659813,11,11,2026-02-07,Piero Hincapié,GB1,0,0,0,0,23
4626046_397033,4626046,397033,762,762,2026-02-07,Sandro Tonali,GB1,0,0,0,0,87
4634326_643574,4634326,643574,39,39,2026-02-07,Kaishu Sano,L1,0,0,0,0,90
4626046_455661,4626046,455661,762,762,2026-02-07,Nick Woltemade,GB1,0,0,0,0,45
4635192_1004301,4635192,1004301,273,273,2026-02-07,Jérémy Jacquet,FR1,0,0,0,0,69
4635191_618494,4635191,618494,1041,1041,2026-02-07,Tyler Morton,FR1,0,0,0,0,90
4634331_892160,4634331,892160,41,148,2026-02-07,Luka Vuskovic,L1,0,0,0,0,90
4634330_924117,4634330,924117,79,79,2026-02-07,Finn Jeltsch,L1,0,0,0,0,90
4634330_518505,4634330,518505,79,79,2026-02-07,Jamie Leweling,L1,0,0,1,0,45
4634330_443710,4634330,443710,79,79,2026-02-07,Angelo Stiller,L1,0,0,0,0,90
4634330_436064,4634330,436064,79,79,2026-02-07,Ramon Hendriks,L1,0,0,0,0,90
4634328_796297,4634328,796297,16,16,2026-02-07,Jobe Bellingham,L1,0,0,0,0,90
4634328_669380,4634328,669380,82,82,2026-02-07,Konstantinos Koulierakis,L1,0,0,1,0,90
4634328_578392,4634328,578392,16,16,2026-02-07,Maximilian Beier,L1,0,0,0,0,90
4634328_406640,4634328,406640,16,16,2026-02-07,Felix Nmecha,L1,0,0,0,0,88
4634328_388198,4634328,388198,16,16,2026-02-07,Nico Schlotterbeck,L1,1,0,0,0,90
4634328_370789,4634328,370789,16,16,2026-02-07,Julian Ryerson,L1,0,0,0,1,69
4634328_270541,4634328,270541,16,16,2026-02-07,Serhou Guirassy,L1,0,0,1,0,90
4634328_257814,4634328,257814,16,16,2026-02-07,Gregor Kobel,L1,0,0,0,0,90
4634327_718303,4634327,718303,15,1090,2026-02-07,Ernest Poku,L1,0,0,0,0,45
4635191_971570,4635191,971570,1041,418,2026-02-07,Endrick,FR1,0,0,0,0,61
4635192_461607,4635192,461607,273,273,2026-02-07,Estéban Lepaul,FR1,0,0,1,0,90
4634327_564545,4634327,564545,15,15,2026-02-07,Edmond Tapsoba,L1,0,0,0,0,90
4635192_655217,4635192,655217,826,826,2026-02-07,Samson Baidoo,FR1,0,0,0,0,60
4645819_962110,4645819,962110,131,131,2026-02-07,Pau Cubarsí,ES1,0,0,0,0,90
4645819_937958,4645819,937958,131,131,2026-02-07,Lamine Yamal,ES1,0,0,1,0,78
4645819_636703,4645819,636703,131,131,2026-02-07,Fermín López,ES1,0,0,0,1,84
4645819_636688,4645819,636688,131,131,2026-02-07,Alejandro Balde,ES1,0,0,0,0,90
4645819_561613,4645819,561613,131,131,2026-02-07,Joan García,ES1,0,0,0,0,90
4645819_466794,4645819,466794,131,131,2026-02-07,Eric García,ES1,0,0,0,0,90
4645819_411975,4645819,411975,131,131,2026-02-07,Jules Koundé,ES1,0,0,0,0,90
4645819_398184,4645819,398184,131,131,2026-02-07,Ferran Torres,ES1,0,0,0,0,23
4645819_293385,4645819,293385,131,131,2026-02-07,Dani Olmo,ES1,0,0,0,2,67
4645819_258923,4645819,258923,131,131,2026-02-07,Marcus Rashford,ES1,0,0,0,0,67
4645819_1018920,4645819,1018920,131,131,2026-02-07,Marc Bernal,ES1,0,0,1,0,23
4645811_711374,4645811,711374,681,681,2026-02-07,Jon Gorrotxategi,ES1,0,0,0,1,90
4645811_351478,4645811,351478,681,681,2026-02-07,Mikel Oyarzabal,ES1,0,0,1,0,82
4635192_808348,4635192,808348,826,826,2026-02-07,Mamadou Sangaré,FR1,1,0,0,0,89
4635192_743515,4635192,743515,826,826,2026-02-07,Robin Risser,FR1,0,0,0,1,90
4634327_632349,4634327,632349,15,15,2026-02-07,Jarell Quansah,L1,0,0,0,0,90
4634330_654982,4634330,654982,79,79,2026-02-07,Bilal El Khannouss,L1,0,0,0,0,45
4634327_467437,4634327,467437,15,15,2026-02-07,Malik Tillman,L1,0,0,0,0,90
4626047_487465,4626047,487465,631,631,2026-02-07,Pedro Neto,GB1,0,0,0,0,90
4626047_346314,4626047,346314,631,631,2026-02-07,Trevoh Chalobah,GB1,0,0,0,0,90
4626047_284857,4626047,284857,631,631,2026-02-07,Marc Cucurella,GB1,1,0,0,1,90
4626047_1004708,4626047,1004708,631,631,2026-02-07,Josh Acheampong,GB1,0,0,0,0,15
4626046_823486,4626046,823486,1148,1148,2026-02-07,Michael Kayode,GB1,0,0,0,0,90
4626046_823231,4626046,823231,1148,1148,2026-02-07,Dango Ouattara,GB1,0,0,1,1,90
4626046_739443,4626046,739443,1148,1148,2026-02-07,Igor Thiago,GB1,1,0,1,0,90
4626046_717411,4626046,717411,1148,1148,2026-02-07,Yegor Yarmolyuk,GB1,0,0,0,0,34
4626046_670858,4626046,670858,762,762,2026-02-07,Lewis Hall,GB1,1,0,0,0,90
4626046_644401,4626046,644401,1148,1148,2026-02-07,Keane Lewis-Potter,GB1,0,0,0,0,80
4626046_609556,4626046,609556,762,762,2026-02-07,William Osula,GB1,0,0,0,0,25
4626046_583189,4626046,583189,762,762,2026-02-07,Anthony Elanga,GB1,0,0,0,0,45
4634327_401578,4634327,401578,15,15,2026-02-07,Exequiel Palacios,L1,1,0,0,0,25
4626046_540941,4626046,540941,1148,1148,2026-02-07,Mikkel Damsgaard,GB1,0,0,0,0,3
4626046_521964,4626046,521964,762,762,2026-02-07,Malick Thiaw,GB1,0,0,0,0,90
4626046_520624,4626046,520624,762,762,2026-02-07,Bruno Guimarães,GB1,0,0,1,1,90
4626047_475411,4626047,475411,631,631,2026-02-07,Wesley Fofana,GB1,0,0,0,0,90
4626046_541231,4626046,541231,1148,1148,2026-02-07,Sepp van den Berg,GB1,0,0,0,0,90
4626047_568177,4626047,568177,631,631,2026-02-07,Cole Palmer,GB1,0,0,3,0,61
4626047_811779,4626047,811779,631,631,2026-02-07,Alejandro Garnacho,GB1,0,0,0,0,29
4626047_610849,4626047,610849,631,631,2026-02-07,Liam Delap,GB1,0,0,0,0,15
4634327_1364454,4634327,1364454,15,15,2026-02-07,Christian Kofane,L1,0,0,0,0,10
4626046_503749,4626046,503749,762,762,2026-02-07,Jacob Ramsey,GB1,0,0,0,0,3
4634325_927353,4634325,927353,60,60,2026-02-07,Johan Manzambi,L1,0,0,0,0,52
4634325_668606,4634325,668606,60,60,2026-02-07,Yuito Suzuki,L1,0,0,0,0,34
4634325_1084638,4634325,1084638,86,86,2026-02-07,Karim Coulibaly,L1,0,0,0,0,90
4626047_904802,4626047,904802,631,631,2026-02-07,Jorrel Hato,GB1,0,0,0,0,6
4634325_526845,4634325,526845,60,60,2026-02-07,Noah Atubolu,L1,0,0,0,0,90
4626047_743600,4626047,743600,631,631,2026-02-07,Andrey Santos,GB1,0,0,0,0,84
4626047_735570,4626047,735570,543,543,2026-02-07,João Gomes,GB1,0,0,0,0,90
4626047_687626,4626047,687626,631,631,2026-02-07,Moisés Caicedo,GB1,0,0,0,0,90
4626047_648195,4626047,648195,631,631,2026-02-07,Enzo Fernández,GB1,0,0,0,0,90
4626047_626724,4626047,626724,631,631,2026-02-07,João Pedro,GB1,0,0,0,2,75
4626047_620322,4626047,620322,631,631,2026-02-07,Malo Gusto,GB1,0,0,0,0,75
4626043_741238,4626043,741238,703,703,2026-02-06,Omari Hutchinson,GB1,0,0,0,1,36
4626043_346890,4626043,346890,399,399,2026-02-06,Noah Okafor,GB1,1,0,1,0,82
4626043_365108,4626043,365108,703,703,2026-02-06,Dan Ndoye,GB1,0,0,0,0,23
4626043_392768,4626043,392768,703,703,2026-02-06,Callum Hudson-Odoi,GB1,0,0,0,0,67
4626043_392771,4626043,392771,399,399,2026-02-06,Ethan Ampadu,GB1,0,0,0,0,90
4626043_413507,4626043,413507,703,703,2026-02-06,Nikola Milenković,GB1,0,0,0,0,90
4626043_429014,4626043,429014,703,703,2026-02-06,Morgan Gibbs-White,GB1,0,0,0,0,67
4626043_432164,4626043,432164,703,703,2026-02-06,Igor Jesus,GB1,0,0,0,0,54
4626043_567576,4626043,567576,703,703,2026-02-06,Elliot Anderson,GB1,0,0,0,0,90
4634329_691892,4634329,691892,24,24,2026-02-06,Nathaniel Brown,L1,0,0,1,0,90
4634329_585959,4634329,585959,24,24,2026-02-06,Arnaud Kalimuendo,L1,1,0,0,0,90
4634329_939964,4634329,939964,24,24,2026-02-06,Jean-Mattéo Bahoya,L1,0,0,0,0,23
4635194_1097139,4635194,1097139,1082,1082,2026-02-06,Ayyoub Bouaddi,FR1,0,0,0,0,90
4635194_652275,4635194,652275,1082,1082,2026-02-06,Hákon Arnar Haraldsson,FR1,0,0,0,0,71
4635194_724129,4635194,724129,1082,1082,2026-02-06,Matias Fernandez-Pardo,FR1,1,0,0,0,90
4645810_935231,4645810,935231,331,331,2026-02-06,Víctor Muñoz,ES1,0,0,0,0,90
4634329_931838,4634329,931838,24,24,2026-02-06,Hugo Larsson,L1,0,0,0,0,90
4785785_434433,4785785,434433,800,1005,2026-02-05,Nikola Krstović,CIT,0,0,0,1,15
4785785_516716,4785785,516716,506,506,2026-02-05,Bremer,CIT,0,0,0,0,90
4785785_487474,4785785,487474,506,506,2026-02-05,Francisco Conceição,CIT,0,0,0,0,80
4785785_463618,4785785,463618,506,506,2026-02-05,Khéphren Thuram,CIT,0,0,0,0,90
4785785_459763,4785785,459763,800,800,2026-02-05,Marco Carnesecchi,CIT,0,0,0,0,90
4785785_435772,4785785,435772,800,800,2026-02-05,Charles De Ketelaere,CIT,0,0,0,0,83
4785785_315867,4785785,315867,800,800,2026-02-05,Gianluca Scamacca,CIT,0,0,1,0,70
4785785_368887,4785785,368887,506,506,2026-02-05,Loïs Openda,CIT,0,0,0,0,9
4785785_332697,4785785,332697,506,506,2026-02-05,Weston McKennie,CIT,0,0,0,0,90
4785785_265088,4785785,265088,506,506,2026-02-05,Manuel Locatelli,CIT,0,0,0,0,74
4785785_1077175,4785785,1077175,800,800,2026-02-05,Honest Ahanor,CIT,0,0,0,0,90
4785785_571604,4785785,571604,800,800,2026-02-05,Giorgio Scalvini,CIT,0,0,0,0,76
4785785_533738,4785785,533738,506,506,2026-02-05,Jonathan David,CIT,0,0,0,0,74
4808019_844637,4808019,844637,13,13,2026-02-05,Marc Pubill,CDR,0,0,0,0,90
4785785_585949,4785785,585949,506,506,2026-02-05,Pierre Kalulu,CIT,0,0,0,0,90
4808019_616631,4808019,616631,13,13,2026-02-05,Matteo Ruggeri,CDR,0,0,0,1,90
4785785_607854,4785785,607854,800,800,2026-02-05,Éderson,CIT,0,0,0,0,90
4808019_742201,4808019,742201,13,13,2026-02-05,Giuliano Simeone,CDR,0,0,1,0,66
4808019_735568,4808019,735568,150,150,2026-02-05,Natan,CDR,1,0,0,0,45
4808019_724520,4808019,724520,150,150,2026-02-05,Abde Ezzalzouli,CDR,0,0,0,0,90
4808019_775605,4808019,775605,13,13,2026-02-05,Pablo Barrios,CDR,0,0,0,1,50
4808019_602105,4808019,602105,150,150,2026-02-05,Antony,CDR,0,0,0,0,73
4808019_548111,4808019,548111,13,13,2026-02-05,Álex Baena,CDR,0,0,0,0,67
4808019_406040,4808019,406040,13,800,2026-02-05,Ademola Lookman,CDR,0,0,1,1,79
4808019_404418,4808019,404418,13,13,2026-02-05,Dávid Hancko,CDR,0,0,1,0,90
4785786_827734,4785786,827734,46,46,2026-02-04,Ange-Yoan Bonny,CIT,0,0,1,0,56
4798811_445939,4798811,445939,281,281,2026-02-04,Omar Marmoush,CGB,0,0,2,0,90
4798811_418560,4798811,418560,281,281,2026-02-04,Erling Haaland,CGB,0,0,0,0,19
4798811_406635,4798811,406635,281,281,2026-02-04,Phil Foden,CGB,0,0,0,0,72
4798811_398065,4798811,398065,762,762,2026-02-04,Harvey Barnes,CGB,0,0,0,0,46
4798811_388165,4798811,388165,762,762,2026-02-04,Yoane Wissa,CGB,0,0,0,0,45
4798811_361093,4798811,361093,762,762,2026-02-04,Sven Botman,CGB,0,0,0,0,90
4798811_357565,4798811,357565,281,281,2026-02-04,Rodri,CGB,1,0,0,0,19
4785786_930781,4785786,930781,46,46,2026-02-04,Pio Esposito,CIT,1,0,0,0,34
4782525_924117,4782525,924117,79,79,2026-02-04,Finn Jeltsch,DFB,0,0,0,0,1
4785786_668207,4785786,668207,46,46,2026-02-04,Petar Sučić,CIT,1,0,0,0,34
4785786_441986,4785786,441986,46,46,2026-02-04,Yann Bisseck,CIT,0,0,0,0,16
4785786_406625,4785786,406625,46,46,2026-02-04,Lautaro Martínez,CIT,0,0,0,0,34
4785786_318528,4785786,318528,46,46,2026-02-04,Marcus Thuram,CIT,0,0,0,1,56
4798811_460939,4798811,460939,281,281,2026-02-04,Tijjani Reijnders,CGB,0,0,1,0,90
4782525_654982,4782525,654982,79,79,2026-02-04,Bilal El Khannouss,DFB,1,0,0,0,90
4782525_518505,4782525,518505,79,79,2026-02-04,Jamie Leweling,DFB,0,0,0,0,81
4782525_443710,4782525,443710,79,79,2026-02-04,Angelo Stiller,DFB,0,0,0,0,90
4782525_436064,4782525,436064,79,79,2026-02-04,Ramon Hendriks,DFB,0,0,0,0,90
4665078_964426,4665078,964426,683,683,2026-02-04,Christos Mouzakitis,GR1,0,0,0,0,26
4798811_455661,4798811,455661,762,762,2026-02-04,Nick Woltemade,CGB,0,0,0,0,45
4798811_397033,4798811,397033,762,762,2026-02-04,Sandro Tonali,CGB,0,0,0,0,90
4798811_466805,4798811,466805,281,281,2026-02-04,Nico González,CGB,1,0,0,0,83
4798811_670858,4798811,670858,762,762,2026-02-04,Lewis Hall,CGB,0,0,0,0,45
4798811_503733,4798811,503733,762,762,2026-02-04,Anthony Gordon,CGB,0,0,0,0,44
4808353_702869,4808353,702869,383,383,2026-02-04,Ismael Saibari,NLP,0,0,0,1,45
4808353_408574,4808353,408574,383,383,2026-02-04,Joey Veerman,NLP,0,0,0,0,90
4808018_938729,4808018,938729,621,621,2026-02-04,Mikel Jauregizar,CDR,0,0,0,0,90
4808018_709187,4808018,709187,621,621,2026-02-04,Nico Williams,CDR,0,0,0,1,20
4808017_1018938,4808017,1018938,681,681,2026-02-04,Jon Martín,CDR,0,0,0,0,90
4798811_763079,4798811,763079,281,281,2026-02-04,Abdukodir Khusanov,CGB,0,0,0,0,90
4798811_743413,4798811,743413,281,281,2026-02-04,Nico O'Reilly,CGB,0,0,0,0,71
4798811_701057,4798811,701057,281,281,2026-02-04,Rico Lewis,CGB,0,0,0,0,7
4808017_351478,4808017,351478,681,681,2026-02-04,Mikel Oyarzabal,CDR,0,0,1,0,90
4798811_609556,4798811,609556,762,762,2026-02-04,William Osula,CGB,0,0,0,0,14
4798811_601883,4798811,601883,281,281,2026-02-04,Matheus Nunes,CGB,1,0,0,0,90
4798811_583255,4798811,583255,281,281,2026-02-04,Antoine Semenyo,CGB,0,0,0,0,71
4798811_583189,4798811,583189,762,762,2026-02-04,Anthony Elanga,CGB,0,0,1,0,45
4798811_578391,4798811,578391,281,281,2026-02-04,Rayan Aït-Nouri,CGB,0,0,0,0,90
4798811_566799,4798811,566799,281,281,2026-02-04,James Trafford,CGB,0,0,0,0,90
4798811_521964,4798811,521964,762,762,2026-02-04,Malick Thiaw,CGB,0,0,0,1,90
4798811_607223,4798811,607223,281,281,2026-02-04,Rayan Cherki,CGB,0,0,0,0,18
4798811_503749,4798811,503749,762,762,2026-02-04,Jacob Ramsey,CGB,0,0,0,0,90
4798810_357662,4798810,357662,11,11,2026-02-03,Declan Rice,CGB,0,0,0,1,90
4798810_284857,4798810,284857,631,631,2026-02-03,Marc Cucurella,CGB,0,0,0,0,90
4798810_309400,4798810,309400,11,11,2026-02-03,Kai Havertz,CGB,0,0,1,0,21
4798810_325443,4798810,325443,11,11,2026-02-03,Viktor Gyökeres,CGB,0,0,0,0,69
4798810_346314,4798810,346314,631,631,2026-02-03,Trevoh Chalobah,CGB,0,0,0,0,90
4798810_475411,4798810,475411,631,631,2026-02-03,Wesley Fofana,CGB,0,0,0,0,90
4798810_420243,4798810,420243,11,11,2026-02-03,Jurriën Timber,CGB,0,0,0,0,90
4798810_423440,4798810,423440,11,11,2026-02-03,Martín Zubimendi,CGB,0,0,0,0,90
4798810_435338,4798810,435338,11,11,2026-02-03,Gabriel,CGB,0,0,0,0,90
4798810_479999,4798810,479999,11,11,2026-02-03,Eberechi Eze,CGB,0,0,0,0,90
4798810_1004708,4798810,1004708,631,631,2026-02-03,Josh Acheampong,CGB,0,0,0,0,3
4798810_1056993,4798810,1056993,631,631,2026-02-03,Estêvão,CGB,1,0,0,0,30
4620923_569598,4620923,569598,5,5,2026-02-03,Youssouf Fofana,IT1,0,0,0,0,90
4782526_632349,4782526,632349,15,15,2026-02-03,Jarell Quansah,DFB,0,0,0,0,90
4782526_564545,4782526,564545,15,15,2026-02-03,Edmond Tapsoba,DFB,0,0,0,0,90
4782526_467437,4782526,467437,15,15,2026-02-03,Malik Tillman,DFB,0,0,0,0,90
4782526_401578,4782526,401578,15,15,2026-02-03,Exequiel Palacios,DFB,0,0,0,0,58
4782526_1364454,4782526,1364454,15,15,2026-02-03,Christian Kofane,DFB,0,0,0,0,1
4620923_849520,4620923,849520,1025,1025,2026-02-03,Santiago Castro,IT1,0,0,0,0,54
4620923_672381,4620923,672381,1025,244,2026-02-03,Jonathan Rowe,IT1,0,0,0,0,78
4620923_608172,4620923,608172,5,5,2026-02-03,Ardon Jashari,IT1,0,0,0,0,18
4620923_574671,4620923,574671,5,5,2026-02-03,Strahinja Pavlović,IT1,0,0,0,0,90
4620923_344381,4620923,344381,5,5,2026-02-03,Christopher Nkunku,IT1,0,0,1,0,72
4798810_503987,4798810,503987,11,11,2026-02-03,Noni Madueke,CGB,0,0,0,0,69
4798810_495666,4798810,495666,11,11,2026-02-03,William Saliba,CGB,0,0,0,0,90
4808350_552655,4808350,552655,1090,1090,2026-02-03,Troy Parrott,NLP,1,0,1,1,120
4798810_568177,4798810,568177,631,631,2026-02-03,Cole Palmer,CGB,0,0,0,0,30
4808016_258923,4808016,258923,131,131,2026-02-03,Marcus Rashford,CDR,0,0,0,1,66
4798810_610849,4798810,610849,631,631,2026-02-03,Liam Delap,CGB,1,0,0,0,60
4808016_962110,4808016,962110,131,131,2026-02-03,Pau Cubarsí,CDR,0,0,0,0,45
4808016_937958,4808016,937958,131,131,2026-02-03,Lamine Yamal,CDR,0,0,1,0,90
4808016_705395,4808016,705395,131,131,2026-02-03,Gerard Martín,CDR,0,0,0,0,90
4808016_636703,4808016,636703,131,131,2026-02-03,Fermín López,CDR,0,0,0,0,24
4808016_561613,4808016,561613,131,131,2026-02-03,Joan García,CDR,0,0,0,0,90
4808016_411975,4808016,411975,131,131,2026-02-03,Jules Koundé,CDR,0,0,0,0,12
4808016_398184,4808016,398184,131,131,2026-02-03,Ferran Torres,CDR,0,0,0,0,24
4808016_326330,4808016,326330,131,131,2026-02-03,Frenkie de Jong,CDR,0,0,0,1,90
4808016_293385,4808016,293385,131,131,2026-02-03,Dani Olmo,CDR,0,0,0,0,90
4808016_466794,4808016,466794,131,131,2026-02-03,Eric García,CDR,0,0,0,0,90
4808016_1018920,4808016,1018920,131,131,2026-02-03,Marc Bernal,CDR,0,0,0,0,66
4798810_659813,4798810,659813,11,11,2026-02-03,Piero Hincapié,CGB,0,0,0,0,90
4798810_904802,4798810,904802,631,631,2026-02-03,Jorrel Hato,CGB,0,0,0,0,60
4798810_626724,4798810,626724,631,631,2026-02-03,João Pedro,CGB,0,0,0,0,90
4798810_648195,4798810,648195,631,631,2026-02-03,Enzo Fernández,CGB,0,0,0,0,90
4798810_655488,4798810,655488,11,11,2026-02-03,Gabriel Martinelli,CGB,0,0,0,0,90
4798810_620322,4798810,620322,631,631,2026-02-03,Malo Gusto,CGB,1,0,0,0,87
4798810_687626,4798810,687626,631,631,2026-02-03,Moisés Caicedo,CGB,0,0,0,0,90
4798810_743600,4798810,743600,631,631,2026-02-03,Andrey Santos,CGB,0,0,0,0,75
4798810_811779,4798810,811779,631,631,2026-02-03,Alejandro Garnacho,CGB,0,0,0,0,15
4626035_743384,4626035,743384,289,289,2026-02-02,Chemsdine Talbi,GB1,0,0,1,0,80
4620932_326029,4620932,326029,12,12,2026-02-02,Donyell Malen,IT1,0,0,0,0,90
4620932_338670,4620932,338670,12,12,2026-02-02,Mile Svilar,IT1,0,0,0,0,90
4620932_668951,4620932,668951,12,12,2026-02-02,Matías Soulé,IT1,0,0,0,0,79
4620932_813137,4620932,813137,12,12,2026-02-02,Niccolò Pisilli,IT1,0,0,0,0,12
4620932_855308,4620932,855308,410,410,2026-02-02,Arthur Atta,IT1,0,0,0,0,90
4620932_964580,4620932,964580,12,12,2026-02-02,Wesley,IT1,0,0,0,0,90
4626035_473169,4626035,473169,289,289,2026-02-02,Brian Brobbey,GB1,0,0,0,0,80
4626035_633992,4626035,633992,289,289,2026-02-02,Enzo Le Fée,GB1,0,0,0,0,90
4626035_646991,4626035,646991,289,289,2026-02-02,Robin Roefs,GB1,0,0,0,0,90
4626035_727089,4626035,727089,289,289,2026-02-02,Noah Sadiki,GB1,0,0,0,0,90
4620932_371149,4620932,371149,12,12,2026-02-02,Evan Ndicka,IT1,1,0,0,0,90
4626035_842341,4626035,842341,1132,1132,2026-02-02,Maxime Estève,GB1,0,0,0,0,90
4648822_357153,4648822,357153,720,720,2026-02-02,Diogo Costa,PO1,0,0,0,0,90
4626035_876631,4626035,876631,289,289,2026-02-02,Habib Diarra,GB1,0,0,1,0,80
4648822_991268,4648822,991268,720,720,2026-02-02,Samu Aghehowa,PO1,0,0,0,0,90
4648822_756990,4648822,756990,720,720,2026-02-02,Alan Varela,PO1,0,0,0,0,57
4648822_699704,4648822,699704,720,720,2026-02-02,Gabri Veiga,PO1,0,0,0,0,90
4648822_926993,4648822,926993,720,720,2026-02-02,Victor Froholdt,PO1,0,0,0,0,33
4648822_1162012,4648822,1162012,720,720,2026-02-02,Oskar Pietuszewski,PO1,0,0,0,0,20
4648822_1004725,4648822,1004725,720,720,2026-02-02,William Gomes,PO1,0,0,0,0,22
4648821_606752,4648821,606752,1075,1075,2026-02-02,Rodrigo Zalazar,PO1,0,0,1,0,90
4647945_465830,4647945,465830,36,398,2026-02-02,Mattéo Guendouzi,TR1,0,0,0,0,90
4626034_429014,4626034,429014,703,703,2026-02-01,Morgan Gibbs-White,GB1,0,0,1,0,90
4626033_900195,4626033,900195,931,660,2026-02-01,Kevin,GB1,0,0,1,0,19
4626034_413507,4626034,413507,703,703,2026-02-01,Nikola Milenković,GB1,1,0,0,0,90
4626034_410225,4626034,410225,873,873,2026-02-01,Ismaïla Sarr,GB1,0,0,1,0,90
4626034_392768,4626034,392768,703,703,2026-02-01,Callum Hudson-Odoi,GB1,0,0,0,0,45
4626034_365108,4626034,365108,703,703,2026-02-01,Dan Ndoye,GB1,0,0,0,0,20
4626034_258919,4626034,258919,873,873,2026-02-01,Dean Henderson,GB1,0,0,0,0,90
4626034_1005649,4626034,1005649,703,703,2026-02-01,Murillo,GB1,0,0,0,0,90
4626033_923831,4626033,923831,985,985,2026-02-01,Leny Yoro,GB1,0,0,0,0,1
4626033_503883,4626033,503883,985,1096,2026-02-01,Senne Lammens,GB1,0,0,0,0,90
4626033_820374,4626033,820374,985,985,2026-02-01,Kobbie Mainoo,GB1,0,0,0,0,90
4626033_627442,4626033,627442,985,985,2026-02-01,Benjamin Sesko,GB1,0,0,1,0,16
4626033_536835,4626033,536835,985,985,2026-02-01,Amad Diallo,GB1,0,0,0,0,90
4626033_517894,4626033,517894,985,985,2026-02-01,Matheus Cunha,GB1,0,0,1,0,74
4626036_568693,4626036,568693,148,148,2026-02-01,Pape Matar Sarr,GB1,0,0,0,0,45
4626033_480762,4626033,480762,985,985,2026-02-01,Lisandro Martínez,GB1,0,0,0,0,90
4626033_476701,4626033,476701,985,985,2026-02-01,Manuel Ugarte,GB1,0,0,0,0,15
4626033_461883,4626033,461883,931,931,2026-02-01,Calvin Bassey,GB1,0,0,0,0,4
4626033_413039,4626033,413039,985,985,2026-02-01,Bryan Mbeumo,GB1,0,0,0,0,90
4626033_357147,4626033,357147,985,985,2026-02-01,Diogo Dalot,GB1,0,0,0,0,86
4626034_432164,4626034,432164,703,703,2026-02-01,Igor Jesus,GB1,0,0,0,0,70
4626034_568157,4626034,568157,873,1050,2026-02-01,Yéremy Pino,GB1,1,0,0,0,90
4626034_434224,4626034,434224,873,873,2026-02-01,Maxence Lacroix,GB1,0,0,0,0,90
4626036_406635,4626036,406635,281,281,2026-02-01,Phil Foden,GB1,0,0,0,0,2
4626033_279455,4626033,279455,931,931,2026-02-01,Harry Wilson,GB1,0,0,0,0,90
4626036_566931,4626036,566931,148,23826,2026-02-01,Xavi Simons,GB1,1,0,0,1,90
4626036_556385,4626036,556385,148,148,2026-02-01,Destiny Udogie,GB1,0,0,0,0,90
4626036_488362,4626036,488362,148,148,2026-02-01,Conor Gallagher,GB1,0,0,0,1,90
4626036_466805,4626036,466805,281,281,2026-02-01,Nico González,GB1,1,0,0,0,20
4626036_460939,4626036,460939,281,281,2026-02-01,Tijjani Reijnders,GB1,0,0,0,0,21
4626036_445939,4626036,445939,281,281,2026-02-01,Omar Marmoush,GB1,0,0,0,0,1
4626036_418560,4626036,418560,281,281,2026-02-01,Erling Haaland,GB1,0,0,0,1,90
4626036_392757,4626036,392757,281,281,2026-02-01,Marc Guéhi,GB1,0,0,0,0,90
4626034_470607,4626034,470607,873,148,2026-02-01,Brennan Johnson,GB1,0,0,0,0,90
4626036_357565,4626036,357565,281,281,2026-02-01,Rodri,GB1,1,0,0,0,90
4626036_355915,4626036,355915,148,148,2026-02-01,Cristian Romero,GB1,0,0,0,0,45
4626036_315858,4626036,315858,281,281,2026-02-01,Gianluigi Donnarumma,GB1,0,0,0,0,90
4626036_258889,4626036,258889,148,148,2026-02-01,Dominic Solanke,GB1,1,0,2,0,90
4626034_730893,4626034,730893,873,873,2026-02-01,Tyrick Mitchell,GB1,0,0,0,0,90
4626034_578539,4626034,578539,873,873,2026-02-01,Chris Richards,GB1,1,0,0,0,90
4626034_567576,4626034,567576,703,703,2026-02-01,Elliot Anderson,GB1,0,0,0,0,90
4626034_503680,4626034,503680,703,703,2026-02-01,Neco Williams,GB1,0,0,0,0,45
4626033_333014,4626033,333014,931,931,2026-02-01,Sander Berge,GB1,0,0,0,0,90
4620929_265088,4620929,265088,506,506,2026-02-01,Manuel Locatelli,IT1,0,0,0,0,90
4626033_240306,4626033,240306,985,985,2026-02-01,Bruno Fernandes,GB1,0,0,0,2,90
4626028_823486,4626028,823486,1148,1148,2026-02-01,Michael Kayode,GB1,1,0,0,0,90
4620926_668207,4620926,668207,46,46,2026-02-01,Petar Sučić,IT1,0,0,0,0,82
4620926_441986,4620926,441986,46,46,2026-02-01,Yann Bisseck,IT1,0,0,0,0,90
4620926_406625,4620926,406625,46,46,2026-02-01,Lautaro Martínez,IT1,0,0,1,0,74
4620926_318528,4620926,318528,46,46,2026-02-01,Marcus Thuram,IT1,0,0,0,0,30
4620926_315853,4620926,315853,46,46,2026-02-01,Alessandro Bastoni,IT1,0,0,0,0,90
4620926_198116,4620926,198116,46,46,2026-02-01,Federico Dimarco,IT1,0,0,0,1,90
4620925_948294,4620925,948294,1047,1047,2026-02-01,Nico Paz,IT1,0,0,0,0,90
4620925_948278,4620925,948278,1047,1047,2026-02-01,Jacobo Ramón,IT1,0,0,0,0,90
4620925_668547,4620925,668547,1047,1047,2026-02-01,Máximo Perrone,IT1,1,0,0,0,58
4620925_607854,4620925,607854,800,800,2026-02-01,Éderson,IT1,0,0,0,0,90
4620925_580451,4620925,580451,1047,1047,2026-02-01,Martin Baturina,IT1,0,0,0,0,90
4620925_571604,4620925,571604,800,800,2026-02-01,Giorgio Scalvini,IT1,0,0,0,0,90
4620925_523318,4620925,523318,1047,1047,2026-02-01,Anastasios Douvikas,IT1,0,0,0,0,58
4620925_459763,4620925,459763,800,800,2026-02-01,Marco Carnesecchi,IT1,0,0,0,0,90
4620925_435772,4620925,435772,800,800,2026-02-01,Charles De Ketelaere,IT1,0,0,0,0,60
4620925_434433,4620925,434433,800,1005,2026-02-01,Nikola Krstović,IT1,1,0,0,0,30
4620925_315867,4620925,315867,800,800,2026-02-01,Gianluca Scamacca,IT1,0,0,0,0,18
4620925_1190411,4620925,1190411,1047,1047,2026-02-01,Jesús Rodríguez,IT1,0,0,0,0,32
4626036_583255,4626036,583255,281,281,2026-02-01,Antoine Semenyo,GB1,0,0,1,0,90
4620926_827734,4620926,827734,46,46,2026-02-01,Ange-Yoan Bonny,IT1,0,0,0,0,16
4620926_930781,4620926,930781,46,46,2026-02-01,Pio Esposito,IT1,0,0,0,0,60
4620925_1077175,4620925,1077175,800,800,2026-02-01,Honest Ahanor,IT1,0,0,0,0,8
4626028_469050,4626028,469050,1148,1148,2026-02-01,Nathan Collins,GB1,0,0,0,0,31
4626028_823231,4626028,823231,1148,1148,2026-02-01,Dango Ouattara,GB1,0,0,1,0,60
4626028_739443,4626028,739443,1148,1148,2026-02-01,Igor Thiago,GB1,0,0,0,0,90
4626028_717411,4626028,717411,1148,1148,2026-02-01,Yegor Yarmolyuk,GB1,0,0,0,0,30
4626028_644401,4626028,644401,1148,1148,2026-02-01,Keane Lewis-Potter,GB1,0,0,0,0,14
4626028_541231,4626028,541231,1148,1148,2026-02-01,Sepp van den Berg,GB1,0,0,0,0,90
4626028_503743,4626028,503743,405,405,2026-02-01,Morgan Rogers,GB1,0,0,0,0,90
4626028_485585,4626028,485585,405,405,2026-02-01,Ian Maatsen,GB1,0,0,0,0,90
4626028_473050,4626028,473050,1148,1148,2026-02-01,Kevin Schade,GB1,0,0,0,0,42
4626028_413403,4626028,413403,405,405,2026-02-01,Ezri Konsa,GB1,0,0,0,0,90
4620929_332697,4620929,332697,506,506,2026-02-01,Weston McKennie,IT1,1,0,1,0,74
4626028_340918,4626028,340918,1148,1148,2026-02-01,Caoimhín Kelleher,GB1,0,0,0,0,90
4620929_845654,4620929,845654,506,506,2026-02-01,Kenan Yıldız,IT1,0,0,0,0,45
4620929_585949,4620929,585949,506,506,2026-02-01,Pierre Kalulu,IT1,0,0,0,1,90
4620929_533738,4620929,533738,506,506,2026-02-01,Jonathan David,IT1,0,0,1,1,81
4620929_516716,4620929,516716,506,506,2026-02-01,Bremer,IT1,1,0,2,0,65
4620929_487474,4620929,487474,506,506,2026-02-01,Francisco Conceição,IT1,1,0,0,1,65
4620929_463618,4620929,463618,506,506,2026-02-01,Khéphren Thuram,IT1,0,0,0,0,90
4620929_368887,4620929,368887,506,506,2026-02-01,Loïs Openda,IT1,0,0,0,0,9
4626036_578391,4626036,578391,281,281,2026-02-01,Rayan Aït-Nouri,GB1,0,0,0,0,70
4645805_351478,4645805,351478,681,681,2026-02-01,Mikel Oyarzabal,ES1,0,0,0,0,77
4626036_601883,4626036,601883,281,281,2026-02-01,Matheus Nunes,GB1,0,0,0,0,90
4645804_369081,4645804,369081,418,418,2026-02-01,Federico Valverde,ES1,0,0,0,0,90
4645804_935230,4645804,935230,418,418,2026-02-01,Gonzalo García,ES1,0,0,0,0,30
4645804_890290,4645804,890290,418,418,2026-02-01,Dean Huijsen,ES1,0,0,0,0,77
4645804_861410,4645804,861410,418,418,2026-02-01,Arda Güler,ES1,0,0,0,0,77
4645804_640428,4645804,640428,418,418,2026-02-01,Eduardo Camavinga,ES1,0,0,0,0,90
4645804_581678,4645804,581678,418,418,2026-02-01,Jude Bellingham,ES1,0,0,0,0,10
4645804_413112,4645804,413112,418,418,2026-02-01,Aurélien Tchouaméni,ES1,0,0,0,0,90
4645804_412363,4645804,412363,418,418,2026-02-01,Rodrygo,ES1,0,0,0,0,13
4645804_371998,4645804,371998,418,418,2026-02-01,Vinicius Junior,ES1,1,0,1,0,90
4645804_342229,4645804,342229,418,418,2026-02-01,Kylian Mbappé,ES1,0,0,1,0,90
4645805_709187,4645805,709187,621,621,2026-02-01,Nico Williams,ES1,0,0,0,0,72
4645804_314678,4645804,314678,418,418,2026-02-01,Brahim Díaz,ES1,0,0,0,2,80
4645804_1057316,4645804,1057316,418,418,2026-02-01,Franco Mastantuono,ES1,0,0,0,0,60
4641616_702869,4641616,702869,383,383,2026-02-01,Ismael Saibari,NL1,0,0,1,0,65
4641616_408574,4641616,408574,383,383,2026-02-01,Joey Veerman,NL1,0,0,0,1,90
4641611_748804,4641611,748804,610,610,2026-02-01,Mika Godts,NL1,0,0,2,0,90
4641318_990148,4641318,990148,1184,1184,2026-02-01,Konstantinos Karetsas,BE1,0,0,0,1,65
4641312_1105541,4641312,1105541,58,58,2026-02-01,Nathan De Cat,BE1,1,0,0,0,90
4641311_780136,4641311,780136,2282,2282,2026-02-01,Aleksandar Stanković,BE1,0,0,0,0,90
4645805_1018938,4645805,1018938,681,681,2026-02-01,Jon Martín,ES1,1,0,0,0,90
4645805_711374,4645805,711374,681,681,2026-02-01,Jon Gorrotxategi,ES1,0,0,0,0,63
4641311_451677,4641311,451677,2282,2282,2026-02-01,Christos Tzolis,BE1,0,0,0,0,90
4648817_830365,4648817,830365,336,6195,2026-02-01,Alisson Santos,PO1,0,0,0,1,10
4626036_607223,4626036,607223,281,281,2026-02-01,Rayan Cherki,GB1,0,0,1,0,69
4665084_964426,4665084,964426,683,683,2026-02-01,Christos Mouzakitis,GR1,0,0,0,0,6
4648820_670103,4648820,670103,294,294,2026-02-01,Andreas Schjelderup,PO1,0,0,0,0,63
4648820_650568,4648820,650568,294,294,2026-02-01,António Silva,PO1,0,0,0,0,90
4648820_537844,4648820,537844,294,294,2026-02-01,Anatoliy Trubin,PO1,0,0,0,0,90
4648820_324503,4648820,324503,294,294,2026-02-01,Vangelis Pavlidis,PO1,0,0,0,0,90
4648819_982575,4648819,982575,3329,3329,2026-02-01,Gustavo Sá,PO1,0,0,0,0,63
4648817_974982,4648817,974982,336,336,2026-02-01,Ousmane Diomande,PO1,0,0,0,0,90
4648817_701979,4648817,701979,336,336,2026-02-01,Geny Catamo,PO1,0,0,0,0,80
4645805_938729,4645805,938729,621,621,2026-02-01,Mikel Jauregizar,ES1,0,0,0,0,90
4648817_572675,4648817,572675,336,336,2026-02-01,Maxi Araújo,PO1,0,0,0,0,90
4648817_426620,4648817,426620,336,336,2026-02-01,Pedro Gonçalves,PO1,0,0,1,0,80
4648817_424784,4648817,424784,336,336,2026-02-01,Luis Suárez,PO1,0,0,1,0,90
4648817_412669,4648817,412669,336,336,2026-02-01,Francisco Trincão,PO1,0,0,0,0,26
4647947_553469,4647947,553469,141,141,2026-02-01,Gabriel Sara,TR1,0,0,1,0,90
4647947_401923,4647947,401923,141,141,2026-02-01,Victor Osimhen,TR1,0,0,1,1,82
4645806_724520,4645806,724520,150,150,2026-02-01,Abde Ezzalzouli,ES1,0,0,0,0,90
4645806_602105,4645806,602105,150,150,2026-02-01,Antony,ES1,0,0,0,0,90
4641311_717329,4641311,717329,2282,2282,2026-02-01,Nicolò Tresoldi,BE1,0,0,0,0,33
4648820_623325,4648820,623325,294,660,2026-02-01,Georgiy Sudakov,PO1,0,0,0,0,82
4635180_597659,4635180,597659,415,415,2026-02-01,Charlie Cresswell,FR1,0,0,0,0,90
4634307_796297,4634307,796297,16,16,2026-02-01,Jobe Bellingham,L1,0,0,0,0,58
4634310_927353,4634310,927353,60,60,2026-02-01,Johan Manzambi,L1,0,0,0,0,68
4634310_924117,4634310,924117,79,79,2026-02-01,Finn Jeltsch,L1,0,0,0,0,90
4634310_668606,4634310,668606,60,60,2026-02-01,Yuito Suzuki,L1,0,0,0,0,76
4634310_654982,4634310,654982,79,79,2026-02-01,Bilal El Khannouss,L1,0,0,0,0,77
4634310_526845,4634310,526845,60,60,2026-02-01,Noah Atubolu,L1,0,0,0,0,90
4634310_518505,4634310,518505,79,79,2026-02-01,Jamie Leweling,L1,0,0,0,0,90
4634310_443710,4634310,443710,79,79,2026-02-01,Angelo Stiller,L1,0,0,0,0,90
4634310_436064,4634310,436064,79,79,2026-02-01,Ramon Hendriks,L1,0,0,0,0,59
4634307_578392,4634307,578392,16,16,2026-02-01,Maximilian Beier,L1,0,0,0,1,32
4635178_548254,4635178,548254,1082,1082,2026-02-01,Nathan Ngoy,FR1,1,0,0,0,90
4634307_496094,4634307,496094,16,16,2026-02-01,Karim Adeyemi,L1,0,0,0,0,69
4634307_406640,4634307,406640,16,16,2026-02-01,Felix Nmecha,L1,0,0,0,0,90
4634307_388198,4634307,388198,16,16,2026-02-01,Nico Schlotterbeck,L1,0,0,0,0,90
4634307_270541,4634307,270541,16,16,2026-02-01,Serhou Guirassy,L1,0,0,2,0,90
4634307_257814,4634307,257814,16,16,2026-02-01,Gregor Kobel,L1,1,0,0,0,90
4626036_763079,4626036,763079,281,281,2026-02-01,Abdukodir Khusanov,GB1,1,0,0,0,90
4626036_743413,4626036,743413,281,281,2026-02-01,Nico O'Reilly,GB1,0,0,0,0,90
4635179_914562,4635179,914562,583,583,2026-02-01,Désiré Doué,FR1,0,0,0,0,45
4635178_1097139,4635178,1097139,1082,1082,2026-02-01,Ayyoub Bouaddi,FR1,0,0,0,0,90
4626036_922693,4626036,922693,148,148,2026-02-01,Archie Gray,GB1,0,0,0,0,90
4635178_652275,4635178,652275,1082,1082,2026-02-01,Hákon Arnar Haraldsson,FR1,0,0,0,0,90
4635179_557149,4635179,557149,583,583,2026-02-01,Kang-in Lee,FR1,0,0,0,0,30
4635178_724129,4635178,724129,1082,1082,2026-02-01,Matias Fernandez-Pardo,FR1,1,0,0,0,90
4635179_834397,4635179,834397,667,667,2026-02-01,Mike Penders,FR1,0,0,0,0,90
4635179_708265,4635179,708265,583,583,2026-02-01,Bradley Barcola,FR1,0,0,0,1,60
4635179_670681,4635179,670681,583,583,2026-02-01,João Neves,FR1,0,0,0,0,90
4635179_661171,4635179,661171,583,583,2026-02-01,Willian Pacho,FR1,0,0,0,0,90
4635179_660867,4635179,660867,667,667,2026-02-01,Julio Enciso,FR1,0,0,0,0,72
4635179_655006,4635179,655006,667,667,2026-02-01,Diego Moreira,FR1,1,0,0,0,90
4635179_616341,4635179,616341,583,583,2026-02-01,Nuno Mendes,FR1,0,0,1,0,90
4635179_810092,4635179,810092,583,583,2026-02-01,Warren Zaïre-Emery,FR1,0,0,0,1,90
4635179_487469,4635179,487469,583,583,2026-02-01,Vitinha,FR1,0,0,0,0,90
4635179_1185888,4635179,1185888,583,583,2026-02-01,Ibrahim Mbaye,FR1,0,0,0,0,45
4635178_971570,4635178,971570,1041,418,2026-02-01,Endrick,FR1,0,0,0,0,90
4635179_398073,4635179,398073,583,583,2026-02-01,Achraf Hakimi,FR1,0,0,0,0,75
4635179_1064871,4635179,1064871,667,667,2026-02-01,Joaquín Panichelli,FR1,0,0,0,0,90
4635179_903693,4635179,903693,583,583,2026-02-01,Senny Mayulu,FR1,0,0,1,0,59
4635179_318470,4635179,318470,583,583,2026-02-01,Matvey Safonov,FR1,0,0,0,0,90
4635179_181767,4635179,181767,583,583,2026-02-01,Marquinhos,FR1,0,0,0,0,90
4635179_288230,4635179,288230,583,583,2026-02-01,Ousmane Dembélé,FR1,0,0,0,0,31
4626031_309400,4626031,309400,11,11,2026-01-31,Kai Havertz,GB1,0,0,0,0,61
4626032_388165,4626032,388165,762,762,2026-01-31,Yoane Wissa,GB1,0,0,0,0,17
4626032_357119,4626032,357119,31,31,2026-01-31,Ibrahima Konaté,GB1,0,0,1,0,90
4626031_659813,4626031,659813,11,11,2026-01-31,Piero Hincapié,GB1,0,0,0,0,75
4626031_655488,4626031,655488,11,11,2026-01-31,Gabriel Martinelli,GB1,0,0,0,1,29
4626031_503987,4626031,503987,11,11,2026-01-31,Noni Madueke,GB1,0,0,1,1,61
4626031_502821,4626031,502821,11,11,2026-01-31,Riccardo Calafiori,GB1,0,0,0,0,15
4626031_495666,4626031,495666,11,11,2026-01-31,William Saliba,GB1,0,0,0,0,90
4626031_479999,4626031,479999,11,11,2026-01-31,Eberechi Eze,GB1,0,0,0,0,9
4626031_435338,4626031,435338,11,11,2026-01-31,Gabriel,GB1,0,0,0,0,90
4626031_316264,4626031,316264,11,11,2026-01-31,Martin Ødegaard,GB1,0,0,0,1,29
4626031_423440,4626031,423440,11,11,2026-01-31,Martín Zubimendi,GB1,0,0,1,0,90
4626031_420243,4626031,420243,11,11,2026-01-31,Jurriën Timber,GB1,1,0,0,0,90
4626031_357662,4626031,357662,11,11,2026-01-31,Declan Rice,GB1,0,0,0,0,90
4626031_346890,4626031,346890,399,399,2026-01-31,Noah Okafor,GB1,0,0,0,0,45
4626031_344069,4626031,344069,399,399,2026-01-31,Anton Stach,GB1,0,0,0,0,81
4626031_325443,4626031,325443,11,11,2026-01-31,Viktor Gyökeres,GB1,0,0,1,0,76
4626032_397033,4626032,397033,762,762,2026-01-31,Sandro Tonali,GB1,0,0,0,0,90
4626031_392771,4626031,392771,399,399,2026-01-31,Ethan Ampadu,GB1,0,0,0,0,90
4626032_521964,4626032,521964,762,762,2026-01-31,Malick Thiaw,GB1,0,0,0,0,90
4626032_398065,4626032,398065,762,762,2026-01-31,Harvey Barnes,GB1,0,0,0,0,73
4626032_598577,4626032,598577,31,31,2026-01-31,Florian Wirtz,GB1,0,0,1,1,87
4626037_429983,4626037,429983,543,543,2026-01-31,Jørgen Strand Larsen,GB1,0,0,0,0,20
4626030_904802,4626030,904802,631,631,2026-01-31,Jorrel Hato,GB1,0,0,0,0,45
4626037_1012564,4626037,1012564,989,989,2026-01-31,Rayan,GB1,0,0,0,1,22
4626032_730861,4626032,730861,31,31,2026-01-31,Milos Kerkez,GB1,0,0,0,1,90
4626032_709726,4626032,709726,31,31,2026-01-31,Hugo Ekitiké,GB1,0,0,2,0,84
4626032_670858,4626032,670858,762,762,2026-01-31,Lewis Hall,GB1,0,0,0,0,89
4626032_609556,4626032,609556,762,762,2026-01-31,William Osula,GB1,0,0,0,0,6
4626032_583189,4626032,583189,762,762,2026-01-31,Anthony Elanga,GB1,0,0,0,0,73
4626032_433188,4626032,433188,31,31,2026-01-31,Curtis Jones,GB1,0,0,0,0,6
4626032_534033,4626032,534033,31,31,2026-01-31,Alexis Mac Allister,GB1,1,0,0,0,90
4626032_503749,4626032,503749,762,762,2026-01-31,Jacob Ramsey,GB1,1,0,0,0,90
4626032_503733,4626032,503733,762,762,2026-01-31,Anthony Gordon,GB1,1,0,1,0,90
4626032_478573,4626032,478573,31,31,2026-01-31,Ryan Gravenberch,GB1,0,0,0,0,90
4626032_455661,4626032,455661,762,762,2026-01-31,Nick Woltemade,GB1,0,0,0,0,17
4626032_451276,4626032,451276,31,31,2026-01-31,Dominik Szoboszlai,GB1,0,0,0,0,90
4626032_434675,4626032,434675,31,31,2026-01-31,Cody Gakpo,GB1,0,0,0,0,90
4626031_262749,4626031,262749,11,11,2026-01-31,David Raya,GB1,0,0,0,0,90
4626029_667287,4626029,667287,1237,1237,2026-01-31,Yasin Ayari,GB1,0,0,0,1,90
4626030_880245,4626030,880245,379,379,2026-01-31,Mateus Fernandes,GB1,0,0,0,0,90
4626029_1012534,4626029,1012534,1237,1237,2026-01-31,Yankuba Minteh,GB1,0,0,0,0,30
4626029_576314,4626029,576314,1237,1237,2026-01-31,Jan Paul van Hecke,GB1,0,0,0,0,90
4626029_565093,4626029,565093,1237,1237,2026-01-31,Bart Verbruggen,GB1,0,0,0,0,90
4626029_538977,4626029,538977,1237,1237,2026-01-31,Georginio Rutter,GB1,0,0,0,0,60
4626029_505219,4626029,505219,29,29,2026-01-31,James Garner,GB1,0,0,0,0,90
4626029_475188,4626029,475188,29,29,2026-01-31,Kiernan Dewsbury-Hall,GB1,0,0,0,0,79
4626029_369316,4626029,369316,1237,1237,2026-01-31,Ferdi Kadıoğlu,GB1,0,0,0,0,90
4626029_1060087,4626029,1060087,1237,1237,2026-01-31,Charalampos Kostoulas,GB1,0,0,0,0,20
4620930_921655,4620930,921655,6574,6574,2026-01-31,Ismaël Koné,IT1,1,0,1,0,73
4626029_661053,4626029,661053,29,29,2026-01-31,Jarrad Branthwaite,GB1,1,0,0,0,89
4620930_679423,4620930,679423,6574,6574,2026-01-31,Tarik Muharemović,IT1,0,0,0,0,90
4620928_610442,4620928,610442,6195,6195,2026-01-31,Rasmus Højlund,IT1,0,0,0,0,90
4620928_386446,4620928,386446,6195,6195,2026-01-31,Alessandro Buongiorno,IT1,1,0,0,0,90
4620928_364135,4620928,364135,430,430,2026-01-31,Moise Kean,IT1,0,0,0,0,20
4620928_315969,4620928,315969,6195,6195,2026-01-31,Scott McTominay,IT1,0,0,0,0,90
4620924_895937,4620924,895937,1390,1390,2026-01-31,Marco Palestra,IT1,0,0,0,0,87
4626037_465555,4626037,465555,989,989,2026-01-31,Djordje Petrovic,GB1,0,0,0,0,90
4626029_623570,4626029,623570,29,29,2026-01-31,Iliman Ndiaye,GB1,0,0,0,0,90
4626029_937941,4626029,937941,29,29,2026-01-31,Thierno Barry,GB1,0,0,0,0,89
4626030_811779,4626030,811779,631,631,2026-01-31,Alejandro Garnacho,GB1,0,0,0,0,45
4626030_522784,4626030,522784,379,379,2026-01-31,Taty Castellanos,GB1,0,0,0,0,76
4626030_687626,4626030,687626,631,631,2026-01-31,Moisés Caicedo,GB1,1,0,0,0,90
4626030_670882,4626030,670882,631,631,2026-01-31,Jamie Gittens,GB1,0,0,0,0,26
4626030_648195,4626030,648195,631,631,2026-01-31,Enzo Fernández,GB1,1,0,1,0,90
4626030_626724,4626030,626724,631,631,2026-01-31,João Pedro,GB1,1,0,1,1,45
4626030_620322,4626030,620322,631,631,2026-01-31,Malo Gusto,GB1,0,0,0,0,81
4626030_610849,4626030,610849,631,631,2026-01-31,Liam Delap,GB1,0,0,0,0,90
4626030_568177,4626030,568177,631,631,2026-01-31,Cole Palmer,GB1,0,0,0,0,90
4626030_487465,4626030,487465,631,631,2026-01-31,Pedro Neto,GB1,0,0,0,0,64
4626029_973085,4626029,973085,1237,1237,2026-01-31,Carlos Baleba,GB1,0,0,0,0,90
4626030_475411,4626030,475411,631,631,2026-01-31,Wesley Fofana,GB1,0,0,0,1,45
4626030_474701,4626030,474701,379,379,2026-01-31,Crysencio Summerville,GB1,0,0,1,0,90
4626030_472423,4626030,472423,631,631,2026-01-31,Reece James,GB1,0,0,0,0,9
4626030_346314,4626030,346314,631,631,2026-01-31,Trevoh Chalobah,GB1,0,0,0,0,90
4626030_314875,4626030,314875,379,379,2026-01-31,Jarrod Bowen,GB1,0,0,1,0,81
4626030_284857,4626030,284857,631,631,2026-01-31,Marc Cucurella,GB1,0,0,1,0,45
4626030_1111589,4626030,1111589,379,379,2026-01-31,El Hadji Malick Diouf,GB1,0,0,0,0,81
4626037_463605,4626037,463605,989,989,2026-01-31,Bafodé Diakité,GB1,0,0,0,0,1
4634314_132098,4634314,132098,27,27,2026-01-31,Harry Kane,L1,1,0,1,0,90
4626037_469781,4626037,469781,989,989,2026-01-31,Marcos Senesi,GB1,0,0,0,0,90
4635182_918969,4635182,918969,162,162,2026-01-31,Lamine Camara,FR1,0,0,0,0,90
4645800_844637,4645800,844637,13,13,2026-01-31,Marc Pubill,ES1,0,0,0,0,32
4645800_775605,4645800,775605,13,13,2026-01-31,Pablo Barrios,ES1,0,0,0,0,50
4645800_616631,4645800,616631,13,13,2026-01-31,Matteo Ruggeri,ES1,0,0,0,0,90
4645800_576024,4645800,576024,13,13,2026-01-31,Julián Alvarez,ES1,0,0,0,0,63
4645800_548111,4645800,548111,13,13,2026-01-31,Álex Baena,ES1,0,0,0,0,31
4626037_654539,4626037,654539,989,989,2026-01-31,Adrien Truffert,GB1,0,0,0,0,90
4641610_552655,4641610,552655,1090,1090,2026-01-31,Troy Parrott,NL1,0,0,1,0,90
4635182_745200,4635182,745200,162,162,2026-01-31,Maghnes Akliouche,FR1,0,0,1,0,45
4645801_258923,4645801,258923,131,131,2026-01-31,Marcus Rashford,ES1,0,0,1,0,45
4635182_503770,4635182,503770,162,162,2026-01-31,Folarin Balogun,FR1,0,0,0,1,56
4635182_461607,4635182,461607,273,273,2026-01-31,Estéban Lepaul,FR1,0,0,0,0,56
4635182_334526,4635182,334526,162,162,2026-01-31,Denis Zakaria,FR1,0,0,0,0,81
4635182_1004301,4635182,1004301,273,273,2026-01-31,Jérémy Jacquet,FR1,0,0,0,0,90
4635177_890719,4635177,890719,244,244,2026-01-31,Ethan Nwaneri,FR1,0,0,0,0,67
4635177_653610,4635177,653610,244,244,2026-01-31,Igor Paixão,FR1,0,0,0,0,79
4635177_532826,4635177,532826,244,244,2026-01-31,Mason Greenwood,FR1,0,0,1,1,90
4645801_1018920,4645801,1018920,131,131,2026-01-31,Marc Bernal,ES1,0,0,0,0,28
4645801_293385,4645801,293385,131,131,2026-01-31,Dani Olmo,ES1,0,0,0,1,62
4635177_418659,4635177,418659,244,244,2026-01-31,Amine Gouiri,FR1,0,0,0,0,23
4645801_962110,4645801,962110,131,131,2026-01-31,Pau Cubarsí,ES1,0,0,0,0,90
4647940_454567,4647940,454567,114,114,2026-01-31,Orkun Kökçü,TR1,0,0,1,1,90
4645808_935231,4645808,935231,331,331,2026-01-31,Víctor Muñoz,ES1,0,0,1,0,90
4645808_805714,4645808,805714,1050,1050,2026-01-31,Renato Veiga,ES1,1,0,0,0,90
4645808_733576,4645808,733576,1050,1050,2026-01-31,Alberto Moleiro,ES1,0,0,0,0,90
4645808_729814,4645808,729814,1050,1050,2026-01-31,Georges Mikautadze,ES1,0,0,0,0,75
4645808_485963,4645808,485963,1050,1050,2026-01-31,Pape Gueye,ES1,0,0,0,0,90
4645803_1005575,4645803,1005575,12321,12321,2026-01-31,Vitor Reis,ES1,0,0,0,0,90
4645801_937958,4645801,937958,131,131,2026-01-31,Lamine Yamal,ES1,0,0,1,0,90
4645801_326330,4645801,326330,131,131,2026-01-31,Frenkie de Jong,ES1,1,0,0,1,90
4645801_636703,4645801,636703,131,131,2026-01-31,Fermín López,ES1,0,0,0,0,84
4645801_636688,4645801,636688,131,131,2026-01-31,Alejandro Balde,ES1,0,0,0,0,90
4645801_561613,4645801,561613,131,131,2026-01-31,Joan García,ES1,0,0,0,0,90
4645801_466794,4645801,466794,131,131,2026-01-31,Eric García,ES1,0,0,0,0,90
4645801_411975,4645801,411975,131,131,2026-01-31,Jules Koundé,ES1,0,0,0,0,84
4645801_411295,4645801,411295,131,131,2026-01-31,Raphinha,ES1,0,0,0,0,45
4645801_398184,4645801,398184,131,131,2026-01-31,Ferran Torres,ES1,0,0,1,0,62
4635177_420213,4635177,420213,244,244,2026-01-31,Quinten Timber,FR1,0,0,0,0,79
4645800_404418,4645800,404418,13,13,2026-01-31,Dávid Hancko,ES1,0,0,0,0,45
4634314_892160,4634314,892160,41,148,2026-01-31,Luka Vuskovic,L1,0,0,1,0,90
4634306_564545,4634306,564545,15,15,2026-01-31,Edmond Tapsoba,L1,0,0,0,0,90
4634308_1390649,4634308,1390649,23826,23826,2026-01-31,Yan Diomande,L1,0,0,0,0,90
4634306_939964,4634306,939964,24,24,2026-01-31,Jean-Mattéo Bahoya,L1,0,0,0,0,6
4634306_931838,4634306,931838,24,24,2026-01-31,Hugo Larsson,L1,0,0,0,0,57
4634306_718303,4634306,718303,15,1090,2026-01-31,Ernest Poku,L1,0,0,0,1,8
4634306_691892,4634306,691892,24,24,2026-01-31,Nathaniel Brown,L1,0,0,0,0,84
4634306_632349,4634306,632349,15,15,2026-01-31,Jarell Quansah,L1,0,0,0,0,90
4634306_585959,4634306,585959,24,24,2026-01-31,Arnaud Kalimuendo,L1,0,0,0,0,90
4634306_467437,4634306,467437,15,15,2026-01-31,Malik Tillman,L1,0,0,1,0,82
4634308_404950,4634308,404950,23826,23826,2026-01-31,Nicolas Seiwald,L1,0,0,0,0,86
4634306_401578,4634306,401578,15,15,2026-01-31,Exequiel Palacios,L1,0,0,0,0,26
4634314_792380,4634314,792380,27,27,2026-01-31,Aleksandar Pavlovic,L1,0,0,0,0,90
4626037_955357,4626037,955357,989,989,2026-01-31,Junior Kroupi,GB1,0,0,1,0,68
4626037_855256,4626037,855256,989,989,2026-01-31,Alex Scott,GB1,0,0,1,0,90
4626037_800176,4626037,800176,543,543,2026-01-31,André,GB1,1,0,0,0,80
4626037_735570,4626037,735570,543,543,2026-01-31,João Gomes,GB1,1,0,0,0,90
4626037_711337,4626037,711337,989,989,2026-01-31,Evanilson,GB1,0,0,0,0,85
4634308_318204,4634308,318204,23826,23826,2026-01-31,David Raum,L1,0,0,0,0,90
4634306_1364454,4634306,1364454,15,15,2026-01-31,Christian Kofane,L1,0,0,0,1,72
4634308_643574,4634308,643574,39,39,2026-01-31,Kaishu Sano,L1,0,0,0,0,90
4634314_196357,4634314,196357,27,27,2026-01-31,Jonathan Tah,L1,0,0,0,0,25
4634308_894914,4634308,894914,23826,23826,2026-01-31,Antonio Nusa,L1,0,0,0,1,90
4634314_580195,4634314,580195,27,27,2026-01-31,Jamal Musiala,L1,0,0,0,0,25
4634314_566723,4634314,566723,27,27,2026-01-31,Michael Olise,L1,1,0,0,1,90
4634314_483046,4634314,483046,27,27,2026-01-31,Josip Stanisic,L1,0,0,0,0,90
4634314_480692,4634314,480692,27,27,2026-01-31,Luis Díaz,L1,0,0,1,0,45
4634314_424204,4634314,424204,27,27,2026-01-31,Alphonso Davies,L1,0,0,0,0,90
4634314_344695,4634314,344695,27,27,2026-01-31,Dayot Upamecano,L1,0,0,0,0,90
4634314_161056,4634314,161056,27,27,2026-01-31,Joshua Kimmich,L1,1,0,0,1,90
4634314_1075147,4634314,1075147,27,27,2026-01-31,Lennart Karl,L1,0,0,0,0,45
4634312_667457,4634312,667457,533,533,2026-01-31,Leon Avdullahu,L1,0,0,0,0,90
4634312_579459,4634312,579459,533,533,2026-01-31,Albian Hajdari,L1,1,0,0,0,90
4634312_524290,4634312,524290,533,533,2026-01-31,Fisnik Asllani,L1,0,0,0,1,78
4634312_1067904,4634312,1067904,533,533,2026-01-31,Bazoumana Touré,L1,0,0,0,2,90
4634309_1084638,4634309,1084638,86,86,2026-01-31,Karim Coulibaly,L1,0,0,0,0,90
4634308_957874,4634308,957874,23826,23826,2026-01-31,Rômulo,L1,0,0,0,0,72
4635183_743515,4635183,743515,826,826,2026-01-30,Robin Risser,FR1,0,0,0,0,90
4620927_470394,4620927,470394,398,398,2026-01-30,Kenneth Taylor,IT1,0,0,1,0,81
4634313_1168219,4634313,1168219,3,3,2026-01-30,Said El Mala,L1,0,0,0,0,15
4620927_618341,4620927,618341,398,398,2026-01-30,Mario Gila,IT1,0,0,0,0,90
4635183_808348,4635183,808348,826,826,2026-01-30,Mamadou Sangaré,FR1,0,0,0,0,90
4645809_709372,4645809,709372,714,714,2026-01-30,Carlos Romero,ES1,0,0,0,0,90
4715947_485706,4715947,485706,405,405,2026-01-29,Amadou Onana,EL,0,0,0,0,66
4715947_413403,4715947,413403,405,405,2026-01-29,Ezri Konsa,EL,0,0,0,0,24
4715947_324358,4715947,324358,405,405,2026-01-29,Ollie Watkins,EL,0,0,0,0,35
4715939_735568,4715939,735568,150,150,2026-01-29,Natan,EL,0,0,0,0,90
4715939_724520,4715939,724520,150,150,2026-01-29,Abde Ezzalzouli,EL,0,0,1,0,90
4715939_602105,4715939,602105,150,150,2026-01-29,Antony,EL,0,0,1,1,90
4715933_927353,4715933,927353,60,60,2026-01-29,Johan Manzambi,EL,0,0,0,0,82
4715933_724129,4715933,724129,1082,1082,2026-01-29,Matias Fernandez-Pardo,EL,0,0,0,1,90
4715933_668606,4715933,668606,60,60,2026-01-29,Yuito Suzuki,EL,0,0,0,0,83
4715933_652275,4715933,652275,1082,1082,2026-01-29,Hákon Arnar Haraldsson,EL,1,0,0,0,90
4715933_548254,4715933,548254,1082,1082,2026-01-29,Nathan Ngoy,EL,0,0,0,0,90
4715919_1004725,4715919,1004725,720,720,2026-01-29,William Gomes,EL,0,0,0,0,61
4715933_1097139,4715933,1097139,1082,1082,2026-01-29,Ayyoub Bouaddi,EL,0,0,0,0,90
4715919_991268,4715919,991268,720,720,2026-01-29,Samu Aghehowa,EL,0,0,0,0,68
4715919_957653,4715919,957653,720,720,2026-01-29,Rodrigo Mora,EL,0,0,1,0,81
4715919_926993,4715919,926993,720,720,2026-01-29,Victor Froholdt,EL,0,0,0,0,68
4715919_756990,4715919,756990,720,720,2026-01-29,Alan Varela,EL,0,0,0,0,90
4715919_699704,4715919,699704,720,720,2026-01-29,Gabri Veiga,EL,0,0,0,0,9
4715919_425918,4715919,425918,720,11,2026-01-29,Jakub Kiwior,EL,0,0,0,0,90
4715919_357153,4715919,357153,720,720,2026-01-29,Diogo Costa,EL,0,0,0,0,90
4715962_1073632,4715962,1073632,159,159,2026-01-29,Vasilije Kostov,EL,0,0,0,0,45
4715947_503743,4715947,503743,405,405,2026-01-29,Morgan Rogers,EL,0,0,1,0,55
4715933_526845,4715933,526845,60,60,2026-01-29,Noah Atubolu,EL,0,0,0,0,90
4715964_618494,4715964,618494,1041,1041,2026-01-29,Tyler Morton,EL,1,0,0,0,45
4716029_443710,4716029,443710,79,79,2026-01-29,Angelo Stiller,EL,0,0,0,0,68
4715986_672381,4715986,672381,1025,244,2026-01-29,Jonathan Rowe,EL,0,0,1,0,52
4716050_990148,4716050,990148,1184,1184,2026-01-29,Konstantinos Karetsas,EL,0,0,1,0,28
4716040_606752,4716040,606752,1075,1075,2026-01-29,Rodrigo Zalazar,EL,0,0,0,0,62
4716031_964580,4716031,964580,12,12,2026-01-29,Wesley,EL,0,0,0,0,26
4716031_813137,4716031,813137,12,12,2026-01-29,Niccolò Pisilli,EL,1,0,0,0,90
4716031_668951,4716031,668951,12,12,2026-01-29,Matías Soulé,EL,0,0,0,0,45
4716029_924117,4716029,924117,79,79,2026-01-29,Finn Jeltsch,EL,0,0,0,0,90
4716029_654982,4716029,654982,79,79,2026-01-29,Bilal El Khannouss,EL,0,0,0,0,22
4716029_518505,4716029,518505,79,79,2026-01-29,Jamie Leweling,EL,0,0,0,1,23
4716031_371149,4716031,371149,12,12,2026-01-29,Evan Ndicka,EL,0,0,0,0,45
4716029_436064,4716029,436064,79,79,2026-01-29,Ramon Hendriks,EL,0,0,0,0,23
4716004_413507,4716004,413507,703,703,2026-01-29,Nikola Milenković,EL,0,0,0,0,78
4716004_540664,4716004,540664,703,667,2026-01-29,Dilane Bakwa,EL,0,0,0,0,6
4716004_1005649,4716004,1005649,703,703,2026-01-29,Murillo,EL,0,0,0,0,12
4716004_365108,4716004,365108,703,703,2026-01-29,Dan Ndoye,EL,0,0,0,1,90
4716004_392768,4716004,392768,703,703,2026-01-29,Callum Hudson-Odoi,EL,0,0,0,0,24
4715986_849520,4715986,849520,1025,1025,2026-01-29,Santiago Castro,EL,0,0,0,0,71
4716004_429014,4716004,429014,703,703,2026-01-29,Morgan Gibbs-White,EL,0,0,0,0,24
4716004_432164,4716004,432164,703,703,2026-01-29,Igor Jesus,EL,0,0,2,0,66
4716004_503680,4716004,503680,703,703,2026-01-29,Neco Williams,EL,0,0,0,0,66
4715014_487474,4715014,487474,506,506,2026-01-28,Francisco Conceição,CL,0,0,0,0,45
4715050_270541,4715050,270541,16,16,2026-01-28,Serhou Guirassy,CL,0,0,0,0,68
4715050_257814,4715050,257814,16,16,2026-01-28,Gregor Kobel,CL,0,0,0,0,90
4715050_198116,4715050,198116,46,46,2026-01-28,Federico Dimarco,CL,0,0,1,0,90
4715014_918969,4715014,918969,162,162,2026-01-28,Lamine Camara,CL,1,0,0,0,90
4715014_845654,4715014,845654,506,506,2026-01-28,Kenan Yıldız,CL,1,0,0,0,45
4715014_745200,4715014,745200,162,162,2026-01-28,Maghnes Akliouche,CL,0,0,0,0,90
4715014_585949,4715014,585949,506,506,2026-01-28,Pierre Kalulu,CL,0,0,0,0,90
4715014_533738,4715014,533738,506,506,2026-01-28,Jonathan David,CL,0,0,0,0,7
4715014_516716,4715014,516716,506,506,2026-01-28,Bremer,CL,0,0,0,0,90
4715014_503770,4715014,503770,162,162,2026-01-28,Folarin Balogun,CL,0,0,0,0,90
4715002_556385,4715002,556385,148,148,2026-01-28,Destiny Udogie,CL,0,0,0,0,89
4715014_463618,4715014,463618,506,506,2026-01-28,Khéphren Thuram,CL,0,0,0,0,83
4715014_368887,4715014,368887,506,506,2026-01-28,Loïs Openda,CL,0,0,0,0,90
4715014_334526,4715014,334526,162,162,2026-01-28,Denis Zakaria,CL,0,0,0,0,90
4715014_332697,4715014,332697,506,506,2026-01-28,Weston McKennie,CL,0,0,0,0,90
4715002_939964,4715002,939964,24,24,2026-01-28,Jean-Mattéo Bahoya,CL,0,0,0,0,7
4715002_931838,4715002,931838,24,24,2026-01-28,Hugo Larsson,CL,0,0,0,0,83
4715002_922693,4715002,922693,148,148,2026-01-28,Archie Gray,CL,0,0,0,0,90
4715002_691892,4715002,691892,24,24,2026-01-28,Nathaniel Brown,CL,0,0,0,0,72
4715002_568693,4715002,568693,148,148,2026-01-28,Pape Matar Sarr,CL,0,0,0,0,90
4715002_566931,4715002,566931,148,23826,2026-01-28,Xavi Simons,CL,0,0,0,0,90
4715050_315853,4715050,315853,46,46,2026-01-28,Alessandro Bastoni,CL,0,0,0,0,2
4715050_930781,4715050,930781,46,46,2026-01-28,Pio Esposito,CL,0,0,0,0,33
4715050_370789,4715050,370789,16,16,2026-01-28,Julian Ryerson,CL,0,0,0,0,90
4715059_288230,4715059,288230,583,583,2026-01-28,Ousmane Dembélé,CL,0,0,0,0,90
4715059_503733,4715059,503733,762,762,2026-01-28,Anthony Gordon,CL,0,0,0,0,23
4715059_502670,4715059,502670,583,583,2026-01-28,Khvicha Kvaratskhelia,CL,0,0,0,1,22
4715059_487469,4715059,487469,583,583,2026-01-28,Vitinha,CL,0,0,1,0,90
4715059_455661,4715059,455661,762,762,2026-01-28,Nick Woltemade,CL,0,0,0,0,79
4715059_398073,4715059,398073,583,583,2026-01-28,Achraf Hakimi,CL,0,0,0,0,90
4715059_398065,4715059,398065,762,762,2026-01-28,Harvey Barnes,CL,0,0,0,0,22
4715059_397033,4715059,397033,762,762,2026-01-28,Sandro Tonali,CL,0,0,0,0,90
4715059_388165,4715059,388165,762,762,2026-01-28,Yoane Wissa,CL,0,0,0,0,11
4715059_361093,4715059,361093,762,762,2026-01-28,Sven Botman,CL,0,0,0,0,90
4715059_318470,4715059,318470,583,583,2026-01-28,Matvey Safonov,CL,0,0,0,0,90
4715059_181767,4715059,181767,583,583,2026-01-28,Marquinhos,CL,0,0,0,0,90
4715050_388198,4715050,388198,16,16,2026-01-28,Nico Schlotterbeck,CL,0,0,0,0,90
4715059_1185888,4715059,1185888,583,583,2026-01-28,Ibrahim Mbaye,CL,0,0,0,0,3
4715002_355915,4715002,355915,148,148,2026-01-28,Cristian Romero,CL,0,0,0,1,90
4715050_827734,4715050,827734,46,46,2026-01-28,Ange-Yoan Bonny,CL,0,0,0,0,57
4715050_796297,4715050,796297,16,16,2026-01-28,Jobe Bellingham,CL,0,0,0,0,90
4715050_668207,4715050,668207,46,46,2026-01-28,Petar Sučić,CL,0,0,0,0,88
4715050_578392,4715050,578392,16,16,2026-01-28,Maximilian Beier,CL,0,0,0,0,90
4715050_496094,4715050,496094,16,16,2026-01-28,Karim Adeyemi,CL,0,0,0,0,22
4715050_441986,4715050,441986,46,46,2026-01-28,Yann Bisseck,CL,0,0,0,0,90
4715050_406640,4715050,406640,16,16,2026-01-28,Felix Nmecha,CL,0,0,0,0,90
4715050_406625,4715050,406625,46,46,2026-01-28,Lautaro Martínez,CL,0,0,0,0,2
4715002_483348,4715002,483348,148,148,2026-01-28,Djed Spence,CL,0,0,0,0,90
4714989_792380,4714989,792380,27,27,2026-01-28,Aleksandar Pavlovic,CL,0,0,0,0,90
4715002_258889,4715002,258889,148,148,2026-01-28,Dominic Solanke,CL,0,0,1,0,17
4714981_626724,4714981,626724,631,631,2026-01-28,João Pedro,CL,0,0,2,0,90
4714984_549006,4714984,549006,336,336,2026-01-28,Gonçalo Inácio,CL,0,0,0,0,26
4714984_461496,4714984,461496,336,336,2026-01-28,Morten Hjulmand,CL,0,0,0,0,90
4714984_426620,4714984,426620,336,336,2026-01-28,Pedro Gonçalves,CL,1,0,0,0,36
4714984_424784,4714984,424784,336,336,2026-01-28,Luis Suárez,CL,0,0,0,0,90
4714984_412669,4714984,412669,336,336,2026-01-28,Francisco Trincão,CL,0,0,1,0,87
4714981_811779,4714981,811779,631,631,2026-01-28,Alejandro Garnacho,CL,0,0,0,0,16
4714981_743600,4714981,743600,631,631,2026-01-28,Andrey Santos,CL,0,0,0,0,59
4714981_687626,4714981,687626,631,631,2026-01-28,Moisés Caicedo,CL,0,0,0,0,90
4714981_670882,4714981,670882,631,631,2026-01-28,Jamie Gittens,CL,0,0,0,0,31
4714981_648195,4714981,648195,631,631,2026-01-28,Enzo Fernández,CL,0,0,1,0,90
4714981_620322,4714981,620322,631,631,2026-01-28,Malo Gusto,CL,0,0,0,0,59
4714997_893661,4714997,893661,2282,2282,2026-01-28,Joel Ordóñez,CL,0,0,0,0,72
4714981_610442,4714981,610442,6195,6195,2026-01-28,Rasmus Højlund,CL,0,0,1,0,90
4714981_568177,4714981,568177,631,631,2026-01-28,Cole Palmer,CL,0,0,0,2,45
4714981_487465,4714981,487465,631,631,2026-01-28,Pedro Neto,CL,0,0,0,0,45
4714981_475411,4714981,475411,631,631,2026-01-28,Wesley Fofana,CL,1,0,0,0,90
4714981_472423,4714981,472423,631,631,2026-01-28,Reece James,CL,0,0,0,0,90
4714981_386446,4714981,386446,6195,6195,2026-01-28,Alessandro Buongiorno,CL,0,0,0,0,90
4714981_346314,4714981,346314,631,631,2026-01-28,Trevoh Chalobah,CL,0,0,0,0,31
4714981_315969,4714981,315969,6195,6195,2026-01-28,Scott McTominay,CL,0,0,0,0,90
4714981_284857,4714981,284857,631,631,2026-01-28,Marc Cucurella,CL,0,0,0,0,90
4714981_1056993,4714981,1056993,631,631,2026-01-28,Estêvão,CL,0,0,0,0,74
4714984_571020,4714984,571020,621,621,2026-01-28,Oihan Sancet,CL,0,0,1,0,50
4714984_572675,4714984,572675,336,336,2026-01-28,Maxi Araújo,CL,1,0,0,1,90
4714984_701979,4714984,701979,336,336,2026-01-28,Geny Catamo,CL,0,0,0,0,90
4714984_830365,4714984,830365,336,6195,2026-01-28,Alisson Santos,CL,0,0,1,0,3
4714997_780136,4714997,780136,2282,2282,2026-01-28,Aleksandar Stanković,CL,0,0,1,2,86
4714997_717329,4714997,717329,2282,2282,2026-01-28,Nicolò Tresoldi,CL,0,0,0,0,4
4714997_653610,4714997,653610,244,244,2026-01-28,Igor Paixão,CL,0,0,0,0,45
4714997_532826,4714997,532826,244,244,2026-01-28,Mason Greenwood,CL,0,0,0,0,90
4714997_451677,4714997,451677,2282,2282,2026-01-28,Christos Tzolis,CL,0,0,0,0,20
4714997_418659,4714997,418659,244,244,2026-01-28,Amine Gouiri,CL,1,0,0,0,86
4714989_822959,4714989,822959,27,27,2026-01-28,Tom Bischof,CL,0,0,0,0,85
4715059_521964,4715059,521964,762,762,2026-01-28,Malick Thiaw,CL,0,0,0,0,90
4714989_776890,4714989,776890,27,27,2026-01-28,Nicolas Jackson,CL,0,0,0,0,62
4714989_702869,4714989,702869,383,383,2026-01-28,Ismael Saibari,CL,0,0,1,0,90
4714989_580195,4714989,580195,27,27,2026-01-28,Jamal Musiala,CL,0,0,1,0,62
4714989_566723,4714989,566723,27,27,2026-01-28,Michael Olise,CL,0,0,0,0,28
4714989_480692,4714989,480692,27,27,2026-01-28,Luis Díaz,CL,0,0,0,1,90
4714989_424204,4714989,424204,27,27,2026-01-28,Alphonso Davies,CL,0,0,0,0,28
4714989_408574,4714989,408574,383,383,2026-01-28,Joey Veerman,CL,0,0,0,0,90
4714989_344695,4714989,344695,27,27,2026-01-28,Dayot Upamecano,CL,1,0,0,0,62
4714989_196357,4714989,196357,27,27,2026-01-28,Jonathan Tah,CL,0,0,0,0,90
4714989_161056,4714989,161056,27,27,2026-01-28,Joshua Kimmich,CL,1,0,0,0,90
4714989_132098,4714989,132098,27,27,2026-01-28,Harry Kane,CL,0,0,1,0,28
4714989_1075147,4714989,1075147,27,27,2026-01-28,Lennart Karl,CL,0,0,0,1,62
4714984_974982,4714984,974982,336,336,2026-01-28,Ousmane Diomande,CL,0,0,1,0,54
4715059_503749,4715059,503749,762,762,2026-01-28,Jacob Ramsey,CL,0,0,0,0,90
4715050_318528,4715050,318528,46,46,2026-01-28,Marcus Thuram,CL,0,0,0,0,88
4715059_550550,4715059,550550,583,583,2026-01-28,Gonçalo Ramos,CL,0,0,0,0,20
4715127_1364454,4715127,1364454,15,15,2026-01-28,Christian Kofane,CL,0,0,0,0,28
4715129_309400,4715129,309400,11,11,2026-01-28,Kai Havertz,CL,0,0,1,1,45
4715127_905011,4715127,905011,15,15,2026-01-28,Ibrahim Maza,CL,0,0,0,0,70
4715127_805714,4715127,805714,1050,1050,2026-01-28,Renato Veiga,CL,0,0,0,0,90
4715127_729814,4715127,729814,1050,1050,2026-01-28,Georges Mikautadze,CL,0,0,0,0,45
4715127_718303,4715127,718303,15,1090,2026-01-28,Ernest Poku,CL,0,0,0,0,20
4715127_632349,4715127,632349,15,15,2026-01-28,Jarell Quansah,CL,0,0,0,0,90
4715127_564545,4715127,564545,15,15,2026-01-28,Edmond Tapsoba,CL,0,0,0,0,1
4715127_485963,4715127,485963,1050,1050,2026-01-28,Pape Gueye,CL,0,0,0,0,7
4715127_467437,4715127,467437,15,15,2026-01-28,Malik Tillman,CL,0,0,2,0,90
4715127_401578,4715127,401578,15,15,2026-01-28,Exequiel Palacios,CL,0,0,0,0,20
4715123_844637,4715123,844637,13,13,2026-01-28,Marc Pubill,CL,0,0,0,0,90
4715120_623325,4715120,623325,294,660,2026-01-28,Georgiy Sudakov,CL,0,0,0,0,83
4715123_775605,4715123,775605,13,13,2026-01-28,Pablo Barrios,CL,0,0,0,0,78
4715123_616631,4715123,616631,13,13,2026-01-28,Matteo Ruggeri,CL,0,0,0,0,33
4715123_576024,4715123,576024,13,13,2026-01-28,Julián Alvarez,CL,0,0,0,0,90
4715123_548111,4715123,548111,13,13,2026-01-28,Álex Baena,CL,0,0,0,0,57
4715123_404418,4715123,404418,13,13,2026-01-28,Dávid Hancko,CL,0,0,0,1,90
4715120_890290,4715120,890290,418,418,2026-01-28,Dean Huijsen,CL,1,0,0,0,78
4715120_861410,4715120,861410,418,418,2026-01-28,Arda Güler,CL,0,0,0,1,78
4715120_811778,4715120,811778,418,418,2026-01-28,Álvaro Carreras,CL,1,0,0,0,78
4715120_670103,4715120,670103,294,294,2026-01-28,Andreas Schjelderup,CL,0,0,2,0,90
4715120_650568,4715120,650568,294,294,2026-01-28,António Silva,CL,0,0,0,0,1
4715129_316264,4715129,316264,11,11,2026-01-28,Martin Ødegaard,CL,0,0,0,0,45
4715129_325443,4715129,325443,11,11,2026-01-28,Viktor Gyökeres,CL,0,0,1,1,77
4715129_335721,4715129,335721,11,11,2026-01-28,Ben White,CL,0,0,0,1,90
4715129_479999,4715129,479999,11,11,2026-01-28,Eberechi Eze,CL,0,0,0,0,90
4715146_964426,4715146,964426,683,683,2026-01-28,Christos Mouzakitis,CL,0,0,0,0,72
4715146_748804,4715146,748804,610,610,2026-01-28,Mika Godts,CL,0,0,0,0,90
4715138_962110,4715138,962110,131,131,2026-01-28,Pau Cubarsí,CL,0,0,0,0,90
4715138_937958,4715138,937958,131,131,2026-01-28,Lamine Yamal,CL,1,0,1,1,90
4715138_705395,4715138,705395,131,131,2026-01-28,Gerard Martín,CL,0,0,0,0,72
4715138_636703,4715138,636703,131,131,2026-01-28,Fermín López,CL,0,0,0,1,79
4715138_636688,4715138,636688,131,131,2026-01-28,Alejandro Balde,CL,0,0,0,0,90
4715138_561613,4715138,561613,131,131,2026-01-28,Joan García,CL,0,0,0,0,90
4715138_466794,4715138,466794,131,131,2026-01-28,Eric García,CL,0,0,0,0,45
4715138_411975,4715138,411975,131,131,2026-01-28,Jules Koundé,CL,0,0,0,0,90
4715138_411295,4715138,411295,131,131,2026-01-28,Raphinha,CL,0,0,1,0,90
4715059_583189,4715059,583189,762,762,2026-01-28,Anthony Elanga,CL,1,0,0,0,67
4715138_293385,4715138,293385,131,131,2026-01-28,Dani Olmo,CL,0,0,0,0,72
4715138_258923,4715138,258923,131,131,2026-01-28,Marcus Rashford,CL,0,0,1,0,18
4715138_1018920,4715138,1018920,131,131,2026-01-28,Marc Bernal,CL,0,0,0,0,45
4715129_890721,4715129,890721,11,11,2026-01-28,Myles Lewis-Skelly,CL,0,0,0,0,90
4715129_659813,4715129,659813,11,11,2026-01-28,Piero Hincapié,CL,0,0,0,0,45
4715129_655488,4715129,655488,11,11,2026-01-28,Gabriel Martinelli,CL,0,0,1,0,77
4715129_646750,4715129,646750,11,11,2026-01-28,Cristhian Mosquera,CL,0,0,0,0,90
4715129_503987,4715129,503987,11,11,2026-01-28,Noni Madueke,CL,0,0,0,0,90
4715129_502821,4715129,502821,11,11,2026-01-28,Riccardo Calafiori,CL,1,0,0,0,45
4715120_640428,4715120,640428,418,418,2026-01-28,Eduardo Camavinga,CL,0,0,0,0,35
4715138_398184,4715138,398184,131,131,2026-01-28,Ferran Torres,CL,0,0,0,0,8
4715120_581678,4715120,581678,418,418,2026-01-28,Jude Bellingham,CL,0,0,0,0,90
4715094_401923,4715094,401923,141,141,2026-01-28,Victor Osimhen,CL,0,0,0,0,90
4715094_607223,4715094,607223,281,281,2026-01-28,Rayan Cherki,CL,0,0,1,0,82
4715094_578391,4715094,578391,281,281,2026-01-28,Rayan Aït-Nouri,CL,0,0,0,0,90
4715094_553469,4715094,553469,141,141,2026-01-28,Gabriel Sara,CL,0,0,0,0,86
4715094_541537,4715094,541537,141,141,2026-01-28,Barış Alper Yılmaz,CL,0,0,0,0,68
4715094_486049,4715094,486049,281,281,2026-01-28,Jérémy Doku,CL,0,0,0,2,37
4715094_466805,4715094,466805,281,281,2026-01-28,Nico González,CL,0,0,0,0,8
4715094_460939,4715094,460939,281,281,2026-01-28,Tijjani Reijnders,CL,0,0,0,0,23
4715094_445939,4715094,445939,281,281,2026-01-28,Omar Marmoush,CL,0,0,0,0,67
4715094_418560,4715094,418560,281,281,2026-01-28,Erling Haaland,CL,0,0,1,0,90
4715094_406635,4715094,406635,281,281,2026-01-28,Phil Foden,CL,0,0,0,0,53
4715094_315858,4715094,315858,281,281,2026-01-28,Gianluigi Donnarumma,CL,0,0,0,0,90
4715094_763079,4715094,763079,281,281,2026-01-28,Abdukodir Khusanov,CL,0,0,0,0,90
4715059_922769,4715059,922769,762,762,2026-01-28,Lewis Miley,CL,0,0,0,0,90
4715059_914562,4715059,914562,583,583,2026-01-28,Désiré Doué,CL,0,0,0,0,68
4715059_903693,4715059,903693,583,583,2026-01-28,Senny Mayulu,CL,0,0,0,0,3
4715059_810092,4715059,810092,583,583,2026-01-28,Warren Zaïre-Emery,CL,0,0,0,0,87
4715059_708265,4715059,708265,583,583,2026-01-28,Bradley Barcola,CL,0,0,0,0,70
4715059_670858,4715059,670858,762,762,2026-01-28,Lewis Hall,CL,0,0,0,0,90
4715059_670681,4715059,670681,583,583,2026-01-28,João Neves,CL,0,0,0,0,87
4715059_661171,4715059,661171,583,583,2026-01-28,Willian Pacho,CL,0,0,0,0,90
4715059_616341,4715059,616341,583,583,2026-01-28,Nuno Mendes,CL,0,0,0,0,90
4715120_537844,4715120,537844,294,294,2026-01-28,Anatoliy Trubin,CL,0,0,1,0,90
4715094_743413,4715094,743413,281,281,2026-01-28,Nico O'Reilly,CL,0,0,0,0,90
4715094_601883,4715094,601883,281,281,2026-01-28,Matheus Nunes,CL,0,0,0,0,90
4715099_1077175,4715099,1077175,800,800,2026-01-28,Honest Ahanor,CL,1,0,0,0,90
4715104_598577,4715104,598577,31,31,2026-01-28,Florian Wirtz,CL,0,0,1,0,67
4715120_504087,4715120,504087,294,294,2026-01-28,Tomás Araújo,CL,0,0,0,0,90
4715120_413112,4715120,413112,418,418,2026-01-28,Aurélien Tchouaméni,CL,1,0,0,0,55
4715120_412363,4715120,412363,418,418,2026-01-28,Rodrygo,CL,0,0,0,0,35
4715120_371998,4715120,371998,418,418,2026-01-28,Vinicius Junior,CL,0,0,0,0,90
4715120_369081,4715120,369081,418,418,2026-01-28,Federico Valverde,CL,0,0,0,0,90
4715120_342229,4715120,342229,418,418,2026-01-28,Kylian Mbappé,CL,0,0,2,0,90
4715120_324503,4715120,324503,294,294,2026-01-28,Vangelis Pavlidis,CL,0,0,1,2,90
4715120_314678,4715120,314678,418,418,2026-01-28,Brahim Díaz,CL,0,0,0,0,12
4715099_315867,4715099,315867,800,800,2026-01-28,Gianluca Scamacca,CL,1,0,0,0,29
4715104_709726,4715104,709726,31,31,2026-01-28,Hugo Ekitiké,CL,0,0,1,1,67
4715120_1057316,4715120,1057316,418,418,2026-01-28,Franco Mastantuono,CL,0,0,0,0,55
4715104_534033,4715104,534033,31,31,2026-01-28,Alexis Mac Allister,CL,0,0,2,0,90
4715099_607854,4715099,607854,800,800,2026-01-28,Éderson,CL,0,0,0,0,90
4715099_406040,4715099,406040,800,800,2026-01-28,Ademola Lookman,CL,0,0,0,0,51
4715104_484547,4715104,484547,31,31,2026-01-28,Jeremie Frimpong,CL,0,0,0,0,4
4715099_435772,4715099,435772,800,800,2026-01-28,Charles De Ketelaere,CL,0,0,0,0,38
4715099_434433,4715099,434433,800,1005,2026-01-28,Nikola Krstović,CL,0,0,0,0,61
4715104_1108466,4715104,1108466,31,31,2026-01-28,Rio Ngumoha,CL,0,0,0,0,23
4715104_434675,4715104,434675,31,31,2026-01-28,Cody Gakpo,CL,0,0,0,0,74
4715104_451276,4715104,451276,31,31,2026-01-28,Dominik Szoboszlai,CL,0,0,0,1,75
4715104_478573,4715104,478573,31,31,2026-01-28,Ryan Gravenberch,CL,0,0,0,0,90
4634267_1084638,4634267,1084638,86,86,2026-01-27,Karim Coulibaly,L1,0,0,0,0,90
4634270_894914,4634270,894914,23826,23826,2026-01-27,Antonio Nusa,L1,0,0,0,0,85
4634267_667457,4634267,667457,533,533,2026-01-27,Leon Avdullahu,L1,0,0,0,0,90
4634270_1390649,4634270,1390649,23826,23826,2026-01-27,Yan Diomande,L1,0,0,1,0,90
4634270_318204,4634270,318204,23826,23826,2026-01-27,David Raum,L1,0,0,0,0,90
4634270_324278,4634270,324278,23826,23826,2026-01-27,Christoph Baumgartner,L1,1,0,0,0,85
4634270_404950,4634270,404950,23826,23826,2026-01-27,Nicolas Seiwald,L1,0,0,0,0,90
4634267_579459,4634267,579459,533,533,2026-01-27,Albian Hajdari,L1,0,0,0,0,90
4634270_957874,4634270,957874,23826,23826,2026-01-27,Rômulo,L1,0,0,0,0,64
4736149_523318,4736149,523318,1047,1047,2026-01-27,Anastasios Douvikas,CIT,0,0,0,0,29
4736149_668547,4736149,668547,1047,1047,2026-01-27,Máximo Perrone,CIT,0,0,0,0,20
4736149_948278,4736149,948278,1047,1047,2026-01-27,Jacobo Ramón,CIT,0,0,0,0,90
4736149_948294,4736149,948294,1047,1047,2026-01-27,Nico Paz,CIT,1,0,1,0,57
4736149_1190411,4736149,1190411,1047,1047,2026-01-27,Jesús Rodríguez,CIT,0,0,0,0,70
4645792_1005575,4645792,1005575,12321,12321,2026-01-26,Vitor Reis,ES1,0,0,1,0,90
4620922_855308,4620922,855308,410,410,2026-01-26,Arthur Atta,IT1,0,0,1,1,90
4626023_344069,4626023,344069,399,399,2026-01-26,Anton Stach,GB1,1,0,0,1,85
4626023_346890,4626023,346890,399,399,2026-01-26,Noah Okafor,GB1,0,0,0,0,5
4626023_404842,4626023,404842,29,29,2026-01-26,Vitaliy Mykolenko,GB1,0,0,0,0,90
4626023_475188,4626023,475188,29,29,2026-01-26,Kiernan Dewsbury-Hall,GB1,0,0,0,0,45
4626023_505219,4626023,505219,29,29,2026-01-26,James Garner,GB1,0,0,0,0,90
4626023_623570,4626023,623570,29,29,2026-01-26,Iliman Ndiaye,GB1,0,0,0,0,90
4626023_661053,4626023,661053,29,29,2026-01-26,Jarrad Branthwaite,GB1,0,0,0,0,45
4626023_937941,4626023,937941,29,29,2026-01-26,Thierno Barry,GB1,0,0,1,0,89
4626023_392771,4626023,392771,399,399,2026-01-26,Ethan Ampadu,GB1,0,0,0,0,90
4647932_454567,4647932,454567,114,114,2026-01-26,Orkun Kökçü,TR1,0,0,1,0,90
4648810_699704,4648810,699704,720,720,2026-01-26,Gabri Veiga,PO1,1,0,0,0,61
4648810_1004725,4648810,1004725,720,720,2026-01-26,William Gomes,PO1,0,0,1,0,29
4648810_957653,4648810,957653,720,720,2026-01-26,Rodrigo Mora,PO1,0,0,0,0,29
4648810_926993,4648810,926993,720,720,2026-01-26,Victor Froholdt,PO1,0,0,0,0,82
4648810_991268,4648810,991268,720,720,2026-01-26,Samu Aghehowa,PO1,0,0,1,0,77
4648810_425918,4648810,425918,720,11,2026-01-26,Jakub Kiwior,PO1,1,0,0,0,90
4648810_357153,4648810,357153,720,720,2026-01-26,Diogo Costa,PO1,0,0,0,0,90
4648810_1162012,4648810,1162012,720,720,2026-01-26,Oskar Pietuszewski,PO1,0,0,0,0,14
4626020_413507,4626020,413507,703,703,2026-01-25,Nikola Milenković,GB1,0,0,0,0,90
4626018_627442,4626018,627442,985,985,2026-01-25,Benjamin Sesko,GB1,0,0,0,0,9
4626020_392768,4626020,392768,703,703,2026-01-25,Callum Hudson-Odoi,GB1,0,0,0,0,87
4626020_340918,4626020,340918,1148,1148,2026-01-25,Caoimhín Kelleher,GB1,0,0,0,0,90
4626020_1005649,4626020,1005649,703,703,2026-01-25,Murillo,GB1,0,0,0,0,90
4626018_926952,4626018,926952,985,985,2026-01-25,Patrick Dorgu,GB1,0,0,1,0,81
4626018_820374,4626018,820374,985,985,2026-01-25,Kobbie Mainoo,GB1,0,0,0,1,90
4626018_420243,4626018,420243,11,11,2026-01-25,Jurriën Timber,GB1,0,0,0,0,90
4626018_659813,4626018,659813,11,11,2026-01-25,Piero Hincapié,GB1,0,0,0,0,58
4626018_503883,4626018,503883,985,1096,2026-01-25,Senne Lammens,GB1,0,0,0,0,90
4626018_536835,4626018,536835,985,985,2026-01-25,Amad Diallo,GB1,0,0,0,0,88
4626018_433177,4626018,433177,11,11,2026-01-25,Bukayo Saka,GB1,0,0,0,0,90
4626018_517894,4626018,517894,985,985,2026-01-25,Matheus Cunha,GB1,0,0,1,0,21
4626018_503987,4626018,503987,11,11,2026-01-25,Noni Madueke,GB1,0,0,0,0,15
4626018_495666,4626018,495666,11,11,2026-01-25,William Saliba,GB1,0,0,0,0,90
4626018_480762,4626018,480762,985,985,2026-01-25,Lisandro Martínez,GB1,0,0,0,0,90
4626018_479999,4626018,479999,11,11,2026-01-25,Eberechi Eze,GB1,1,0,0,0,32
4626018_435338,4626018,435338,11,11,2026-01-25,Gabriel,GB1,0,0,0,0,90
4626020_432164,4626020,432164,703,703,2026-01-25,Igor Jesus,GB1,0,0,1,0,68
4626020_429014,4626020,429014,703,703,2026-01-25,Morgan Gibbs-White,GB1,0,0,0,1,90
4626022_1006411,4626022,1006411,873,873,2026-01-25,Jaydee Canvot,GB1,1,0,0,0,65
4626020_469050,4626020,469050,1148,1148,2026-01-25,Nathan Collins,GB1,0,0,0,0,90
4626020_823486,4626020,823486,1148,1148,2026-01-25,Michael Kayode,GB1,0,0,0,0,81
4626022_470607,4626022,470607,873,148,2026-01-25,Brennan Johnson,GB1,0,0,0,0,76
4626022_434224,4626022,434224,873,873,2026-01-25,Maxence Lacroix,GB1,0,0,0,0,90
4626022_420002,4626022,420002,873,873,2026-01-25,Jean-Philippe Mateta,GB1,0,0,0,0,85
4626022_410225,4626022,410225,873,873,2026-01-25,Ismaïla Sarr,GB1,0,0,0,0,90
4626022_346314,4626022,346314,631,631,2026-01-25,Trevoh Chalobah,GB1,0,0,0,0,90
4626022_284857,4626022,284857,631,631,2026-01-25,Marc Cucurella,GB1,0,0,0,0,90
4626022_258919,4626022,258919,873,873,2026-01-25,Dean Henderson,GB1,0,0,0,0,90
4626022_1056993,4626022,1056993,631,631,2026-01-25,Estêvão,GB1,0,0,1,1,74
4626020_823231,4626020,823231,1148,1148,2026-01-25,Dango Ouattara,GB1,0,0,0,0,53
4626020_473050,4626020,473050,1148,1148,2026-01-25,Kevin Schade,GB1,0,0,0,0,90
4626020_741238,4626020,741238,703,703,2026-01-25,Omari Hutchinson,GB1,0,0,0,0,29
4626020_739443,4626020,739443,1148,1148,2026-01-25,Igor Thiago,GB1,0,0,0,0,90
4626020_717411,4626020,717411,1148,1148,2026-01-25,Yegor Yarmolyuk,GB1,1,0,0,0,81
4626020_644401,4626020,644401,1148,1148,2026-01-25,Keane Lewis-Potter,GB1,0,0,0,0,9
4626020_567576,4626020,567576,703,703,2026-01-25,Elliot Anderson,GB1,0,0,0,0,90
4626020_541231,4626020,541231,1148,1148,2026-01-25,Sepp van den Berg,GB1,0,0,0,0,53
4626020_540941,4626020,540941,1148,1148,2026-01-25,Mikkel Damsgaard,GB1,0,0,0,0,37
4626020_503680,4626020,503680,703,703,2026-01-25,Neco Williams,GB1,0,0,0,0,90
4626018_423440,4626018,423440,11,11,2026-01-25,Martín Zubimendi,GB1,0,0,0,0,58
4645796_404418,4645796,404418,13,13,2026-01-25,Dávid Hancko,ES1,0,0,0,0,90
4626018_413039,4626018,413039,985,985,2026-01-25,Bryan Mbeumo,GB1,0,0,1,0,69
4620916_672381,4620916,672381,1025,244,2026-01-25,Jonathan Rowe,IT1,0,0,0,0,73
4620918_533738,4620918,533738,506,506,2026-01-25,Jonathan David,IT1,0,0,1,0,77
4620918_516716,4620918,516716,506,506,2026-01-25,Bremer,IT1,0,0,0,0,90
4620918_487474,4620918,487474,506,506,2026-01-25,Francisco Conceição,IT1,0,0,0,0,60
4620918_463618,4620918,463618,506,506,2026-01-25,Khéphren Thuram,IT1,0,0,0,0,90
4620918_386446,4620918,386446,6195,6195,2026-01-25,Alessandro Buongiorno,IT1,0,0,0,0,90
4620918_332697,4620918,332697,506,506,2026-01-25,Weston McKennie,IT1,0,0,0,0,90
4620918_315969,4620918,315969,6195,6195,2026-01-25,Scott McTominay,IT1,0,0,0,0,90
4620918_265088,4620918,265088,506,506,2026-01-25,Manuel Locatelli,IT1,0,0,0,1,87
4620913_607854,4620913,607854,800,800,2026-01-25,Éderson,IT1,0,0,0,0,90
4620918_610442,4620918,610442,6195,6195,2026-01-25,Rasmus Højlund,IT1,0,0,0,0,90
4620913_571604,4620913,571604,800,800,2026-01-25,Giorgio Scalvini,IT1,0,0,0,0,90
4620913_459763,4620913,459763,800,800,2026-01-25,Marco Carnesecchi,IT1,0,0,0,0,90
4620913_435772,4620913,435772,800,800,2026-01-25,Charles De Ketelaere,IT1,0,0,0,1,73
4620913_434433,4620913,434433,800,1005,2026-01-25,Nikola Krstović,IT1,0,0,1,1,29
4620913_406040,4620913,406040,800,800,2026-01-25,Ademola Lookman,IT1,0,0,0,0,11
4620913_315867,4620913,315867,800,800,2026-01-25,Gianluca Scamacca,IT1,1,0,1,0,61
4620913_1077175,4620913,1077175,800,800,2026-01-25,Honest Ahanor,IT1,0,0,0,0,90
4626022_475411,4626022,475411,631,631,2026-01-25,Wesley Fofana,GB1,0,0,0,0,17
4620918_585949,4620918,585949,506,506,2026-01-25,Pierre Kalulu,IT1,0,0,0,0,90
4620918_845654,4620918,845654,506,506,2026-01-25,Kenan Yıldız,IT1,1,0,1,0,87
4626018_357662,4626018,357662,11,11,2026-01-25,Declan Rice,GB1,1,0,0,0,90
4620921_679423,4620921,679423,6574,6574,2026-01-25,Tarik Muharemović,IT1,0,0,0,0,90
4626018_357147,4626018,357147,985,985,2026-01-25,Diogo Dalot,GB1,0,0,0,0,90
4626018_338424,4626018,338424,11,11,2026-01-25,Mikel Merino,GB1,0,0,1,0,32
4626018_335721,4626018,335721,11,11,2026-01-25,Ben White,GB1,0,0,0,0,32
4626018_325443,4626018,325443,11,11,2026-01-25,Viktor Gyökeres,GB1,0,0,0,0,32
4626018_316264,4626018,316264,11,11,2026-01-25,Martin Ødegaard,GB1,0,0,0,1,58
4626018_262749,4626018,262749,11,11,2026-01-25,David Raya,GB1,0,0,0,0,90
4626018_240306,4626018,240306,985,985,2026-01-25,Bruno Fernandes,GB1,0,0,0,1,90
4620921_921655,4620921,921655,6574,6574,2026-01-25,Ismaël Koné,IT1,0,0,0,0,84
4620920_964580,4620920,964580,12,12,2026-01-25,Wesley,IT1,0,0,0,0,90
4620920_315779,4620920,315779,5,5,2026-01-25,Christian Pulisic,IT1,0,0,0,0,21
4620920_813137,4620920,813137,12,12,2026-01-25,Niccolò Pisilli,IT1,0,0,0,0,31
4620920_668951,4620920,668951,12,12,2026-01-25,Matías Soulé,IT1,0,0,0,0,85
4620920_624690,4620920,624690,12,12,2026-01-25,Manu Koné,IT1,0,0,0,0,59
4620920_371149,4620920,371149,12,12,2026-01-25,Evan Ndicka,IT1,0,0,0,0,90
4620920_357164,4620920,357164,5,5,2026-01-25,Rafael Leão,IT1,0,0,0,0,68
4620920_344381,4620920,344381,5,5,2026-01-25,Christopher Nkunku,IT1,0,0,0,0,69
4620920_338670,4620920,338670,12,12,2026-01-25,Mile Svilar,IT1,0,0,0,0,90
4620920_326029,4620920,326029,12,12,2026-01-25,Donyell Malen,IT1,0,0,0,0,69
4626022_472423,4626022,472423,631,631,2026-01-25,Reece James,GB1,0,0,0,0,81
4648815_982575,4648815,982575,3329,3329,2026-01-25,Gustavo Sá,PO1,0,0,0,0,78
4626022_487465,4626022,487465,631,631,2026-01-25,Pedro Neto,GB1,0,0,0,0,74
4645795_602105,4645795,602105,150,150,2026-01-25,Antony,ES1,0,0,0,0,60
4645797_1018920,4645797,1018920,131,131,2026-01-25,Marc Bernal,ES1,0,0,0,0,15
4645796_844637,4645796,844637,13,13,2026-01-25,Marc Pubill,ES1,0,0,0,0,90
4645796_775605,4645796,775605,13,13,2026-01-25,Pablo Barrios,ES1,0,0,0,0,90
4645796_742201,4645796,742201,13,13,2026-01-25,Giuliano Simeone,ES1,0,0,0,0,79
4645796_576024,4645796,576024,13,13,2026-01-25,Julián Alvarez,ES1,0,0,0,0,90
4645796_548111,4645796,548111,13,13,2026-01-25,Álex Baena,ES1,0,0,0,0,59
4645795_735568,4645795,735568,150,150,2026-01-25,Natan,ES1,1,0,0,0,60
4645795_724520,4645795,724520,150,150,2026-01-25,Abde Ezzalzouli,ES1,0,0,1,0,90
4641609_552655,4641609,552655,1090,1090,2026-01-25,Troy Parrott,NL1,0,0,0,1,90
4635168_660867,4635168,660867,667,667,2026-01-25,Julio Enciso,FR1,0,0,1,1,76
4641329_990148,4641329,990148,1184,1184,2026-01-25,Konstantinos Karetsas,BE1,0,0,0,1,67
4641328_1105541,4641328,1105541,58,58,2026-01-25,Nathan De Cat,BE1,0,0,0,0,61
4635175_1241207,4635175,1241207,995,995,2026-01-25,Tylel Tati,FR1,0,0,0,0,90
4635173_971570,4635173,971570,1041,418,2026-01-25,Endrick,FR1,0,0,3,0,90
4635173_618494,4635173,618494,1041,1041,2026-01-25,Tyler Morton,FR1,0,0,1,1,90
4635170_597659,4635170,597659,415,415,2026-01-25,Charlie Cresswell,FR1,1,0,0,0,90
4635168_849410,4635168,849410,667,667,2026-01-25,Valentín Barco,FR1,0,0,0,0,90
4635168_834397,4635168,834397,667,667,2026-01-25,Mike Penders,FR1,0,0,0,0,90
4645797_293385,4645797,293385,131,131,2026-01-25,Dani Olmo,ES1,0,0,1,1,75
4645797_326330,4645797,326330,131,131,2026-01-25,Frenkie de Jong,ES1,0,0,0,0,90
4645797_411295,4645797,411295,131,131,2026-01-25,Raphinha,ES1,0,0,1,0,60
4645797_411975,4645797,411975,131,131,2026-01-25,Jules Koundé,ES1,0,0,0,0,45
4648816_670103,4648816,670103,294,294,2026-01-25,Andreas Schjelderup,PO1,0,0,0,0,30
4648816_623325,4648816,623325,294,660,2026-01-25,Georgiy Sudakov,PO1,0,0,0,0,73
4648816_537844,4648816,537844,294,294,2026-01-25,Anatoliy Trubin,PO1,0,0,0,0,90
4648816_324503,4648816,324503,294,294,2026-01-25,Vangelis Pavlidis,PO1,0,0,2,0,83
4626022_568157,4626022,568157,873,1050,2026-01-25,Yéremy Pino,GB1,0,0,0,0,25
4648809_606752,4648809,606752,1075,1075,2026-01-25,Rodrigo Zalazar,PO1,0,0,1,1,67
4647935_465830,4647935,465830,36,398,2026-01-25,Mattéo Guendouzi,TR1,0,0,0,0,90
4645799_711374,4645799,711374,681,681,2026-01-25,Jon Gorrotxategi,ES1,0,0,0,1,90
4645799_351478,4645799,351478,681,681,2026-01-25,Mikel Oyarzabal,ES1,0,0,2,0,86
4645799_1018938,4645799,1018938,681,681,2026-01-25,Jon Martín,ES1,0,0,0,0,90
4645797_962110,4645797,962110,131,131,2026-01-25,Pau Cubarsí,ES1,0,0,0,0,90
4645797_937958,4645797,937958,131,131,2026-01-25,Lamine Yamal,ES1,0,0,1,0,79
4645797_705395,4645797,705395,131,131,2026-01-25,Gerard Martín,ES1,1,0,0,0,45
4645797_636703,4645797,636703,131,131,2026-01-25,Fermín López,ES1,0,0,0,0,30
4645797_636688,4645797,636688,131,131,2026-01-25,Alejandro Balde,ES1,0,0,0,0,30
4645797_561613,4645797,561613,131,131,2026-01-25,Joan García,ES1,0,0,0,0,90
4645797_466794,4645797,466794,131,131,2026-01-25,Eric García,ES1,0,0,0,0,90
4635168_724129,4635168,724129,1082,1082,2026-01-25,Matias Fernandez-Pardo,FR1,0,0,1,0,90
4648816_650568,4648816,650568,294,294,2026-01-25,António Silva,PO1,1,0,0,0,90
4635168_655006,4635168,655006,667,667,2026-01-25,Diego Moreira,FR1,0,0,0,1,76
4626022_744149,4626022,744149,873,873,2026-01-25,Adam Wharton,GB1,0,0,0,0,72
4626026_398065,4626026,398065,762,762,2026-01-25,Harvey Barnes,GB1,0,0,0,0,90
4626026_397033,4626026,397033,762,762,2026-01-25,Sandro Tonali,GB1,0,0,0,0,84
4626026_388165,4626026,388165,762,762,2026-01-25,Yoane Wissa,GB1,0,0,0,0,62
4626026_361093,4626026,361093,762,762,2026-01-25,Sven Botman,GB1,0,0,0,0,90
4626026_333241,4626026,333241,762,762,2026-01-25,Joelinton,GB1,1,0,0,0,48
4626026_324358,4626026,324358,405,405,2026-01-25,Ollie Watkins,GB1,0,0,1,0,90
4626026_249565,4626026,249565,405,405,2026-01-25,Youri Tielemans,GB1,0,0,0,0,74
4626022_904802,4626022,904802,631,631,2026-01-25,Jorrel Hato,GB1,0,0,0,0,9
4626022_743600,4626022,743600,631,631,2026-01-25,Andrey Santos,GB1,1,0,0,0,90
4626026_455661,4626026,455661,762,762,2026-01-25,Nick Woltemade,GB1,0,0,0,0,28
4626022_730893,4626022,730893,873,873,2026-01-25,Tyrick Mitchell,GB1,0,0,0,0,65
4626022_687626,4626022,687626,631,631,2026-01-25,Moisés Caicedo,GB1,1,0,0,0,73
4626022_670882,4626022,670882,631,631,2026-01-25,Jamie Gittens,GB1,0,0,0,0,16
4626022_648195,4626022,648195,631,631,2026-01-25,Enzo Fernández,GB1,0,0,1,0,90
4626022_626724,4626022,626724,631,631,2026-01-25,João Pedro,GB1,0,0,1,0,85
4626022_620322,4626022,620322,631,631,2026-01-25,Malo Gusto,GB1,0,0,0,0,16
4626022_610849,4626022,610849,631,631,2026-01-25,Liam Delap,GB1,0,0,0,0,5
4635168_548254,4635168,548254,1082,1082,2026-01-25,Nathan Ngoy,FR1,0,0,0,0,90
4626026_413403,4626026,413403,405,405,2026-01-25,Ezri Konsa,GB1,0,0,0,0,90
4626022_578539,4626022,578539,873,873,2026-01-25,Chris Richards,GB1,0,0,1,0,90
4626026_485585,4626026,485585,405,405,2026-01-25,Ian Maatsen,GB1,1,0,0,0,90
4634300_526845,4634300,526845,60,60,2026-01-25,Noah Atubolu,L1,0,0,0,0,90
4626026_485706,4626026,485706,405,405,2026-01-25,Amadou Onana,GB1,0,0,0,0,89
4635168_1064871,4635168,1064871,667,667,2026-01-25,Joaquín Panichelli,FR1,0,0,1,1,87
4634302_924117,4634302,924117,79,79,2026-01-25,Finn Jeltsch,L1,0,0,0,0,90
4634302_654982,4634302,654982,79,79,2026-01-25,Bilal El Khannouss,L1,0,0,0,0,11
4634302_518505,4634302,518505,79,79,2026-01-25,Jamie Leweling,L1,0,0,1,0,61
4634302_443710,4634302,443710,79,79,2026-01-25,Angelo Stiller,L1,0,0,0,1,79
4634302_436064,4634302,436064,79,79,2026-01-25,Ramon Hendriks,L1,0,0,0,0,73
4634300_668606,4634300,668606,60,60,2026-01-25,Yuito Suzuki,L1,0,0,0,1,90
4635168_1097139,4635168,1097139,1082,1082,2026-01-25,Ayyoub Bouaddi,FR1,1,0,0,0,90
4634300_1168219,4634300,1168219,3,3,2026-01-25,Said El Mala,L1,0,0,0,0,23
4626026_670858,4626026,670858,762,762,2026-01-25,Lewis Hall,GB1,0,0,0,0,90
4626026_583189,4626026,583189,762,762,2026-01-25,Anthony Elanga,GB1,0,0,0,0,27
4626026_521964,4626026,521964,762,762,2026-01-25,Malick Thiaw,GB1,0,0,0,0,90
4626026_503749,4626026,503749,762,762,2026-01-25,Jacob Ramsey,GB1,0,0,0,0,42
4626026_503743,4626026,503743,405,405,2026-01-25,Morgan Rogers,GB1,0,0,0,1,90
4626026_922769,4626026,922769,762,762,2026-01-25,Lewis Miley,GB1,0,0,0,0,90
4626026_503733,4626026,503733,762,762,2026-01-25,Anthony Gordon,GB1,0,0,0,0,63
4626025_418560,4626025,418560,281,281,2026-01-24,Erling Haaland,GB1,0,0,0,0,17
4626025_607223,4626025,607223,281,281,2026-01-24,Rayan Cherki,GB1,0,0,0,0,73
4626025_601883,4626025,601883,281,281,2026-01-24,Matheus Nunes,GB1,1,0,0,1,90
4626025_583255,4626025,583255,281,281,2026-01-24,Antoine Semenyo,GB1,0,0,1,0,90
4626025_486049,4626025,486049,281,281,2026-01-24,Jérémy Doku,GB1,0,0,0,0,16
4626025_460939,4626025,460939,281,281,2026-01-24,Tijjani Reijnders,GB1,0,0,0,0,61
4626025_445939,4626025,445939,281,281,2026-01-24,Omar Marmoush,GB1,0,0,1,0,74
4626025_429983,4626025,429983,543,543,2026-01-24,Jørgen Strand Larsen,GB1,0,0,0,0,45
4626025_315858,4626025,315858,281,281,2026-01-24,Gianluigi Donnarumma,GB1,0,0,0,0,90
4626025_406635,4626025,406635,281,281,2026-01-24,Phil Foden,GB1,0,0,0,0,29
4626025_392757,4626025,392757,281,281,2026-01-24,Marc Guéhi,GB1,0,0,0,0,90
4626025_357565,4626025,357565,281,281,2026-01-24,Rodri,GB1,0,0,0,0,90
4626024_996897,4626024,996897,1237,1237,2026-01-24,Diego Gómez,GB1,0,0,0,0,81
4626024_973085,4626024,973085,1237,1237,2026-01-24,Carlos Baleba,GB1,0,0,0,0,81
4626024_900195,4626024,900195,931,660,2026-01-24,Kevin,GB1,0,0,0,0,59
4626024_667287,4626024,667287,1237,1237,2026-01-24,Yasin Ayari,GB1,0,0,1,0,90
4626025_735570,4626025,735570,543,543,2026-01-24,João Gomes,GB1,1,0,0,0,90
4626024_565093,4626024,565093,1237,1237,2026-01-24,Bart Verbruggen,GB1,0,0,0,0,90
4626024_576314,4626024,576314,1237,1237,2026-01-24,Jan Paul van Hecke,GB1,0,0,0,0,90
4626027_633992,4626027,633992,289,289,2026-01-24,Enzo Le Fée,GB1,0,0,0,0,90
4626025_743413,4626025,743413,281,281,2026-01-24,Nico O'Reilly,GB1,0,0,0,0,90
4626027_876631,4626027,876631,289,289,2026-01-24,Habib Diarra,GB1,1,0,0,0,45
4634297_480692,4634297,480692,27,27,2026-01-24,Luis Díaz,L1,0,0,0,0,90
4626024_369316,4626024,369316,1237,1237,2026-01-24,Ferdi Kadıoğlu,GB1,0,0,0,0,90
4634297_424204,4634297,424204,27,27,2026-01-24,Alphonso Davies,L1,0,0,0,0,61
4634297_196357,4634297,196357,27,27,2026-01-24,Jonathan Tah,L1,1,0,0,0,90
4634297_161056,4634297,161056,27,27,2026-01-24,Joshua Kimmich,L1,0,0,0,0,29
4634297_132098,4634297,132098,27,27,2026-01-24,Harry Kane,L1,0,0,0,0,90
4634297_1075147,4634297,1075147,27,27,2026-01-24,Lennart Karl,L1,0,0,0,0,61
4626027_880245,4626027,880245,379,379,2026-01-24,Mateus Fernandes,GB1,0,0,1,0,90
4626027_743384,4626027,743384,289,289,2026-01-24,Chemsdine Talbi,GB1,0,0,0,0,45
4626025_763079,4626025,763079,281,281,2026-01-24,Abdukodir Khusanov,GB1,0,0,0,0,90
4626027_727089,4626027,727089,289,289,2026-01-24,Noah Sadiki,GB1,1,0,0,0,90
4626027_646991,4626027,646991,289,289,2026-01-24,Robin Roefs,GB1,0,0,0,0,90
4626027_522784,4626027,522784,379,379,2026-01-24,Taty Castellanos,GB1,1,0,0,0,75
4626027_474701,4626027,474701,379,379,2026-01-24,Crysencio Summerville,GB1,0,0,1,0,90
4626027_473169,4626027,473169,289,289,2026-01-24,Brian Brobbey,GB1,0,0,1,0,90
4626027_314875,4626027,314875,379,379,2026-01-24,Jarrod Bowen,GB1,0,0,1,1,90
4626027_1111589,4626027,1111589,379,379,2026-01-24,El Hadji Malick Diouf,GB1,0,0,0,0,19
4626025_800176,4626025,800176,543,543,2026-01-24,André,GB1,1,0,0,0,90
4626024_538977,4626024,538977,1237,1237,2026-01-24,Georginio Rutter,GB1,0,0,0,0,2
4626019_709726,4626019,709726,31,31,2026-01-24,Hugo Ekitiké,GB1,0,0,0,0,31
4626024_333014,4626024,333014,931,931,2026-01-24,Sander Berge,GB1,1,0,0,0,90
4626019_534033,4626019,534033,31,31,2026-01-24,Alexis Mac Allister,GB1,0,0,0,0,59
4626019_478573,4626019,478573,31,31,2026-01-24,Ryan Gravenberch,GB1,1,0,0,0,90
4626019_469781,4626019,469781,989,989,2026-01-24,Marcos Senesi,GB1,0,0,0,0,90
4626019_465555,4626019,465555,989,989,2026-01-24,Djordje Petrovic,GB1,0,0,0,0,90
4626019_451276,4626019,451276,31,31,2026-01-24,Dominik Szoboszlai,GB1,0,0,1,1,90
4626019_434675,4626019,434675,31,31,2026-01-24,Cody Gakpo,GB1,0,0,0,0,74
4626019_433188,4626019,433188,31,31,2026-01-24,Curtis Jones,GB1,0,0,0,0,31
4626019_1108466,4626019,1108466,31,31,2026-01-24,Rio Ngumoha,GB1,0,0,0,0,16
4620919_618341,4620919,618341,398,398,2026-01-24,Mario Gila,IT1,0,0,0,0,64
4620919_470394,4620919,470394,398,398,2026-01-24,Kenneth Taylor,IT1,0,0,0,0,90
4620915_895937,4620915,895937,1390,1390,2026-01-24,Marco Palestra,IT1,0,0,1,1,80
4620914_948294,4620914,948294,1047,1047,2026-01-24,Nico Paz,IT1,0,0,0,0,73
4620914_948278,4620914,948278,1047,1047,2026-01-24,Jacobo Ramón,IT1,0,0,0,0,90
4620914_668547,4620914,668547,1047,1047,2026-01-24,Máximo Perrone,IT1,0,0,0,0,68
4620914_580451,4620914,580451,1047,1047,2026-01-24,Martin Baturina,IT1,0,0,1,1,68
4620914_523318,4620914,523318,1047,1047,2026-01-24,Anastasios Douvikas,IT1,0,0,2,0,73
4620914_1190411,4620914,1190411,1047,1047,2026-01-24,Jesús Rodríguez,IT1,0,0,0,0,68
4634297_580195,4634297,580195,27,27,2026-01-24,Jamal Musiala,L1,0,0,0,0,29
4626019_484547,4626019,484547,31,31,2026-01-24,Jeremie Frimpong,GB1,0,0,0,0,59
4626019_598577,4626019,598577,31,31,2026-01-24,Florian Wirtz,GB1,0,0,0,0,90
4626024_279455,4626024,279455,931,931,2026-01-24,Harry Wilson,GB1,0,0,1,0,90
4626019_654539,4626019,654539,989,989,2026-01-24,Adrien Truffert,GB1,0,0,0,0,90
4626024_1060087,4626024,1060087,1237,1237,2026-01-24,Charalampos Kostoulas,GB1,1,0,0,0,2
4626024_1012534,4626024,1012534,1237,1237,2026-01-24,Yankuba Minteh,GB1,0,0,0,0,9
4626024_1011131,4626024,1011131,931,931,2026-01-24,Josh King,GB1,0,0,0,0,2
4626021_922693,4626021,922693,148,148,2026-01-24,Archie Gray,GB1,0,0,0,0,12
4626021_842341,4626021,842341,1132,1132,2026-01-24,Maxime Estève,GB1,0,0,0,0,90
4626021_566931,4626021,566931,148,23826,2026-01-24,Xavi Simons,GB1,0,0,0,0,90
4626021_557459,4626021,557459,148,148,2026-01-24,Micky van de Ven,GB1,0,0,1,0,90
4626021_556385,4626021,556385,148,148,2026-01-24,Destiny Udogie,GB1,0,0,0,0,45
4626021_553875,4626021,553875,148,148,2026-01-24,Pedro Porro,GB1,0,0,0,0,45
4626021_488362,4626021,488362,148,148,2026-01-24,Conor Gallagher,GB1,0,0,0,0,85
4626021_483348,4626021,483348,148,148,2026-01-24,Djed Spence,GB1,0,0,0,0,90
4626021_355915,4626021,355915,148,148,2026-01-24,Cristian Romero,GB1,0,0,1,0,90
4626021_258889,4626021,258889,148,148,2026-01-24,Dominic Solanke,GB1,0,0,0,0,90
4626019_955357,4626019,955357,989,989,2026-01-24,Junior Kroupi,GB1,1,0,0,0,67
4626019_855256,4626019,855256,989,989,2026-01-24,Alex Scott,GB1,0,0,0,1,90
4626019_730861,4626019,730861,31,31,2026-01-24,Milos Kerkez,GB1,0,0,0,0,45
4626019_711337,4626019,711337,989,989,2026-01-24,Evanilson,GB1,0,0,1,0,90
4634297_566723,4634297,566723,27,27,2026-01-24,Michael Olise,L1,0,0,0,1,90
4634303_388198,4634303,388198,16,16,2026-01-24,Nico Schlotterbeck,L1,0,0,1,0,90
4634297_776890,4634297,776890,27,27,2026-01-24,Nicolas Jackson,L1,0,0,0,0,11
4645794_805714,4645794,805714,1050,1050,2026-01-24,Renato Veiga,ES1,0,0,0,0,90
4645794_729814,4645794,729814,1050,1050,2026-01-24,Georges Mikautadze,ES1,0,0,0,0,77
4645794_640428,4645794,640428,418,418,2026-01-24,Eduardo Camavinga,ES1,0,0,0,0,90
4645794_581678,4645794,581678,418,418,2026-01-24,Jude Bellingham,ES1,0,0,0,0,90
4645794_485963,4645794,485963,1050,1050,2026-01-24,Pape Gueye,ES1,0,0,0,0,90
4645794_371998,4645794,371998,418,418,2026-01-24,Vinicius Junior,ES1,0,0,0,0,90
4645794_369081,4645794,369081,418,418,2026-01-24,Federico Valverde,ES1,0,0,0,0,90
4645794_342229,4645794,342229,418,418,2026-01-24,Kylian Mbappé,ES1,0,0,2,0,90
4645794_314678,4645794,314678,418,418,2026-01-24,Brahim Díaz,ES1,0,0,0,0,10
4645794_1057316,4645794,1057316,418,418,2026-01-24,Franco Mastantuono,ES1,1,0,0,0,74
4645793_935231,4645793,935231,331,331,2026-01-24,Víctor Muñoz,ES1,0,0,0,0,90
4645791_834764,4645791,834764,1049,1049,2026-01-24,Javi Guerra,ES1,0,0,0,0,2
4645791_709372,4645791,709372,714,714,2026-01-24,Carlos Romero,ES1,0,0,0,0,90
4641608_702869,4641608,702869,383,383,2026-01-24,Ismael Saibari,NL1,1,0,0,0,90
4641608_408574,4641608,408574,383,383,2026-01-24,Joey Veerman,NL1,0,0,0,2,90
4641601_748804,4641601,748804,610,610,2026-01-24,Mika Godts,NL1,0,0,0,0,90
4641327_780136,4641327,780136,2282,2282,2026-01-24,Aleksandar Stanković,BE1,0,0,2,0,90
4641327_717329,4641327,717329,2282,2282,2026-01-24,Nicolò Tresoldi,BE1,0,0,1,0,15
4634297_792380,4634297,792380,27,27,2026-01-24,Aleksandar Pavlovic,L1,0,0,0,0,90
4645794_811778,4645794,811778,418,418,2026-01-24,Álvaro Carreras,ES1,0,0,0,0,90
4635176_808348,4635176,808348,826,826,2026-01-24,Mamadou Sangaré,FR1,1,0,0,1,90
4645794_861410,4645794,861410,418,418,2026-01-24,Arda Güler,ES1,0,0,0,0,80
4648814_830365,4648814,830365,336,6195,2026-01-24,Alisson Santos,PO1,0,0,0,0,10
4648814_701979,4648814,701979,336,336,2026-01-24,Geny Catamo,PO1,0,0,0,1,90
4648814_572675,4648814,572675,336,336,2026-01-24,Maxi Araújo,PO1,0,0,0,1,90
4648814_549006,4648814,549006,336,336,2026-01-24,Gonçalo Inácio,PO1,0,0,0,0,90
4648814_548193,4648814,548193,336,336,2026-01-24,Zeno Debast,PO1,0,0,0,0,10
4648814_461496,4648814,461496,336,336,2026-01-24,Morten Hjulmand,PO1,0,0,0,0,90
4648814_426620,4648814,426620,336,336,2026-01-24,Pedro Gonçalves,PO1,0,0,0,0,21
4648814_424784,4648814,424784,336,336,2026-01-24,Luis Suárez,PO1,1,0,2,0,90
4648814_412669,4648814,412669,336,336,2026-01-24,Francisco Trincão,PO1,0,0,0,0,69
4647936_553469,4647936,553469,141,141,2026-01-24,Gabriel Sara,TR1,0,0,2,0,90
4647936_541537,4647936,541537,141,141,2026-01-24,Barış Alper Yılmaz,TR1,1,0,0,0,90
4647936_401923,4647936,401923,141,141,2026-01-24,Victor Osimhen,TR1,0,0,1,0,79
4645798_938729,4645798,938729,621,621,2026-01-24,Mikel Jauregizar,ES1,0,0,0,0,72
4645798_709187,4645798,709187,621,621,2026-01-24,Nico Williams,ES1,0,0,0,0,33
4645798_571020,4645798,571020,621,621,2026-01-24,Oihan Sancet,ES1,0,0,0,0,77
4645794_935230,4645794,935230,418,418,2026-01-24,Gonzalo García,ES1,0,0,0,0,16
4645794_890290,4645794,890290,418,418,2026-01-24,Dean Huijsen,ES1,0,0,0,0,90
4635176_890719,4635176,890719,244,244,2026-01-24,Ethan Nwaneri,FR1,0,0,1,0,58
4645794_733576,4645794,733576,1050,1050,2026-01-24,Alberto Moleiro,ES1,0,0,0,0,90
4635176_743515,4635176,743515,826,826,2026-01-24,Robin Risser,FR1,0,0,0,0,90
4634303_370789,4634303,370789,16,16,2026-01-24,Julian Ryerson,L1,0,0,0,1,90
4634303_257814,4634303,257814,16,16,2026-01-24,Gregor Kobel,L1,0,0,0,0,90
4634301_643574,4634301,643574,39,39,2026-01-24,Kaishu Sano,L1,0,0,0,0,90
4634299_931838,4634299,931838,24,24,2026-01-24,Hugo Larsson,L1,0,0,0,0,29
4634299_816585,4634299,816585,24,24,2026-01-24,Can Uzun,L1,0,0,0,1,61
4634299_691892,4634299,691892,24,24,2026-01-24,Nathaniel Brown,L1,0,0,0,0,90
4634299_667457,4634299,667457,533,533,2026-01-24,Leon Avdullahu,L1,1,0,0,0,90
4634299_585959,4634299,585959,24,24,2026-01-24,Arnaud Kalimuendo,L1,0,0,1,0,72
4634299_579459,4634299,579459,533,533,2026-01-24,Albian Hajdari,L1,1,0,0,0,90
4634299_524290,4634299,524290,533,533,2026-01-24,Fisnik Asllani,L1,0,0,0,0,90
4634298_905011,4634298,905011,15,15,2026-01-24,Ibrahim Maza,L1,0,0,0,1,72
4634298_718303,4634298,718303,15,1090,2026-01-24,Ernest Poku,L1,0,0,0,0,57
4634298_632349,4634298,632349,15,15,2026-01-24,Jarell Quansah,L1,0,0,0,0,90
4634298_467437,4634298,467437,15,15,2026-01-24,Malik Tillman,L1,0,0,0,0,33
4634298_401578,4634298,401578,15,15,2026-01-24,Exequiel Palacios,L1,0,0,0,0,18
4634298_1084638,4634298,1084638,86,86,2026-01-24,Karim Coulibaly,L1,0,0,0,0,90
4634297_822959,4634297,822959,27,27,2026-01-24,Tom Bischof,L1,0,0,0,0,11
4635176_653610,4635176,653610,244,244,2026-01-24,Igor Paixão,FR1,0,0,0,1,90
4634303_270541,4634303,270541,16,16,2026-01-24,Serhou Guirassy,L1,0,0,0,1,90
4634299_939964,4634299,939964,24,24,2026-01-24,Jean-Mattéo Bahoya,L1,0,0,0,0,18
4635174_503770,4635174,503770,162,162,2026-01-24,Folarin Balogun,FR1,1,0,0,0,90
4634305_957874,4634305,957874,23826,23826,2026-01-24,Rômulo,L1,0,0,0,0,90
4635176_532826,4635176,532826,244,244,2026-01-24,Mason Greenwood,FR1,0,0,0,0,32
4635176_420213,4635176,420213,244,244,2026-01-24,Quinten Timber,FR1,1,0,0,0,74
4635176_418659,4635176,418659,244,244,2026-01-24,Amine Gouiri,FR1,0,0,2,0,80
4635174_918969,4635174,918969,162,162,2026-01-24,Lamine Camara,FR1,0,0,0,0,90
4635174_745200,4635174,745200,162,162,2026-01-24,Maghnes Akliouche,FR1,0,0,0,0,90
4634303_406640,4634303,406640,16,16,2026-01-24,Felix Nmecha,L1,0,0,0,0,90
4635174_334526,4635174,334526,162,162,2026-01-24,Denis Zakaria,FR1,0,0,0,0,90
4635172_461607,4635172,461607,273,273,2026-01-24,Estéban Lepaul,FR1,1,0,0,0,59
4635172_1004301,4635172,1004301,273,273,2026-01-24,Jérémy Jacquet,FR1,0,0,0,0,90
4634305_894914,4634305,894914,23826,23826,2026-01-24,Antonio Nusa,L1,0,0,1,0,71
4634305_404950,4634305,404950,23826,23826,2026-01-24,Nicolas Seiwald,L1,0,0,0,1,90
4634305_324278,4634305,324278,23826,23826,2026-01-24,Christoph Baumgartner,L1,0,0,0,0,71
4634305_318204,4634305,318204,23826,23826,2026-01-24,David Raum,L1,0,0,1,0,77
4634305_1390649,4634305,1390649,23826,23826,2026-01-24,Yan Diomande,L1,0,0,0,2,90
4634303_796297,4634303,796297,16,16,2026-01-24,Jobe Bellingham,L1,0,0,0,1,90
4634303_578392,4634303,578392,16,16,2026-01-24,Maximilian Beier,L1,0,0,1,0,90
4620917_406625,4620917,406625,46,46,2026-01-23,Lautaro Martínez,IT1,1,0,1,0,80
4620917_930781,4620917,930781,46,46,2026-01-23,Pio Esposito,IT1,0,0,1,0,61
4620917_827734,4620917,827734,46,46,2026-01-23,Ange-Yoan Bonny,IT1,0,0,1,0,10
4620917_668207,4620917,668207,46,46,2026-01-23,Petar Sučić,IT1,0,0,0,0,61
4620917_441986,4620917,441986,46,46,2026-01-23,Yann Bisseck,IT1,0,0,0,1,90
4620917_198116,4620917,198116,46,46,2026-01-23,Federico Dimarco,IT1,0,0,1,2,56
4620917_318528,4620917,318528,46,46,2026-01-23,Marcus Thuram,IT1,0,0,0,1,29
4620917_315853,4620917,315853,46,46,2026-01-23,Alessandro Bastoni,IT1,0,0,0,1,90
4620917_255942,4620917,255942,46,46,2026-01-23,Nicolò Barella,IT1,1,0,0,0,29
4635169_1185888,4635169,1185888,583,583,2026-01-23,Ibrahim Mbaye,FR1,0,0,0,0,61
4634304_892160,4634304,892160,41,148,2026-01-23,Luka Vuskovic,L1,0,0,0,0,90
4635169_914562,4635169,914562,583,583,2026-01-23,Désiré Doué,FR1,0,0,0,0,29
4635169_288230,4635169,288230,583,583,2026-01-23,Ousmane Dembélé,FR1,0,0,0,1,28
4635169_487469,4635169,487469,583,583,2026-01-23,Vitinha,FR1,0,0,0,0,90
4635169_502670,4635169,502670,583,583,2026-01-23,Khvicha Kvaratskhelia,FR1,0,0,0,0,90
4635169_550550,4635169,550550,583,583,2026-01-23,Gonçalo Ramos,FR1,0,0,0,0,62
4635169_659089,4635169,659089,583,583,2026-01-23,Ilya Zabarnyi,FR1,0,0,0,0,90
4635169_708265,4635169,708265,583,583,2026-01-23,Bradley Barcola,FR1,0,0,1,0,90
4635169_810092,4635169,810092,583,583,2026-01-23,Warren Zaïre-Emery,FR1,0,0,0,0,90
4635169_903693,4635169,903693,583,583,2026-01-23,Senny Mayulu,FR1,0,0,0,0,90
4635169_463600,4635169,463600,583,583,2026-01-23,Lucas Chevalier,FR1,0,0,0,0,90
4715951_500689,4715951,500689,405,873,2026-01-22,Evann Guessand,EL,1,0,0,0,15
4715951_485585,4715951,485585,405,405,2026-01-22,Ian Maatsen,EL,0,0,0,0,15
4715951_485706,4715951,485706,405,405,2026-01-22,Amadou Onana,EL,0,0,0,0,15
4715957_413507,4715957,413507,703,703,2026-01-22,Nikola Milenković,EL,0,0,0,0,90
4715951_503743,4715951,503743,405,405,2026-01-22,Morgan Rogers,EL,0,0,0,0,75
4715957_365108,4715957,365108,703,703,2026-01-22,Dan Ndoye,EL,1,0,0,0,90
4715957_392768,4715957,392768,703,703,2026-01-22,Callum Hudson-Odoi,EL,0,0,0,0,22
4715951_249565,4715951,249565,405,405,2026-01-22,Youri Tielemans,EL,1,0,0,0,90
4715951_324358,4715951,324358,405,405,2026-01-22,Ollie Watkins,EL,0,0,0,0,90
4715918_624690,4715918,624690,12,12,2026-01-22,Manu Koné,EL,0,0,0,0,60
4715918_964580,4715918,964580,12,12,2026-01-22,Wesley,EL,0,0,0,0,18
4715918_924117,4715918,924117,79,79,2026-01-22,Finn Jeltsch,EL,0,0,0,0,90
4715918_813137,4715918,813137,12,12,2026-01-22,Niccolò Pisilli,EL,0,0,2,0,90
4715918_668951,4715918,668951,12,12,2026-01-22,Matías Soulé,EL,0,0,0,1,83
4715918_518505,4715918,518505,79,79,2026-01-22,Jamie Leweling,EL,0,0,0,0,90
4715918_436064,4715918,436064,79,79,2026-01-22,Ramon Hendriks,EL,0,0,0,0,90
4715918_371149,4715918,371149,12,12,2026-01-22,Evan Ndicka,EL,0,0,0,0,31
4715918_338670,4715918,338670,12,12,2026-01-22,Mile Svilar,EL,0,0,0,0,90
4715957_540664,4715957,540664,703,667,2026-01-22,Dilane Bakwa,EL,0,0,0,0,75
4715957_503680,4715957,503680,703,703,2026-01-22,Neco Williams,EL,1,0,0,0,21
4715957_429014,4715957,429014,703,703,2026-01-22,Morgan Gibbs-White,EL,0,0,0,0,90
4715957_567576,4715957,567576,703,703,2026-01-22,Elliot Anderson,EL,0,0,0,0,22
4715988_618494,4715988,618494,1041,1041,2026-01-22,Tyler Morton,EL,1,0,0,0,90
4716046_990148,4716046,990148,1184,1184,2026-01-22,Konstantinos Karetsas,EL,0,0,0,1,90
4716036_1073632,4716036,1073632,159,159,2026-01-22,Vasilije Kostov,EL,0,0,1,0,89
4716023_724129,4716023,724129,1082,1082,2026-01-22,Matias Fernandez-Pardo,EL,0,0,0,0,45
4716023_652275,4716023,652275,1082,1082,2026-01-22,Hákon Arnar Haraldsson,EL,0,0,0,0,90
4716023_548254,4716023,548254,1082,1082,2026-01-22,Nathan Ngoy,EL,1,0,0,0,90
4715996_927353,4715996,927353,60,60,2026-01-22,Johan Manzambi,EL,0,0,0,0,11
4715996_668606,4715996,668606,60,60,2026-01-22,Yuito Suzuki,EL,0,0,0,0,79
4715996_526845,4715996,526845,60,60,2026-01-22,Noah Atubolu,EL,0,0,0,0,90
4716020_672381,4716020,672381,1025,244,2026-01-22,Jonathan Rowe,EL,0,0,1,0,90
4715971_991268,4715971,991268,720,720,2026-01-22,Samu Aghehowa,EL,0,0,0,0,90
4715971_926993,4715971,926993,720,720,2026-01-22,Victor Froholdt,EL,0,0,0,0,90
4715971_756990,4715971,756990,720,720,2026-01-22,Alan Varela,EL,0,0,0,0,19
4715971_699704,4715971,699704,720,720,2026-01-22,Gabri Veiga,EL,0,0,0,0,34
4715971_425918,4715971,425918,720,11,2026-01-22,Jakub Kiwior,EL,1,0,0,1,90
4715971_357153,4715971,357153,720,720,2026-01-22,Diogo Costa,EL,0,0,0,0,90
4715971_1004725,4715971,1004725,720,720,2026-01-22,William Gomes,EL,0,0,0,0,71
4715967_724520,4715967,724520,150,150,2026-01-22,Abde Ezzalzouli,EL,0,0,0,0,36
4715971_957653,4715971,957653,720,720,2026-01-22,Rodrigo Mora,EL,0,0,0,0,56
4715024_451276,4715024,451276,31,31,2026-01-21,Dominik Szoboszlai,CL,0,0,1,0,90
4715024_534033,4715024,534033,31,31,2026-01-21,Alexis Mac Allister,CL,0,0,0,0,90
4715024_532826,4715024,532826,244,244,2026-01-21,Mason Greenwood,CL,0,0,0,0,90
4715024_484547,4715024,484547,31,31,2026-01-21,Jeremie Frimpong,CL,0,0,0,0,90
4715024_478573,4715024,478573,31,31,2026-01-21,Ryan Gravenberch,CL,0,0,0,1,90
4715011_845654,4715011,845654,506,506,2026-01-21,Kenan Yıldız,CL,0,0,0,0,82
4715024_434675,4715024,434675,31,31,2026-01-21,Cody Gakpo,CL,0,0,1,0,11
4715024_433188,4715024,433188,31,31,2026-01-21,Curtis Jones,CL,0,0,0,0,11
4715024_418659,4715024,418659,244,244,2026-01-21,Amine Gouiri,CL,0,0,0,0,67
4715024_709726,4715024,709726,31,31,2026-01-21,Hugo Ekitiké,CL,0,0,0,0,79
4715024_598577,4715024,598577,31,31,2026-01-21,Florian Wirtz,CL,0,0,0,0,79
4715036_636688,4715036,636688,131,131,2026-01-21,Alejandro Balde,CL,0,0,0,0,79
4715024_730861,4715024,730861,31,31,2026-01-21,Milos Kerkez,CL,0,0,0,0,90
4715036_1018920,4715036,1018920,131,131,2026-01-21,Marc Bernal,CL,0,0,0,0,12
4715036_258923,4715036,258923,131,131,2026-01-21,Marcus Rashford,CL,0,0,0,1,29
4715036_293385,4715036,293385,131,131,2026-01-21,Dani Olmo,CL,0,0,1,0,29
4715036_326330,4715036,326330,131,131,2026-01-21,Frenkie de Jong,CL,1,0,0,1,90
4715036_411295,4715036,411295,131,131,2026-01-21,Raphinha,CL,0,0,0,0,90
4715036_411975,4715036,411975,131,131,2026-01-21,Jules Koundé,CL,0,0,0,0,90
4715036_466794,4715036,466794,131,131,2026-01-21,Eric García,CL,0,0,0,0,90
4715036_561613,4715036,561613,131,131,2026-01-21,Joan García,CL,0,0,0,0,90
4715011_623325,4715011,623325,294,660,2026-01-21,Georgiy Sudakov,CL,0,0,0,0,69
4715036_636703,4715036,636703,131,131,2026-01-21,Fermín López,CL,0,0,2,0,78
4715011_670103,4715011,670103,294,294,2026-01-21,Andreas Schjelderup,CL,0,0,0,0,69
4715011_324503,4715011,324503,294,294,2026-01-21,Vangelis Pavlidis,CL,0,0,0,0,90
4715011_585949,4715011,585949,506,506,2026-01-21,Pierre Kalulu,CL,0,0,0,0,90
4715011_537844,4715011,537844,294,294,2026-01-21,Anatoliy Trubin,CL,0,0,0,0,90
4641503_552655,4641503,552655,1090,1090,2026-01-21,Troy Parrott,NL1,0,0,1,0,90
4641503_859035,4641503,859035,1090,1090,2026-01-21,Kees Smit,NL1,0,0,0,0,90
4714995_401923,4714995,401923,141,141,2026-01-21,Victor Osimhen,CL,1,0,0,0,90
4714995_404418,4714995,404418,13,13,2026-01-21,Dávid Hancko,CL,0,0,0,0,90
4714995_541537,4714995,541537,141,141,2026-01-21,Barış Alper Yılmaz,CL,0,0,0,0,80
4714995_548111,4714995,548111,13,13,2026-01-21,Álex Baena,CL,0,0,0,0,45
4714995_553469,4714995,553469,141,141,2026-01-21,Gabriel Sara,CL,0,0,0,0,25
4714995_576024,4714995,576024,13,13,2026-01-21,Julián Alvarez,CL,0,0,0,0,73
4714995_616631,4714995,616631,13,13,2026-01-21,Matteo Ruggeri,CL,0,0,0,1,90
4714995_742201,4714995,742201,13,13,2026-01-21,Giuliano Simeone,CL,1,0,1,0,90
4714995_775605,4714995,775605,13,13,2026-01-21,Pablo Barrios,CL,1,0,0,0,56
4714995_844637,4714995,844637,13,13,2026-01-21,Marc Pubill,CL,1,0,0,0,90
4715011_265088,4715011,265088,506,506,2026-01-21,Manuel Locatelli,CL,1,0,0,0,87
4715036_705395,4715036,705395,131,131,2026-01-21,Gerard Martín,CL,0,0,0,0,90
4715011_332697,4715011,332697,506,506,2026-01-21,Weston McKennie,CL,0,0,1,0,90
4715011_368887,4715011,368887,506,506,2026-01-21,Loïs Openda,CL,0,0,0,0,20
4715011_463618,4715011,463618,506,506,2026-01-21,Khéphren Thuram,CL,0,0,1,0,90
4715011_487474,4715011,487474,506,506,2026-01-21,Francisco Conceição,CL,0,0,0,0,45
4715011_504087,4715011,504087,294,294,2026-01-21,Tomás Araújo,CL,0,0,0,0,90
4715011_516716,4715011,516716,506,506,2026-01-21,Bremer,CL,0,0,0,0,90
4715011_533738,4715011,533738,506,506,2026-01-21,Jonathan David,CL,0,0,0,1,70
4715036_683840,4715036,683840,131,131,2026-01-21,Pedri,CL,0,0,0,1,61
4715024_653610,4715024,653610,244,244,2026-01-21,Igor Paixão,CL,0,0,0,0,22
4715052_1056993,4715052,1056993,631,631,2026-01-21,Estêvão,CL,0,0,0,0,45
4715148_388165,4715148,388165,762,762,2026-01-21,Yoane Wissa,CL,0,0,1,1,72
4715108_459763,4715108,459763,800,800,2026-01-21,Marco Carnesecchi,CL,0,0,0,0,90
4715108_571020,4715108,571020,621,621,2026-01-21,Oihan Sancet,CL,0,0,0,1,45
4715108_607854,4715108,607854,800,800,2026-01-21,Éderson,CL,0,0,0,0,90
4715108_938729,4715108,938729,621,621,2026-01-21,Mikel Jauregizar,CL,1,0,0,0,59
4715110_691892,4715110,691892,24,24,2026-01-21,Nathaniel Brown,CL,0,0,0,0,90
4715110_816585,4715110,816585,24,24,2026-01-21,Can Uzun,CL,0,0,1,0,71
4715110_931838,4715110,931838,24,24,2026-01-21,Hugo Larsson,CL,0,0,0,0,85
4715110_939964,4715110,939964,24,24,2026-01-21,Jean-Mattéo Bahoya,CL,0,0,0,0,11
4715148_333241,4715148,333241,762,762,2026-01-21,Joelinton,CL,0,0,0,1,72
4715148_361093,4715148,361093,762,762,2026-01-21,Sven Botman,CL,0,0,0,0,90
4715148_397033,4715148,397033,762,762,2026-01-21,Sandro Tonali,CL,1,0,0,0,90
4715108_434433,4715108,434433,800,1005,2026-01-21,Nikola Krstović,CL,0,0,1,0,24
4715148_398065,4715148,398065,762,762,2026-01-21,Harvey Barnes,CL,0,0,1,0,90
4715148_408574,4715148,408574,383,383,2026-01-21,Joey Veerman,CL,1,0,0,0,90
4715148_455661,4715148,455661,762,762,2026-01-21,Nick Woltemade,CL,0,0,0,0,18
4715148_503733,4715148,503733,762,762,2026-01-21,Anthony Gordon,CL,0,0,1,0,72
4715148_503749,4715148,503749,762,762,2026-01-21,Jacob Ramsey,CL,0,0,0,0,18
4715148_520624,4715148,520624,762,762,2026-01-21,Bruno Guimarães,CL,1,0,0,0,45
4715148_521964,4715148,521964,762,762,2026-01-21,Malick Thiaw,CL,0,0,0,0,90
4715148_583189,4715148,583189,762,762,2026-01-21,Anthony Elanga,CL,0,0,0,0,18
4715148_670858,4715148,670858,762,762,2026-01-21,Lewis Hall,CL,0,0,0,0,90
4715052_284857,4715052,284857,631,631,2026-01-21,Marc Cucurella,CL,0,0,0,0,20
4715108_435772,4715108,435772,800,800,2026-01-21,Charles De Ketelaere,CL,0,0,0,0,90
4715148_922769,4715148,922769,762,762,2026-01-21,Lewis Miley,CL,0,0,0,0,45
4715108_406040,4715108,406040,800,800,2026-01-21,Ademola Lookman,CL,0,0,0,1,25
4715052_904802,4715052,904802,631,631,2026-01-21,Jorrel Hato,CL,0,0,0,0,70
4715108_315867,4715108,315867,800,800,2026-01-21,Gianluca Scamacca,CL,0,0,1,0,66
4715052_475411,4715052,475411,631,631,2026-01-21,Wesley Fofana,CL,0,0,0,0,90
4715052_487465,4715052,487465,631,631,2026-01-21,Pedro Neto,CL,0,0,0,0,90
4715052_610849,4715052,610849,631,631,2026-01-21,Liam Delap,CL,0,0,0,0,70
4715052_620322,4715052,620322,631,631,2026-01-21,Malo Gusto,CL,0,0,0,0,90
4715052_626724,4715052,626724,631,631,2026-01-21,João Pedro,CL,0,0,0,0,20
4715052_648195,4715052,648195,631,631,2026-01-21,Enzo Fernández,CL,1,0,0,0,90
4715052_670882,4715052,670882,631,631,2026-01-21,Jamie Gittens,CL,1,0,0,0,20
4715052_687626,4715052,687626,631,631,2026-01-21,Moisés Caicedo,CL,0,0,1,0,90
4715052_811779,4715052,811779,631,631,2026-01-21,Alejandro Garnacho,CL,0,0,0,0,70
4715052_472423,4715052,472423,631,631,2026-01-21,Reece James,CL,0,0,0,0,45
4715068_1075147,4715068,1075147,27,27,2026-01-21,Lennart Karl,CL,0,0,0,0,67
4715068_132098,4715068,132098,27,27,2026-01-21,Harry Kane,CL,0,0,2,0,90
4715068_161056,4715068,161056,27,27,2026-01-21,Joshua Kimmich,CL,0,0,0,0,90
4715068_196357,4715068,196357,27,27,2026-01-21,Jonathan Tah,CL,0,0,0,0,90
4715068_424204,4715068,424204,27,27,2026-01-21,Alphonso Davies,CL,0,0,0,0,23
4715068_480692,4715068,480692,27,27,2026-01-21,Luis Díaz,CL,0,0,0,0,90
4715068_566723,4715068,566723,27,27,2026-01-21,Michael Olise,CL,1,0,0,1,90
4715068_792380,4715068,792380,27,27,2026-01-21,Aleksandar Pavlovic,CL,0,0,0,0,90
4715068_822959,4715068,822959,27,27,2026-01-21,Tom Bischof,CL,0,0,0,0,90
4715108_1077175,4715108,1077175,800,800,2026-01-21,Honest Ahanor,CL,0,0,0,0,14
4715046_556385,4715046,556385,148,148,2026-01-20,Destiny Udogie,CL,0,0,0,0,90
4715046_796297,4715046,796297,16,16,2026-01-20,Jobe Bellingham,CL,0,0,0,0,90
4715046_578392,4715046,578392,16,16,2026-01-20,Maximilian Beier,CL,0,0,0,0,14
4715046_566931,4715046,566931,148,23826,2026-01-20,Xavi Simons,CL,0,0,0,0,90
4715046_406640,4715046,406640,16,16,2026-01-20,Felix Nmecha,CL,0,0,0,0,64
4715046_553875,4715046,553875,148,148,2026-01-20,Pedro Porro,CL,0,0,0,0,90
4715019_315969,4715019,315969,6195,6195,2026-01-20,Scott McTominay,CL,0,0,1,0,90
4715046_496094,4715046,496094,16,16,2026-01-20,Karim Adeyemi,CL,0,0,0,0,64
4715046_483348,4715046,483348,148,148,2026-01-20,Djed Spence,CL,0,0,0,0,90
4715046_922693,4715046,922693,148,148,2026-01-20,Archie Gray,CL,1,0,0,0,90
4715046_866246,4715046,866246,148,148,2026-01-20,Lucas Bergvall,CL,0,0,0,0,62
4715056_315853,4715056,315853,46,46,2026-01-20,Alessandro Bastoni,CL,1,0,0,0,90
4715056_198116,4715056,198116,46,46,2026-01-20,Federico Dimarco,CL,0,0,0,0,90
4715056_255942,4715056,255942,46,46,2026-01-20,Nicolò Barella,CL,0,0,0,0,63
4715056_262749,4715056,262749,11,11,2026-01-20,David Raya,CL,0,0,0,0,90
4715056_420243,4715056,420243,11,11,2026-01-20,Jurriën Timber,CL,0,0,0,1,64
4715056_318528,4715056,318528,46,46,2026-01-20,Marcus Thuram,CL,0,0,0,0,90
4715056_325443,4715056,325443,11,11,2026-01-20,Viktor Gyökeres,CL,0,0,1,0,15
4715056_335721,4715056,335721,11,11,2026-01-20,Ben White,CL,0,0,0,0,26
4715056_338424,4715056,338424,11,11,2026-01-20,Mikel Merino,CL,1,0,0,0,90
4715056_357662,4715056,357662,11,11,2026-01-20,Declan Rice,CL,1,0,0,0,26
4715056_406625,4715056,406625,46,46,2026-01-20,Lautaro Martínez,CL,0,0,0,0,63
4715046_370789,4715046,370789,16,16,2026-01-20,Julian Ryerson,CL,1,0,0,0,45
4715046_388198,4715046,388198,16,16,2026-01-20,Nico Schlotterbeck,CL,0,0,0,0,90
4715029_763079,4715029,763079,281,281,2026-01-20,Abdukodir Khusanov,CL,0,0,0,0,90
4715046_355915,4715046,355915,148,148,2026-01-20,Cristian Romero,CL,0,0,1,0,90
4715046_270541,4715046,270541,16,16,2026-01-20,Serhou Guirassy,CL,0,0,0,0,45
4715056_433177,4715056,433177,11,11,2026-01-20,Bukayo Saka,CL,0,0,0,1,90
4715019_386446,4715019,386446,6195,6195,2026-01-20,Alessandro Buongiorno,CL,0,0,0,0,90
4715019_610442,4715019,610442,6195,6195,2026-01-20,Rasmus Højlund,CL,1,0,0,0,90
4715029_315858,4715029,315858,281,281,2026-01-20,Gianluigi Donnarumma,CL,0,0,0,0,90
4715029_357565,4715029,357565,281,281,2026-01-20,Rodri,CL,0,0,0,0,62
4715029_406635,4715029,406635,281,281,2026-01-20,Phil Foden,CL,0,0,0,0,70
4715029_418560,4715029,418560,281,281,2026-01-20,Erling Haaland,CL,0,0,0,0,90
4715029_445939,4715029,445939,281,281,2026-01-20,Omar Marmoush,CL,0,0,0,0,20
4715029_460939,4715029,460939,281,281,2026-01-20,Tijjani Reijnders,CL,0,0,0,0,90
4715029_578391,4715029,578391,281,281,2026-01-20,Rayan Aït-Nouri,CL,0,0,0,0,90
4715029_607223,4715029,607223,281,281,2026-01-20,Rayan Cherki,CL,1,0,1,0,90
4715029_701057,4715029,701057,281,281,2026-01-20,Rico Lewis,CL,0,0,0,0,90
4715029_743413,4715029,743413,281,281,2026-01-20,Nico O'Reilly,CL,0,0,0,1,90
4715039_1364454,4715039,1364454,15,15,2026-01-20,Christian Kofane,CL,1,0,0,0,70
4715039_467437,4715039,467437,15,15,2026-01-20,Malik Tillman,CL,0,0,0,0,32
4715039_632349,4715039,632349,15,15,2026-01-20,Jarell Quansah,CL,0,0,0,0,90
4715039_718303,4715039,718303,15,1090,2026-01-20,Ernest Poku,CL,0,0,0,0,81
4715039_905011,4715039,905011,15,15,2026-01-20,Ibrahim Maza,CL,0,0,0,0,70
4715039_964426,4715039,964426,683,683,2026-01-20,Christos Mouzakitis,CL,0,0,0,0,73
4715046_257814,4715046,257814,16,16,2026-01-20,Gregor Kobel,CL,0,0,0,0,90
4715046_258889,4715046,258889,148,148,2026-01-20,Dominic Solanke,CL,0,0,1,0,70
4715056_423440,4715056,423440,11,11,2026-01-20,Martín Zubimendi,CL,0,0,0,0,90
4715100_890290,4715100,890290,418,418,2026-01-20,Dean Huijsen,CL,0,0,0,0,90
4715056_435338,4715056,435338,11,11,2026-01-20,Gabriel,CL,0,0,0,0,15
4715102_412669,4715102,412669,336,336,2026-01-20,Francisco Trincão,CL,0,0,0,0,90
4715102_463600,4715102,463600,583,583,2026-01-20,Lucas Chevalier,CL,0,0,0,0,90
4715102_487469,4715102,487469,583,583,2026-01-20,Vitinha,CL,0,0,0,0,90
4715102_502670,4715102,502670,583,583,2026-01-20,Khvicha Kvaratskhelia,CL,1,0,1,0,24
4715102_549006,4715102,549006,336,336,2026-01-20,Gonçalo Inácio,CL,0,0,0,0,90
4715102_550550,4715102,550550,583,583,2026-01-20,Gonçalo Ramos,CL,0,0,0,0,19
4715102_616341,4715102,616341,583,583,2026-01-20,Nuno Mendes,CL,0,0,0,0,90
4715102_659089,4715102,659089,583,583,2026-01-20,Ilya Zabarnyi,CL,0,0,0,0,10
4715102_661171,4715102,661171,583,583,2026-01-20,Willian Pacho,CL,0,0,0,0,90
4715102_701979,4715102,701979,336,336,2026-01-20,Geny Catamo,CL,0,0,0,0,87
4715102_708265,4715102,708265,583,583,2026-01-20,Bradley Barcola,CL,0,0,0,0,71
4715102_810092,4715102,810092,583,583,2026-01-20,Warren Zaïre-Emery,CL,0,0,0,0,90
4715102_830365,4715102,830365,336,6195,2026-01-20,Alisson Santos,CL,0,0,0,0,3
4715102_903693,4715102,903693,583,583,2026-01-20,Senny Mayulu,CL,0,0,0,0,66
4715102_914562,4715102,914562,583,583,2026-01-20,Désiré Doué,CL,0,0,0,0,90
4715105_729814,4715105,729814,1050,1050,2026-01-20,Georges Mikautadze,CL,0,0,0,0,18
4715105_733576,4715105,733576,1050,1050,2026-01-20,Alberto Moleiro,CL,0,0,0,0,45
4715105_748804,4715105,748804,610,610,2026-01-20,Mika Godts,CL,0,0,0,0,90
4715105_805714,4715105,805714,1050,1050,2026-01-20,Renato Veiga,CL,0,0,0,0,90
4717487_717329,4717487,717329,2282,2282,2026-01-20,Nicolò Tresoldi,CL,0,0,0,0,12
4717487_780136,4717487,780136,2282,2282,2026-01-20,Aleksandar Stanković,CL,0,0,1,0,90
4717487_893661,4717487,893661,2282,2282,2026-01-20,Joel Ordóñez,CL,0,0,0,0,90
4715102_424784,4715102,424784,336,336,2026-01-20,Luis Suárez,CL,1,0,2,0,90
4715102_572675,4715102,572675,336,336,2026-01-20,Maxi Araújo,CL,0,0,0,0,90
4715102_350219,4715102,350219,583,583,2026-01-20,Fabián Ruiz,CL,0,0,0,0,80
4715100_369081,4715100,369081,418,418,2026-01-20,Federico Valverde,CL,0,0,0,2,83
4715056_495666,4715056,495666,11,11,2026-01-20,William Saliba,CL,0,0,0,0,90
4715056_646750,4715056,646750,11,11,2026-01-20,Cristhian Mosquera,CL,0,0,0,0,75
4715056_655488,4715056,655488,11,11,2026-01-20,Gabriel Martinelli,CL,0,0,0,0,11
4715056_668207,4715056,668207,46,46,2026-01-20,Petar Sučić,CL,0,0,1,0,90
4715102_288230,4715102,288230,583,583,2026-01-20,Ousmane Dembélé,CL,0,0,0,1,90
4715056_890721,4715056,890721,11,11,2026-01-20,Myles Lewis-Skelly,CL,0,0,0,0,90
4715056_930781,4715056,930781,46,46,2026-01-20,Pio Esposito,CL,0,0,0,0,27
4715100_1057316,4715100,1057316,418,418,2026-01-20,Franco Mastantuono,CL,0,0,1,0,71
4715100_334526,4715100,334526,162,162,2026-01-20,Denis Zakaria,CL,1,0,0,0,73
4715100_342229,4715100,342229,418,418,2026-01-20,Kylian Mbappé,CL,0,0,2,0,90
4715056_827734,4715056,827734,46,46,2026-01-20,Ange-Yoan Bonny,CL,0,0,0,0,8
4715100_371998,4715100,371998,418,418,2026-01-20,Vinicius Junior,CL,0,0,1,3,90
4715100_745200,4715100,745200,162,162,2026-01-20,Maghnes Akliouche,CL,0,0,0,0,90
4715100_413112,4715100,413112,418,418,2026-01-20,Aurélien Tchouaméni,CL,0,0,0,0,90
4715102_181767,4715102,181767,583,583,2026-01-20,Marquinhos,CL,0,0,0,0,90
4715100_935230,4715100,935230,418,418,2026-01-20,Gonzalo García,CL,0,0,0,0,19
4715100_861410,4715100,861410,418,418,2026-01-20,Arda Güler,CL,0,0,0,1,76
4715056_479999,4715056,479999,11,11,2026-01-20,Eberechi Eze,CL,0,0,0,0,64
4715100_581678,4715100,581678,418,418,2026-01-20,Jude Bellingham,CL,1,0,1,0,90
4715100_503770,4715100,503770,162,162,2026-01-20,Folarin Balogun,CL,0,0,0,0,73
4715100_640428,4715100,640428,418,418,2026-01-20,Eduardo Camavinga,CL,0,0,0,0,77
4626009_465555,4626009,465555,989,989,2026-01-19,Djordje Petrovic,GB1,1,0,0,0,90
4620905_948278,4620905,948278,1047,1047,2026-01-19,Jacobo Ramón,IT1,0,0,0,0,90
4626009_399434,4626009,399434,989,989,2026-01-19,Marcus Tavernier,GB1,0,0,1,0,71
4626009_369316,4626009,369316,1237,1237,2026-01-19,Ferdi Kadıoğlu,GB1,0,0,0,0,89
4626009_1060087,4626009,1060087,1237,1237,2026-01-19,Charalampos Kostoulas,GB1,0,0,1,0,13
4626009_1012534,4626009,1012534,1237,1237,2026-01-19,Yankuba Minteh,GB1,0,0,0,0,24
4620905_948294,4620905,948294,1047,1047,2026-01-19,Nico Paz,IT1,0,0,2,0,81
4620905_618341,4620905,618341,398,398,2026-01-19,Mario Gila,IT1,0,0,0,0,90
4620905_668547,4620905,668547,1047,1047,2026-01-19,Máximo Perrone,IT1,0,0,0,0,90
4620905_580451,4620905,580451,1047,1047,2026-01-19,Martin Baturina,IT1,0,0,1,1,74
4620905_525704,4620905,525704,398,398,2026-01-19,Nicolò Rovella,IT1,1,0,0,0,37
4620905_470394,4620905,470394,398,398,2026-01-19,Kenneth Taylor,IT1,0,0,0,0,85
4620905_1190411,4620905,1190411,1047,1047,2026-01-19,Jesús Rodríguez,IT1,0,0,0,0,81
4620905_523318,4620905,523318,1047,1047,2026-01-19,Anastasios Douvikas,IT1,0,0,0,0,9
4626009_463605,4626009,463605,989,989,2026-01-19,Bafodé Diakité,GB1,0,0,0,0,11
4626009_469781,4626009,469781,989,989,2026-01-19,Marcos Senesi,GB1,1,0,0,0,90
4626009_855256,4626009,855256,989,989,2026-01-19,Alex Scott,GB1,0,0,0,0,90
4626009_538977,4626009,538977,1237,1237,2026-01-19,Georginio Rutter,GB1,0,0,0,0,24
4626009_996897,4626009,996897,1237,1237,2026-01-19,Diego Gómez,GB1,0,0,0,0,66
4626009_973085,4626009,973085,1237,1237,2026-01-19,Carlos Baleba,GB1,0,0,0,0,24
4626009_955357,4626009,955357,989,989,2026-01-19,Junior Kroupi,GB1,0,0,0,0,72
4626009_867688,4626009,867688,1237,1237,2026-01-19,Jack Hinshelwood,GB1,0,0,0,0,66
4647929_454567,4647929,454567,114,114,2026-01-19,Orkun Kökçü,TR1,0,0,0,1,90
4626009_711337,4626009,711337,989,989,2026-01-19,Evanilson,GB1,0,0,0,0,90
4626009_700106,4626009,700106,1237,23826,2026-01-19,Brajan Gruda,GB1,0,0,0,0,66
4626009_654539,4626009,654539,989,989,2026-01-19,Adrien Truffert,GB1,0,0,0,0,90
4626009_576314,4626009,576314,1237,1237,2026-01-19,Jan Paul van Hecke,GB1,1,0,0,1,90
4626009_565093,4626009,565093,1237,1237,2026-01-19,Bart Verbruggen,GB1,0,0,0,0,90
4634284_436064,4634284,436064,79,79,2026-01-18,Ramon Hendriks,L1,0,0,0,1,90
4626017_429983,4626017,429983,543,543,2026-01-18,Jørgen Strand Larsen,GB1,0,0,0,0,25
4626017_455661,4626017,455661,762,762,2026-01-18,Nick Woltemade,GB1,0,0,0,0,67
4626017_503733,4626017,503733,762,762,2026-01-18,Anthony Gordon,GB1,0,0,0,0,67
4626017_520624,4626017,520624,762,762,2026-01-18,Bruno Guimarães,GB1,0,0,0,0,90
4626017_521964,4626017,521964,762,762,2026-01-18,Malick Thiaw,GB1,0,0,0,0,90
4626017_583189,4626017,583189,762,762,2026-01-18,Anthony Elanga,GB1,0,0,0,0,23
4626017_670858,4626017,670858,762,762,2026-01-18,Lewis Hall,GB1,0,0,0,0,90
4626017_735570,4626017,735570,543,543,2026-01-18,João Gomes,GB1,0,0,0,0,71
4626017_800176,4626017,800176,543,543,2026-01-18,André,GB1,1,0,0,0,90
4626017_922769,4626017,922769,762,762,2026-01-18,Lewis Miley,GB1,0,0,0,0,23
4634286_927353,4634286,927353,60,60,2026-01-18,Johan Manzambi,L1,1,0,0,0,71
4634284_443710,4634284,443710,79,79,2026-01-18,Angelo Stiller,L1,0,0,0,0,90
4634284_518505,4634284,518505,79,79,2026-01-18,Jamie Leweling,L1,0,0,0,0,90
4634284_924117,4634284,924117,79,79,2026-01-18,Finn Jeltsch,L1,0,0,0,0,14
4634286_526845,4634286,526845,60,60,2026-01-18,Noah Atubolu,L1,0,0,0,0,90
4634286_668606,4634286,668606,60,60,2026-01-18,Yuito Suzuki,L1,1,0,1,0,34
4626017_397033,4626017,397033,762,762,2026-01-18,Sandro Tonali,GB1,1,0,0,0,67
4635159_461607,4635159,461607,273,273,2026-01-18,Estéban Lepaul,FR1,0,0,0,0,73
4635160_1064871,4635160,1064871,667,667,2026-01-18,Joaquín Panichelli,FR1,0,0,0,0,90
4635160_655006,4635160,655006,667,667,2026-01-18,Diego Moreira,FR1,0,0,1,0,90
4635160_660867,4635160,660867,667,667,2026-01-18,Julio Enciso,FR1,0,0,0,1,80
4635160_834397,4635160,834397,667,667,2026-01-18,Mike Penders,FR1,0,0,0,0,90
4635160_849410,4635160,849410,667,667,2026-01-18,Valentín Barco,FR1,1,0,0,0,90
4626017_398065,4626017,398065,762,762,2026-01-18,Harvey Barnes,GB1,0,0,0,0,90
4626008_503743,4626008,503743,405,405,2026-01-18,Morgan Rogers,GB1,0,0,0,0,90
4626017_388165,4626017,388165,762,762,2026-01-18,Yoane Wissa,GB1,0,0,0,0,23
4620910_624690,4620910,624690,12,12,2026-01-18,Manu Koné,IT1,0,0,0,0,90
4635161_971570,4635161,971570,1041,418,2026-01-18,Endrick,FR1,0,0,0,1,89
4620902_672381,4620902,672381,1025,244,2026-01-18,Jonathan Rowe,IT1,0,0,0,1,45
4620902_849520,4620902,849520,1025,1025,2026-01-18,Santiago Castro,IT1,0,0,0,0,90
4620906_315779,4620906,315779,5,5,2026-01-18,Christian Pulisic,IT1,0,0,0,0,73
4620906_344381,4620906,344381,5,5,2026-01-18,Christopher Nkunku,IT1,0,0,0,0,3
4620906_357164,4620906,357164,5,5,2026-01-18,Rafael Leão,IT1,0,0,0,0,87
4620906_608172,4620906,608172,5,5,2026-01-18,Ardon Jashari,IT1,0,0,0,0,87
4620910_326029,4620910,326029,12,12,2026-01-18,Donyell Malen,IT1,0,0,1,0,76
4620910_338670,4620910,338670,12,12,2026-01-18,Mile Svilar,IT1,0,0,0,0,90
4620910_371149,4620910,371149,12,12,2026-01-18,Evan Ndicka,IT1,0,0,0,0,90
4620910_813137,4620910,813137,12,12,2026-01-18,Niccolò Pisilli,IT1,0,0,0,0,14
4626017_361093,4626017,361093,762,762,2026-01-18,Sven Botman,GB1,1,0,0,0,90
4620910_964580,4620910,964580,12,12,2026-01-18,Wesley,IT1,0,0,0,0,90
4626008_249565,4626008,249565,405,405,2026-01-18,Youri Tielemans,GB1,0,0,0,0,90
4626008_324358,4626008,324358,405,405,2026-01-18,Ollie Watkins,GB1,0,0,0,0,90
4626008_404842,4626008,404842,29,29,2026-01-18,Vitaliy Mykolenko,GB1,0,0,0,0,90
4626008_413403,4626008,413403,405,405,2026-01-18,Ezri Konsa,GB1,0,0,0,0,90
4626008_485585,4626008,485585,405,405,2026-01-18,Ian Maatsen,GB1,0,0,0,0,73
4626008_500689,4626008,500689,405,873,2026-01-18,Evann Guessand,GB1,0,0,0,0,72
4626008_505219,4626008,505219,29,29,2026-01-18,James Garner,GB1,1,0,0,0,90
4626008_937941,4626008,937941,29,29,2026-01-18,Thierno Barry,GB1,0,0,1,0,84
4626017_333241,4626017,333241,762,762,2026-01-18,Joelinton,GB1,0,0,0,0,90
4635161_618494,4635161,618494,1041,1041,2026-01-18,Tyler Morton,FR1,0,0,0,0,90
4620910_668951,4620910,668951,12,12,2026-01-18,Matías Soulé,IT1,0,0,0,0,38
4635164_1241207,4635164,1241207,995,995,2026-01-18,Tylel Tati,FR1,1,0,0,0,90
4645874_962110,4645874,962110,131,131,2026-01-18,Pau Cubarsí,ES1,0,0,0,0,86
4648764_606752,4648764,606752,1075,1075,2026-01-18,Rodrigo Zalazar,PO1,0,0,1,0,90
4648770_982575,4648770,982575,3329,3329,2026-01-18,Gustavo Sá,PO1,0,0,0,0,90
4648771_1004725,4648771,1004725,720,720,2026-01-18,William Gomes,PO1,0,0,0,0,30
4648771_1162012,4648771,1162012,720,720,2026-01-18,Oskar Pietuszewski,PO1,1,0,0,1,18
4648771_357153,4648771,357153,720,720,2026-01-18,Diogo Costa,PO1,0,0,0,0,90
4648771_425918,4648771,425918,720,11,2026-01-18,Jakub Kiwior,PO1,0,0,0,0,90
4648771_699704,4648771,699704,720,720,2026-01-18,Gabri Veiga,PO1,0,0,0,0,60
4648771_756990,4648771,756990,720,720,2026-01-18,Alan Varela,PO1,1,0,1,0,90
4648771_926993,4648771,926993,720,720,2026-01-18,Victor Froholdt,PO1,0,0,0,0,90
4648771_957653,4648771,957653,720,720,2026-01-18,Rodrigo Mora,PO1,0,0,0,0,30
4648771_991268,4648771,991268,720,720,2026-01-18,Samu Aghehowa,PO1,0,0,0,0,72
4804989_1111589,4804989,1111589,3499,379,2026-01-18,El Hadji Malick Diouf,AFCN,1,0,0,0,105
4804989_1185888,4804989,1185888,3499,583,2026-01-18,Ibrahim Mbaye,AFCN,0,0,0,0,43
4641321_1105541,4641321,1105541,58,58,2026-01-18,Nathan De Cat,BE1,0,0,0,0,45
4804989_314678,4804989,314678,3575,418,2026-01-18,Brahim Díaz,AFCN,0,0,0,0,98
4804989_398073,4804989,398073,3575,583,2026-01-18,Achraf Hakimi,AFCN,0,0,0,0,120
4804989_410225,4804989,410225,3499,873,2026-01-18,Ismaïla Sarr,AFCN,1,0,0,0,43
4804989_485963,4804989,485963,3499,1050,2026-01-18,Pape Gueye,AFCN,0,0,0,0,120
4804989_623570,4804989,623570,3499,29,2026-01-18,Iliman Ndiaye,AFCN,0,0,0,0,77
4804989_654982,4804989,654982,3575,79,2026-01-18,Bilal El Khannouss,AFCN,0,0,0,0,80
4804989_702869,4804989,702869,3575,383,2026-01-18,Ismael Saibari,AFCN,0,0,0,0,90
4804989_724520,4804989,724520,3575,150,2026-01-18,Abde Ezzalzouli,AFCN,0,0,0,0,120
4804989_776890,4804989,776890,3499,27,2026-01-18,Nicolas Jackson,AFCN,0,0,0,0,90
4647927_465830,4647927,465830,36,398,2026-01-18,Mattéo Guendouzi,TR1,0,0,0,0,90
4804989_918969,4804989,918969,3499,162,2026-01-18,Lamine Camara,AFCN,1,0,0,0,77
4645874_937958,4645874,937958,131,131,2026-01-18,Lamine Yamal,ES1,0,0,0,1,90
4645874_258923,4645874,258923,131,131,2026-01-18,Marcus Rashford,ES1,0,0,1,0,27
4645874_711374,4645874,711374,681,681,2026-01-18,Jon Gorrotxategi,ES1,0,0,0,0,32
4641514_420213,4641514,420213,234,244,2026-01-18,Quinten Timber,NL1,0,0,0,1,18
4645870_834764,4645870,834764,1049,1049,2026-01-18,Javi Guerra,ES1,0,0,0,0,3
4645872_404418,4645872,404418,13,13,2026-01-18,Dávid Hancko,ES1,0,0,0,0,90
4645872_548111,4645872,548111,13,13,2026-01-18,Álex Baena,ES1,0,0,0,0,28
4645872_576024,4645872,576024,13,13,2026-01-18,Julián Alvarez,ES1,0,0,0,0,62
4645872_616631,4645872,616631,13,13,2026-01-18,Matteo Ruggeri,ES1,0,0,0,0,90
4645872_775605,4645872,775605,13,13,2026-01-18,Pablo Barrios,ES1,0,0,0,1,90
4645872_844637,4645872,844637,13,13,2026-01-18,Marc Pubill,ES1,0,0,0,0,90
4645874_1018938,4645874,1018938,681,681,2026-01-18,Jon Martín,ES1,0,0,0,0,90
4645872_742201,4645872,742201,13,13,2026-01-18,Giuliano Simeone,ES1,0,0,0,0,62
4645874_293385,4645874,293385,131,131,2026-01-18,Dani Olmo,ES1,0,0,0,0,63
4645874_351478,4645874,351478,681,681,2026-01-18,Mikel Oyarzabal,ES1,0,0,1,0,90
4645874_398184,4645874,398184,131,131,2026-01-18,Ferran Torres,ES1,0,0,0,0,62
4645874_705395,4645874,705395,131,131,2026-01-18,Gerard Martín,ES1,0,0,0,0,4
4645874_411975,4645874,411975,131,131,2026-01-18,Jules Koundé,ES1,0,0,0,0,85
4645874_466794,4645874,466794,131,131,2026-01-18,Eric García,ES1,1,0,0,0,90
4645874_561613,4645874,561613,131,131,2026-01-18,Joan García,ES1,0,0,0,0,90
4645874_636688,4645874,636688,131,131,2026-01-18,Alejandro Balde,ES1,0,0,0,0,62
4645874_636703,4645874,636703,131,131,2026-01-18,Fermín López,ES1,1,0,0,0,90
4645874_683840,4645874,683840,131,131,2026-01-18,Pedri,ES1,0,0,0,0,90
4645874_326330,4645874,326330,131,131,2026-01-18,Frenkie de Jong,ES1,0,0,0,0,90
4626013_418560,4626013,418560,281,281,2026-01-17,Erling Haaland,GB1,0,0,0,0,80
4626013_357565,4626013,357565,281,281,2026-01-17,Rodri,GB1,1,0,0,0,90
4626013_406635,4626013,406635,281,281,2026-01-17,Phil Foden,GB1,0,0,0,0,45
4626013_413039,4626013,413039,985,985,2026-01-17,Bryan Mbeumo,GB1,0,0,1,0,71
4626013_517894,4626013,517894,985,985,2026-01-17,Matheus Cunha,GB1,0,0,0,1,19
4626013_460939,4626013,460939,281,281,2026-01-17,Tijjani Reijnders,GB1,0,0,0,0,10
4626013_476701,4626013,476701,985,985,2026-01-17,Manuel Ugarte,GB1,0,0,0,0,9
4626013_480762,4626013,480762,985,985,2026-01-17,Lisandro Martínez,GB1,0,0,0,0,90
4626013_486049,4626013,486049,281,281,2026-01-17,Jérémy Doku,GB1,0,0,0,0,80
4626013_346483,4626013,346483,985,985,2026-01-17,Mason Mount,GB1,0,0,0,0,1
4626013_357147,4626013,357147,985,985,2026-01-17,Diogo Dalot,GB1,1,0,0,0,90
4626012_434675,4626012,434675,31,31,2026-01-17,Cody Gakpo,GB1,0,0,0,0,78
4626013_315858,4626013,315858,281,281,2026-01-17,Gianluigi Donnarumma,GB1,0,0,0,0,90
4626013_240306,4626013,240306,985,985,2026-01-17,Bruno Fernandes,GB1,0,0,0,1,90
4626013_1078163,4626013,1078163,985,985,2026-01-17,Ayden Heaven,GB1,0,0,0,0,1
4626012_842341,4626012,842341,1132,1132,2026-01-17,Maxime Estève,GB1,0,0,0,0,74
4626012_730861,4626012,730861,31,31,2026-01-17,Milos Kerkez,GB1,1,0,0,0,78
4626012_709726,4626012,709726,31,31,2026-01-17,Hugo Ekitiké,GB1,0,0,0,0,90
4626012_598577,4626012,598577,31,31,2026-01-17,Florian Wirtz,GB1,0,0,1,0,90
4626012_534033,4626012,534033,31,31,2026-01-17,Alexis Mac Allister,GB1,0,0,0,0,12
4626012_484547,4626012,484547,31,31,2026-01-17,Jeremie Frimpong,GB1,0,0,0,0,90
4626012_478573,4626012,478573,31,31,2026-01-17,Ryan Gravenberch,GB1,0,0,0,0,78
4626012_451276,4626012,451276,31,31,2026-01-17,Dominik Szoboszlai,GB1,0,0,0,0,90
4626013_578391,4626013,578391,281,281,2026-01-17,Rayan Aït-Nouri,GB1,0,0,0,0,10
4626013_536835,4626013,536835,985,985,2026-01-17,Amad Diallo,GB1,0,0,0,0,90
4626014_335721,4626014,335721,11,11,2026-01-17,Ben White,GB1,0,0,0,0,90
4626013_583255,4626013,583255,281,281,2026-01-17,Antoine Semenyo,GB1,0,0,0,0,90
4626013_607223,4626013,607223,281,281,2026-01-17,Rayan Cherki,GB1,0,0,0,0,45
4626012_357119,4626012,357119,31,31,2026-01-17,Ibrahima Konaté,GB1,0,0,0,0,90
4626014_495666,4626014,495666,11,11,2026-01-17,William Saliba,GB1,0,0,0,0,90
4626014_479999,4626014,479999,11,11,2026-01-17,Eberechi Eze,GB1,0,0,0,0,11
4626014_435338,4626014,435338,11,11,2026-01-17,Gabriel,GB1,0,0,0,0,90
4626014_433177,4626014,433177,11,11,2026-01-17,Bukayo Saka,GB1,0,0,0,0,33
4626014_432164,4626014,432164,703,703,2026-01-17,Igor Jesus,GB1,0,0,0,0,76
4626014_429014,4626014,429014,703,703,2026-01-17,Morgan Gibbs-White,GB1,0,0,0,0,90
4626014_423440,4626014,423440,11,11,2026-01-17,Martín Zubimendi,GB1,0,0,0,0,79
4626014_420243,4626014,420243,11,11,2026-01-17,Jurriën Timber,GB1,1,0,0,0,90
4626014_413507,4626014,413507,703,703,2026-01-17,Nikola Milenković,GB1,0,0,0,0,90
4626014_392768,4626014,392768,703,703,2026-01-17,Callum Hudson-Odoi,GB1,0,0,0,0,90
4626014_365108,4626014,365108,703,703,2026-01-17,Dan Ndoye,GB1,0,0,0,0,14
4626014_357662,4626014,357662,11,11,2026-01-17,Declan Rice,GB1,0,0,0,0,90
4626014_338424,4626014,338424,11,11,2026-01-17,Mikel Merino,GB1,0,0,0,0,33
4626014_325443,4626014,325443,11,11,2026-01-17,Viktor Gyökeres,GB1,0,0,0,0,57
4626014_316264,4626014,316264,11,11,2026-01-17,Martin Ødegaard,GB1,0,0,0,0,57
4626014_262749,4626014,262749,11,11,2026-01-17,David Raya,GB1,0,0,0,0,90
4626014_1005649,4626014,1005649,703,703,2026-01-17,Murillo,GB1,0,0,0,0,90
4626013_926952,4626013,926952,985,985,2026-01-17,Patrick Dorgu,GB1,0,0,1,0,90
4626013_820374,4626013,820374,985,985,2026-01-17,Kobbie Mainoo,GB1,0,0,0,0,90
4626013_763079,4626013,763079,281,281,2026-01-17,Abdukodir Khusanov,GB1,0,0,0,0,90
4626013_743413,4626013,743413,281,281,2026-01-17,Nico O'Reilly,GB1,1,0,0,0,45
4626013_701057,4626013,701057,281,281,2026-01-17,Rico Lewis,GB1,1,0,0,0,90
4626012_433188,4626012,433188,31,31,2026-01-17,Curtis Jones,GB1,0,0,0,1,87
4626010_469050,4626010,469050,1148,1148,2026-01-17,Nathan Collins,GB1,0,0,0,0,90
4626012_1108466,4626012,1108466,31,31,2026-01-17,Rio Ngumoha,GB1,0,0,0,0,12
4626010_340918,4626010,340918,1148,1148,2026-01-17,Caoimhín Kelleher,GB1,0,0,0,0,90
4626010_1004708,4626010,1004708,631,631,2026-01-17,Josh Acheampong,GB1,0,0,0,0,5
4620911_930781,4620911,930781,46,46,2026-01-17,Pio Esposito,IT1,0,0,0,1,68
4620911_855308,4620911,855308,410,410,2026-01-17,Arthur Atta,IT1,0,0,0,0,75
4620911_827734,4620911,827734,46,46,2026-01-17,Ange-Yoan Bonny,IT1,0,0,0,0,22
4620911_668207,4620911,668207,46,46,2026-01-17,Petar Sučić,IT1,0,0,0,0,2
4620911_441986,4620911,441986,46,46,2026-01-17,Yann Bisseck,IT1,0,0,0,0,90
4620911_406625,4620911,406625,46,46,2026-01-17,Lautaro Martínez,IT1,0,0,1,0,88
4620911_255942,4620911,255942,46,46,2026-01-17,Nicolò Barella,IT1,0,0,0,0,90
4620911_198116,4620911,198116,46,46,2026-01-17,Federico Dimarco,IT1,0,0,0,0,90
4620907_679423,4620907,679423,6574,6574,2026-01-17,Tarik Muharemović,IT1,0,0,0,0,90
4620907_610442,4620907,610442,6195,6195,2026-01-17,Rasmus Højlund,IT1,0,0,0,0,90
4620907_386446,4620907,386446,6195,6195,2026-01-17,Alessandro Buongiorno,IT1,0,0,0,0,23
4620907_315969,4620907,315969,6195,6195,2026-01-17,Scott McTominay,IT1,0,0,0,0,90
4620903_895937,4620903,895937,1390,1390,2026-01-17,Marco Palestra,IT1,0,0,0,0,90
4620903_845654,4620903,845654,506,506,2026-01-17,Kenan Yıldız,IT1,1,0,0,0,90
4620903_585949,4620903,585949,506,506,2026-01-17,Pierre Kalulu,IT1,0,0,0,0,90
4620903_533738,4620903,533738,506,506,2026-01-17,Jonathan David,IT1,0,0,0,0,88
4620903_516716,4620903,516716,506,506,2026-01-17,Bremer,IT1,0,0,0,0,90
4620903_487474,4620903,487474,506,506,2026-01-17,Francisco Conceição,IT1,0,0,0,0,10
4620903_463618,4620903,463618,506,506,2026-01-17,Khéphren Thuram,IT1,0,0,0,0,10
4620903_368887,4620903,368887,506,506,2026-01-17,Loïs Openda,IT1,0,0,0,0,24
4620903_332697,4620903,332697,506,506,2026-01-17,Weston McKennie,IT1,0,0,0,0,80
4620903_265088,4620903,265088,506,506,2026-01-17,Manuel Locatelli,IT1,0,0,0,0,66
4626010_284857,4626010,284857,631,631,2026-01-17,Marc Cucurella,GB1,1,0,0,0,90
4626010_346314,4626010,346314,631,631,2026-01-17,Trevoh Chalobah,GB1,0,0,0,0,90
4626011_900195,4626011,900195,931,660,2026-01-17,Kevin,GB1,0,0,0,0,25
4626014_503987,4626014,503987,11,11,2026-01-17,Noni Madueke,GB1,0,0,0,0,57
4626011_392771,4626011,392771,399,399,2026-01-17,Ethan Ampadu,GB1,1,0,0,1,90
4626011_346890,4626011,346890,399,399,2026-01-17,Noah Okafor,GB1,0,0,0,0,70
4626011_333014,4626011,333014,931,931,2026-01-17,Sander Berge,GB1,0,0,0,0,90
4626011_279455,4626011,279455,931,931,2026-01-17,Harry Wilson,GB1,1,0,0,0,88
4626011_1011131,4626011,1011131,931,931,2026-01-17,Josh King,GB1,0,0,0,0,13
4626010_904802,4626010,904802,631,631,2026-01-17,Jorrel Hato,GB1,0,0,0,0,5
4626010_823486,4626010,823486,1148,1148,2026-01-17,Michael Kayode,GB1,0,0,0,0,90
4626010_823231,4626010,823231,1148,1148,2026-01-17,Dango Ouattara,GB1,0,0,0,0,13
4626010_811779,4626010,811779,631,631,2026-01-17,Alejandro Garnacho,GB1,0,0,0,0,57
4626010_743600,4626010,743600,631,631,2026-01-17,Andrey Santos,GB1,0,0,0,0,33
4626010_739443,4626010,739443,1148,1148,2026-01-17,Igor Thiago,GB1,0,0,0,0,90
4626010_717411,4626010,717411,1148,1148,2026-01-17,Yegor Yarmolyuk,GB1,0,0,0,0,90
4626010_687626,4626010,687626,631,631,2026-01-17,Moisés Caicedo,GB1,0,0,0,0,90
4626010_648195,4626010,648195,631,631,2026-01-17,Enzo Fernández,GB1,0,0,0,1,85
4626010_644401,4626010,644401,1148,1148,2026-01-17,Keane Lewis-Potter,GB1,0,0,0,0,8
4626010_626724,4626010,626724,631,631,2026-01-17,João Pedro,GB1,0,0,1,0,74
4626010_610849,4626010,610849,631,631,2026-01-17,Liam Delap,GB1,0,0,0,1,16
4626010_568177,4626010,568177,631,631,2026-01-17,Cole Palmer,GB1,1,0,1,0,90
4626010_540941,4626010,540941,1148,1148,2026-01-17,Mikkel Damsgaard,GB1,0,0,0,0,77
4626010_487465,4626010,487465,631,631,2026-01-17,Pedro Neto,GB1,0,0,0,0,90
4626010_475411,4626010,475411,631,631,2026-01-17,Wesley Fofana,GB1,1,0,0,0,32
4626010_473050,4626010,473050,1148,1148,2026-01-17,Kevin Schade,GB1,1,0,0,0,82
4626010_472423,4626010,472423,631,631,2026-01-17,Reece James,GB1,0,0,0,0,85
4626014_503680,4626014,503680,703,703,2026-01-17,Neco Williams,GB1,0,0,0,0,90
4626013_503883,4626013,503883,985,1096,2026-01-17,Senne Lammens,GB1,0,0,0,0,90
4626014_567576,4626014,567576,703,703,2026-01-17,Elliot Anderson,GB1,0,0,0,0,90
4635162_808348,4635162,808348,826,826,2026-01-17,Mamadou Sangaré,FR1,0,0,0,0,33
4645873_571020,4645873,571020,621,621,2026-01-17,Oihan Sancet,ES1,1,0,0,0,31
4645871_935231,4645871,935231,331,331,2026-01-17,Víctor Muñoz,ES1,0,0,1,0,90
4641518_859035,4641518,859035,1090,1090,2026-01-17,Kees Smit,NL1,0,0,0,0,90
4641518_552655,4641518,552655,1090,1090,2026-01-17,Troy Parrott,NL1,0,0,0,0,90
4641515_408574,4641515,408574,383,383,2026-01-17,Joey Veerman,NL1,0,0,0,0,90
4641511_748804,4641511,748804,610,610,2026-01-17,Mika Godts,NL1,0,0,0,1,84
4641322_990148,4641322,990148,1184,1184,2026-01-17,Konstantinos Karetsas,BE1,0,0,0,0,90
4635167_653610,4635167,653610,244,244,2026-01-17,Igor Paixão,FR1,0,0,1,0,29
4635167_532826,4635167,532826,244,244,2026-01-17,Mason Greenwood,FR1,0,0,1,0,62
4635167_418659,4635167,418659,244,244,2026-01-17,Amine Gouiri,FR1,0,0,1,0,61
4635163_597659,4635163,597659,415,415,2026-01-17,Charlie Cresswell,FR1,0,0,0,0,90
4635162_743515,4635162,743515,826,826,2026-01-17,Robin Risser,FR1,0,0,0,0,90
4634282_957874,4634282,957874,23826,23826,2026-01-17,Rômulo,L1,0,0,1,0,81
4635162_655217,4635162,655217,826,826,2026-01-17,Samson Baidoo,FR1,0,0,0,0,90
4634289_892160,4634289,892160,41,148,2026-01-17,Luka Vuskovic,L1,0,0,0,0,90
4634288_643574,4634288,643574,39,39,2026-01-17,Kaishu Sano,L1,0,0,0,0,90
4634287_905011,4634287,905011,15,15,2026-01-17,Ibrahim Maza,L1,0,0,0,0,45
4634287_718303,4634287,718303,15,1090,2026-01-17,Ernest Poku,L1,0,0,0,0,74
4634287_667457,4634287,667457,533,533,2026-01-17,Leon Avdullahu,L1,0,0,0,0,90
4634287_632349,4634287,632349,15,15,2026-01-17,Jarell Quansah,L1,1,0,0,0,90
4634287_579459,4634287,579459,533,533,2026-01-17,Albian Hajdari,L1,0,0,0,0,90
4634287_524290,4634287,524290,533,533,2026-01-17,Fisnik Asllani,L1,0,0,0,0,69
4634287_467437,4634287,467437,15,15,2026-01-17,Malik Tillman,L1,0,0,0,0,90
4634287_1364454,4634287,1364454,15,15,2026-01-17,Christian Kofane,L1,0,0,0,0,45
4645873_709187,4645873,709187,621,621,2026-01-17,Nico Williams,ES1,0,0,1,0,72
4645873_938729,4645873,938729,621,621,2026-01-17,Mikel Jauregizar,ES1,0,0,0,0,90
4645875_1057316,4645875,1057316,418,418,2026-01-17,Franco Mastantuono,ES1,0,0,0,0,45
4645875_342229,4645875,342229,418,418,2026-01-17,Kylian Mbappé,ES1,0,0,1,0,90
4626014_655488,4626014,655488,11,11,2026-01-17,Gabriel Martinelli,GB1,0,0,0,0,45
4680844_445939,4680844,445939,3672,281,2026-01-17,Omar Marmoush,AFCN,0,0,0,0,30
4680844_406040,4680844,406040,3444,800,2026-01-17,Ademola Lookman,AFCN,0,0,0,0,45
4648765_670103,4648765,670103,294,294,2026-01-17,Andreas Schjelderup,PO1,1,0,0,0,62
4648765_623325,4648765,623325,294,660,2026-01-17,Georgiy Sudakov,PO1,0,0,0,1,90
4648765_537844,4648765,537844,294,294,2026-01-17,Anatoliy Trubin,PO1,0,0,0,0,90
4648765_504087,4648765,504087,294,294,2026-01-17,Tomás Araújo,PO1,0,0,0,0,90
4648765_324503,4648765,324503,294,294,2026-01-17,Vangelis Pavlidis,PO1,0,0,0,0,90
4647926_541537,4647926,541537,141,141,2026-01-17,Barış Alper Yılmaz,TR1,1,0,1,0,90
4645876_805714,4645876,805714,1050,1050,2026-01-17,Renato Veiga,ES1,0,0,0,0,90
4645876_735568,4645876,735568,150,150,2026-01-17,Natan,ES1,0,0,0,0,90
4645876_733576,4645876,733576,1050,1050,2026-01-17,Alberto Moleiro,ES1,0,0,0,0,81
4645876_729814,4645876,729814,1050,1050,2026-01-17,Georges Mikautadze,ES1,0,0,0,0,90
4645876_602105,4645876,602105,150,150,2026-01-17,Antony,ES1,0,0,0,1,89
4645875_935230,4645875,935230,418,418,2026-01-17,Gonzalo García,ES1,1,0,0,0,45
4645875_890290,4645875,890290,418,418,2026-01-17,Dean Huijsen,ES1,0,0,0,0,61
4645875_861410,4645875,861410,418,418,2026-01-17,Arda Güler,ES1,0,0,0,1,45
4645875_811778,4645875,811778,418,418,2026-01-17,Álvaro Carreras,ES1,0,0,0,0,90
4645875_640428,4645875,640428,418,418,2026-01-17,Eduardo Camavinga,ES1,0,0,0,0,45
4645875_581678,4645875,581678,418,418,2026-01-17,Jude Bellingham,ES1,0,0,0,0,90
4645875_413112,4645875,413112,418,418,2026-01-17,Aurélien Tchouaméni,ES1,1,0,0,0,90
4645875_371998,4645875,371998,418,418,2026-01-17,Vinicius Junior,ES1,0,0,0,0,90
4645875_369081,4645875,369081,418,418,2026-01-17,Federico Valverde,ES1,0,0,0,0,90
4634285_669380,4634285,669380,82,82,2026-01-17,Konstantinos Koulierakis,L1,0,0,0,0,90
4634288_1168219,4634288,1168219,3,3,2026-01-17,Said El Mala,L1,1,0,0,0,90
4634282_894914,4634282,894914,23826,23826,2026-01-17,Antonio Nusa,L1,0,0,0,0,90
4626015_744149,4626015,744149,873,873,2026-01-17,Adam Wharton,GB1,1,0,0,0,90
4626016_866246,4626016,866246,148,148,2026-01-17,Lucas Bergvall,GB1,0,0,0,0,1
4626016_566931,4626016,566931,148,23826,2026-01-17,Xavi Simons,GB1,0,0,0,0,90
4626016_557459,4626016,557459,148,148,2026-01-17,Micky van de Ven,GB1,1,0,0,0,90
4626016_553875,4626016,553875,148,148,2026-01-17,Pedro Porro,GB1,0,0,0,1,90
4626016_522784,4626016,522784,379,379,2026-01-17,Taty Castellanos,GB1,1,0,0,0,90
4626016_488362,4626016,488362,148,148,2026-01-17,Conor Gallagher,GB1,0,0,0,0,90
4626016_483348,4626016,483348,148,148,2026-01-17,Djed Spence,GB1,1,0,0,0,71
4634282_822959,4634282,822959,27,27,2026-01-17,Tom Bischof,L1,0,0,0,0,81
4626016_355915,4626016,355915,148,148,2026-01-17,Cristian Romero,GB1,1,0,1,0,90
4626016_314875,4626016,314875,379,379,2026-01-17,Jarrod Bowen,GB1,1,0,0,0,90
4626016_258889,4626016,258889,148,148,2026-01-17,Dominic Solanke,GB1,0,0,0,0,28
4626015_730893,4626015,730893,873,873,2026-01-17,Tyrick Mitchell,GB1,1,0,0,0,90
4626016_922693,4626016,922693,148,148,2026-01-17,Archie Gray,GB1,1,0,0,0,45
4626015_727089,4626015,727089,289,289,2026-01-17,Noah Sadiki,GB1,0,0,0,0,90
4626015_646991,4626015,646991,289,289,2026-01-17,Robin Roefs,GB1,0,0,0,0,90
4626015_633992,4626015,633992,289,289,2026-01-17,Enzo Le Fée,GB1,0,0,1,0,90
4626015_578539,4626015,578539,873,873,2026-01-17,Chris Richards,GB1,1,0,0,0,90
4626015_568157,4626015,568157,873,1050,2026-01-17,Yéremy Pino,GB1,0,0,1,0,90
4626015_473169,4626015,473169,289,289,2026-01-17,Brian Brobbey,GB1,0,0,1,0,84
4626015_470607,4626015,470607,873,148,2026-01-17,Brennan Johnson,GB1,0,0,0,0,90
4626015_434224,4626015,434224,873,873,2026-01-17,Maxence Lacroix,GB1,0,0,0,0,90
4626015_420002,4626015,420002,873,873,2026-01-17,Jean-Philippe Mateta,GB1,0,0,0,0,90
4626015_258919,4626015,258919,873,873,2026-01-17,Dean Henderson,GB1,0,0,0,0,90
4626014_741238,4626014,741238,703,703,2026-01-17,Omari Hutchinson,GB1,0,0,0,0,1
4626016_880245,4626016,880245,379,379,2026-01-17,Mateus Fernandes,GB1,0,0,0,1,90
4626016_474701,4626016,474701,379,379,2026-01-17,Crysencio Summerville,GB1,0,0,1,0,90
4634281_257814,4634281,257814,16,16,2026-01-17,Gregor Kobel,L1,0,0,0,0,90
4634282_196357,4634282,196357,27,27,2026-01-17,Jonathan Tah,L1,0,0,1,0,90
4634282_792380,4634282,792380,27,27,2026-01-17,Aleksandar Pavlovic,L1,0,0,1,0,90
4634282_618472,4634282,618472,23826,23826,2026-01-17,Castello Lukeba,L1,0,0,0,0,90
4634281_270541,4634281,270541,16,16,2026-01-17,Serhou Guirassy,L1,0,0,0,0,19
4634282_566723,4634282,566723,27,27,2026-01-17,Michael Olise,L1,0,0,1,3,34
4634282_480692,4634282,480692,27,27,2026-01-17,Luis Díaz,L1,0,0,0,0,90
4634282_424204,4634282,424204,27,27,2026-01-17,Alphonso Davies,L1,0,0,0,0,9
4634282_404950,4634282,404950,23826,23826,2026-01-17,Nicolas Seiwald,L1,1,0,0,0,81
4634282_344695,4634282,344695,27,27,2026-01-17,Dayot Upamecano,L1,0,0,0,1,90
4634282_324278,4634282,324278,23826,23826,2026-01-17,Christoph Baumgartner,L1,0,0,0,0,84
4634282_318204,4634282,318204,23826,23826,2026-01-17,David Raum,L1,0,0,0,1,90
4634282_580195,4634282,580195,27,27,2026-01-17,Jamal Musiala,L1,0,0,0,1,3
4634282_161056,4634282,161056,27,27,2026-01-17,Joshua Kimmich,L1,0,0,0,0,45
4634281_578392,4634281,578392,16,16,2026-01-17,Maximilian Beier,L1,0,0,0,1,19
4634282_1390649,4634282,1390649,23826,23826,2026-01-17,Yan Diomande,L1,0,0,0,0,90
4634281_388198,4634281,388198,16,16,2026-01-17,Nico Schlotterbeck,L1,1,0,0,0,90
4634281_406640,4634281,406640,16,16,2026-01-17,Felix Nmecha,L1,0,0,0,0,83
4634281_496094,4634281,496094,16,16,2026-01-17,Karim Adeyemi,L1,1,0,1,1,71
4634281_370789,4634281,370789,16,16,2026-01-17,Julian Ryerson,L1,0,0,0,0,71
4634281_796297,4634281,796297,16,16,2026-01-17,Jobe Bellingham,L1,1,0,0,0,90
4634282_1075147,4634282,1075147,27,27,2026-01-17,Lennart Karl,L1,0,0,0,0,56
4634282_132098,4634282,132098,27,27,2026-01-17,Harry Kane,L1,0,0,1,0,90
4635166_487469,4635166,487469,583,583,2026-01-16,Vitinha,FR1,0,0,0,1,90
4634283_816585,4634283,816585,24,24,2026-01-16,Can Uzun,L1,0,0,0,0,25
4635166_463600,4635166,463600,583,583,2026-01-16,Lucas Chevalier,FR1,0,0,0,0,90
4635166_350219,4635166,350219,583,583,2026-01-16,Fabián Ruiz,FR1,0,0,0,0,90
4635166_288230,4635166,288230,583,583,2026-01-16,Ousmane Dembélé,FR1,0,0,2,0,76
4635166_181767,4635166,181767,583,583,2026-01-16,Marquinhos,FR1,0,0,0,0,90
4635166_1097139,4635166,1097139,1082,1082,2026-01-16,Ayyoub Bouaddi,FR1,0,0,0,0,90
4635165_745200,4635165,745200,162,162,2026-01-16,Maghnes Akliouche,FR1,0,0,0,0,90
4635165_503770,4635165,503770,162,162,2026-01-16,Folarin Balogun,FR1,0,0,0,0,90
4635165_334526,4635165,334526,162,162,2026-01-16,Denis Zakaria,FR1,1,0,0,0,90
4620909_571604,4620909,571604,800,800,2026-01-16,Giorgio Scalvini,IT1,1,0,0,0,70
4634283_691892,4634283,691892,24,24,2026-01-16,Nathaniel Brown,L1,1,0,0,1,90
4634283_585959,4634283,585959,24,24,2026-01-16,Arnaud Kalimuendo,L1,0,0,1,0,90
4634283_1084638,4634283,1084638,86,86,2026-01-16,Karim Coulibaly,L1,0,0,0,0,90
4620909_607854,4620909,607854,800,800,2026-01-16,Éderson,IT1,0,0,0,0,34
4620909_459763,4620909,459763,800,800,2026-01-16,Marco Carnesecchi,IT1,0,0,0,0,90
4620909_435772,4620909,435772,800,800,2026-01-16,Charles De Ketelaere,IT1,0,0,0,0,90
4620909_1077175,4620909,1077175,800,800,2026-01-16,Honest Ahanor,IT1,0,0,0,0,90
4620909_434433,4620909,434433,800,1005,2026-01-16,Nikola Krstović,IT1,0,0,1,0,20
4620909_315867,4620909,315867,800,800,2026-01-16,Gianluca Scamacca,IT1,0,0,0,0,56
4635166_548254,4635166,548254,1082,1082,2026-01-16,Nathan Ngoy,FR1,0,0,0,0,90
4635166_502670,4635166,502670,583,583,2026-01-16,Khvicha Kvaratskhelia,FR1,0,0,0,0,63
4648763_549006,4648763,549006,336,336,2026-01-16,Gonçalo Inácio,PO1,0,0,0,1,90
4635166_550550,4635166,550550,583,583,2026-01-16,Gonçalo Ramos,FR1,0,0,0,0,14
4641319_780136,4641319,780136,2282,2282,2026-01-16,Aleksandar Stanković,BE1,0,0,0,0,90
4635166_616341,4635166,616341,583,583,2026-01-16,Nuno Mendes,FR1,0,0,0,0,90
4648763_830365,4648763,830365,336,6195,2026-01-16,Alisson Santos,PO1,0,0,0,0,7
4648763_701979,4648763,701979,336,336,2026-01-16,Geny Catamo,PO1,0,0,2,0,83
4648763_548193,4648763,548193,336,336,2026-01-16,Zeno Debast,PO1,0,0,0,0,7
4648763_412669,4648763,412669,336,336,2026-01-16,Francisco Trincão,PO1,0,0,0,1,90
4645879_709372,4645879,709372,714,714,2026-01-16,Carlos Romero,ES1,1,0,0,0,90
4645879_1005575,4645879,1005575,12321,12321,2026-01-16,Vitor Reis,ES1,0,0,0,0,90
4641319_893661,4641319,893661,2282,2282,2026-01-16,Joel Ordóñez,BE1,0,0,0,0,39
4648763_424784,4648763,424784,336,336,2026-01-16,Luis Suárez,PO1,0,0,0,1,90
4641319_717329,4641319,717329,2282,2282,2026-01-16,Nicolò Tresoldi,BE1,0,0,0,0,18
4635166_914562,4635166,914562,583,583,2026-01-16,Désiré Doué,FR1,0,0,0,1,84
4635166_903693,4635166,903693,583,583,2026-01-16,Senny Mayulu,FR1,0,0,0,0,45
4635166_810092,4635166,810092,583,583,2026-01-16,Warren Zaïre-Emery,FR1,0,0,0,0,90
4635166_708265,4635166,708265,583,583,2026-01-16,Bradley Barcola,FR1,0,0,1,0,27
4635166_661171,4635166,661171,583,583,2026-01-16,Willian Pacho,FR1,0,0,0,0,90
4635166_659089,4635166,659089,583,583,2026-01-16,Ilya Zabarnyi,FR1,0,0,0,0,45
4635166_652275,4635166,652275,1082,1082,2026-01-16,Hákon Arnar Haraldsson,FR1,1,0,0,0,89
4641319_451677,4641319,451677,2282,2282,2026-01-16,Christos Tzolis,BE1,0,0,0,1,65
4620853_608172,4620853,608172,5,5,2026-01-15,Ardon Jashari,IT1,0,0,0,0,4
4799989_1018920,4799989,1018920,131,131,2026-01-15,Marc Bernal,CDR,0,0,0,0,58
4620861_849520,4620861,849520,1025,1025,2026-01-15,Santiago Castro,IT1,0,0,1,0,66
4620853_948294,4620853,948294,1047,1047,2026-01-15,Nico Paz,IT1,0,0,0,0,90
4620853_948278,4620853,948278,1047,1047,2026-01-15,Jacobo Ramón,IT1,1,0,0,0,90
4620853_668547,4620853,668547,1047,1047,2026-01-15,Máximo Perrone,IT1,0,0,0,0,90
4620853_357164,4620853,357164,5,5,2026-01-15,Rafael Leão,IT1,0,0,0,1,70
4620853_580451,4620853,580451,1047,1047,2026-01-15,Martin Baturina,IT1,0,0,0,1,60
4620853_569598,4620853,569598,5,5,2026-01-15,Youssouf Fofana,IT1,0,0,0,0,70
4620853_523318,4620853,523318,1047,1047,2026-01-15,Anastasios Douvikas,IT1,0,0,0,0,90
4620853_1190411,4620853,1190411,1047,1047,2026-01-15,Jesús Rodríguez,IT1,0,0,0,0,30
4799989_293385,4799989,293385,131,131,2026-01-15,Dani Olmo,CDR,0,0,0,0,68
4799989_258923,4799989,258923,131,131,2026-01-15,Marcus Rashford,CDR,0,0,0,0,67
4620853_344381,4620853,344381,5,5,2026-01-15,Christopher Nkunku,IT1,0,0,1,0,63
4799989_398184,4799989,398184,131,131,2026-01-15,Ferran Torres,CDR,0,0,1,0,68
4799989_683840,4799989,683840,131,131,2026-01-15,Pedri,CDR,0,0,0,0,22
4799989_411295,4799989,411295,131,131,2026-01-15,Raphinha,CDR,0,0,0,1,23
4799994_834764,4799994,834764,1049,1049,2026-01-15,Javi Guerra,CDR,0,0,0,0,90
4799989_937958,4799989,937958,131,131,2026-01-15,Lamine Yamal,CDR,0,0,1,0,90
4799989_705395,4799989,705395,131,131,2026-01-15,Gerard Martín,CDR,0,0,0,0,90
4799989_962110,4799989,962110,131,131,2026-01-15,Pau Cubarsí,CDR,0,0,0,0,90
4799989_636703,4799989,636703,131,131,2026-01-15,Fermín López,CDR,1,0,0,1,32
4799989_636688,4799989,636688,131,131,2026-01-15,Alejandro Balde,CDR,0,0,0,0,90
4799989_561613,4799989,561613,131,131,2026-01-15,Joan García,CDR,0,0,0,0,90
4799989_466794,4799989,466794,131,131,2026-01-15,Eric García,CDR,0,0,0,0,5
4799989_411975,4799989,411975,131,131,2026-01-15,Jules Koundé,CDR,0,0,0,0,90
4634279_344695,4634279,344695,27,27,2026-01-14,Dayot Upamecano,L1,0,0,0,0,23
4634278_1067904,4634278,1067904,533,533,2026-01-14,Bazoumana Touré,L1,0,0,0,0,26
4634278_524290,4634278,524290,533,533,2026-01-14,Fisnik Asllani,L1,0,0,0,2,83
4634278_667457,4634278,667457,533,533,2026-01-14,Leon Avdullahu,L1,0,0,0,0,90
4634279_1075147,4634279,1075147,27,27,2026-01-14,Lennart Karl,L1,0,0,1,0,23
4634279_1168219,4634279,1168219,3,3,2026-01-14,Said El Mala,L1,0,0,0,0,78
4634279_132098,4634279,132098,27,27,2026-01-14,Harry Kane,L1,0,0,0,0,90
4634279_196357,4634279,196357,27,27,2026-01-14,Jonathan Tah,L1,0,0,0,0,67
4634279_223967,4634279,223967,27,27,2026-01-14,Konrad Laimer,L1,0,0,0,0,90
4680842_410225,4680842,410225,3499,873,2026-01-14,Ismaïla Sarr,AFCN,0,0,0,0,5
4634279_480692,4634279,480692,27,27,2026-01-14,Luis Díaz,L1,0,0,0,1,90
4634279_566723,4634279,566723,27,27,2026-01-14,Michael Olise,L1,0,0,0,1,82
4634279_792380,4634279,792380,27,27,2026-01-14,Aleksandar Pavlovic,L1,0,0,0,0,90
4634279_822959,4634279,822959,27,27,2026-01-14,Tom Bischof,L1,0,0,0,0,8
4680842_1111589,4680842,1111589,3499,379,2026-01-14,El Hadji Malick Diouf,AFCN,0,0,0,0,90
4634274_957874,4634274,957874,23826,23826,2026-01-14,Rômulo,L1,0,0,1,0,74
4680842_445939,4680842,445939,3672,281,2026-01-14,Omar Marmoush,AFCN,0,0,0,0,90
4680842_485963,4680842,485963,3499,1050,2026-01-14,Pape Gueye,AFCN,0,0,0,0,90
4680842_623570,4680842,623570,3499,29,2026-01-14,Iliman Ndiaye,AFCN,0,0,0,0,85
4680842_776890,4680842,776890,3499,27,2026-01-14,Nicolas Jackson,AFCN,0,0,0,0,85
4634276_669380,4634276,669380,82,82,2026-01-14,Konstantinos Koulierakis,L1,0,0,0,0,90
4634274_526845,4634274,526845,60,60,2026-01-14,Noah Atubolu,L1,0,0,0,0,90
4634274_927353,4634274,927353,60,60,2026-01-14,Johan Manzambi,L1,0,0,0,0,90
4634274_897424,4634274,897424,23826,23826,2026-01-14,Assan Ouédraogo,L1,0,0,0,0,60
4680842_918969,4680842,918969,3499,162,2026-01-14,Lamine Camara,AFCN,0,0,0,0,45
4620856_315853,4620856,315853,46,46,2026-01-14,Alessandro Bastoni,IT1,0,0,0,0,90
4620856_255942,4620856,255942,46,46,2026-01-14,Nicolò Barella,IT1,0,0,0,0,57
4620856_318528,4620856,318528,46,46,2026-01-14,Marcus Thuram,IT1,1,0,0,0,87
4620856_406625,4620856,406625,46,46,2026-01-14,Lautaro Martínez,IT1,0,0,0,0,18
4620856_668207,4620856,668207,46,46,2026-01-14,Petar Sučić,IT1,0,0,0,0,3
4620856_827734,4620856,827734,46,46,2026-01-14,Ange-Yoan Bonny,IT1,0,0,0,0,56
4620856_930781,4620856,930781,46,46,2026-01-14,Pio Esposito,IT1,0,0,1,0,34
4620859_315969,4620859,315969,6195,6195,2026-01-14,Scott McTominay,IT1,0,0,0,0,90
4620859_386446,4620859,386446,6195,6195,2026-01-14,Alessandro Buongiorno,IT1,0,0,0,0,90
4620859_469822,4620859,469822,6195,6195,2026-01-14,David Neres,IT1,1,0,0,0,32
4620859_610442,4620859,610442,6195,6195,2026-01-14,Rasmus Højlund,IT1,0,0,0,0,90
4634274_1390649,4634274,1390649,23826,23826,2026-01-14,Yan Diomande,L1,0,0,0,0,30
4634274_318204,4634274,318204,23826,23826,2026-01-14,David Raum,L1,0,0,0,1,90
4634274_324278,4634274,324278,23826,23826,2026-01-14,Christoph Baumgartner,L1,0,0,0,1,88
4634274_404950,4634274,404950,23826,23826,2026-01-14,Nicolas Seiwald,L1,0,0,0,0,90
4634274_618472,4634274,618472,23826,23826,2026-01-14,Castello Lukeba,L1,0,0,0,0,88
4634274_668606,4634274,668606,60,60,2026-01-14,Yuito Suzuki,L1,1,0,0,0,55
4634274_894914,4634274,894914,23826,23826,2026-01-14,Antonio Nusa,L1,0,0,0,0,30
4680842_876631,4680842,876631,3499,289,2026-01-14,Habib Diarra,AFCN,1,0,0,0,45
4799991_602105,4799991,602105,150,150,2026-01-14,Antony,CDR,0,0,0,0,90
4680843_314678,4680843,314678,3575,418,2026-01-14,Brahim Díaz,AFCN,0,0,0,0,107
4798809_423440,4798809,423440,11,11,2026-01-14,Martín Zubimendi,CGB,0,0,1,0,90
4798809_435338,4798809,435338,11,11,2026-01-14,Gabriel,CGB,0,0,0,0,90
4798809_475411,4798809,475411,631,631,2026-01-14,Wesley Fofana,CGB,0,0,0,0,75
4798809_487465,4798809,487465,631,631,2026-01-14,Pedro Neto,CGB,1,0,0,1,90
4798809_495666,4798809,495666,11,11,2026-01-14,William Saliba,CGB,0,0,0,0,90
4798809_626724,4798809,626724,631,631,2026-01-14,João Pedro,CGB,0,0,0,0,81
4798809_648195,4798809,648195,631,631,2026-01-14,Enzo Fernández,CGB,0,0,0,0,90
4798809_655488,4798809,655488,11,11,2026-01-14,Gabriel Martinelli,CGB,0,0,0,0,23
4798809_743600,4798809,743600,631,631,2026-01-14,Andrey Santos,CGB,0,0,0,0,90
4798809_811779,4798809,811779,631,631,2026-01-14,Alejandro Garnacho,CGB,0,0,2,0,37
4798809_904802,4798809,904802,631,631,2026-01-14,Jorrel Hato,CGB,0,0,0,0,15
4799312_964426,4799312,964426,683,683,2026-01-14,Christos Mouzakitis,GRP,0,0,0,0,90
4799990_1057316,4799990,1057316,418,418,2026-01-14,Franco Mastantuono,CDR,0,0,1,0,77
4799990_371998,4799990,371998,418,418,2026-01-14,Vinicius Junior,CDR,0,0,0,0,90
4799990_640428,4799990,640428,418,418,2026-01-14,Eduardo Camavinga,CDR,0,0,0,0,25
4799990_861410,4799990,861410,418,418,2026-01-14,Arda Güler,CDR,0,0,0,1,90
4799990_890290,4799990,890290,418,418,2026-01-14,Dean Huijsen,CDR,1,0,0,0,65
4799990_935230,4799990,935230,418,418,2026-01-14,Gonzalo García,CDR,0,0,1,0,90
4799991_735568,4799991,735568,150,150,2026-01-14,Natan,CDR,1,0,0,0,90
4680843_398073,4680843,398073,3575,583,2026-01-14,Achraf Hakimi,AFCN,0,0,0,0,120
4798809_433177,4798809,433177,11,11,2026-01-14,Bukayo Saka,CGB,0,0,0,0,90
4799990_369081,4799990,369081,418,418,2026-01-14,Federico Valverde,CDR,0,0,0,0,90
4798809_420243,4798809,420243,11,11,2026-01-14,Jurriën Timber,CGB,1,0,0,0,90
4787469_859035,4787469,859035,1090,1090,2026-01-14,Kees Smit,NLP,0,0,1,0,90
4798809_357662,4798809,357662,11,11,2026-01-14,Declan Rice,CGB,0,0,0,1,82
4680843_401923,4680843,401923,3444,141,2026-01-14,Victor Osimhen,AFCN,0,0,0,0,118
4680843_406040,4680843,406040,3444,800,2026-01-14,Ademola Lookman,AFCN,0,0,0,0,120
4680843_461883,4680843,461883,3444,931,2026-01-14,Calvin Bassey,AFCN,1,0,0,0,120
4680843_702869,4680843,702869,3575,383,2026-01-14,Ismael Saibari,AFCN,0,0,0,0,118
4680843_724520,4680843,724520,3575,150,2026-01-14,Abde Ezzalzouli,AFCN,0,0,0,0,103
4787469_552655,4787469,552655,1090,1090,2026-01-14,Troy Parrott,NLP,0,0,3,1,90
4787469_748804,4787469,748804,610,610,2026-01-14,Mika Godts,NLP,1,0,0,0,45
4680843_654982,4680843,654982,3575,79,2026-01-14,Bilal El Khannouss,AFCN,0,0,0,0,84
4798809_1004708,4798809,1004708,631,631,2026-01-14,Josh Acheampong,CGB,0,0,0,0,53
4798809_284857,4798809,284857,631,631,2026-01-14,Marc Cucurella,CGB,1,0,0,0,81
4798809_309400,4798809,309400,11,11,2026-01-14,Kai Havertz,CGB,0,0,0,0,8
4798809_316264,4798809,316264,11,11,2026-01-14,Martin Ødegaard,CGB,0,0,0,0,68
4798809_325443,4798809,325443,11,11,2026-01-14,Viktor Gyökeres,CGB,0,0,1,1,82
4798809_335721,4798809,335721,11,11,2026-01-14,Ben White,CGB,0,0,1,0,90
4798809_338424,4798809,338424,11,11,2026-01-14,Mikel Merino,CGB,1,0,0,0,22
4798809_1056993,4798809,1056993,631,631,2026-01-14,Estêvão,CGB,1,0,0,0,90
4798809_346314,4798809,346314,631,631,2026-01-14,Trevoh Chalobah,CGB,0,0,0,0,90
4798808_333241,4798808,333241,762,762,2026-01-13,Joelinton,CGB,1,0,0,0,90
4736148_338670,4736148,338670,12,12,2026-01-13,Mile Svilar,CIT,0,0,0,0,90
4736148_624690,4736148,624690,12,12,2026-01-13,Manu Koné,CIT,0,0,0,0,33
4736148_668951,4736148,668951,12,12,2026-01-13,Matías Soulé,CIT,0,0,0,0,58
4736148_813137,4736148,813137,12,12,2026-01-13,Niccolò Pisilli,CIT,0,0,0,0,57
4736148_964580,4736148,964580,12,12,2026-01-13,Wesley,CIT,0,0,0,1,90
4798808_397033,4798808,397033,762,762,2026-01-13,Sandro Tonali,CGB,1,0,0,0,21
4798808_357565,4798808,357565,281,281,2026-01-13,Rodri,CGB,0,0,0,0,28
4798808_361093,4798808,361093,762,762,2026-01-13,Sven Botman,CGB,0,0,0,0,90
4798808_388165,4798808,388165,762,762,2026-01-13,Yoane Wissa,CGB,0,0,0,0,69
4798808_398065,4798808,398065,762,762,2026-01-13,Harvey Barnes,CGB,0,0,0,0,45
4634275_924117,4634275,924117,79,79,2026-01-13,Finn Jeltsch,L1,0,0,0,0,16
4798808_406635,4798808,406635,281,281,2026-01-13,Phil Foden,CGB,0,0,0,0,62
4634275_939964,4634275,939964,24,24,2026-01-13,Jean-Mattéo Bahoya,L1,0,0,0,0,70
4634272_388198,4634272,388198,16,16,2026-01-13,Nico Schlotterbeck,L1,0,0,1,0,90
4634275_585959,4634275,585959,24,24,2026-01-13,Arnaud Kalimuendo,L1,1,0,0,0,90
4634275_518505,4634275,518505,79,79,2026-01-13,Jamie Leweling,L1,0,0,0,0,90
4634275_443710,4634275,443710,79,79,2026-01-13,Angelo Stiller,L1,0,0,0,0,90
4634275_436064,4634275,436064,79,79,2026-01-13,Ramon Hendriks,L1,1,0,0,0,90
4634273_643574,4634273,643574,39,39,2026-01-13,Kaishu Sano,L1,0,0,0,0,90
4634272_796297,4634272,796297,16,16,2026-01-13,Jobe Bellingham,L1,0,0,0,1,23
4634272_578392,4634272,578392,16,16,2026-01-13,Maximilian Beier,L1,0,0,0,0,67
4634272_496094,4634272,496094,16,16,2026-01-13,Karim Adeyemi,L1,0,0,0,0,6
4634272_406640,4634272,406640,16,16,2026-01-13,Felix Nmecha,L1,0,0,0,1,90
4634272_370789,4634272,370789,16,16,2026-01-13,Julian Ryerson,L1,0,0,0,1,67
4634272_270541,4634272,270541,16,16,2026-01-13,Serhou Guirassy,L1,0,0,1,0,23
4634272_257814,4634272,257814,16,16,2026-01-13,Gregor Kobel,L1,0,0,0,0,90
4634272_1084638,4634272,1084638,86,86,2026-01-13,Karim Coulibaly,L1,0,0,0,0,90
4798808_455661,4798808,455661,762,762,2026-01-13,Nick Woltemade,CGB,0,0,0,0,21
4798808_418560,4798808,418560,281,281,2026-01-13,Erling Haaland,CGB,0,0,0,0,90
4736148_371149,4736148,371149,12,12,2026-01-13,Evan Ndicka,CIT,0,0,0,0,45
4798808_460939,4798808,460939,281,281,2026-01-13,Tijjani Reijnders,CGB,0,0,0,0,28
4798808_763079,4798808,763079,281,281,2026-01-13,Abdukodir Khusanov,CGB,0,0,0,0,90
4799995_711374,4799995,711374,681,681,2026-01-13,Jon Gorrotxategi,CDR,0,0,0,0,55
4799995_351478,4799995,351478,681,681,2026-01-13,Mikel Oyarzabal,CDR,0,0,0,0,120
4799995_1018938,4799995,1018938,681,681,2026-01-13,Jon Martín,CDR,0,0,0,0,30
4799993_938729,4799993,938729,621,621,2026-01-13,Mikel Jauregizar,CDR,0,0,0,0,120
4799993_709187,4799993,709187,621,621,2026-01-13,Nico Williams,CDR,0,0,0,2,120
4799993_571020,4799993,571020,621,621,2026-01-13,Oihan Sancet,CDR,1,0,1,0,68
4799992_844637,4799992,844637,13,13,2026-01-13,Marc Pubill,CDR,0,0,0,0,90
4799992_775605,4799992,775605,13,13,2026-01-13,Pablo Barrios,CDR,0,0,0,0,32
4799992_742201,4799992,742201,13,13,2026-01-13,Giuliano Simeone,CDR,0,0,0,0,84
4799992_616631,4799992,616631,13,13,2026-01-13,Matteo Ruggeri,CDR,0,0,0,0,90
4799992_548111,4799992,548111,13,13,2026-01-13,Álex Baena,CDR,0,0,0,0,58
4799992_404418,4799992,404418,13,13,2026-01-13,Dávid Hancko,CDR,0,0,0,0,90
4798808_922769,4798808,922769,762,762,2026-01-13,Lewis Miley,CGB,0,0,0,0,90
4799992_576024,4799992,576024,13,13,2026-01-13,Julián Alvarez,CDR,0,0,0,0,58
4798808_743413,4798808,743413,281,281,2026-01-13,Nico O'Reilly,CGB,1,0,0,0,62
4798808_583189,4798808,583189,762,762,2026-01-13,Anthony Elanga,CGB,0,0,0,0,21
4798808_503733,4798808,503733,762,762,2026-01-13,Anthony Gordon,CGB,0,0,0,0,69
4798808_503749,4798808,503749,762,762,2026-01-13,Jacob Ramsey,CGB,0,0,0,0,69
4798808_701057,4798808,701057,281,281,2026-01-13,Rico Lewis,CGB,1,0,0,0,28
4798808_521964,4798808,521964,762,762,2026-01-13,Malick Thiaw,CGB,0,0,0,0,90
4798808_566799,4798808,566799,281,281,2026-01-13,James Trafford,CGB,0,0,0,0,90
4798808_578391,4798808,578391,281,281,2026-01-13,Rayan Aït-Nouri,CGB,0,0,0,1,2
4798808_520624,4798808,520624,762,762,2026-01-13,Bruno Guimarães,CGB,1,0,0,0,87
4798808_583255,4798808,583255,281,281,2026-01-13,Antoine Semenyo,CGB,0,0,1,0,90
4798808_601883,4798808,601883,281,281,2026-01-13,Matheus Nunes,CGB,1,0,0,0,62
4798808_607223,4798808,607223,281,281,2026-01-13,Rayan Cherki,CGB,0,0,1,0,13
4798808_670858,4798808,670858,762,762,2026-01-13,Lewis Hall,CGB,0,0,0,0,90
4798808_486049,4798808,486049,281,281,2026-01-13,Jérémy Doku,CGB,0,0,0,0,77
4788528_357119,4788528,357119,31,31,2026-01-12,Ibrahima Konaté,FAC,0,0,0,0,30
4620897_265088,4620897,265088,506,506,2026-01-12,Manuel Locatelli,IT1,0,0,0,0,71
4620897_332697,4620897,332697,506,506,2026-01-12,Weston McKennie,IT1,0,0,1,1,90
4620897_368887,4620897,368887,506,506,2026-01-12,Loïs Openda,IT1,0,0,0,0,7
4620897_463618,4620897,463618,506,506,2026-01-12,Khéphren Thuram,IT1,0,0,0,1,90
4620897_516716,4620897,516716,506,506,2026-01-12,Bremer,IT1,0,0,1,0,71
4620897_533738,4620897,533738,506,506,2026-01-12,Jonathan David,IT1,0,0,1,0,90
4620897_585949,4620897,585949,506,506,2026-01-12,Pierre Kalulu,IT1,0,0,0,1,90
4620897_845654,4620897,845654,506,506,2026-01-12,Kenan Yıldız,IT1,0,0,1,0,62
4788528_1108466,4788528,1108466,31,31,2026-01-12,Rio Ngumoha,FAC,0,0,0,0,73
4620895_895937,4620895,895937,1390,1390,2026-01-12,Marco Palestra,IT1,0,0,0,0,90
4788528_433188,4788528,433188,31,31,2026-01-12,Curtis Jones,FAC,0,0,0,0,90
4788528_451276,4788528,451276,31,31,2026-01-12,Dominik Szoboszlai,FAC,0,0,1,0,90
4788528_478573,4788528,478573,31,31,2026-01-12,Ryan Gravenberch,FAC,0,0,0,0,17
4788528_484547,4788528,484547,31,31,2026-01-12,Jeremie Frimpong,FAC,0,0,1,0,60
4788528_502676,4788528,502676,31,31,2026-01-12,Giorgi Mamardashvili,FAC,0,0,0,0,90
4788528_534033,4788528,534033,31,31,2026-01-12,Alexis Mac Allister,FAC,0,0,0,2,88
4788528_598577,4788528,598577,31,31,2026-01-12,Florian Wirtz,FAC,0,0,1,1,30
4788528_709726,4788528,709726,31,31,2026-01-12,Hugo Ekitiké,FAC,0,0,1,1,30
4788528_434675,4788528,434675,31,31,2026-01-12,Cody Gakpo,FAC,0,0,0,0,90
4634263_792380,4634263,792380,27,27,2026-01-11,Aleksandar Pavlovic,L1,0,0,0,0,58
4641537_748804,4641537,748804,610,610,2026-01-11,Mika Godts,NL1,0,0,1,0,90
4641535_997903,4641535,997903,234,234,2026-01-11,Givairo Read,NL1,0,0,0,0,90
4641535_420213,4641535,420213,234,244,2026-01-11,Quinten Timber,NL1,0,0,0,0,90
4634263_822959,4634263,822959,27,27,2026-01-11,Tom Bischof,L1,0,0,0,0,90
4634263_483046,4634263,483046,27,27,2026-01-11,Josip Stanisic,L1,0,0,0,0,90
4634263_669380,4634263,669380,82,82,2026-01-11,Konstantinos Koulierakis,L1,0,0,0,0,90
4634263_566723,4634263,566723,27,27,2026-01-11,Michael Olise,L1,0,0,2,2,83
4788504_314875,4788504,314875,379,379,2026-01-11,Jarrod Bowen,FAC,0,0,0,0,120
4634263_480692,4634263,480692,27,27,2026-01-11,Luis Díaz,L1,0,0,1,3,90
4645835_709372,4645835,709372,714,714,2026-01-11,Carlos Romero,ES1,0,0,1,0,90
4788525_346890,4788525,346890,399,399,2026-01-11,Noah Okafor,FAC,0,0,0,0,89
4788504_474701,4788504,474701,379,379,2026-01-11,Crysencio Summerville,FAC,0,0,1,1,120
4788504_522784,4788504,522784,379,379,2026-01-11,Taty Castellanos,FAC,1,0,1,0,111
4788525_344069,4788525,344069,399,399,2026-01-11,Anton Stach,FAC,0,0,0,0,1
4634263_223967,4634263,223967,27,27,2026-01-11,Konrad Laimer,L1,0,0,0,1,90
4788525_392771,4788525,392771,399,399,2026-01-11,Ethan Ampadu,FAC,0,0,0,0,90
4788526_309400,4788526,309400,11,11,2026-01-11,Kai Havertz,FAC,0,0,0,0,21
4788526_316264,4788526,316264,11,11,2026-01-11,Martin Ødegaard,FAC,0,0,0,0,21
4788526_335721,4788526,335721,11,11,2026-01-11,Ben White,FAC,1,0,0,0,69
4788526_338424,4788526,338424,11,11,2026-01-11,Mikel Merino,FAC,0,0,0,0,90
4788526_420243,4788526,420243,11,11,2026-01-11,Jurriën Timber,FAC,0,0,0,0,21
4788526_423440,4788526,423440,11,11,2026-01-11,Martín Zubimendi,FAC,0,0,0,0,8
4634263_344695,4634263,344695,27,27,2026-01-11,Dayot Upamecano,L1,0,0,0,0,77
4620901_618341,4620901,618341,398,398,2026-01-11,Mario Gila,IT1,0,0,0,0,90
4634263_196357,4634263,196357,27,27,2026-01-11,Jonathan Tah,L1,0,0,0,1,90
4620896_315969,4620896,315969,6195,6195,2026-01-11,Scott McTominay,IT1,0,0,2,0,90
4788526_479999,4788526,479999,11,11,2026-01-11,Eberechi Eze,FAC,0,0,0,0,90
4620894_344381,4620894,344381,5,5,2026-01-11,Christopher Nkunku,IT1,0,0,1,0,16
4620894_357164,4620894,357164,5,5,2026-01-11,Rafael Leão,IT1,0,0,0,0,30
4620894_364135,4620894,364135,430,430,2026-01-11,Moise Kean,IT1,1,0,0,0,90
4620894_569598,4620894,569598,5,5,2026-01-11,Youssouf Fofana,IT1,1,0,0,1,27
4620894_574671,4620894,574671,5,5,2026-01-11,Strahinja Pavlović,IT1,0,0,0,0,74
4620894_608172,4620894,608172,5,5,2026-01-11,Ardon Jashari,IT1,0,0,0,0,60
4620896_198116,4620896,198116,46,46,2026-01-11,Federico Dimarco,IT1,0,0,1,0,88
4620896_255942,4620896,255942,46,46,2026-01-11,Nicolò Barella,IT1,0,0,0,0,90
4620896_315853,4620896,315853,46,46,2026-01-11,Alessandro Bastoni,IT1,0,0,0,0,90
4620896_318528,4620896,318528,46,46,2026-01-11,Marcus Thuram,IT1,0,0,0,1,83
4634263_132098,4634263,132098,27,27,2026-01-11,Harry Kane,L1,0,0,1,1,77
4620896_406625,4620896,406625,46,46,2026-01-11,Lautaro Martínez,IT1,0,0,0,0,87
4620896_441986,4620896,441986,46,46,2026-01-11,Yann Bisseck,IT1,0,0,0,0,90
4620896_610442,4620896,610442,6195,6195,2026-01-11,Rasmus Højlund,IT1,0,0,0,0,90
4620896_668207,4620896,668207,46,46,2026-01-11,Petar Sučić,IT1,0,0,0,0,3
4620896_827734,4620896,827734,46,46,2026-01-11,Ange-Yoan Bonny,IT1,0,0,0,0,3
4620896_930781,4620896,930781,46,46,2026-01-11,Pio Esposito,IT1,0,0,0,0,7
4620901_470394,4620901,470394,398,398,2026-01-11,Kenneth Taylor,IT1,0,0,0,0,90
4620901_525704,4620901,525704,398,398,2026-01-11,Nicolò Rovella,IT1,0,0,0,0,21
4634263_1075147,4634263,1075147,27,27,2026-01-11,Lennart Karl,L1,0,0,0,0,57
4620894_315779,4620894,315779,5,5,2026-01-11,Christian Pulisic,IT1,0,0,0,0,90
4788526_435338,4788526,435338,11,11,2026-01-11,Gabriel,FAC,0,0,0,0,76
4800635_342229,4800635,342229,418,418,2026-01-11,Kylian Mbappé,SUC,0,0,0,0,14
4788526_503987,4788526,503987,11,11,2026-01-11,Noni Madueke,FAC,0,0,0,2,90
4800635_293385,4800635,293385,131,131,2026-01-11,Dani Olmo,SUC,0,0,0,0,24
4800635_369081,4800635,369081,418,418,2026-01-11,Federico Valverde,SUC,1,0,0,0,68
4800635_371998,4800635,371998,418,418,2026-01-11,Vinicius Junior,SUC,0,0,1,0,82
4800635_398184,4800635,398184,131,131,2026-01-11,Ferran Torres,SUC,0,0,0,0,24
4800635_411295,4800635,411295,131,131,2026-01-11,Raphinha,SUC,0,0,2,0,83
4800635_411975,4800635,411975,131,131,2026-01-11,Jules Koundé,SUC,0,0,0,0,90
4800635_412363,4800635,412363,418,418,2026-01-11,Rodrygo,SUC,0,0,0,0,90
4800635_413112,4800635,413112,418,418,2026-01-11,Aurélien Tchouaméni,SUC,0,0,0,0,90
4800635_466794,4800635,466794,131,131,2026-01-11,Eric García,SUC,1,0,0,0,83
4800635_561613,4800635,561613,131,131,2026-01-11,Joan García,SUC,0,0,0,0,90
4800635_581678,4800635,581678,418,418,2026-01-11,Jude Bellingham,SUC,0,0,0,0,90
4800635_636688,4800635,636688,131,131,2026-01-11,Alejandro Balde,SUC,0,0,0,0,90
4800635_636703,4800635,636703,131,131,2026-01-11,Fermín López,SUC,0,0,0,1,66
4800635_640428,4800635,640428,418,418,2026-01-11,Eduardo Camavinga,SUC,0,0,0,0,82
4800635_683840,4800635,683840,131,131,2026-01-11,Pedri,SUC,1,0,0,1,90
4800635_811778,4800635,811778,418,418,2026-01-11,Álvaro Carreras,SUC,1,0,0,0,90
4800635_861410,4800635,861410,418,418,2026-01-11,Arda Güler,SUC,0,0,0,0,22
4800635_890290,4800635,890290,418,418,2026-01-11,Dean Huijsen,SUC,0,0,0,0,76
4800635_935230,4800635,935230,418,418,2026-01-11,Gonzalo García,SUC,0,0,1,1,76
4800635_937958,4800635,937958,131,131,2026-01-11,Lamine Yamal,SUC,0,0,0,0,90
4800635_962110,4800635,962110,131,131,2026-01-11,Pau Cubarsí,SUC,0,0,0,0,90
4788526_655488,4788526,655488,11,11,2026-01-11,Gabriel Martinelli,FAC,0,0,3,0,82
4800635_326330,4800635,326330,131,131,2026-01-11,Frenkie de Jong,SUC,0,0,0,0,90
4800635_705395,4800635,705395,131,131,2026-01-11,Gerard Martín,SUC,0,0,0,0,7
4800635_258923,4800635,258923,131,131,2026-01-11,Marcus Rashford,SUC,0,0,0,0,7
4788527_517894,4788527,517894,985,985,2026-01-11,Matheus Cunha,FAC,0,0,0,0,90
4788526_890719,4788526,890719,11,244,2026-01-11,Ethan Nwaneri,FAC,0,0,0,0,69
4800635_1057316,4800635,1057316,418,418,2026-01-11,Franco Mastantuono,SUC,0,0,0,0,8
4788526_890721,4788526,890721,11,11,2026-01-11,Myles Lewis-Skelly,FAC,1,0,0,0,90
4788527_1060087,4788527,1060087,1237,1237,2026-01-11,Charalampos Kostoulas,FAC,1,0,0,0,7
4788527_240306,4788527,240306,985,985,2026-01-11,Bruno Fernandes,FAC,0,0,0,1,90
4788527_357147,4788527,357147,985,985,2026-01-11,Diogo Dalot,FAC,0,0,0,0,90
4788527_369316,4788527,369316,1237,1237,2026-01-11,Ferdi Kadıoğlu,FAC,0,0,0,0,90
4788527_476701,4788527,476701,985,985,2026-01-11,Manuel Ugarte,FAC,0,0,0,0,79
4788527_480762,4788527,480762,985,985,2026-01-11,Lisandro Martínez,FAC,0,0,0,0,79
4788527_503883,4788527,503883,985,1096,2026-01-11,Senne Lammens,FAC,0,0,0,0,90
4788527_346483,4788527,346483,985,985,2026-01-11,Mason Mount,FAC,0,0,0,0,62
4788527_538977,4788527,538977,1237,1237,2026-01-11,Georginio Rutter,FAC,0,0,0,0,83
4788527_820374,4788527,820374,985,985,2026-01-11,Kobbie Mainoo,FAC,1,0,0,0,62
4788527_926952,4788527,926952,985,985,2026-01-11,Patrick Dorgu,FAC,0,0,0,0,90
4788527_576314,4788527,576314,1237,1237,2026-01-11,Jan Paul van Hecke,FAC,0,0,0,0,13
4788527_996897,4788527,996897,1237,1237,2026-01-11,Diego Gómez,FAC,0,0,0,0,77
4788527_923831,4788527,923831,985,985,2026-01-11,Leny Yoro,FAC,0,0,0,0,90
4788527_867688,4788527,867688,1237,1237,2026-01-11,Jack Hinshelwood,FAC,0,0,0,0,90
4788527_700106,4788527,700106,1237,23826,2026-01-11,Brajan Gruda,FAC,0,0,1,1,90
4788527_667287,4788527,667287,1237,1237,2026-01-11,Yasin Ayari,FAC,0,0,0,0,13
4788527_627442,4788527,627442,985,985,2026-01-11,Benjamin Sesko,FAC,0,0,1,0,90
4680832_406040,4680832,406040,3444,800,2026-01-10,Ademola Lookman,AFCN,0,0,0,0,86
4645834_834764,4645834,834764,1049,1049,2026-01-10,Javi Guerra,ES1,0,0,0,0,13
4680832_401923,4680832,401923,3444,141,2026-01-10,Victor Osimhen,AFCN,0,0,1,1,90
4665057_964426,4665057,964426,683,683,2026-01-10,Christos Mouzakitis,GR1,0,0,0,0,5
4680832_461883,4680832,461883,3444,931,2026-01-10,Calvin Bassey,AFCN,0,0,0,0,90
4645839_935231,4645839,935231,331,331,2026-01-10,Víctor Muñoz,ES1,0,0,0,0,85
4645839_1005575,4645839,1005575,12321,12321,2026-01-10,Vitor Reis,ES1,0,0,0,0,90
4645830_733576,4645830,733576,1050,1050,2026-01-10,Alberto Moleiro,ES1,0,0,1,1,77
4645832_602105,4645832,602105,150,150,2026-01-10,Antony,ES1,0,0,0,1,90
4620892_1077175,4620892,1077175,800,800,2026-01-10,Honest Ahanor,IT1,0,0,0,0,90
4645830_729814,4645830,729814,1050,1050,2026-01-10,Georges Mikautadze,ES1,0,0,1,0,90
4641534_627207,4641534,627207,383,383,2026-01-10,Ricardo Pepi,NL1,0,0,1,0,26
4641534_408574,4641534,408574,383,383,2026-01-10,Joey Veerman,NL1,0,0,0,1,90
4680833_1067904,4680833,1067904,3591,533,2026-01-10,Bazoumana Touré,AFCN,0,0,0,0,1
4641529_859035,4641529,859035,1090,1090,2026-01-10,Kees Smit,NL1,0,0,0,0,90
4680832_578391,4680832,578391,3614,281,2026-01-10,Rayan Aït-Nouri,AFCN,1,0,0,0,90
4788498_730893,4788498,730893,873,873,2026-01-10,Tyrick Mitchell,FAC,0,0,0,0,45
4680833_1390649,4680833,1390649,3591,23826,2026-01-10,Yan Diomande,AFCN,0,0,0,0,89
4788498_578539,4788498,578539,873,873,2026-01-10,Chris Richards,FAC,0,0,0,0,90
4634271_1168219,4634271,1168219,3,3,2026-01-10,Said El Mala,L1,0,0,1,0,45
4788503_357565,4788503,357565,281,281,2026-01-10,Rodri,FAC,0,0,1,0,45
4788499_800176,4788499,800176,543,543,2026-01-10,André,FAC,1,0,0,0,90
4788499_735570,4788499,735570,543,543,2026-01-10,João Gomes,FAC,0,0,0,0,61
4788499_429983,4788499,429983,543,543,2026-01-10,Jørgen Strand Larsen,FAC,0,0,3,1,74
4788498_744149,4788498,744149,873,873,2026-01-10,Adam Wharton,FAC,0,0,0,0,90
4788498_568157,4788498,568157,873,1050,2026-01-10,Yéremy Pino,FAC,0,0,1,0,90
4680833_371149,4680833,371149,3591,12,2026-01-10,Evan Ndicka,AFCN,0,0,0,0,90
4788498_470607,4788498,470607,873,148,2026-01-10,Brennan Johnson,FAC,0,0,0,0,45
4788498_392757,4788498,392757,873,281,2026-01-10,Marc Guéhi,FAC,1,0,0,0,90
4788498_1006411,4788498,1006411,873,873,2026-01-10,Jaydee Canvot,FAC,0,0,0,0,45
4680833_536835,4680833,536835,3591,985,2026-01-10,Amad Diallo,AFCN,0,0,0,0,90
4680833_500689,4680833,500689,3591,873,2026-01-10,Evann Guessand,AFCN,0,0,0,0,80
4680833_445939,4680833,445939,3672,281,2026-01-10,Omar Marmoush,AFCN,0,0,1,0,90
4641529_552655,4641529,552655,1090,1090,2026-01-10,Troy Parrott,NL1,0,0,0,0,79
4620893_668547,4620893,668547,1047,1047,2026-01-10,Máximo Perrone,IT1,0,0,0,0,90
4634269_643574,4634269,643574,39,39,2026-01-10,Kaishu Sano,L1,0,0,0,0,90
4620893_1190411,4620893,1190411,1047,1047,2026-01-10,Jesús Rodríguez,IT1,0,0,0,1,90
4620899_338670,4620899,338670,12,12,2026-01-10,Mile Svilar,IT1,0,0,0,0,90
4620893_948294,4620893,948294,1047,1047,2026-01-10,Nico Paz,IT1,1,0,0,0,90
4620893_849520,4620893,849520,1025,1025,2026-01-10,Santiago Castro,IT1,0,0,0,1,76
4620893_672381,4620893,672381,1025,244,2026-01-10,Jonathan Rowe,IT1,0,0,0,0,76
4620893_580451,4620893,580451,1047,1047,2026-01-10,Martin Baturina,IT1,0,0,1,0,6
4620893_523318,4620893,523318,1047,1047,2026-01-10,Anastasios Douvikas,IT1,0,0,0,0,90
4620892_607854,4620892,607854,800,800,2026-01-10,Éderson,IT1,0,0,0,0,90
4634266_927353,4634266,927353,60,60,2026-01-10,Johan Manzambi,L1,0,0,0,0,90
4620892_571604,4620892,571604,800,800,2026-01-10,Giorgio Scalvini,IT1,0,0,0,0,67
4620892_459763,4620892,459763,800,800,2026-01-10,Marco Carnesecchi,IT1,0,0,0,0,90
4620892_435772,4620892,435772,800,800,2026-01-10,Charles De Ketelaere,IT1,0,0,1,0,79
4620892_434433,4620892,434433,800,1005,2026-01-10,Nikola Krstović,IT1,0,0,0,0,67
4620892_315867,4620892,315867,800,800,2026-01-10,Gianluca Scamacca,IT1,0,0,0,1,23
4788503_460939,4788503,460939,281,281,2026-01-10,Tijjani Reijnders,FAC,0,0,1,1,90
4620899_624690,4620899,624690,12,12,2026-01-10,Manu Koné,IT1,1,0,1,0,90
4620899_668951,4620899,668951,12,12,2026-01-10,Matías Soulé,IT1,0,0,1,1,88
4620899_679423,4620899,679423,6574,6574,2026-01-10,Tarik Muharemović,IT1,0,0,0,0,90
4620899_813137,4620899,813137,12,12,2026-01-10,Niccolò Pisilli,IT1,0,0,0,0,90
4620899_921655,4620899,921655,6574,6574,2026-01-10,Ismaël Koné,IT1,0,0,0,0,83
4620899_964580,4620899,964580,12,12,2026-01-10,Wesley,IT1,0,0,0,0,27
4620900_855308,4620900,855308,410,410,2026-01-10,Arthur Atta,IT1,0,0,0,0,34
4634264_436064,4634264,436064,79,79,2026-01-10,Ramon Hendriks,L1,0,0,0,0,90
4634264_443710,4634264,443710,79,79,2026-01-10,Angelo Stiller,L1,0,0,0,0,90
4634264_467437,4634264,467437,15,15,2026-01-10,Malik Tillman,L1,0,0,0,1,90
4634264_518505,4634264,518505,79,79,2026-01-10,Jamie Leweling,L1,1,0,2,0,79
4634264_632349,4634264,632349,15,15,2026-01-10,Jarell Quansah,L1,0,0,0,0,90
4634264_718303,4634264,718303,15,1090,2026-01-10,Ernest Poku,L1,0,0,0,0,45
4634264_924117,4634264,924117,79,79,2026-01-10,Finn Jeltsch,L1,1,0,0,0,18
4634266_526845,4634266,526845,60,60,2026-01-10,Noah Atubolu,L1,0,0,0,0,90
4634266_668606,4634266,668606,60,60,2026-01-10,Yuito Suzuki,L1,0,0,0,0,90
4634266_892160,4634266,892160,41,148,2026-01-10,Luka Vuskovic,L1,1,0,1,0,90
4788503_418560,4788503,418560,281,281,2026-01-10,Erling Haaland,FAC,0,0,0,0,45
4645830_805714,4645830,805714,1050,1050,2026-01-10,Renato Veiga,ES1,0,0,0,0,90
4788503_486049,4788503,486049,281,281,2026-01-10,Jérémy Doku,FAC,0,0,0,2,26
4788523_258889,4788523,258889,148,148,2026-01-10,Dominic Solanke,FAC,0,0,0,0,7
4788523_483348,4788523,483348,148,148,2026-01-10,Djed Spence,FAC,0,0,0,0,7
4788523_413403,4788523,413403,405,405,2026-01-10,Ezri Konsa,FAC,0,0,0,0,90
4788523_394327,4788523,394327,405,405,2026-01-10,Boubacar Kamara,FAC,0,0,0,0,9
4788523_378710,4788523,378710,148,148,2026-01-10,Richarlison,FAC,0,0,0,0,31
4788523_326029,4788523,326029,405,12,2026-01-10,Donyell Malen,FAC,0,0,0,1,65
4788523_324358,4788523,324358,405,405,2026-01-10,Ollie Watkins,FAC,0,0,0,0,25
4788523_249565,4788523,249565,405,405,2026-01-10,Youri Tielemans,FAC,0,0,0,0,81
4788523_503743,4788523,503743,405,405,2026-01-10,Morgan Rogers,FAC,0,0,1,0,90
4788515_955357,4788515,955357,989,989,2026-01-10,Junior Kroupi,FAC,0,0,0,0,90
4788515_922769,4788515,922769,762,762,2026-01-10,Lewis Miley,FAC,0,0,0,0,51
4788515_855256,4788515,855256,989,989,2026-01-10,Alex Scott,FAC,1,0,1,0,112
4788515_711337,4788515,711337,989,989,2026-01-10,Evanilson,FAC,0,0,0,1,92
4788515_670858,4788515,670858,762,762,2026-01-10,Lewis Hall,FAC,0,0,0,0,61
4788515_654539,4788515,654539,989,989,2026-01-10,Adrien Truffert,FAC,0,0,0,0,37
4788523_485585,4788523,485585,405,405,2026-01-10,Ian Maatsen,FAC,0,0,0,0,78
4788523_553875,4788523,553875,148,148,2026-01-10,Pedro Porro,FAC,1,0,0,0,83
4788515_520624,4788515,520624,762,762,2026-01-10,Bruno Guimarães,FAC,1,0,0,0,41
4788524_648195,4788524,648195,631,631,2026-01-10,Enzo Fernández,FAC,0,0,1,1,21
4788503_566799,4788503,566799,281,281,2026-01-10,James Trafford,FAC,0,0,0,0,90
4800935_606752,4800935,606752,1075,1075,2026-01-10,Rodrigo Zalazar,POCP,0,0,0,0,90
4788524_811779,4788524,811779,631,631,2026-01-10,Alejandro Garnacho,FAC,0,0,0,0,85
4788524_743600,4788524,743600,631,631,2026-01-10,Andrey Santos,FAC,0,0,0,0,90
4788524_687626,4788524,687626,631,631,2026-01-10,Moisés Caicedo,FAC,0,0,0,0,90
4788524_670882,4788524,670882,631,631,2026-01-10,Jamie Gittens,FAC,0,0,0,0,66
4788524_610849,4788524,610849,631,631,2026-01-10,Liam Delap,FAC,0,0,0,0,21
4788523_557459,4788523,557459,148,148,2026-01-10,Micky van de Ven,FAC,0,0,0,0,90
4788524_487465,4788524,487465,631,631,2026-01-10,Pedro Neto,FAC,0,0,1,0,5
4788524_475411,4788524,475411,631,631,2026-01-10,Wesley Fofana,FAC,0,0,0,0,5
4788524_1056993,4788524,1056993,631,631,2026-01-10,Estêvão,FAC,0,0,0,1,24
4788524_1004708,4788524,1004708,631,631,2026-01-10,Josh Acheampong,FAC,0,0,0,0,90
4788523_922693,4788523,922693,148,148,2026-01-10,Archie Gray,FAC,1,0,0,0,90
4788523_566931,4788523,566931,148,23826,2026-01-10,Xavi Simons,FAC,0,0,0,0,90
4788515_521964,4788515,521964,762,762,2026-01-10,Malick Thiaw,FAC,0,0,0,0,120
4788524_904802,4788524,904802,631,631,2026-01-10,Jorrel Hato,FAC,0,0,1,0,85
4788515_503981,4788515,503981,762,762,2026-01-10,Tino Livramento,FAC,0,0,0,0,59
4788505_541231,4788505,541231,1148,1148,2026-01-10,Sepp van den Berg,FAC,0,0,0,0,89
4788507_473169,4788507,473169,289,289,2026-01-10,Brian Brobbey,FAC,0,0,0,0,34
4788507_404842,4788507,404842,29,29,2026-01-10,Vitaliy Mykolenko,FAC,0,0,0,0,104
4788506_900195,4788506,900195,931,660,2026-01-10,Kevin,FAC,0,0,1,1,90
4788506_333014,4788506,333014,931,931,2026-01-10,Sander Berge,FAC,0,0,0,0,4
4788506_279455,4788506,279455,931,931,2026-01-10,Harry Wilson,FAC,0,0,1,1,33
4788505_823486,4788505,823486,1148,1148,2026-01-10,Michael Kayode,FAC,0,0,0,0,1
4788505_540941,4788505,540941,1148,1148,2026-01-10,Mikkel Damsgaard,FAC,0,0,0,0,90
4788507_633992,4788507,633992,289,289,2026-01-10,Enzo Le Fée,FAC,0,0,1,0,120
4788503_763079,4788503,763079,281,281,2026-01-10,Abdukodir Khusanov,FAC,0,0,0,0,90
4788503_743413,4788503,743413,281,281,2026-01-10,Nico O'Reilly,FAC,0,0,1,0,45
4788503_701057,4788503,701057,281,281,2026-01-10,Rico Lewis,FAC,0,0,2,1,90
4788503_607223,4788503,607223,281,281,2026-01-10,Rayan Cherki,FAC,0,0,0,1,90
4788503_583255,4788503,583255,281,281,2026-01-10,Antoine Semenyo,FAC,0,0,1,1,64
4788515_503749,4788515,503749,762,762,2026-01-10,Jacob Ramsey,FAC,0,0,0,0,79
4788507_505219,4788507,505219,29,29,2026-01-10,James Garner,FAC,0,0,1,0,120
4788505_644401,4788505,644401,1148,1148,2026-01-10,Keane Lewis-Potter,FAC,0,0,1,0,90
4788507_646991,4788507,646991,289,289,2026-01-10,Robin Roefs,FAC,0,0,0,0,120
4788515_397033,4788515,397033,762,762,2026-01-10,Sandro Tonali,FAC,0,0,0,1,120
4788507_727089,4788507,727089,289,289,2026-01-10,Noah Sadiki,FAC,1,0,0,0,120
4788515_469781,4788515,469781,989,989,2026-01-10,Marcos Senesi,FAC,0,0,0,0,30
4788515_465555,4788515,465555,989,989,2026-01-10,Djordje Petrovic,FAC,1,0,0,0,120
4788515_463605,4788515,463605,989,989,2026-01-10,Bafodé Diakité,FAC,0,0,0,0,120
4788515_399434,4788515,399434,989,989,2026-01-10,Marcus Tavernier,FAC,1,0,1,0,49
4788515_398065,4788515,398065,762,762,2026-01-10,Harvey Barnes,FAC,0,0,2,0,120
4788515_455661,4788515,455661,762,762,2026-01-10,Nick Woltemade,FAC,0,0,0,1,120
4788515_503733,4788515,503733,762,762,2026-01-10,Anthony Gordon,FAC,0,0,1,1,51
4788515_388165,4788515,388165,762,762,2026-01-10,Yoane Wissa,FAC,0,0,0,0,69
4788515_361093,4788515,361093,762,762,2026-01-10,Sven Botman,FAC,0,0,0,0,120
4788515_333241,4788515,333241,762,762,2026-01-10,Joelinton,FAC,0,0,0,0,50
4788508_842341,4788508,842341,1132,1132,2026-01-10,Maxime Estève,FAC,0,0,0,0,90
4788507_937941,4788507,937941,29,29,2026-01-10,Thierno Barry,FAC,1,0,0,0,45
4634265_691892,4634265,691892,24,24,2026-01-09,Nathaniel Brown,L1,1,0,0,0,90
4680830_1185888,4680830,1185888,3499,583,2026-01-09,Ibrahim Mbaye,AFCN,1,0,0,0,15
4680830_1111589,4680830,1111589,3499,379,2026-01-09,El Hadji Malick Diouf,AFCN,0,0,0,0,90
4645838_711374,4645838,711374,681,681,2026-01-09,Jon Gorrotxategi,ES1,0,0,0,0,25
4645838_351478,4645838,351478,681,681,2026-01-09,Mikel Oyarzabal,ES1,0,0,0,0,90
4645838_1018938,4645838,1018938,681,681,2026-01-09,Jon Martín,ES1,0,0,0,0,90
4634265_931838,4634265,931838,24,24,2026-01-09,Hugo Larsson,L1,0,0,0,0,90
4634265_816585,4634265,816585,24,24,2026-01-09,Can Uzun,L1,0,0,1,0,63
4634265_270541,4634265,270541,16,16,2026-01-09,Serhou Guirassy,L1,0,0,0,0,66
4634265_585959,4634265,585959,24,24,2026-01-09,Arnaud Kalimuendo,L1,1,0,0,1,27
4634265_578392,4634265,578392,16,16,2026-01-09,Maximilian Beier,L1,0,0,1,0,75
4634265_496094,4634265,496094,16,16,2026-01-09,Karim Adeyemi,L1,0,0,0,0,15
4634265_406640,4634265,406640,16,16,2026-01-09,Felix Nmecha,L1,0,0,1,0,90
4634265_388198,4634265,388198,16,16,2026-01-09,Nico Schlotterbeck,L1,0,0,0,0,90
4634265_370789,4634265,370789,16,16,2026-01-09,Julian Ryerson,L1,0,0,0,1,90
4634265_257814,4634265,257814,16,16,2026-01-09,Gregor Kobel,L1,0,0,0,0,90
4680830_623570,4680830,623570,3499,29,2026-01-09,Iliman Ndiaye,AFCN,0,0,1,0,75
4680830_485963,4680830,485963,3499,1050,2026-01-09,Pape Gueye,AFCN,1,0,0,0,62
4680830_918969,4680830,918969,3499,162,2026-01-09,Lamine Camara,AFCN,0,0,0,0,28
4680830_876631,4680830,876631,3499,289,2026-01-09,Habib Diarra,AFCN,1,0,0,0,62
4788497_365108,4788497,365108,703,703,2026-01-09,Dan Ndoye,FAC,0,0,0,0,69
4680831_314678,4680831,314678,3575,418,2026-01-09,Brahim Díaz,AFCN,0,0,1,0,90
4788497_540664,4788497,540664,703,667,2026-01-09,Dilane Bakwa,FAC,0,0,0,0,46
4788497_503680,4788497,503680,703,703,2026-01-09,Neco Williams,FAC,0,0,0,0,74
4788497_432164,4788497,432164,703,703,2026-01-09,Igor Jesus,FAC,0,0,1,0,120
4788497_429014,4788497,429014,703,703,2026-01-09,Morgan Gibbs-White,FAC,0,0,0,0,74
4788497_392768,4788497,392768,703,703,2026-01-09,Callum Hudson-Odoi,FAC,0,0,2,0,51
4788497_741238,4788497,741238,703,703,2026-01-09,Omari Hutchinson,FAC,1,0,0,0,120
4788497_1005649,4788497,1005649,703,703,2026-01-09,Murillo,FAC,0,0,0,0,23
4680831_398073,4680831,398073,3575,583,2026-01-09,Achraf Hakimi,AFCN,0,0,0,0,90
4680831_724520,4680831,724520,3575,150,2026-01-09,Abde Ezzalzouli,AFCN,0,0,0,0,86
4680831_702869,4680831,702869,3575,383,2026-01-09,Ismael Saibari,AFCN,0,0,1,0,86
4680831_654982,4680831,654982,3575,79,2026-01-09,Bilal El Khannouss,AFCN,1,0,0,0,68
4680831_413039,4680831,413039,3434,985,2026-01-09,Bryan Mbeumo,AFCN,0,0,0,0,90
4680831_973085,4680831,973085,3434,1237,2026-01-09,Carlos Baleba,AFCN,0,0,0,0,77
4625998_478573,4625998,478573,31,31,2026-01-08,Ryan Gravenberch,GB1,0,0,0,0,90
4625998_479999,4625998,479999,11,11,2026-01-08,Eberechi Eze,GB1,0,0,0,0,12
4625998_484547,4625998,484547,31,31,2026-01-08,Jeremie Frimpong,GB1,0,0,0,0,90
4625998_495666,4625998,495666,11,11,2026-01-08,William Saliba,GB1,0,0,0,0,90
4625998_503987,4625998,503987,11,11,2026-01-08,Noni Madueke,GB1,0,0,0,0,12
4625998_534033,4625998,534033,31,31,2026-01-08,Alexis Mac Allister,GB1,1,0,0,0,90
4625998_655488,4625998,655488,11,11,2026-01-08,Gabriel Martinelli,GB1,1,0,0,0,26
4625998_598577,4625998,598577,31,31,2026-01-08,Florian Wirtz,GB1,0,0,0,0,90
4625998_624258,4625998,624258,31,31,2026-01-08,Conor Bradley,GB1,0,0,0,0,90
4625998_659813,4625998,659813,11,11,2026-01-08,Piero Hincapié,GB1,0,0,0,0,57
4625998_730861,4625998,730861,31,31,2026-01-08,Milos Kerkez,GB1,0,0,0,0,90
4625998_890721,4625998,890721,11,11,2026-01-08,Myles Lewis-Skelly,GB1,0,0,0,0,33
4738246_181767,4738246,181767,583,583,2026-01-08,Marquinhos,FRCH,0,0,0,0,90
4625998_435338,4625998,435338,11,11,2026-01-08,Gabriel,GB1,0,0,0,0,90
4625998_451276,4625998,451276,31,31,2026-01-08,Dominik Szoboszlai,GB1,0,0,0,0,90
4625998_316264,4625998,316264,11,11,2026-01-08,Martin Ødegaard,GB1,0,0,0,0,78
4625998_434675,4625998,434675,31,31,2026-01-08,Cody Gakpo,GB1,0,0,0,0,90
4625998_433177,4625998,433177,11,11,2026-01-08,Bukayo Saka,GB1,0,0,0,0,78
4625998_423440,4625998,423440,11,11,2026-01-08,Martín Zubimendi,GB1,0,0,0,0,90
4625998_420243,4625998,420243,11,11,2026-01-08,Jurriën Timber,GB1,0,0,0,0,90
4625998_357662,4625998,357662,11,11,2026-01-08,Declan Rice,GB1,0,0,0,0,90
4625998_357119,4625998,357119,31,31,2026-01-08,Ibrahima Konaté,GB1,1,0,0,0,90
4625998_325443,4625998,325443,11,11,2026-01-08,Viktor Gyökeres,GB1,0,0,0,0,64
4625998_262749,4625998,262749,11,11,2026-01-08,David Raya,GB1,0,0,0,0,90
4620886_574671,4620886,574671,5,5,2026-01-08,Strahinja Pavlović,IT1,1,0,0,0,90
4620886_569598,4620886,569598,5,5,2026-01-08,Youssouf Fofana,IT1,0,0,0,0,45
4620886_357164,4620886,357164,5,5,2026-01-08,Rafael Leão,IT1,0,0,1,0,90
4620886_315779,4620886,315779,5,5,2026-01-08,Christian Pulisic,IT1,0,0,0,0,90
4620883_895937,4620883,895937,1390,1390,2026-01-08,Marco Palestra,IT1,0,0,0,0,90
4738246_350219,4738246,350219,583,583,2026-01-08,Fabián Ruiz,FRCH,0,0,0,0,89
4738246_288230,4738246,288230,583,583,2026-01-08,Ousmane Dembélé,FRCH,0,0,1,0,90
4738246_903693,4738246,903693,583,583,2026-01-08,Senny Mayulu,FRCH,0,0,0,0,1
4738246_418659,4738246,418659,244,244,2026-01-08,Amine Gouiri,FRCH,0,0,0,0,67
4790451_371998,4790451,371998,418,418,2026-01-08,Vinicius Junior,SUC,1,0,0,0,81
4738246_463600,4738246,463600,583,583,2026-01-08,Lucas Chevalier,FRCH,0,0,0,0,90
4790451_935230,4790451,935230,418,418,2026-01-08,Gonzalo García,SUC,0,0,0,0,90
4790451_861410,4790451,861410,418,418,2026-01-08,Arda Güler,SUC,0,0,0,0,9
4790451_844637,4790451,844637,13,13,2026-01-08,Marc Pubill,SUC,0,0,0,0,90
4790451_811778,4790451,811778,418,418,2026-01-08,Álvaro Carreras,SUC,0,0,0,0,90
4790451_742201,4790451,742201,13,13,2026-01-08,Giuliano Simeone,SUC,0,0,0,1,90
4790451_640428,4790451,640428,418,418,2026-01-08,Eduardo Camavinga,SUC,0,0,0,0,87
4790451_581678,4790451,581678,418,418,2026-01-08,Jude Bellingham,SUC,0,0,0,0,90
4790451_576024,4790451,576024,13,13,2026-01-08,Julián Alvarez,SUC,0,0,0,0,90
4790451_548111,4790451,548111,13,13,2026-01-08,Álex Baena,SUC,0,0,0,0,60
4790451_488362,4790451,488362,13,148,2026-01-08,Conor Gallagher,SUC,0,0,0,0,45
4790451_413112,4790451,413112,418,418,2026-01-08,Aurélien Tchouaméni,SUC,0,0,0,0,90
4790451_412363,4790451,412363,418,418,2026-01-08,Rodrygo,SUC,0,0,1,0,87
4790451_404418,4790451,404418,13,13,2026-01-08,Dávid Hancko,SUC,0,0,0,0,90
4790451_616631,4790451,616631,13,13,2026-01-08,Matteo Ruggeri,SUC,0,0,0,0,80
4790451_369081,4790451,369081,418,418,2026-01-08,Federico Valverde,SUC,0,0,1,1,90
4738246_661171,4738246,661171,583,583,2026-01-08,Willian Pacho,FRCH,0,0,0,0,90
4738246_487469,4738246,487469,583,583,2026-01-08,Vitinha,FRCH,0,0,0,1,90
4790451_1057316,4790451,1057316,418,418,2026-01-08,Franco Mastantuono,SUC,0,0,0,0,3
4738246_502670,4738246,502670,583,583,2026-01-08,Khvicha Kvaratskhelia,FRCH,0,0,0,0,72
4738246_532826,4738246,532826,244,244,2026-01-08,Mason Greenwood,FRCH,0,0,1,0,90
4738246_550550,4738246,550550,583,583,2026-01-08,Gonçalo Ramos,FRCH,0,0,1,0,1
4738246_653610,4738246,653610,244,244,2026-01-08,Igor Paixão,FRCH,0,0,0,0,67
4738246_616341,4738246,616341,583,583,2026-01-08,Nuno Mendes,FRCH,0,0,0,0,90
4738246_670681,4738246,670681,583,583,2026-01-08,João Neves,FRCH,0,0,0,0,90
4738246_708265,4738246,708265,583,583,2026-01-08,Bradley Barcola,FRCH,0,0,0,1,18
4738246_810092,4738246,810092,583,583,2026-01-08,Warren Zaïre-Emery,FRCH,1,0,0,0,89
4738246_914562,4738246,914562,583,583,2026-01-08,Désiré Doué,FRCH,0,0,0,0,90
4626001_480762,4626001,480762,985,985,2026-01-07,Lisandro Martínez,GB1,0,0,0,0,90
4626000_947411,4626000,947411,289,289,2026-01-07,Chris Rigg,GB1,0,0,0,0,52
4626001_476701,4626001,476701,985,985,2026-01-07,Manuel Ugarte,GB1,0,0,0,0,84
4626001_357147,4626001,357147,985,985,2026-01-07,Diogo Dalot,GB1,0,0,0,0,90
4626001_503883,4626001,503883,985,1096,2026-01-07,Senne Lammens,GB1,0,0,0,0,90
4626001_346483,4626001,346483,985,985,2026-01-07,Mason Mount,GB1,0,0,0,0,29
4626001_240306,4626001,240306,985,985,2026-01-07,Bruno Fernandes,GB1,0,0,0,1,61
4626001_1078163,4626001,1078163,985,985,2026-01-07,Ayden Heaven,GB1,0,0,0,0,61
4626000_633992,4626000,633992,289,289,2026-01-07,Enzo Le Fée,GB1,0,0,0,0,90
4626000_823486,4626000,823486,1148,1148,2026-01-07,Michael Kayode,GB1,0,0,0,0,82
4626000_739443,4626000,739443,1148,1148,2026-01-07,Igor Thiago,GB1,1,0,2,0,82
4626000_717411,4626000,717411,1148,1148,2026-01-07,Yegor Yarmolyuk,GB1,0,0,1,0,90
4626000_646991,4626000,646991,289,289,2026-01-07,Robin Roefs,GB1,0,0,0,0,90
4626000_644401,4626000,644401,1148,1148,2026-01-07,Keane Lewis-Potter,GB1,0,0,0,0,61
4626000_540941,4626000,540941,1148,1148,2026-01-07,Mikkel Damsgaard,GB1,0,0,0,0,29
4626000_473169,4626000,473169,289,289,2026-01-07,Brian Brobbey,GB1,0,0,0,0,90
4626001_627442,4626001,627442,985,985,2026-01-07,Benjamin Sesko,GB1,0,0,2,0,90
4626000_473050,4626000,473050,1148,1148,2026-01-07,Kevin Schade,GB1,0,0,0,1,90
4626001_517894,4626001,517894,985,985,2026-01-07,Matheus Cunha,GB1,0,0,0,0,74
4626002_434224,4626002,434224,873,873,2026-01-07,Maxence Lacroix,GB1,0,0,0,0,90
4626001_820374,4626001,820374,985,985,2026-01-07,Kobbie Mainoo,GB1,0,0,0,0,16
4626001_842341,4626001,842341,1132,1132,2026-01-07,Maxime Estève,GB1,0,0,0,0,90
4626002_730893,4626002,730893,873,873,2026-01-07,Tyrick Mitchell,GB1,1,0,0,0,90
4626002_568157,4626002,568157,873,1050,2026-01-07,Yéremy Pino,GB1,0,0,0,0,90
4626002_503743,4626002,503743,405,405,2026-01-07,Morgan Rogers,GB1,0,0,0,0,90
4626002_485585,4626002,485585,405,405,2026-01-07,Ian Maatsen,GB1,0,0,0,0,17
4626002_470607,4626002,470607,873,148,2026-01-07,Brennan Johnson,GB1,1,0,0,0,90
4626000_340918,4626000,340918,1148,1148,2026-01-07,Caoimhín Kelleher,GB1,0,0,0,0,90
4626002_420002,4626002,420002,873,873,2026-01-07,Jean-Philippe Mateta,GB1,0,0,0,0,90
4626002_413403,4626002,413403,405,405,2026-01-07,Ezri Konsa,GB1,0,0,0,0,90
4626002_394327,4626002,394327,405,405,2026-01-07,Boubacar Kamara,GB1,0,0,0,0,82
4626002_392757,4626002,392757,873,281,2026-01-07,Marc Guéhi,GB1,0,0,0,0,90
4626002_326029,4626002,326029,405,12,2026-01-07,Donyell Malen,GB1,0,0,0,0,17
4626002_324358,4626002,324358,405,405,2026-01-07,Ollie Watkins,GB1,0,0,0,0,90
4626002_258919,4626002,258919,873,873,2026-01-07,Dean Henderson,GB1,0,0,0,0,90
4626002_249565,4626002,249565,405,405,2026-01-07,Youri Tielemans,GB1,0,0,0,0,90
4626002_1006411,4626002,1006411,873,873,2026-01-07,Jaydee Canvot,GB1,0,0,0,0,90
4626001_926952,4626001,926952,985,985,2026-01-07,Patrick Dorgu,GB1,0,0,0,1,90
4626001_923831,4626001,923831,985,985,2026-01-07,Leny Yoro,GB1,0,0,0,0,29
4626000_469050,4626000,469050,1148,1148,2026-01-07,Nathan Collins,GB1,0,0,0,1,90
4625999_399434,4625999,399434,989,989,2026-01-07,Marcus Tavernier,GB1,0,0,0,1,87
4625999_955357,4625999,955357,989,989,2026-01-07,Junior Kroupi,GB1,0,0,1,0,64
4625999_922693,4625999,922693,148,148,2026-01-07,Archie Gray,GB1,0,0,0,0,4
4620888_255942,4620888,255942,46,46,2026-01-07,Nicolò Barella,IT1,0,0,0,1,21
4620888_198116,4620888,198116,46,46,2026-01-07,Federico Dimarco,IT1,0,0,1,0,90
4620887_610442,4620887,610442,6195,6195,2026-01-07,Rasmus Højlund,IT1,0,0,0,0,90
4620887_386446,4620887,386446,6195,6195,2026-01-07,Alessandro Buongiorno,IT1,0,0,0,0,90
4620887_315969,4620887,315969,6195,6195,2026-01-07,Scott McTominay,IT1,0,0,1,0,90
4620884_618341,4620884,618341,398,398,2026-01-07,Mario Gila,IT1,0,0,0,0,90
4620884_465830,4620884,465830,398,398,2026-01-07,Mattéo Guendouzi,IT1,0,0,0,0,90
4620884_364135,4620884,364135,430,430,2026-01-07,Moise Kean,IT1,0,0,0,0,30
4620882_849520,4620882,849520,1025,1025,2026-01-07,Santiago Castro,IT1,0,0,0,0,18
4620882_672381,4620882,672381,1025,244,2026-01-07,Jonathan Rowe,IT1,0,0,0,0,45
4620882_607854,4620882,607854,800,800,2026-01-07,Éderson,IT1,0,0,0,0,77
4620882_571604,4620882,571604,800,800,2026-01-07,Giorgio Scalvini,IT1,0,0,0,0,68
4620882_459763,4620882,459763,800,800,2026-01-07,Marco Carnesecchi,IT1,0,0,0,0,90
4620882_435772,4620882,435772,800,800,2026-01-07,Charles De Ketelaere,IT1,0,0,0,1,84
4620882_434433,4620882,434433,800,1005,2026-01-07,Nikola Krstović,IT1,0,0,2,0,77
4620882_1077175,4620882,1077175,800,800,2026-01-07,Honest Ahanor,IT1,0,0,0,0,90
4626003_404842,4626003,404842,29,29,2026-01-07,Vitaliy Mykolenko,GB1,0,0,0,0,90
4620888_318528,4620888,318528,46,46,2026-01-07,Marcus Thuram,IT1,1,0,1,0,11
4620888_406625,4620888,406625,46,46,2026-01-07,Lautaro Martínez,IT1,0,0,0,0,85
4620888_441986,4620888,441986,46,46,2026-01-07,Yann Bisseck,IT1,0,0,0,0,90
4625999_553875,4625999,553875,148,148,2026-01-07,Pedro Porro,GB1,1,0,0,0,90
4625999_866246,4625999,866246,148,148,2026-01-07,Lucas Bergvall,GB1,0,0,0,0,57
4625999_855256,4625999,855256,989,989,2026-01-07,Alex Scott,GB1,0,0,0,0,90
4625999_711337,4625999,711337,989,989,2026-01-07,Evanilson,GB1,0,0,1,0,64
4625999_654539,4625999,654539,989,989,2026-01-07,Adrien Truffert,GB1,0,0,0,0,90
4625999_583255,4625999,583255,989,281,2026-01-07,Antoine Semenyo,GB1,1,0,1,0,90
4625999_566931,4625999,566931,148,23826,2026-01-07,Xavi Simons,GB1,0,0,0,1,90
4625999_557459,4625999,557459,148,148,2026-01-07,Micky van de Ven,GB1,1,0,0,0,90
4625999_483348,4625999,483348,148,148,2026-01-07,Djed Spence,GB1,0,0,0,0,90
4620888_668207,4620888,668207,46,46,2026-01-07,Petar Sučić,IT1,0,0,0,0,69
4625999_469781,4625999,469781,989,989,2026-01-07,Marcos Senesi,GB1,0,0,0,1,90
4625999_465555,4625999,465555,989,989,2026-01-07,Djordje Petrovic,GB1,0,0,0,0,90
4625999_463605,4625999,463605,989,989,2026-01-07,Bafodé Diakité,GB1,0,0,0,0,3
4625999_378710,4625999,378710,148,148,2026-01-07,Richarlison,GB1,0,0,0,0,23
4625999_355915,4625999,355915,148,148,2026-01-07,Cristian Romero,GB1,0,0,0,0,90
4620888_930781,4620888,930781,46,46,2026-01-07,Pio Esposito,IT1,0,0,0,1,79
4620888_827734,4620888,827734,46,46,2026-01-07,Ange-Yoan Bonny,IT1,0,0,0,0,5
4626002_744149,4626002,744149,873,873,2026-01-07,Adam Wharton,GB1,0,0,0,0,90
4620891_855308,4620891,855308,410,410,2026-01-07,Arthur Atta,IT1,0,0,0,0,29
4626003_429983,4626003,429983,543,543,2026-01-07,Jørgen Strand Larsen,GB1,0,0,0,1,23
4626006_333241,4626006,333241,762,762,2026-01-07,Joelinton,GB1,1,0,1,0,90
4779999_537844,4779999,537844,294,294,2026-01-07,Anatoliy Trubin,POCP,0,0,0,0,90
4779999_504087,4779999,504087,294,294,2026-01-07,Tomás Araújo,POCP,0,0,0,0,90
4626003_505219,4626003,505219,29,29,2026-01-07,James Garner,GB1,0,0,0,0,90
4779999_324503,4779999,324503,294,294,2026-01-07,Vangelis Pavlidis,POCP,0,0,1,0,90
4626006_922769,4626006,922769,762,762,2026-01-07,Lewis Miley,GB1,0,0,0,0,90
4626006_670858,4626006,670858,762,762,2026-01-07,Lewis Hall,GB1,0,0,0,0,90
4626006_521964,4626006,521964,762,762,2026-01-07,Malick Thiaw,GB1,1,0,0,0,45
4626006_520624,4626006,520624,762,762,2026-01-07,Bruno Guimarães,GB1,0,0,1,1,90
4626006_503749,4626006,503749,762,762,2026-01-07,Jacob Ramsey,GB1,0,0,0,0,14
4626006_503733,4626006,503733,762,762,2026-01-07,Anthony Gordon,GB1,1,0,0,0,81
4626006_455661,4626006,455661,762,762,2026-01-07,Nick Woltemade,GB1,0,0,0,1,75
4626006_398065,4626006,398065,762,762,2026-01-07,Harvey Barnes,GB1,0,0,2,0,90
4626006_397033,4626006,397033,762,762,2026-01-07,Sandro Tonali,GB1,0,0,0,0,45
4626006_392771,4626006,392771,399,399,2026-01-07,Ethan Ampadu,GB1,1,0,0,0,90
4626006_388165,4626006,388165,762,762,2026-01-07,Yoane Wissa,GB1,0,0,0,0,15
4626006_361093,4626006,361093,762,762,2026-01-07,Sven Botman,GB1,0,0,0,1,45
4626006_346890,4626006,346890,399,399,2026-01-07,Noah Okafor,GB1,0,0,0,0,10
4779999_606752,4779999,606752,1075,1075,2026-01-07,Rodrigo Zalazar,POCP,0,0,1,1,85
4779999_623325,4779999,623325,294,660,2026-01-07,Georgiy Sudakov,POCP,0,0,0,0,64
4779999_735573,4779999,735573,294,294,2026-01-07,Richard Ríos,POCP,0,0,0,0,90
4790450_571020,4790450,571020,621,621,2026-01-07,Oihan Sancet,SUC,0,0,0,0,54
4790450_962110,4790450,962110,131,131,2026-01-07,Pau Cubarsí,SUC,0,0,0,0,90
4790450_938729,4790450,938729,621,621,2026-01-07,Mikel Jauregizar,SUC,0,0,0,0,90
4790450_937958,4790450,937958,131,131,2026-01-07,Lamine Yamal,SUC,0,0,0,0,18
4790450_705395,4790450,705395,131,131,2026-01-07,Gerard Martín,SUC,0,0,0,0,26
4790450_683840,4790450,683840,131,131,2026-01-07,Pedri,SUC,0,0,0,0,72
4790450_636703,4790450,636703,131,131,2026-01-07,Fermín López,SUC,0,0,1,2,90
4790450_636688,4790450,636688,131,131,2026-01-07,Alejandro Balde,SUC,0,0,0,0,64
4790450_561613,4790450,561613,131,131,2026-01-07,Joan García,SUC,0,0,0,0,90
4790450_1018920,4790450,1018920,131,131,2026-01-07,Marc Bernal,SUC,0,0,0,0,26
4790450_466794,4790450,466794,131,131,2026-01-07,Eric García,SUC,0,0,0,0,90
4790450_411975,4790450,411975,131,131,2026-01-07,Jules Koundé,SUC,0,0,0,0,90
4790450_411295,4790450,411295,131,131,2026-01-07,Raphinha,SUC,0,0,2,1,65
4790450_398184,4790450,398184,131,131,2026-01-07,Ferran Torres,SUC,0,0,1,0,90
4790450_326330,4790450,326330,131,131,2026-01-07,Frenkie de Jong,SUC,0,0,0,0,64
4790450_293385,4790450,293385,131,131,2026-01-07,Dani Olmo,SUC,0,0,0,0,18
4790450_258923,4790450,258923,131,131,2026-01-07,Marcus Rashford,SUC,0,0,0,0,25
4626006_344069,4626006,344069,399,399,2026-01-07,Anton Stach,GB1,0,0,0,0,80
4626006_503981,4626006,503981,762,762,2026-01-07,Tino Livramento,GB1,0,0,0,0,45
4626005_996897,4626005,996897,1237,1237,2026-01-07,Diego Gómez,GB1,0,0,0,0,77
4626004_904802,4626004,904802,631,631,2026-01-07,Jorrel Hato,GB1,0,0,0,0,62
4626004_743600,4626004,743600,631,631,2026-01-07,Andrey Santos,GB1,0,0,0,0,28
4626004_687626,4626004,687626,631,631,2026-01-07,Moisés Caicedo,GB1,0,0,0,0,90
4626004_648195,4626004,648195,631,631,2026-01-07,Enzo Fernández,GB1,1,0,0,0,65
4626004_626724,4626004,626724,631,631,2026-01-07,João Pedro,GB1,0,0,0,0,15
4626004_620322,4626004,620322,631,631,2026-01-07,Malo Gusto,GB1,0,0,0,0,76
4626004_610849,4626004,610849,631,631,2026-01-07,Liam Delap,GB1,0,0,1,0,90
4626004_568177,4626004,568177,631,631,2026-01-07,Cole Palmer,GB1,1,0,0,0,75
4626004_487465,4626004,487465,631,631,2026-01-07,Pedro Neto,GB1,0,0,0,0,90
4626004_472423,4626004,472423,631,631,2026-01-07,Reece James,GB1,0,0,0,0,25
4626005_867688,4626005,867688,1237,1237,2026-01-07,Jack Hinshelwood,GB1,0,0,0,0,90
4626004_333014,4626004,333014,931,931,2026-01-07,Sander Berge,GB1,0,0,0,1,90
4626004_284857,4626004,284857,631,631,2026-01-07,Marc Cucurella,GB1,0,0,0,0,22
4626004_279455,4626004,279455,931,931,2026-01-07,Harry Wilson,GB1,0,0,1,0,90
4626004_1004708,4626004,1004708,631,631,2026-01-07,Josh Acheampong,GB1,0,0,0,0,14
4626003_937941,4626003,937941,29,29,2026-01-07,Thierno Barry,GB1,0,0,0,0,87
4626003_800176,4626003,800176,543,543,2026-01-07,André,GB1,0,0,0,0,45
4626003_735570,4626003,735570,543,543,2026-01-07,João Gomes,GB1,0,0,0,0,90
4626004_900195,4626004,900195,931,660,2026-01-07,Kevin,GB1,0,0,0,0,45
4626004_346314,4626004,346314,631,631,2026-01-07,Trevoh Chalobah,GB1,0,0,0,0,90
4626005_315858,4626005,315858,281,281,2026-01-07,Gianluigi Donnarumma,GB1,1,0,0,0,90
4626005_565093,4626005,565093,1237,1237,2026-01-07,Bart Verbruggen,GB1,0,0,0,0,90
4626005_357565,4626005,357565,281,281,2026-01-07,Rodri,GB1,0,0,0,0,26
4626005_763079,4626005,763079,281,281,2026-01-07,Abdukodir Khusanov,GB1,0,0,0,0,90
4626005_743413,4626005,743413,281,281,2026-01-07,Nico O'Reilly,GB1,0,0,0,0,17
4626005_701057,4626005,701057,281,281,2026-01-07,Rico Lewis,GB1,0,0,0,0,17
4626005_667287,4626005,667287,1237,1237,2026-01-07,Yasin Ayari,GB1,0,0,0,1,83
4626005_607223,4626005,607223,281,281,2026-01-07,Rayan Cherki,GB1,0,0,0,0,17
4626005_601883,4626005,601883,281,281,2026-01-07,Matheus Nunes,GB1,0,0,0,0,73
4626005_576314,4626005,576314,1237,1237,2026-01-07,Jan Paul van Hecke,GB1,1,0,0,0,90
4626005_700106,4626005,700106,1237,23826,2026-01-07,Brajan Gruda,GB1,0,0,0,0,13
4626005_486049,4626005,486049,281,281,2026-01-07,Jérémy Doku,GB1,0,0,0,1,90
4626005_466805,4626005,466805,281,281,2026-01-07,Nico González,GB1,0,0,0,0,64
4626005_460939,4626005,460939,281,281,2026-01-07,Tijjani Reijnders,GB1,0,0,0,0,90
4626005_418560,4626005,418560,281,281,2026-01-07,Erling Haaland,GB1,0,0,1,0,90
4626005_406635,4626005,406635,281,281,2026-01-07,Phil Foden,GB1,0,0,0,0,73
4626005_538977,4626005,538977,1237,1237,2026-01-07,Georginio Rutter,GB1,0,0,0,0,77
4626005_369316,4626005,369316,1237,1237,2026-01-07,Ferdi Kadıoğlu,GB1,0,0,0,0,90
4626007_392768,4626007,392768,703,703,2026-01-06,Callum Hudson-Odoi,GB1,0,0,0,0,90
4620890_585949,4620890,585949,506,506,2026-01-06,Pierre Kalulu,IT1,0,0,0,1,90
4620890_368887,4620890,368887,506,506,2026-01-06,Loïs Openda,IT1,0,0,0,0,15
4620890_463618,4620890,463618,506,506,2026-01-06,Khéphren Thuram,IT1,0,0,0,0,90
4620890_516716,4620890,516716,506,506,2026-01-06,Bremer,IT1,0,0,0,0,90
4620890_533738,4620890,533738,506,506,2026-01-06,Jonathan David,IT1,0,0,1,1,75
4620890_921655,4620890,921655,6574,6574,2026-01-06,Ismaël Koné,IT1,0,0,0,0,90
4620890_679423,4620890,679423,6574,6574,2026-01-06,Tarik Muharemović,IT1,0,0,0,0,90
4620890_845654,4620890,845654,506,506,2026-01-06,Kenan Yıldız,IT1,0,0,0,0,85
4626007_314875,4626007,314875,379,379,2026-01-06,Jarrod Bowen,GB1,0,0,0,0,90
4620890_265088,4620890,265088,506,506,2026-01-06,Manuel Locatelli,IT1,0,0,0,0,90
4620890_332697,4620890,332697,506,506,2026-01-06,Weston McKennie,IT1,0,0,0,0,75
4620885_668951,4620885,668951,12,12,2026-01-06,Matías Soulé,IT1,0,0,0,0,11
4620889_948294,4620889,948294,1047,1047,2026-01-06,Nico Paz,IT1,0,0,0,0,88
4620889_948278,4620889,948278,1047,1047,2026-01-06,Jacobo Ramón,IT1,1,0,0,0,90
4620889_668547,4620889,668547,1047,1047,2026-01-06,Máximo Perrone,IT1,0,0,1,0,90
4620889_580451,4620889,580451,1047,1047,2026-01-06,Martin Baturina,IT1,0,0,0,0,12
4620889_523318,4620889,523318,1047,1047,2026-01-06,Anastasios Douvikas,IT1,0,0,2,0,90
4620889_1190411,4620889,1190411,1047,1047,2026-01-06,Jesús Rodríguez,IT1,0,0,0,1,88
4620885_964580,4620885,964580,12,12,2026-01-06,Wesley,IT1,0,0,0,0,90
4620885_813137,4620885,813137,12,12,2026-01-06,Niccolò Pisilli,IT1,0,0,0,1,90
4620885_624690,4620885,624690,12,12,2026-01-06,Manu Koné,IT1,0,0,0,0,90
4620885_338670,4620885,338670,12,12,2026-01-06,Mile Svilar,IT1,0,0,0,0,90
4626007_429014,4626007,429014,703,703,2026-01-06,Morgan Gibbs-White,GB1,0,0,1,0,90
4626007_413507,4626007,413507,703,703,2026-01-06,Nikola Milenković,GB1,0,0,0,0,90
4626007_1005649,4626007,1005649,703,703,2026-01-06,Murillo,GB1,0,0,0,0,90
4626007_432164,4626007,432164,703,703,2026-01-06,Igor Jesus,GB1,0,0,0,0,90
4680841_1390649,4680841,1390649,3591,23826,2026-01-06,Yan Diomande,AFCN,0,0,1,0,75
4626007_444523,4626007,444523,379,379,2026-01-06,Lucas Paquetá,GB1,0,0,0,0,63
4780000_572675,4780000,572675,336,336,2026-01-06,Maxi Araújo,POCP,0,0,0,0,90
4780000_461496,4780000,461496,336,336,2026-01-06,Morten Hjulmand,POCP,0,0,0,0,90
4780000_424784,4780000,424784,336,336,2026-01-06,Luis Suárez,POCP,0,0,1,0,90
4780000_412669,4780000,412669,336,336,2026-01-06,Francisco Trincão,POCP,0,0,0,1,90
4680841_974982,4680841,974982,3591,336,2026-01-06,Ousmane Diomande,AFCN,0,0,0,0,1
4680841_823231,4680841,823231,5872,1148,2026-01-06,Dango Ouattara,AFCN,0,0,0,0,90
4680841_564545,4680841,564545,5872,15,2026-01-06,Edmond Tapsoba,AFCN,0,0,0,0,90
4680841_536835,4680841,536835,3591,985,2026-01-06,Amad Diallo,AFCN,0,0,1,1,81
4680841_500689,4680841,500689,3591,873,2026-01-06,Evann Guessand,AFCN,0,0,0,0,75
4680841_371149,4680841,371149,3591,12,2026-01-06,Evan Ndicka,AFCN,0,0,0,0,90
4780000_830365,4780000,830365,336,6195,2026-01-06,Alisson Santos,POCP,0,0,0,0,66
4680841_1067904,4680841,1067904,3591,533,2026-01-06,Bazoumana Touré,AFCN,0,0,1,0,15
4680840_578391,4680840,578391,3614,281,2026-01-06,Rayan Aït-Nouri,AFCN,0,0,0,0,70
4626007_880245,4626007,880245,379,379,2026-01-06,Mateus Fernandes,GB1,0,0,0,0,80
4626007_741238,4626007,741238,703,703,2026-01-06,Omari Hutchinson,GB1,0,0,0,0,45
4626007_567576,4626007,567576,703,703,2026-01-06,Elliot Anderson,GB1,0,0,0,1,90
4626007_540664,4626007,540664,703,667,2026-01-06,Dilane Bakwa,GB1,0,0,0,0,44
4626007_522784,4626007,522784,379,379,2026-01-06,Taty Castellanos,GB1,0,0,0,0,90
4626007_503680,4626007,503680,703,703,2026-01-06,Neco Williams,GB1,0,0,0,0,90
4626007_474701,4626007,474701,379,379,2026-01-06,Crysencio Summerville,GB1,0,0,0,1,90
4680840_727089,4680840,727089,3854,289,2026-01-06,Noah Sadiki,AFCN,0,0,0,0,70
4680839_406040,4680839,406040,3444,800,2026-01-05,Ademola Lookman,AFCN,0,0,1,2,86
4680838_445939,4680838,445939,3672,281,2026-01-05,Omar Marmoush,AFCN,0,0,0,0,119
4680839_401923,4680839,401923,3444,141,2026-01-05,Victor Osimhen,AFCN,0,0,2,0,68
4680839_701979,4680839,701979,5129,336,2026-01-05,Geny Catamo,AFCN,0,0,0,0,90
4680839_461883,4680839,461883,3444,931,2026-01-05,Calvin Bassey,AFCN,1,0,0,0,90
4625969_926952,4625969,926952,985,985,2026-01-04,Patrick Dorgu,GB1,1,0,0,0,90
4625970_346314,4625970,346314,631,631,2026-01-04,Trevoh Chalobah,GB1,0,0,0,0,90
4625970_357565,4625970,357565,281,281,2026-01-04,Rodri,GB1,0,0,0,0,90
4625970_315858,4625970,315858,281,281,2026-01-04,Gianluigi Donnarumma,GB1,0,0,0,0,90
4625970_258004,4625970,258004,281,281,2026-01-04,Rúben Dias,GB1,1,0,0,0,81
4625970_406635,4625970,406635,281,281,2026-01-04,Phil Foden,GB1,0,0,0,0,90
4625970_1056993,4625970,1056993,631,631,2026-01-04,Estêvão,GB1,0,0,0,0,45
4625970_1004708,4625970,1004708,631,631,2026-01-04,Josh Acheampong,GB1,0,0,0,0,62
4625969_476701,4625969,476701,985,985,2026-01-04,Manuel Ugarte,GB1,0,0,0,0,90
4625969_923831,4625969,923831,985,985,2026-01-04,Leny Yoro,GB1,0,0,0,0,63
4625969_627442,4625969,627442,985,985,2026-01-04,Benjamin Sesko,GB1,0,0,0,0,90
4625969_517894,4625969,517894,985,985,2026-01-04,Matheus Cunha,GB1,0,0,1,0,90
4625969_503883,4625969,503883,985,1096,2026-01-04,Senne Lammens,GB1,0,0,0,0,90
4620875_364135,4620875,364135,430,430,2026-01-04,Moise Kean,IT1,0,0,1,0,5
4625969_480762,4625969,480762,985,985,2026-01-04,Lisandro Martínez,GB1,0,0,0,0,90
4625969_357147,4625969,357147,985,985,2026-01-04,Diogo Dalot,GB1,0,0,0,0,90
4625970_460939,4625970,460939,281,281,2026-01-04,Tijjani Reijnders,GB1,0,0,1,0,70
4625969_346890,4625969,346890,399,399,2026-01-04,Noah Okafor,GB1,0,0,0,0,75
4625970_418560,4625970,418560,281,281,2026-01-04,Erling Haaland,GB1,0,0,0,0,90
4625970_763079,4625970,763079,281,281,2026-01-04,Abdukodir Khusanov,GB1,0,0,0,0,39
4625970_472423,4625970,472423,631,631,2026-01-04,Reece James,GB1,1,0,0,0,90
4625970_743413,4625970,743413,281,281,2026-01-04,Nico O'Reilly,GB1,0,0,0,0,90
4625971_392757,4625971,392757,873,281,2026-01-04,Marc Guéhi,GB1,1,0,0,0,90
4625971_388165,4625971,388165,762,762,2026-01-04,Yoane Wissa,GB1,0,0,0,0,78
4625971_333241,4625971,333241,762,762,2026-01-04,Joelinton,GB1,0,0,0,0,90
4625971_258919,4625971,258919,873,873,2026-01-04,Dean Henderson,GB1,0,0,0,0,90
4625971_1006411,4625971,1006411,873,873,2026-01-04,Jaydee Canvot,GB1,0,0,0,0,52
4625970_904802,4625970,904802,631,631,2026-01-04,Jorrel Hato,GB1,0,0,0,0,28
4625969_1078163,4625969,1078163,985,985,2026-01-04,Ayden Heaven,GB1,0,0,0,0,90
4625970_743600,4625970,743600,631,631,2026-01-04,Andrey Santos,GB1,0,0,0,0,45
4625970_648195,4625970,648195,631,631,2026-01-04,Enzo Fernández,GB1,1,0,1,0,90
4625970_475959,4625970,475959,281,281,2026-01-04,Josko Gvardiol,GB1,0,0,0,0,51
4625970_626724,4625970,626724,631,631,2026-01-04,João Pedro,GB1,0,0,0,0,62
4625970_620322,4625970,620322,631,631,2026-01-04,Malo Gusto,GB1,0,0,0,0,90
4625970_610849,4625970,610849,631,631,2026-01-04,Liam Delap,GB1,1,0,0,0,28
4625970_607223,4625970,607223,281,281,2026-01-04,Rayan Cherki,GB1,0,0,0,0,90
4625970_601883,4625970,601883,281,281,2026-01-04,Matheus Nunes,GB1,1,0,0,0,90
4625970_568177,4625970,568177,631,631,2026-01-04,Cole Palmer,GB1,0,0,0,0,90
4625970_487465,4625970,487465,631,631,2026-01-04,Pedro Neto,GB1,0,0,0,0,90
4625970_486049,4625970,486049,281,281,2026-01-04,Jérémy Doku,GB1,0,0,0,0,20
4625969_344069,4625969,344069,399,399,2026-01-04,Anton Stach,GB1,0,0,0,0,90
4625967_937941,4625967,937941,29,29,2026-01-04,Thierno Barry,GB1,0,0,1,0,90
4625968_900195,4625968,900195,931,660,2026-01-04,Kevin,GB1,0,0,0,1,16
4625967_404842,4625967,404842,29,29,2026-01-04,Vitaliy Mykolenko,GB1,0,0,0,0,90
4620879_618341,4620879,618341,398,398,2026-01-04,Mario Gila,IT1,0,0,0,0,90
4620879_610442,4620879,610442,6195,6195,2026-01-04,Rasmus Højlund,IT1,0,0,0,0,86
4620879_469822,4620879,469822,6195,6195,2026-01-04,David Neres,IT1,0,0,0,0,70
4620879_465830,4620879,465830,398,398,2026-01-04,Mattéo Guendouzi,IT1,0,0,0,0,90
4620879_386446,4620879,386446,6195,6195,2026-01-04,Alessandro Buongiorno,IT1,0,0,0,0,11
4620879_315969,4620879,315969,6195,6195,2026-01-04,Scott McTominay,IT1,0,0,0,0,90
4620877_930781,4620877,930781,46,46,2026-01-04,Pio Esposito,IT1,0,0,0,0,14
4620877_849520,4620877,849520,1025,1025,2026-01-04,Santiago Castro,IT1,0,0,1,0,90
4620877_672381,4620877,672381,1025,244,2026-01-04,Jonathan Rowe,IT1,1,0,0,0,90
4620877_668207,4620877,668207,46,46,2026-01-04,Petar Sučić,IT1,0,0,0,0,22
4620877_441986,4620877,441986,46,46,2026-01-04,Yann Bisseck,IT1,0,0,0,0,90
4620877_406625,4620877,406625,46,46,2026-01-04,Lautaro Martínez,IT1,0,0,1,1,76
4620877_318528,4620877,318528,46,46,2026-01-04,Marcus Thuram,IT1,0,0,1,0,83
4620877_315853,4620877,315853,46,46,2026-01-04,Alessandro Bastoni,IT1,1,0,0,0,76
4620877_255942,4620877,255942,46,46,2026-01-04,Nicolò Barella,IT1,1,0,0,0,68
4620877_198116,4620877,198116,46,46,2026-01-04,Federico Dimarco,IT1,0,0,0,1,90
4625971_398065,4625971,398065,762,762,2026-01-04,Harvey Barnes,GB1,0,0,0,0,27
4625967_340918,4625967,340918,1148,1148,2026-01-04,Caoimhín Kelleher,GB1,0,0,0,0,90
4625967_469050,4625967,469050,1148,1148,2026-01-04,Nathan Collins,GB1,0,0,1,1,90
4625968_730861,4625968,730861,31,31,2026-01-04,Milos Kerkez,GB1,0,0,0,0,90
4625967_473050,4625967,473050,1148,1148,2026-01-04,Kevin Schade,GB1,0,0,0,1,64
4625968_624258,4625968,624258,31,31,2026-01-04,Conor Bradley,GB1,0,0,0,1,90
4625968_598577,4625968,598577,31,31,2026-01-04,Florian Wirtz,GB1,0,0,1,0,76
4625968_534033,4625968,534033,31,31,2026-01-04,Alexis Mac Allister,GB1,0,0,0,0,90
4625968_484547,4625968,484547,31,31,2026-01-04,Jeremie Frimpong,GB1,0,0,0,0,14
4625968_478573,4625968,478573,31,31,2026-01-04,Ryan Gravenberch,GB1,0,0,0,0,90
4625968_451276,4625968,451276,31,31,2026-01-04,Dominik Szoboszlai,GB1,0,0,0,0,90
4625968_434675,4625968,434675,31,31,2026-01-04,Cody Gakpo,GB1,1,0,1,0,90
4625968_433188,4625968,433188,31,31,2026-01-04,Curtis Jones,GB1,0,0,0,0,85
4625968_357119,4625968,357119,31,31,2026-01-04,Ibrahima Konaté,GB1,0,0,0,0,90
4625968_333014,4625968,333014,931,931,2026-01-04,Sander Berge,GB1,0,0,0,0,16
4625968_279455,4625968,279455,931,931,2026-01-04,Harry Wilson,GB1,1,0,1,0,85
4625967_823486,4625967,823486,1148,1148,2026-01-04,Michael Kayode,GB1,1,0,0,0,90
4625967_739443,4625967,739443,1148,1148,2026-01-04,Igor Thiago,GB1,0,0,3,0,90
4625967_717411,4625967,717411,1148,1148,2026-01-04,Yegor Yarmolyuk,GB1,1,0,0,0,90
4625967_644401,4625967,644401,1148,1148,2026-01-04,Keane Lewis-Potter,GB1,0,0,0,0,26
4625967_540941,4625967,540941,1148,1148,2026-01-04,Mikkel Damsgaard,GB1,0,0,0,0,90
4625967_505219,4625967,505219,29,29,2026-01-04,James Garner,GB1,0,0,0,0,90
4625971_397033,4625971,397033,762,762,2026-01-04,Sandro Tonali,GB1,0,0,0,0,63
4635151_670681,4635151,670681,583,583,2026-01-04,João Neves,FR1,0,0,0,0,90
4625971_420002,4625971,420002,873,873,2026-01-04,Jean-Philippe Mateta,GB1,0,0,0,0,87
4645853_735568,4645853,735568,150,150,2026-01-04,Natan,ES1,0,0,0,0,90
4645853_602105,4645853,602105,150,150,2026-01-04,Antony,ES1,0,0,0,0,88
4645853_581678,4645853,581678,418,418,2026-01-04,Jude Bellingham,ES1,0,0,0,0,90
4645853_413112,4645853,413112,418,418,2026-01-04,Aurélien Tchouaméni,ES1,0,0,0,0,81
4645853_412363,4645853,412363,418,418,2026-01-04,Rodrygo,ES1,0,0,0,2,77
4645853_371998,4645853,371998,418,418,2026-01-04,Vinicius Junior,ES1,1,0,0,0,77
4645853_369081,4645853,369081,418,418,2026-01-04,Federico Valverde,ES1,0,0,0,2,90
4645853_1057316,4645853,1057316,418,418,2026-01-04,Franco Mastantuono,ES1,0,0,0,0,13
4645851_844637,4645851,844637,13,13,2026-01-04,Marc Pubill,ES1,0,0,0,0,90
4645851_775605,4645851,775605,13,13,2026-01-04,Pablo Barrios,ES1,0,0,0,0,45
4645851_742201,4645851,742201,13,13,2026-01-04,Giuliano Simeone,ES1,0,0,0,1,90
4645851_616631,4645851,616631,13,13,2026-01-04,Matteo Ruggeri,ES1,1,0,0,0,45
4645851_576024,4645851,576024,13,13,2026-01-04,Julián Alvarez,ES1,0,0,0,0,60
4645851_548111,4645851,548111,13,13,2026-01-04,Álex Baena,ES1,0,0,0,0,60
4645851_488362,4645851,488362,13,148,2026-01-04,Conor Gallagher,ES1,0,0,0,0,45
4645851_404418,4645851,404418,13,13,2026-01-04,Dávid Hancko,ES1,0,0,0,0,90
4645851_351478,4645851,351478,681,681,2026-01-04,Mikel Oyarzabal,ES1,1,0,0,0,90
4645851_1018938,4645851,1018938,681,681,2026-01-04,Jon Martín,ES1,0,0,0,0,90
4645853_640428,4645853,640428,418,418,2026-01-04,Eduardo Camavinga,ES1,0,0,0,0,90
4645853_811778,4645853,811778,418,418,2026-01-04,Álvaro Carreras,ES1,0,0,0,0,90
4635158_532826,4635158,532826,244,244,2026-01-04,Mason Greenwood,FR1,0,0,0,0,73
4645853_861410,4645853,861410,418,418,2026-01-04,Arda Güler,ES1,0,0,0,1,13
4680837_973085,4680837,973085,3434,1237,2026-01-04,Carlos Baleba,AFCN,1,0,0,0,90
4680837_413039,4680837,413039,3434,985,2026-01-04,Bryan Mbeumo,AFCN,0,0,0,0,90
4680836_724520,4680836,724520,3575,150,2026-01-04,Abde Ezzalzouli,AFCN,0,0,0,0,90
4680836_702869,4680836,702869,3575,383,2026-01-04,Ismael Saibari,AFCN,1,0,0,0,77
4680836_654982,4680836,654982,3575,79,2026-01-04,Bilal El Khannouss,AFCN,0,0,0,0,90
4680836_398073,4680836,398073,3575,583,2026-01-04,Achraf Hakimi,AFCN,0,0,0,1,90
4680836_314678,4680836,314678,3575,418,2026-01-04,Brahim Díaz,AFCN,0,0,1,0,86
4648829_991268,4648829,991268,720,720,2026-01-04,Samu Aghehowa,PO1,0,0,1,0,90
4625971_434224,4625971,434224,873,873,2026-01-04,Maxence Lacroix,GB1,0,0,0,0,90
4648829_756990,4648829,756990,720,720,2026-01-04,Alan Varela,PO1,1,0,0,0,29
4648829_699704,4648829,699704,720,720,2026-01-04,Gabri Veiga,PO1,0,0,0,0,61
4648829_425918,4648829,425918,720,11,2026-01-04,Jakub Kiwior,PO1,0,0,0,0,90
4648829_357153,4648829,357153,720,720,2026-01-04,Diogo Costa,PO1,0,0,0,0,90
4648829_1004725,4648829,1004725,720,720,2026-01-04,William Gomes,PO1,0,0,0,0,61
4648827_982575,4648827,982575,3329,3329,2026-01-04,Gustavo Sá,PO1,0,0,0,0,90
4645855_1005575,4645855,1005575,12321,12321,2026-01-04,Vitor Reis,ES1,0,0,0,1,90
4645853_935230,4645853,935230,418,418,2026-01-04,Gonzalo García,ES1,0,0,3,0,88
4635158_653610,4635158,653610,244,244,2026-01-04,Igor Paixão,FR1,0,0,0,0,32
4648829_926993,4648829,926993,720,720,2026-01-04,Victor Froholdt,PO1,0,0,0,0,90
4635158_418659,4635158,418659,244,244,2026-01-04,Amine Gouiri,FR1,0,0,0,0,17
4625972_557459,4625972,557459,148,148,2026-01-04,Micky van de Ven,GB1,0,0,0,1,90
4625972_543499,4625972,543499,148,148,2026-01-04,Mohammed Kudus,GB1,0,0,0,0,19
4625972_483348,4625972,483348,148,148,2026-01-04,Djed Spence,GB1,0,0,0,0,2
4625972_473169,4625972,473169,289,289,2026-01-04,Brian Brobbey,GB1,0,0,1,0,90
4625972_378710,4625972,378710,148,148,2026-01-04,Richarlison,GB1,0,0,0,0,90
4625972_355915,4625972,355915,148,148,2026-01-04,Cristian Romero,GB1,0,0,0,0,90
4625971_922769,4625971,922769,762,762,2026-01-04,Lewis Miley,GB1,0,0,0,1,90
4625971_744149,4625971,744149,873,873,2026-01-04,Adam Wharton,GB1,0,0,0,0,87
4625971_730893,4625971,730893,873,873,2026-01-04,Tyrick Mitchell,GB1,1,0,0,0,90
4625971_670858,4625971,670858,762,762,2026-01-04,Lewis Hall,GB1,0,0,0,0,63
4625971_568157,4625971,568157,873,1050,2026-01-04,Yéremy Pino,GB1,0,0,0,0,87
4625971_521964,4625971,521964,762,762,2026-01-04,Malick Thiaw,GB1,0,0,1,0,90
4625971_520624,4625971,520624,762,762,2026-01-04,Bruno Guimarães,GB1,0,0,1,0,90
4625971_503981,4625971,503981,762,762,2026-01-04,Tino Livramento,GB1,0,0,0,0,27
4625971_503733,4625971,503733,762,762,2026-01-04,Anthony Gordon,GB1,1,0,0,0,63
4625971_470607,4625971,470607,873,148,2026-01-04,Brennan Johnson,GB1,1,0,0,0,72
4625971_455661,4625971,455661,762,762,2026-01-04,Nick Woltemade,GB1,0,0,0,0,12
4635158_1241207,4635158,1241207,995,995,2026-01-04,Tylel Tati,FR1,0,0,0,0,90
4625972_553875,4625972,553875,148,148,2026-01-04,Pedro Porro,GB1,0,0,0,0,90
4625971_503749,4625971,503749,762,762,2026-01-04,Jacob Ramsey,GB1,0,0,0,0,27
4625972_633992,4625972,633992,289,289,2026-01-04,Enzo Le Fée,GB1,1,0,0,1,90
4635151_550550,4635151,550550,583,583,2026-01-04,Gonçalo Ramos,FR1,0,0,0,0,20
4635151_914562,4635151,914562,583,583,2026-01-04,Désiré Doué,FR1,0,0,1,0,70
4625972_646991,4625972,646991,289,289,2026-01-04,Robin Roefs,GB1,0,0,0,0,90
4635151_903693,4635151,903693,583,583,2026-01-04,Senny Mayulu,FR1,0,0,0,0,83
4635151_708265,4635151,708265,583,583,2026-01-04,Bradley Barcola,FR1,0,0,0,0,20
4635151_661171,4635151,661171,583,583,2026-01-04,Willian Pacho,FR1,0,0,0,0,90
4635151_659089,4635151,659089,583,583,2026-01-04,Ilya Zabarnyi,FR1,1,0,0,0,70
4635151_616341,4635151,616341,583,583,2026-01-04,Nuno Mendes,FR1,0,0,0,0,80
4635151_810092,4635151,810092,583,583,2026-01-04,Warren Zaïre-Emery,FR1,0,0,0,1,90
4635151_487469,4635151,487469,583,583,2026-01-04,Vitinha,FR1,0,0,0,0,90
4625972_922693,4625972,922693,148,148,2026-01-04,Archie Gray,GB1,0,0,0,0,72
4635151_350219,4635151,350219,583,583,2026-01-04,Fabián Ruiz,FR1,0,0,0,1,90
4635151_288230,4635151,288230,583,583,2026-01-04,Ousmane Dembélé,FR1,0,0,1,0,70
4635151_181767,4635151,181767,583,583,2026-01-04,Marquinhos,FR1,0,0,0,0,20
4625972_866246,4625972,866246,148,148,2026-01-04,Lucas Bergvall,GB1,0,0,0,0,18
4625972_947411,4625972,947411,289,289,2026-01-04,Chris Rigg,GB1,0,0,0,0,8
4635151_463600,4635151,463600,583,583,2026-01-04,Lucas Chevalier,FR1,0,0,0,0,90
4625965_325443,4625965,325443,11,11,2026-01-03,Viktor Gyökeres,GB1,0,0,0,0,66
4625965_316264,4625965,316264,11,11,2026-01-03,Martin Ødegaard,GB1,0,0,0,1,80
4625965_262749,4625965,262749,11,11,2026-01-03,David Raya,GB1,0,0,0,0,90
4625964_741238,4625964,741238,703,703,2026-01-03,Omari Hutchinson,GB1,0,0,0,0,90
4625964_585959,4625964,585959,703,24,2026-01-03,Arnaud Kalimuendo,GB1,0,0,0,0,6
4625964_567576,4625964,567576,703,703,2026-01-03,Elliot Anderson,GB1,0,0,0,0,90
4625964_503680,4625964,503680,703,703,2026-01-03,Neco Williams,GB1,0,0,0,0,90
4625964_540664,4625964,540664,703,667,2026-01-03,Dilane Bakwa,GB1,1,0,0,1,69
4625964_503743,4625964,503743,405,405,2026-01-03,Morgan Rogers,GB1,0,0,0,1,90
4625964_485585,4625964,485585,405,405,2026-01-03,Ian Maatsen,GB1,0,0,0,0,69
4625964_432164,4625964,432164,703,703,2026-01-03,Igor Jesus,GB1,0,0,0,0,84
4625964_429014,4625964,429014,703,703,2026-01-03,Morgan Gibbs-White,GB1,0,0,1,0,90
4625965_338424,4625965,338424,11,11,2026-01-03,Mikel Merino,GB1,0,0,0,0,10
4625964_413507,4625964,413507,703,703,2026-01-03,Nikola Milenković,GB1,0,0,0,0,90
4625965_330659,4625965,330659,989,989,2026-01-03,Justin Kluivert,GB1,0,0,0,0,74
4625965_469781,4625965,469781,989,989,2026-01-03,Marcos Senesi,GB1,0,0,0,0,90
4625965_357662,4625965,357662,11,11,2026-01-03,Declan Rice,GB1,0,0,2,0,90
4625965_399434,4625965,399434,989,989,2026-01-03,Marcus Tavernier,GB1,0,0,0,0,90
4625965_420243,4625965,420243,11,11,2026-01-03,Jurriën Timber,GB1,0,0,0,0,90
4625965_423440,4625965,423440,11,11,2026-01-03,Martín Zubimendi,GB1,1,0,0,0,90
4625965_433177,4625965,433177,11,11,2026-01-03,Bukayo Saka,GB1,0,0,0,1,23
4625965_435338,4625965,435338,11,11,2026-01-03,Gabriel,GB1,0,0,1,0,90
4625965_465555,4625965,465555,989,989,2026-01-03,Djordje Petrovic,GB1,0,0,0,0,90
4625965_495666,4625965,495666,11,11,2026-01-03,William Saliba,GB1,0,0,0,0,90
4625965_503987,4625965,503987,11,11,2026-01-03,Noni Madueke,GB1,0,0,0,0,67
4625965_583255,4625965,583255,989,281,2026-01-03,Antoine Semenyo,GB1,1,0,0,0,90
4625965_654539,4625965,654539,989,989,2026-01-03,Adrien Truffert,GB1,0,0,0,0,90
4625965_655488,4625965,655488,11,11,2026-01-03,Gabriel Martinelli,GB1,0,0,0,0,67
4625965_659813,4625965,659813,11,11,2026-01-03,Piero Hincapié,GB1,0,0,0,0,90
4625964_394327,4625964,394327,405,405,2026-01-03,Boubacar Kamara,GB1,0,0,0,0,90
4625964_413403,4625964,413403,405,405,2026-01-03,Ezri Konsa,GB1,0,0,0,0,90
4620874_1190411,4620874,1190411,1047,1047,2026-01-03,Jesús Rodríguez,IT1,1,0,0,0,79
4625964_326029,4625964,326029,405,12,2026-01-03,Donyell Malen,GB1,0,0,0,0,7
4625964_324358,4625964,324358,405,405,2026-01-03,Ollie Watkins,GB1,0,0,1,0,83
4625965_855256,4625965,855256,989,989,2026-01-03,Alex Scott,GB1,0,0,0,0,74
4620872_315867,4620872,315867,800,800,2026-01-03,Gianluca Scamacca,IT1,0,0,0,0,72
4620872_338670,4620872,338670,12,12,2026-01-03,Mile Svilar,IT1,0,0,0,0,90
4620872_434433,4620872,434433,800,1005,2026-01-03,Nikola Krstović,IT1,0,0,0,0,18
4620872_435772,4620872,435772,800,800,2026-01-03,Charles De Ketelaere,IT1,0,0,0,0,90
4620872_459763,4620872,459763,800,800,2026-01-03,Marco Carnesecchi,IT1,0,0,0,0,90
4620872_571604,4620872,571604,800,800,2026-01-03,Giorgio Scalvini,IT1,0,0,1,0,59
4620872_607854,4620872,607854,800,800,2026-01-03,Éderson,IT1,0,0,0,0,72
4620872_624690,4620872,624690,12,12,2026-01-03,Manu Koné,IT1,0,0,0,0,83
4620872_668951,4620872,668951,12,12,2026-01-03,Matías Soulé,IT1,0,0,0,0,66
4620872_813137,4620872,813137,12,12,2026-01-03,Niccolò Pisilli,IT1,0,0,0,0,7
4620872_964580,4620872,964580,12,12,2026-01-03,Wesley,IT1,0,0,0,0,45
4620874_523318,4620874,523318,1047,1047,2026-01-03,Anastasios Douvikas,IT1,0,0,0,0,90
4620874_668547,4620874,668547,1047,1047,2026-01-03,Máximo Perrone,IT1,0,0,0,0,90
4620874_948278,4620874,948278,1047,1047,2026-01-03,Jacobo Ramón,IT1,0,0,0,0,90
4620874_948294,4620874,948294,1047,1047,2026-01-03,Nico Paz,IT1,0,0,0,0,21
4620878_265088,4620878,265088,506,506,2026-01-03,Manuel Locatelli,IT1,0,0,0,0,77
4620878_332697,4620878,332697,506,506,2026-01-03,Weston McKennie,IT1,0,0,1,0,83
4620872_1077175,4620872,1077175,800,800,2026-01-03,Honest Ahanor,IT1,0,0,0,0,64
4620878_463618,4620878,463618,506,506,2026-01-03,Khéphren Thuram,IT1,0,0,0,0,69
4620878_487474,4620878,487474,506,506,2026-01-03,Francisco Conceição,IT1,0,0,0,0,45
4620878_516716,4620878,516716,506,506,2026-01-03,Bremer,IT1,0,0,0,0,90
4620878_533738,4620878,533738,506,506,2026-01-03,Jonathan David,IT1,0,0,0,0,90
4620878_585949,4620878,585949,506,506,2026-01-03,Pierre Kalulu,IT1,0,0,0,0,90
4620878_845654,4620878,845654,506,506,2026-01-03,Kenan Yıldız,IT1,0,0,0,1,90
4620880_679423,4620880,679423,6574,6574,2026-01-03,Tarik Muharemović,IT1,0,0,0,0,90
4620880_921655,4620880,921655,6574,6574,2026-01-03,Ismaël Koné,IT1,0,0,0,0,31
4625964_1005649,4625964,1005649,703,703,2026-01-03,Murillo,GB1,0,0,0,0,90
4625964_249565,4625964,249565,405,405,2026-01-03,Youri Tielemans,GB1,0,0,0,1,90
4625965_711337,4625965,711337,989,989,2026-01-03,Evanilson,GB1,0,0,1,0,74
4620878_368887,4620878,368887,506,506,2026-01-03,Loïs Openda,IT1,0,0,0,0,13
4625965_955357,4625965,955357,989,989,2026-01-03,Junior Kroupi,GB1,1,0,1,0,16
4645852_258923,4645852,258923,131,131,2026-01-03,Marcus Rashford,ES1,0,0,0,0,45
4645852_326330,4645852,326330,131,131,2026-01-03,Frenkie de Jong,ES1,0,0,0,0,90
4645852_398184,4645852,398184,131,131,2026-01-03,Ferran Torres,ES1,0,0,0,0,64
4645852_411295,4645852,411295,131,131,2026-01-03,Raphinha,ES1,0,0,0,0,64
4645852_411975,4645852,411975,131,131,2026-01-03,Jules Koundé,ES1,0,0,0,0,90
4645852_466794,4645852,466794,131,131,2026-01-03,Eric García,ES1,0,0,0,0,90
4645852_561613,4645852,561613,131,131,2026-01-03,Joan García,ES1,0,0,0,0,90
4645852_636688,4645852,636688,131,131,2026-01-03,Alejandro Balde,ES1,0,0,0,0,90
4645852_636703,4645852,636703,131,131,2026-01-03,Fermín López,ES1,0,0,0,2,45
4645852_683840,4645852,683840,131,131,2026-01-03,Pedri,ES1,0,0,0,0,26
4645852_705395,4645852,705395,131,131,2026-01-03,Gerard Martín,ES1,0,0,0,0,64
4645852_709372,4645852,709372,714,714,2026-01-03,Carlos Romero,ES1,0,0,0,0,90
4645852_937958,4645852,937958,131,131,2026-01-03,Lamine Yamal,ES1,0,0,0,0,90
4645852_962110,4645852,962110,131,131,2026-01-03,Pau Cubarsí,ES1,0,0,0,0,90
4645858_834764,4645858,834764,1049,1049,2026-01-03,Javi Guerra,ES1,0,0,0,0,66
4645859_729814,4645859,729814,1050,1050,2026-01-03,Georges Mikautadze,ES1,0,0,1,1,76
4645859_733576,4645859,733576,1050,1050,2026-01-03,Alberto Moleiro,ES1,0,0,1,0,90
4648830_324503,4648830,324503,294,294,2026-01-03,Vangelis Pavlidis,PO1,0,0,3,0,87
4648830_537844,4648830,537844,294,294,2026-01-03,Anatoliy Trubin,PO1,0,0,0,0,90
4648830_623325,4648830,623325,294,660,2026-01-03,Georgiy Sudakov,PO1,0,0,0,0,77
4648830_735573,4648830,735573,294,294,2026-01-03,Richard Ríos,PO1,0,0,0,0,90
4648834_606752,4648834,606752,1075,1075,2026-01-03,Rodrigo Zalazar,PO1,0,0,1,0,45
4680834_1111589,4680834,1111589,3499,379,2026-01-03,El Hadji Malick Diouf,AFCN,0,0,0,0,37
4680834_1185888,4680834,1185888,3499,583,2026-01-03,Ibrahim Mbaye,AFCN,0,0,1,0,16
4680834_410225,4680834,410225,3499,873,2026-01-03,Ismaïla Sarr,AFCN,0,0,0,0,74
4680834_485963,4680834,485963,3499,1050,2026-01-03,Pape Gueye,AFCN,0,0,2,0,87
4680834_776890,4680834,776890,3499,27,2026-01-03,Nicolas Jackson,AFCN,1,0,0,1,53
4680834_876631,4680834,876631,3499,289,2026-01-03,Habib Diarra,AFCN,0,0,0,0,73
4680834_918969,4680834,918969,3499,162,2026-01-03,Lamine Camara,AFCN,0,0,0,0,17
4625966_1060087,4625966,1060087,1237,1237,2026-01-03,Charalampos Kostoulas,GB1,0,0,0,1,71
4645852_293385,4645852,293385,131,131,2026-01-03,Dani Olmo,ES1,0,0,1,0,26
4648830_504087,4648830,504087,294,294,2026-01-03,Tomás Araújo,PO1,0,0,0,0,90
4645850_938729,4645850,938729,621,621,2026-01-03,Mikel Jauregizar,ES1,0,0,0,0,90
4635150_1064871,4635150,1064871,667,667,2026-01-03,Joaquín Panichelli,FR1,0,0,1,0,90
4625966_369316,4625966,369316,1237,1237,2026-01-03,Ferdi Kadıoğlu,GB1,0,0,0,0,90
4625966_538977,4625966,538977,1237,1237,2026-01-03,Georginio Rutter,GB1,0,0,1,0,71
4625966_565093,4625966,565093,1237,1237,2026-01-03,Bart Verbruggen,GB1,0,0,0,0,90
4625966_576314,4625966,576314,1237,1237,2026-01-03,Jan Paul van Hecke,GB1,0,0,0,0,90
4625966_667287,4625966,667287,1237,1237,2026-01-03,Yasin Ayari,GB1,0,0,1,0,90
4625966_700106,4625966,700106,1237,23826,2026-01-03,Brajan Gruda,GB1,0,0,0,0,87
4625966_996897,4625966,996897,1237,1237,2026-01-03,Diego Gómez,GB1,0,0,0,0,80
4625973_314875,4625973,314875,379,379,2026-01-03,Jarrod Bowen,GB1,0,0,0,0,90
4625973_429983,4625973,429983,543,543,2026-01-03,Jørgen Strand Larsen,GB1,0,0,0,0,29
4625973_474701,4625973,474701,379,379,2026-01-03,Crysencio Summerville,GB1,0,0,0,0,90
4625973_735570,4625973,735570,543,543,2026-01-03,João Gomes,GB1,0,0,0,0,45
4625973_800176,4625973,800176,543,543,2026-01-03,André,GB1,0,0,0,0,45
4645850_935231,4645850,935231,331,331,2026-01-03,Víctor Muñoz,ES1,0,0,0,0,90
4625973_880245,4625973,880245,379,379,2026-01-03,Mateus Fernandes,GB1,0,0,0,0,90
4635150_655006,4635150,655006,667,667,2026-01-03,Diego Moreira,FR1,0,0,0,0,90
4635150_660867,4635150,660867,667,667,2026-01-03,Julio Enciso,FR1,0,0,0,0,80
4635150_834397,4635150,834397,667,667,2026-01-03,Mike Penders,FR1,0,0,0,0,90
4635150_849410,4635150,849410,667,667,2026-01-03,Valentín Barco,FR1,0,0,0,0,90
4635152_503770,4635152,503770,162,162,2026-01-03,Folarin Balogun,FR1,1,0,0,1,90
4635152_618494,4635152,618494,1041,1041,2026-01-03,Tyler Morton,FR1,0,0,0,0,90
4635152_745200,4635152,745200,162,162,2026-01-03,Maghnes Akliouche,FR1,0,0,0,0,90
4635153_1004301,4635153,1004301,273,273,2026-01-03,Jérémy Jacquet,FR1,1,0,0,0,90
4635153_1097139,4635153,1097139,1082,1082,2026-01-03,Ayyoub Bouaddi,FR1,0,0,0,0,20
4635153_461607,4635153,461607,273,273,2026-01-03,Estéban Lepaul,FR1,0,0,0,0,28
4635153_548254,4635153,548254,1082,1082,2026-01-03,Nathan Ngoy,FR1,0,0,0,0,90
4635153_652275,4635153,652275,1082,1082,2026-01-03,Hákon Arnar Haraldsson,FR1,0,0,0,0,84
4635153_724129,4635153,724129,1082,1082,2026-01-03,Matias Fernandez-Pardo,FR1,0,0,0,0,70
4645850_571020,4645850,571020,621,621,2026-01-03,Oihan Sancet,ES1,0,0,0,0,60
4645850_709187,4645850,709187,621,621,2026-01-03,Nico Williams,ES1,0,0,0,0,90
4620873_895937,4620873,895937,1390,1390,2026-01-02,Marco Palestra,IT1,1,0,0,0,90
4635157_597659,4635157,597659,415,415,2026-01-02,Charlie Cresswell,FR1,1,0,0,0,90
4620873_315779,4620873,315779,5,5,2026-01-02,Christian Pulisic,IT1,0,0,0,0,11
4620873_569598,4620873,569598,5,5,2026-01-02,Youssouf Fofana,IT1,0,0,0,0,69
4620873_357164,4620873,357164,5,5,2026-01-02,Rafael Leão,IT1,0,0,1,0,69
4635157_743515,4635157,743515,826,826,2026-01-02,Robin Risser,FR1,1,0,0,0,90
4635157_655217,4635157,655217,826,826,2026-01-02,Samson Baidoo,FR1,0,0,0,0,90
4648828_424784,4648828,424784,336,336,2026-01-02,Luis Suárez,PO1,1,0,1,0,90
4648828_412669,4648828,412669,336,336,2026-01-02,Francisco Trincão,PO1,0,0,0,0,90
4648828_549006,4648828,549006,336,336,2026-01-02,Gonçalo Inácio,PO1,0,0,0,0,79
4648828_572675,4648828,572675,336,336,2026-01-02,Maxi Araújo,PO1,1,0,0,0,90
4648828_830365,4648828,830365,336,6195,2026-01-02,Alisson Santos,PO1,0,0,0,0,12
4648828_461496,4648828,461496,336,336,2026-01-02,Morten Hjulmand,PO1,1,0,0,0,90
4625958_420002,4625958,420002,873,873,2026-01-01,Jean-Philippe Mateta,GB1,0,0,1,0,90
4625958_258919,4625958,258919,873,873,2026-01-01,Dean Henderson,GB1,0,0,0,0,90
4625958_279455,4625958,279455,931,931,2026-01-01,Harry Wilson,GB1,0,0,0,0,85
4625958_333014,4625958,333014,931,931,2026-01-01,Sander Berge,GB1,0,0,0,0,67
4625958_392757,4625958,392757,873,281,2026-01-01,Marc Guéhi,GB1,0,0,0,0,90
4625958_568157,4625958,568157,873,1050,2026-01-01,Yéremy Pino,GB1,0,0,0,0,82
4625958_434224,4625958,434224,873,873,2026-01-01,Maxence Lacroix,GB1,0,0,0,0,90
4625955_922693,4625955,922693,148,148,2026-01-01,Archie Gray,GB1,0,0,0,0,90
4625958_730893,4625958,730893,873,873,2026-01-01,Tyrick Mitchell,GB1,0,0,0,0,90
4625958_744149,4625958,744149,873,873,2026-01-01,Adam Wharton,GB1,0,0,0,0,90
4625958_900195,4625958,900195,931,660,2026-01-01,Kevin,GB1,0,0,0,0,85
4625959_1108466,4625959,1108466,31,31,2026-01-01,Rio Ngumoha,GB1,0,0,0,0,6
4625958_1006411,4625958,1006411,873,873,2026-01-01,Jaydee Canvot,GB1,0,0,0,0,34
4625955_717411,4625955,717411,1148,1148,2026-01-01,Yegor Yarmolyuk,GB1,0,0,0,0,80
4625955_823486,4625955,823486,1148,1148,2026-01-01,Michael Kayode,GB1,0,0,0,0,90
4625955_739443,4625955,739443,1148,1148,2026-01-01,Igor Thiago,GB1,0,0,0,0,90
4625955_644401,4625955,644401,1148,1148,2026-01-01,Keane Lewis-Potter,GB1,0,0,0,0,90
4625955_557459,4625955,557459,148,148,2026-01-01,Micky van de Ven,GB1,0,0,0,0,90
4625955_553875,4625955,553875,148,148,2026-01-01,Pedro Porro,GB1,0,0,0,0,90
4625955_543499,4625955,543499,148,148,2026-01-01,Mohammed Kudus,GB1,0,0,0,0,90
4625955_483348,4625955,483348,148,148,2026-01-01,Djed Spence,GB1,0,0,0,0,90
4625955_473050,4625955,473050,1148,1148,2026-01-01,Kevin Schade,GB1,0,0,0,0,80
4625955_469050,4625955,469050,1148,1148,2026-01-01,Nathan Collins,GB1,0,0,0,0,90
4625955_378710,4625955,378710,148,148,2026-01-01,Richarlison,GB1,0,0,0,0,90
4625955_355915,4625955,355915,148,148,2026-01-01,Cristian Romero,GB1,0,0,0,0,90
4625955_340918,4625955,340918,1148,1148,2026-01-01,Caoimhín Kelleher,GB1,0,0,0,0,90
4625959_346890,4625959,346890,399,399,2026-01-01,Noah Okafor,GB1,0,0,0,0,20
4625959_344069,4625959,344069,399,399,2026-01-01,Anton Stach,GB1,0,0,0,0,90
4625959_598577,4625959,598577,31,31,2026-01-01,Florian Wirtz,GB1,0,0,0,0,66
4625959_357119,4625959,357119,31,31,2026-01-01,Ibrahima Konaté,GB1,0,0,0,0,90
4625962_357565,4625962,357565,281,281,2026-01-01,Rodri,GB1,0,0,0,0,45
4625962_743591,4625962,743591,281,281,2026-01-01,Savinho,GB1,0,0,0,0,51
4625962_743413,4625962,743413,281,281,2026-01-01,Nico O'Reilly,GB1,0,0,0,0,57
4625962_646991,4625962,646991,289,289,2026-01-01,Robin Roefs,GB1,0,0,0,0,90
4625962_633992,4625962,633992,289,289,2026-01-01,Enzo Le Fée,GB1,0,0,0,0,90
4625962_607223,4625962,607223,281,281,2026-01-01,Rayan Cherki,GB1,0,0,0,0,90
4625962_601883,4625962,601883,281,281,2026-01-01,Matheus Nunes,GB1,0,0,0,0,90
4625962_486049,4625962,486049,281,281,2026-01-01,Jérémy Doku,GB1,0,0,0,0,39
4625962_475959,4625962,475959,281,281,2026-01-01,Josko Gvardiol,GB1,0,0,0,0,33
4625962_473169,4625962,473169,289,289,2026-01-01,Brian Brobbey,GB1,0,0,0,0,58
4625962_466805,4625962,466805,281,281,2026-01-01,Nico González,GB1,0,0,0,0,45
4625962_460939,4625962,460939,281,281,2026-01-01,Tijjani Reijnders,GB1,0,0,0,0,5
4625962_406635,4625962,406635,281,281,2026-01-01,Phil Foden,GB1,0,0,0,0,90
4625962_418560,4625962,418560,281,281,2026-01-01,Erling Haaland,GB1,0,0,0,0,90
4625962_315858,4625962,315858,281,281,2026-01-01,Gianluigi Donnarumma,GB1,0,0,0,0,90
4625959_534033,4625959,534033,31,31,2026-01-01,Alexis Mac Allister,GB1,0,0,0,0,24
4625959_433188,4625959,433188,31,31,2026-01-01,Curtis Jones,GB1,0,0,0,0,66
4625959_434675,4625959,434675,31,31,2026-01-01,Cody Gakpo,GB1,0,0,0,0,24
4625959_451276,4625959,451276,31,31,2026-01-01,Dominik Szoboszlai,GB1,0,0,0,0,90
4625959_484547,4625959,484547,31,31,2026-01-01,Jeremie Frimpong,GB1,0,0,0,0,84
4625959_478573,4625959,478573,31,31,2026-01-01,Ryan Gravenberch,GB1,0,0,0,0,90
4625959_392771,4625959,392771,399,399,2026-01-01,Ethan Ampadu,GB1,1,0,0,0,90
4625959_624258,4625959,624258,31,31,2026-01-01,Conor Bradley,GB1,0,0,0,0,79
4625959_709726,4625959,709726,31,31,2026-01-01,Hugo Ekitiké,GB1,0,0,0,0,90
4625959_730861,4625959,730861,31,31,2026-01-01,Milos Kerkez,GB1,0,0,0,0,24
4625962_258004,4625962,258004,281,281,2026-01-01,Rúben Dias,GB1,0,0,0,0,90
4680816_413039,4680816,413039,3434,985,2025-12-31,Bryan Mbeumo,AFCN,0,0,0,0,45
4680815_1067904,4680815,1067904,3591,533,2025-12-31,Bazoumana Touré,AFCN,0,0,1,0,22
4680815_1390649,4680815,1390649,3591,23826,2025-12-31,Yan Diomande,AFCN,0,0,0,0,8
4680815_500689,4680815,500689,3591,873,2025-12-31,Evann Guessand,AFCN,0,0,1,0,22
4680815_536835,4680815,536835,3591,985,2025-12-31,Amad Diallo,AFCN,0,0,0,0,14
4680815_974982,4680815,974982,3591,336,2025-12-31,Ousmane Diomande,AFCN,0,0,0,0,90
4680816_973085,4680816,973085,3434,1237,2025-12-31,Carlos Baleba,AFCN,0,0,0,0,45
4680816_701979,4680816,701979,5129,336,2025-12-31,Geny Catamo,AFCN,0,0,1,0,60
4680827_578391,4680827,578391,3614,281,2025-12-31,Rayan Aït-Nouri,AFCN,0,0,0,0,45
4680828_564545,4680828,564545,5872,15,2025-12-31,Edmond Tapsoba,AFCN,0,0,0,0,90
4680828_823231,4680828,823231,5872,1148,2025-12-31,Dango Ouattara,AFCN,0,0,0,1,31
4625957_465555,4625957,465555,989,989,2025-12-30,Djordje Petrovic,GB1,0,0,0,0,90
4625956_520624,4625956,520624,762,762,2025-12-30,Bruno Guimarães,GB1,0,0,1,0,90
4625956_521964,4625956,521964,762,762,2025-12-30,Malick Thiaw,GB1,0,0,0,0,90
4625956_670858,4625956,670858,762,762,2025-12-30,Lewis Hall,GB1,0,0,0,0,90
4625956_842341,4625956,842341,1132,1132,2025-12-30,Maxime Estève,GB1,0,0,0,0,15
4625956_922769,4625956,922769,762,762,2025-12-30,Lewis Miley,GB1,0,0,0,0,90
4625957_1004708,4625957,1004708,631,631,2025-12-30,Josh Acheampong,GB1,0,0,0,0,45
4625957_1056993,4625957,1056993,631,631,2025-12-30,Estêvão,GB1,0,0,0,0,90
4625957_330659,4625957,330659,989,989,2025-12-30,Justin Kluivert,GB1,0,0,1,0,90
4625957_346314,4625957,346314,631,631,2025-12-30,Trevoh Chalobah,GB1,0,0,0,0,90
4625957_399434,4625957,399434,989,989,2025-12-30,Marcus Tavernier,GB1,1,0,0,0,90
4625957_472423,4625957,472423,631,631,2025-12-30,Reece James,GB1,0,0,0,0,45
4625957_469781,4625957,469781,989,989,2025-12-30,Marcos Senesi,GB1,0,0,0,0,90
4625956_503733,4625956,503733,762,762,2025-12-30,Anthony Gordon,GB1,0,0,0,0,80
4625957_475411,4625957,475411,631,631,2025-12-30,Wesley Fofana,GB1,0,0,0,0,90
4625957_487465,4625957,487465,631,631,2025-12-30,Pedro Neto,GB1,0,0,0,0,45
4625957_568177,4625957,568177,631,631,2025-12-30,Cole Palmer,GB1,0,0,1,0,63
4625957_670882,4625957,670882,631,631,2025-12-30,Jamie Gittens,GB1,0,0,0,0,1
4625957_583255,4625957,583255,989,281,2025-12-30,Antoine Semenyo,GB1,0,0,0,0,90
4625957_610849,4625957,610849,631,631,2025-12-30,Liam Delap,GB1,0,0,0,0,87
4625957_620322,4625957,620322,631,631,2025-12-30,Malo Gusto,GB1,0,0,0,0,90
4625957_648195,4625957,648195,631,631,2025-12-30,Enzo Fernández,GB1,0,0,1,0,90
4625957_654539,4625957,654539,989,989,2025-12-30,Adrien Truffert,GB1,0,0,0,0,90
4625956_503749,4625956,503749,762,762,2025-12-30,Jacob Ramsey,GB1,0,0,0,0,10
4625954_326029,4625954,326029,405,12,2025-12-30,Donyell Malen,GB1,0,0,0,0,29
4625956_455661,4625956,455661,762,762,2025-12-30,Nick Woltemade,GB1,0,0,0,0,10
4625954_423440,4625954,423440,11,11,2025-12-30,Martín Zubimendi,GB1,0,0,1,0,90
4625957_711337,4625957,711337,989,989,2025-12-30,Evanilson,GB1,0,0,0,0,82
4625954_249565,4625954,249565,405,405,2025-12-30,Youri Tielemans,GB1,0,0,0,0,82
4625954_262749,4625954,262749,11,11,2025-12-30,David Raya,GB1,0,0,0,0,90
4625954_316264,4625954,316264,11,11,2025-12-30,Martin Ødegaard,GB1,0,0,0,1,90
4625954_324358,4625954,324358,405,405,2025-12-30,Ollie Watkins,GB1,1,0,1,0,90
4625954_325443,4625954,325443,11,11,2025-12-30,Viktor Gyökeres,GB1,0,0,0,0,77
4625954_335721,4625954,335721,11,11,2025-12-30,Ben White,GB1,0,0,0,0,7
4625954_338424,4625954,338424,11,11,2025-12-30,Mikel Merino,GB1,1,0,0,0,73
4625954_413403,4625954,413403,405,405,2025-12-30,Ezri Konsa,GB1,0,0,0,0,90
4625954_420243,4625954,420243,11,11,2025-12-30,Jurriën Timber,GB1,0,0,0,1,83
4625954_433177,4625954,433177,11,11,2025-12-30,Bukayo Saka,GB1,0,0,0,0,83
4625956_398065,4625956,398065,762,762,2025-12-30,Harvey Barnes,GB1,0,0,0,0,72
4625954_435338,4625954,435338,11,11,2025-12-30,Gabriel,GB1,0,0,1,0,77
4625954_485706,4625954,485706,405,405,2025-12-30,Amadou Onana,GB1,0,0,0,0,45
4625954_495666,4625954,495666,11,11,2025-12-30,William Saliba,GB1,0,0,0,0,90
4625954_503743,4625954,503743,405,405,2025-12-30,Morgan Rogers,GB1,1,0,0,0,82
4625954_503987,4625954,503987,11,11,2025-12-30,Noni Madueke,GB1,0,0,0,0,7
4625954_659813,4625954,659813,11,11,2025-12-30,Piero Hincapié,GB1,0,0,0,0,90
4625954_890721,4625954,890721,11,11,2025-12-30,Myles Lewis-Skelly,GB1,0,0,0,0,13
4625956_333241,4625956,333241,762,762,2025-12-30,Joelinton,GB1,1,0,1,0,90
4625956_388165,4625956,388165,762,762,2025-12-30,Yoane Wissa,GB1,0,0,1,0,80
4625956_397033,4625956,397033,762,762,2025-12-30,Sandro Tonali,GB1,0,0,0,0,90
4625957_687626,4625957,687626,631,631,2025-12-30,Moisés Caicedo,GB1,1,0,0,0,90
4625957_626724,4625957,626724,631,631,2025-12-30,João Pedro,GB1,0,0,0,0,27
4625957_743600,4625957,743600,631,631,2025-12-30,Andrey Santos,GB1,0,0,0,0,3
4625963_880245,4625963,880245,379,379,2025-12-30,Mateus Fernandes,GB1,1,0,0,0,90
4625963_1060087,4625963,1060087,1237,1237,2025-12-30,Charalampos Kostoulas,GB1,1,0,0,0,7
4625963_369316,4625963,369316,1237,1237,2025-12-30,Ferdi Kadıoğlu,GB1,0,0,0,0,90
4625963_444523,4625963,444523,379,379,2025-12-30,Lucas Paquetá,GB1,0,0,1,1,83
4625963_474701,4625963,474701,379,379,2025-12-30,Crysencio Summerville,GB1,0,0,0,0,27
4625963_538977,4625963,538977,1237,1237,2025-12-30,Georginio Rutter,GB1,0,0,0,0,18
4625963_565093,4625963,565093,1237,1237,2025-12-30,Bart Verbruggen,GB1,0,0,0,0,90
4625963_576314,4625963,576314,1237,1237,2025-12-30,Jan Paul van Hecke,GB1,1,0,0,0,90
4625963_667287,4625963,667287,1237,1237,2025-12-30,Yasin Ayari,GB1,0,0,0,0,90
4625963_700106,4625963,700106,1237,23826,2025-12-30,Brajan Gruda,GB1,0,0,0,0,32
4625963_867688,4625963,867688,1237,1237,2025-12-30,Jack Hinshelwood,GB1,0,0,0,0,18
4625963_996897,4625963,996897,1237,1237,2025-12-30,Diego Gómez,GB1,0,0,0,0,72
4625961_937941,4625961,937941,29,29,2025-12-30,Thierno Barry,GB1,0,0,1,0,85
4680803_401923,4680803,401923,3444,141,2025-12-30,Victor Osimhen,AFCN,0,0,0,0,87
4680803_461883,4680803,461883,3444,931,2025-12-30,Calvin Bassey,AFCN,1,0,0,0,45
4680821_1111589,4680821,1111589,3499,379,2025-12-30,El Hadji Malick Diouf,AFCN,0,0,0,0,90
4680821_1185888,4680821,1185888,3499,583,2025-12-30,Ibrahim Mbaye,AFCN,0,0,0,1,45
4680821_568693,4680821,568693,3499,148,2025-12-30,Pape Matar Sarr,AFCN,0,0,0,0,81
4680821_623570,4680821,623570,3499,29,2025-12-30,Iliman Ndiaye,AFCN,0,0,0,0,45
4680821_876631,4680821,876631,3499,289,2025-12-30,Habib Diarra,AFCN,0,0,0,0,45
4680821_918969,4680821,918969,3499,162,2025-12-30,Lamine Camara,AFCN,1,0,0,0,45
4680822_727089,4680822,727089,3854,289,2025-12-30,Noah Sadiki,AFCN,0,0,0,0,16
4625957_811779,4625957,811779,631,631,2025-12-30,Alejandro Garnacho,GB1,0,0,0,1,45
4625963_1012534,4625963,1012534,1237,1237,2025-12-30,Yankuba Minteh,GB1,0,0,0,0,58
4625963_314875,4625963,314875,379,379,2025-12-30,Jarrod Bowen,GB1,1,0,1,0,90
4625961_741238,4625961,741238,703,703,2025-12-30,Omari Hutchinson,GB1,0,0,0,0,90
4625960_923831,4625960,923831,985,985,2025-12-30,Leny Yoro,GB1,0,0,0,0,15
4625957_855256,4625957,855256,989,989,2025-12-30,Alex Scott,GB1,0,0,0,0,90
4625960_1078163,4625960,1078163,985,985,2025-12-30,Ayden Heaven,GB1,0,0,0,0,75
4625960_357147,4625960,357147,985,985,2025-12-30,Diogo Dalot,GB1,0,0,0,0,90
4625960_429983,4625960,429983,543,543,2025-12-30,Jørgen Strand Larsen,GB1,1,0,0,0,25
4625960_476701,4625960,476701,985,985,2025-12-30,Manuel Ugarte,GB1,0,0,0,0,75
4625960_480762,4625960,480762,985,985,2025-12-30,Lisandro Martínez,GB1,0,0,0,0,90
4625960_503883,4625960,503883,985,1096,2025-12-30,Senne Lammens,GB1,0,0,0,0,90
4625961_567576,4625961,567576,703,703,2025-12-30,Elliot Anderson,GB1,0,0,0,0,90
4625960_627442,4625960,627442,985,985,2025-12-30,Benjamin Sesko,GB1,0,0,0,0,90
4625960_735570,4625960,735570,543,543,2025-12-30,João Gomes,GB1,0,0,0,0,90
4625960_517894,4625960,517894,985,985,2025-12-30,Matheus Cunha,GB1,0,0,0,0,90
4625960_926952,4625960,926952,985,985,2025-12-30,Patrick Dorgu,GB1,0,0,0,0,90
4625961_392768,4625961,392768,703,703,2025-12-30,Callum Hudson-Odoi,GB1,0,0,0,0,75
4625961_404842,4625961,404842,29,29,2025-12-30,Vitaliy Mykolenko,GB1,0,0,0,0,90
4625961_413507,4625961,413507,703,703,2025-12-30,Nikola Milenković,GB1,0,0,0,0,90
4625961_429014,4625961,429014,703,703,2025-12-30,Morgan Gibbs-White,GB1,0,0,0,0,90
4625961_432164,4625961,432164,703,703,2025-12-30,Igor Jesus,GB1,0,0,0,0,62
4625961_503680,4625961,503680,703,703,2025-12-30,Neco Williams,GB1,0,0,0,0,90
4625961_505219,4625961,505219,29,29,2025-12-30,James Garner,GB1,0,0,1,1,90
4625961_1005649,4625961,1005649,703,703,2025-12-30,Murillo,GB1,0,0,0,0,90
4625961_540664,4625961,540664,703,667,2025-12-30,Dilane Bakwa,GB1,0,0,0,0,15
4620869_813137,4620869,813137,12,12,2025-12-29,Niccolò Pisilli,IT1,0,0,0,0,16
4648775_357153,4648775,357153,720,720,2025-12-29,Diogo Costa,PO1,0,0,0,0,45
4648775_1004725,4648775,1004725,720,720,2025-12-29,William Gomes,PO1,1,0,0,0,59
4620869_964580,4620869,964580,12,12,2025-12-29,Wesley,IT1,0,0,0,0,85
4620869_338670,4620869,338670,12,12,2025-12-29,Mile Svilar,IT1,0,0,0,0,90
4620869_668951,4620869,668951,12,12,2025-12-29,Matías Soulé,IT1,0,0,1,0,57
4620869_624690,4620869,624690,12,12,2025-12-29,Manu Koné,IT1,0,0,1,0,90
4648775_699704,4648775,699704,720,720,2025-12-29,Gabri Veiga,PO1,0,0,0,1,31
4648775_425918,4648775,425918,720,11,2025-12-29,Jakub Kiwior,PO1,0,0,0,0,90
4680797_743384,4680797,743384,3575,289,2025-12-29,Chemsdine Talbi,AFCN,0,0,0,0,16
4648775_756990,4648775,756990,720,720,2025-12-29,Alan Varela,PO1,0,0,0,0,15
4648775_957653,4648775,957653,720,720,2025-12-29,Rodrigo Mora,PO1,0,0,0,0,59
4648775_991268,4648775,991268,720,720,2025-12-29,Samu Aghehowa,PO1,0,0,2,0,90
4680797_314678,4680797,314678,3575,418,2025-12-29,Brahim Díaz,AFCN,0,0,1,0,64
4680797_398073,4680797,398073,3575,583,2025-12-29,Achraf Hakimi,AFCN,0,0,0,0,26
4680797_702869,4680797,702869,3575,383,2025-12-29,Ismael Saibari,AFCN,0,0,0,0,64
4680797_724520,4680797,724520,3575,150,2025-12-29,Abde Ezzalzouli,AFCN,0,0,0,1,74
4648775_926993,4648775,926993,720,720,2025-12-29,Victor Froholdt,PO1,0,0,0,0,90
4625948_378710,4625948,378710,148,148,2025-12-28,Richarlison,GB1,0,0,0,1,90
4620866_315779,4620866,315779,5,5,2025-12-28,Christian Pulisic,IT1,0,0,1,0,76
4620866_344381,4620866,344381,5,5,2025-12-28,Christopher Nkunku,IT1,0,0,2,0,90
4620866_569598,4620866,569598,5,5,2025-12-28,Youssouf Fofana,IT1,0,0,0,0,19
4620866_574671,4620866,574671,5,5,2025-12-28,Strahinja Pavlović,IT1,0,0,0,0,90
4620866_608172,4620866,608172,5,5,2025-12-28,Ardon Jashari,IT1,0,0,0,0,20
4625948_258919,4625948,258919,873,873,2025-12-28,Dean Henderson,GB1,0,0,0,0,90
4625948_434224,4625948,434224,873,873,2025-12-28,Maxence Lacroix,GB1,1,0,0,0,90
4625948_392757,4625948,392757,873,281,2025-12-28,Marc Guéhi,GB1,0,0,0,0,90
4625948_420002,4625948,420002,873,873,2025-12-28,Jean-Philippe Mateta,GB1,0,0,0,0,90
4620864_469822,4620864,469822,6195,6195,2025-12-28,David Neres,IT1,0,0,0,0,73
4625948_470607,4625948,470607,148,148,2025-12-28,Brennan Johnson,GB1,0,0,0,0,5
4625948_483348,4625948,483348,148,148,2025-12-28,Djed Spence,GB1,0,0,0,0,90
4625948_543499,4625948,543499,148,148,2025-12-28,Mohammed Kudus,GB1,0,0,0,0,85
4625948_553875,4625948,553875,148,148,2025-12-28,Pedro Porro,GB1,0,0,0,0,90
4620864_610442,4620864,610442,6195,6195,2025-12-28,Rasmus Højlund,IT1,0,0,2,0,89
4620863_849520,4620863,849520,1025,1025,2025-12-28,Santiago Castro,IT1,0,0,0,0,20
4620864_386446,4620864,386446,6195,6195,2025-12-28,Alessandro Buongiorno,IT1,0,0,0,0,17
4620862_435772,4620862,435772,800,800,2025-12-28,Charles De Ketelaere,IT1,0,0,0,0,90
4620862_198116,4620862,198116,46,46,2025-12-28,Federico Dimarco,IT1,0,0,0,0,76
4620862_255942,4620862,255942,46,46,2025-12-28,Nicolò Barella,IT1,0,0,0,0,76
4620862_315853,4620862,315853,46,46,2025-12-28,Alessandro Bastoni,IT1,1,0,0,0,90
4620862_315867,4620862,315867,800,800,2025-12-28,Gianluca Scamacca,IT1,0,0,0,0,90
4620862_318528,4620862,318528,46,46,2025-12-28,Marcus Thuram,IT1,0,0,0,0,64
4620862_406625,4620862,406625,46,46,2025-12-28,Lautaro Martínez,IT1,0,0,1,0,84
4620862_441986,4620862,441986,46,46,2025-12-28,Yann Bisseck,IT1,0,0,0,0,90
4620864_315969,4620864,315969,6195,6195,2025-12-28,Scott McTominay,IT1,1,0,0,1,90
4620862_459763,4620862,459763,800,800,2025-12-28,Marco Carnesecchi,IT1,0,0,0,0,90
4620862_607854,4620862,607854,800,800,2025-12-28,Éderson,IT1,0,0,0,0,90
4620862_930781,4620862,930781,46,46,2025-12-28,Pio Esposito,IT1,0,0,0,1,26
4620863_672381,4620863,672381,1025,244,2025-12-28,Jonathan Rowe,IT1,0,0,0,0,84
4620863_679423,4620863,679423,6574,6574,2025-12-28,Tarik Muharemović,IT1,0,0,1,0,90
4620863_921655,4620863,921655,6574,6574,2025-12-28,Ismaël Koné,IT1,0,0,0,0,90
4625948_557459,4625948,557459,148,148,2025-12-28,Micky van de Ven,GB1,0,0,0,0,90
4625948_568157,4625948,568157,873,1050,2025-12-28,Yéremy Pino,GB1,0,0,0,0,77
4625948_730893,4625948,730893,873,873,2025-12-28,Tyrick Mitchell,GB1,0,0,0,0,90
4648780_324503,4648780,324503,294,294,2025-12-28,Vangelis Pavlidis,PO1,0,0,0,1,90
4680825_823231,4680825,823231,5872,1148,2025-12-28,Dango Ouattara,AFCN,0,0,0,0,90
4680825_578391,4680825,578391,3614,281,2025-12-28,Rayan Aït-Nouri,AFCN,0,0,0,1,90
4680825_564545,4680825,564545,5872,15,2025-12-28,Edmond Tapsoba,AFCN,1,0,0,0,90
4680814_701979,4680814,701979,5129,336,2025-12-28,Geny Catamo,AFCN,0,0,1,1,90
4680813_973085,4680813,973085,3434,1237,2025-12-28,Carlos Baleba,AFCN,1,0,0,0,90
4680813_536835,4680813,536835,3591,985,2025-12-28,Amad Diallo,AFCN,1,0,1,0,87
4680813_500689,4680813,500689,3591,873,2025-12-28,Evann Guessand,AFCN,0,0,0,0,20
4680813_413039,4680813,413039,3434,985,2025-12-28,Bryan Mbeumo,AFCN,0,0,0,0,90
4680813_1390649,4680813,1390649,3591,23826,2025-12-28,Yan Diomande,AFCN,0,0,0,0,90
4648780_735573,4648780,735573,294,294,2025-12-28,Richard Ríos,PO1,1,0,0,0,90
4648780_623325,4648780,623325,294,660,2025-12-28,Georgiy Sudakov,PO1,0,0,0,1,80
4648780_606752,4648780,606752,1075,1075,2025-12-28,Rodrigo Zalazar,PO1,0,0,1,0,86
4648780_537844,4648780,537844,294,294,2025-12-28,Anatoliy Trubin,PO1,0,0,0,0,90
4648780_504087,4648780,504087,294,294,2025-12-28,Tomás Araújo,PO1,1,0,0,0,90
4680813_371149,4680813,371149,3591,12,2025-12-28,Evan Ndicka,AFCN,0,0,0,0,90
4648778_830365,4648778,830365,336,6195,2025-12-28,Alisson Santos,PO1,0,0,0,0,26
4625952_633992,4625952,633992,289,289,2025-12-28,Enzo Le Fée,GB1,0,0,0,0,90
4648778_572675,4648778,572675,336,336,2025-12-28,Maxi Araújo,PO1,0,0,1,0,64
4625948_922693,4625948,922693,148,148,2025-12-28,Archie Gray,GB1,1,0,1,0,85
4625952_344069,4625952,344069,399,399,2025-12-28,Anton Stach,GB1,0,0,0,0,90
4625952_346890,4625952,346890,399,399,2025-12-28,Noah Okafor,GB1,0,0,0,0,73
4625952_392771,4625952,392771,399,399,2025-12-28,Ethan Ampadu,GB1,0,0,0,0,90
4625952_473169,4625952,473169,289,289,2025-12-28,Brian Brobbey,GB1,0,0,0,0,68
4625948_866246,4625948,866246,148,148,2025-12-28,Lucas Bergvall,GB1,0,0,0,0,63
4625952_646991,4625952,646991,289,289,2025-12-28,Robin Roefs,GB1,0,0,0,0,90
4648778_424784,4648778,424784,336,336,2025-12-28,Luis Suárez,PO1,0,0,3,1,90
4648778_549006,4648778,549006,336,336,2025-12-28,Gonçalo Inácio,PO1,1,0,0,0,68
4648778_461496,4648778,461496,336,336,2025-12-28,Morten Hjulmand,PO1,0,0,0,0,65
4625948_744149,4625948,744149,873,873,2025-12-28,Adam Wharton,GB1,0,0,0,0,90
4648778_412669,4648778,412669,336,336,2025-12-28,Francisco Trincão,PO1,0,0,0,1,90
4625952_947411,4625952,947411,289,289,2025-12-28,Chris Rigg,GB1,0,0,0,0,68
4625945_340918,4625945,340918,1148,1148,2025-12-27,Caoimhín Kelleher,GB1,0,0,0,0,90
4625945_473050,4625945,473050,1148,1148,2025-12-27,Kevin Schade,GB1,0,0,3,0,90
4625945_469781,4625945,469781,989,989,2025-12-27,Marcos Senesi,GB1,0,0,0,0,90
4625945_469050,4625945,469050,1148,1148,2025-12-27,Nathan Collins,GB1,0,0,0,0,90
4625945_465555,4625945,465555,989,989,2025-12-27,Djordje Petrovic,GB1,0,0,0,0,90
4625945_463605,4625945,463605,989,989,2025-12-27,Bafodé Diakité,GB1,0,0,0,0,45
4625945_399434,4625945,399434,989,989,2025-12-27,Marcus Tavernier,GB1,1,0,0,0,90
4625945_330659,4625945,330659,989,989,2025-12-27,Justin Kluivert,GB1,1,0,0,0,45
4625944_996897,4625944,996897,1237,1237,2025-12-27,Diego Gómez,GB1,0,0,1,0,87
4625945_540941,4625945,540941,1148,1148,2025-12-27,Mikkel Damsgaard,GB1,0,0,0,1,13
4625944_867688,4625944,867688,1237,1237,2025-12-27,Jack Hinshelwood,GB1,0,0,0,0,75
4625944_700106,4625944,700106,1237,23826,2025-12-27,Brajan Gruda,GB1,0,0,0,0,45
4625944_667287,4625944,667287,1237,1237,2025-12-27,Yasin Ayari,GB1,0,0,0,0,90
4625944_659813,4625944,659813,11,11,2025-12-27,Piero Hincapié,GB1,1,0,0,0,90
4625944_890721,4625944,890721,11,11,2025-12-27,Myles Lewis-Skelly,GB1,1,0,0,0,71
4625947_324358,4625947,324358,405,405,2025-12-27,Ollie Watkins,GB1,0,0,2,0,32
4625945_583255,4625945,583255,989,281,2025-12-27,Antoine Semenyo,GB1,0,0,1,0,90
4625946_404842,4625946,404842,29,29,2025-12-27,Vitaliy Mykolenko,GB1,0,0,0,0,90
4625944_576314,4625944,576314,1237,1237,2025-12-27,Jan Paul van Hecke,GB1,0,0,0,0,90
4625947_284857,4625947,284857,631,631,2025-12-27,Marc Cucurella,GB1,0,0,0,0,69
4625947_249565,4625947,249565,405,405,2025-12-27,Youri Tielemans,GB1,0,0,0,1,90
4625947_1056993,4625947,1056993,631,631,2025-12-27,Estêvão,GB1,0,0,0,0,18
4625946_937941,4625946,937941,29,29,2025-12-27,Thierno Barry,GB1,0,0,0,0,20
4625946_505219,4625946,505219,29,29,2025-12-27,James Garner,GB1,0,0,0,0,90
4625945_955357,4625945,955357,989,989,2025-12-27,Junior Kroupi,GB1,0,0,0,0,45
4625945_644401,4625945,644401,1148,1148,2025-12-27,Keane Lewis-Potter,GB1,0,0,0,0,89
4625945_855256,4625945,855256,989,989,2025-12-27,Alex Scott,GB1,0,0,0,0,84
4625945_823486,4625945,823486,1148,1148,2025-12-27,Michael Kayode,GB1,1,0,0,0,90
4625945_739443,4625945,739443,1148,1148,2025-12-27,Igor Thiago,GB1,0,0,0,1,90
4625945_717411,4625945,717411,1148,1148,2025-12-27,Yegor Yarmolyuk,GB1,0,0,0,1,89
4625945_711337,4625945,711337,989,989,2025-12-27,Evanilson,GB1,0,0,0,0,45
4625945_654539,4625945,654539,989,989,2025-12-27,Adrien Truffert,GB1,0,0,0,0,77
4625944_655488,4625944,655488,11,11,2025-12-27,Gabriel Martinelli,GB1,0,0,0,0,8
4620871_618341,4620871,618341,398,398,2025-12-27,Mario Gila,IT1,0,0,0,0,88
4625944_565093,4625944,565093,1237,1237,2025-12-27,Bart Verbruggen,GB1,1,0,0,0,90
4620868_265088,4620868,265088,506,506,2025-12-27,Manuel Locatelli,IT1,1,0,0,0,60
4620868_585949,4620868,585949,506,506,2025-12-27,Pierre Kalulu,IT1,0,0,1,0,90
4620868_533738,4620868,533738,506,506,2025-12-27,Jonathan David,IT1,0,0,0,1,30
4620868_516716,4620868,516716,506,506,2025-12-27,Bremer,IT1,0,0,0,0,90
4620868_463618,4620868,463618,506,506,2025-12-27,Khéphren Thuram,IT1,0,0,0,0,90
4620868_368887,4620868,368887,506,506,2025-12-27,Loïs Openda,IT1,0,0,0,0,60
4620868_332697,4620868,332697,506,506,2025-12-27,Weston McKennie,IT1,0,0,0,0,90
4620867_364135,4620867,364135,430,430,2025-12-27,Moise Kean,IT1,0,0,0,0,90
4625944_538977,4625944,538977,1237,1237,2025-12-27,Georginio Rutter,GB1,0,0,0,0,90
4620865_948294,4620865,948294,1047,1047,2025-12-27,Nico Paz,IT1,0,0,1,1,90
4620865_948278,4620865,948278,1047,1047,2025-12-27,Jacobo Ramón,IT1,0,0,1,0,90
4620865_668547,4620865,668547,1047,1047,2025-12-27,Máximo Perrone,IT1,1,0,0,0,90
4620865_580451,4620865,580451,1047,1047,2025-12-27,Martin Baturina,IT1,0,0,0,0,6
4620865_523318,4620865,523318,1047,1047,2025-12-27,Anastasios Douvikas,IT1,0,0,1,0,90
4625947_346314,4625947,346314,631,631,2025-12-27,Trevoh Chalobah,GB1,1,0,0,0,90
4620868_845654,4620868,845654,506,506,2025-12-27,Kenan Yıldız,IT1,0,0,1,0,90
4620870_895937,4620870,895937,1390,1390,2025-12-27,Marco Palestra,IT1,0,0,0,0,90
4620871_522784,4620871,522784,398,379,2025-12-27,Taty Castellanos,IT1,0,0,0,0,16
4625944_1012534,4625944,1012534,1237,1237,2025-12-27,Yankuba Minteh,GB1,0,0,0,0,45
4625944_1060087,4625944,1060087,1237,1237,2025-12-27,Charalampos Kostoulas,GB1,0,0,0,0,3
4625944_262749,4625944,262749,11,11,2025-12-27,David Raya,GB1,0,0,0,0,90
4620865_1190411,4620865,1190411,1047,1047,2025-12-27,Jesús Rodríguez,IT1,0,0,0,0,78
4625944_316264,4625944,316264,11,11,2025-12-27,Martin Ødegaard,GB1,0,0,1,0,90
4625944_325443,4625944,325443,11,11,2025-12-27,Viktor Gyökeres,GB1,0,0,0,0,71
4625944_338424,4625944,338424,11,11,2025-12-27,Mikel Merino,GB1,0,0,0,0,90
4625944_357662,4625944,357662,11,11,2025-12-27,Declan Rice,GB1,0,0,0,1,90
4625944_369316,4625944,369316,1237,1237,2025-12-27,Ferdi Kadıoğlu,GB1,0,0,0,0,90
4625944_415381,4625944,415381,1237,1237,2025-12-27,Mats Wieffer,GB1,0,0,0,0,45
4625944_423440,4625944,423440,11,11,2025-12-27,Martín Zubimendi,GB1,0,0,0,0,90
4625944_433177,4625944,433177,11,11,2025-12-27,Bukayo Saka,GB1,0,0,0,1,90
4625944_435338,4625944,435338,11,11,2025-12-27,Gabriel,GB1,0,0,0,0,19
4625944_495666,4625944,495666,11,11,2025-12-27,William Saliba,GB1,0,0,0,0,90
4625947_326029,4625947,326029,405,12,2025-12-27,Donyell Malen,GB1,0,0,0,0,59
4625951_743413,4625951,743413,281,281,2025-12-27,Nico O'Reilly,GB1,1,0,0,0,90
4625947_394327,4625947,394327,405,405,2025-12-27,Boubacar Kamara,GB1,1,0,0,0,83
4625953_444523,4625953,444523,379,379,2025-12-27,Lucas Paquetá,GB1,0,0,0,0,82
4625951_432164,4625951,432164,703,703,2025-12-27,Igor Jesus,GB1,0,0,0,1,90
4625951_460939,4625951,460939,281,281,2025-12-27,Tijjani Reijnders,GB1,0,0,1,0,73
4625951_466805,4625951,466805,281,281,2025-12-27,Nico González,GB1,0,0,0,0,90
4625951_475959,4625951,475959,281,281,2025-12-27,Josko Gvardiol,GB1,0,0,0,1,90
4625951_503680,4625951,503680,703,703,2025-12-27,Neco Williams,GB1,0,0,0,0,90
4625951_567576,4625951,567576,703,703,2025-12-27,Elliot Anderson,GB1,1,0,0,0,90
4625951_601883,4625951,601883,281,281,2025-12-27,Matheus Nunes,GB1,0,0,0,0,90
4625951_607223,4625951,607223,281,281,2025-12-27,Rayan Cherki,GB1,0,0,1,1,89
4625951_741238,4625951,741238,703,703,2025-12-27,Omari Hutchinson,GB1,0,0,1,0,90
4625951_743591,4625951,743591,281,281,2025-12-27,Savinho,GB1,0,0,0,0,17
4625953_1011131,4625953,1011131,931,931,2025-12-27,Josh King,GB1,1,0,0,0,21
4625953_279455,4625953,279455,931,931,2025-12-27,Harry Wilson,GB1,1,0,0,1,90
4625953_314875,4625953,314875,379,379,2025-12-27,Jarrod Bowen,GB1,0,0,0,0,90
4625953_333014,4625953,333014,931,931,2025-12-27,Sander Berge,GB1,0,0,0,0,90
4625953_474701,4625953,474701,379,379,2025-12-27,Crysencio Summerville,GB1,0,0,0,0,56
4625951_418560,4625951,418560,281,281,2025-12-27,Erling Haaland,GB1,0,0,0,0,90
4625953_880245,4625953,880245,379,379,2025-12-27,Mateus Fernandes,GB1,0,0,0,0,90
4625953_900195,4625953,900195,931,660,2025-12-27,Kevin,GB1,0,0,0,0,69
4648776_982575,4648776,982575,3329,3329,2025-12-27,Gustavo Sá,PO1,1,0,0,0,90
4680801_401923,4680801,401923,3444,141,2025-12-27,Victor Osimhen,AFCN,1,0,1,1,90
4680801_406040,4680801,406040,3444,800,2025-12-27,Ademola Lookman,AFCN,0,0,1,2,90
4680801_461883,4680801,461883,3444,931,2025-12-27,Calvin Bassey,AFCN,0,0,0,0,90
4680819_1185888,4680819,1185888,3499,583,2025-12-27,Ibrahim Mbaye,AFCN,0,0,0,1,28
4680819_410225,4680819,410225,3499,873,2025-12-27,Ismaïla Sarr,AFCN,0,0,0,0,62
4680819_485963,4680819,485963,3499,1050,2025-12-27,Pape Gueye,AFCN,1,0,0,0,81
4680819_623570,4680819,623570,3499,29,2025-12-27,Iliman Ndiaye,AFCN,0,0,0,0,89
4680819_727089,4680819,727089,3854,289,2025-12-27,Noah Sadiki,AFCN,0,0,0,0,90
4680819_776890,4680819,776890,3499,27,2025-12-27,Nicolas Jackson,AFCN,0,0,0,0,81
4680819_918969,4680819,918969,3499,162,2025-12-27,Lamine Camara,AFCN,0,0,0,0,9
4625947_413403,4625947,413403,405,405,2025-12-27,Ezri Konsa,GB1,0,0,0,0,90
4625951_429014,4625951,429014,703,703,2025-12-27,Morgan Gibbs-White,GB1,0,0,0,0,90
4625951_540664,4625951,540664,703,667,2025-12-27,Dilane Bakwa,GB1,0,0,0,0,1
4625951_413507,4625951,413507,703,703,2025-12-27,Nikola Milenković,GB1,0,0,0,0,90
4625947_620322,4625947,620322,631,631,2025-12-27,Malo Gusto,GB1,0,0,0,0,21
4625949_357119,4625949,357119,31,31,2025-12-27,Ibrahima Konaté,GB1,0,0,0,0,90
4625947_811779,4625947,811779,631,631,2025-12-27,Alejandro Garnacho,GB1,0,0,0,0,69
4625947_687626,4625947,687626,631,631,2025-12-27,Moisés Caicedo,GB1,1,0,0,0,90
4625947_670882,4625947,670882,631,631,2025-12-27,Jamie Gittens,GB1,0,0,0,0,21
4625947_648195,4625947,648195,631,631,2025-12-27,Enzo Fernández,GB1,1,0,0,0,90
4625951_406635,4625951,406635,281,281,2025-12-27,Phil Foden,GB1,0,0,0,0,90
4625947_610849,4625947,610849,631,631,2025-12-27,Liam Delap,GB1,1,0,0,0,21
4625949_433188,4625949,433188,31,31,2025-12-27,Curtis Jones,GB1,0,0,0,0,90
4625947_568177,4625947,568177,631,631,2025-12-27,Cole Palmer,GB1,0,0,0,0,72
4625947_503743,4625947,503743,405,405,2025-12-27,Morgan Rogers,GB1,1,0,0,0,90
4625947_487465,4625947,487465,631,631,2025-12-27,Pedro Neto,GB1,0,0,0,0,90
4625947_485706,4625947,485706,405,405,2025-12-27,Amadou Onana,GB1,0,0,0,0,31
4625947_485585,4625947,485585,405,405,2025-12-27,Ian Maatsen,GB1,0,0,0,0,83
4625947_472423,4625947,472423,631,631,2025-12-27,Reece James,GB1,1,0,0,1,90
4625949_429983,4625949,429983,543,543,2025-12-27,Jørgen Strand Larsen,GB1,0,0,0,0,28
4625947_626724,4625947,626724,631,631,2025-12-27,João Pedro,GB1,0,0,1,0,69
4625949_434675,4625949,434675,31,31,2025-12-27,Cody Gakpo,GB1,0,0,0,0,4
4625949_735570,4625949,735570,543,543,2025-12-27,João Gomes,GB1,0,0,0,0,90
4625949_478573,4625949,478573,31,31,2025-12-27,Ryan Gravenberch,GB1,0,0,1,0,90
4625951_392768,4625951,392768,703,703,2025-12-27,Callum Hudson-Odoi,GB1,0,0,0,0,90
4625951_315858,4625951,315858,281,281,2025-12-27,Gianluigi Donnarumma,GB1,0,0,0,0,90
4625951_258004,4625951,258004,281,281,2025-12-27,Rúben Dias,GB1,1,0,0,0,90
4625951_1005649,4625951,1005649,703,703,2025-12-27,Murillo,GB1,0,0,0,0,90
4625949_800176,4625949,800176,543,543,2025-12-27,André,GB1,1,0,0,0,90
4625949_730861,4625949,730861,31,31,2025-12-27,Milos Kerkez,GB1,0,0,0,0,90
4625949_709726,4625949,709726,31,31,2025-12-27,Hugo Ekitiké,GB1,0,0,0,1,86
4625949_624258,4625949,624258,31,31,2025-12-27,Conor Bradley,GB1,0,0,0,0,29
4625949_598577,4625949,598577,31,31,2025-12-27,Florian Wirtz,GB1,0,0,1,0,90
4625949_534033,4625949,534033,31,31,2025-12-27,Alexis Mac Allister,GB1,0,0,0,0,90
4625949_484547,4625949,484547,31,31,2025-12-27,Jeremie Frimpong,GB1,0,0,0,1,90
4625950_517894,4625950,517894,985,985,2025-12-26,Matheus Cunha,GB1,1,0,0,0,90
4625950_455661,4625950,455661,762,762,2025-12-26,Nick Woltemade,GB1,0,0,0,0,68
4625950_503883,4625950,503883,985,1096,2025-12-26,Senne Lammens,GB1,0,0,0,0,90
4625950_503749,4625950,503749,762,762,2025-12-26,Jacob Ramsey,GB1,0,0,0,0,68
4625950_503733,4625950,503733,762,762,2025-12-26,Anthony Gordon,GB1,0,0,0,0,90
4625950_480762,4625950,480762,985,985,2025-12-26,Lisandro Martínez,GB1,0,0,0,0,88
4625950_476701,4625950,476701,985,985,2025-12-26,Manuel Ugarte,GB1,0,0,0,0,90
4625950_1078163,4625950,1078163,985,985,2025-12-26,Ayden Heaven,GB1,0,0,0,0,90
4625950_398065,4625950,398065,762,762,2025-12-26,Harvey Barnes,GB1,0,0,0,0,22
4625950_397033,4625950,397033,762,762,2025-12-26,Sandro Tonali,GB1,1,0,0,0,77
4625950_388165,4625950,388165,762,762,2025-12-26,Yoane Wissa,GB1,0,0,0,0,22
4625950_357147,4625950,357147,985,985,2025-12-26,Diogo Dalot,GB1,0,0,0,0,90
4625950_346483,4625950,346483,985,985,2025-12-26,Mason Mount,GB1,0,0,0,0,45
4625950_333241,4625950,333241,762,762,2025-12-26,Joelinton,GB1,0,0,0,0,22
4625950_521964,4625950,521964,762,762,2025-12-26,Malick Thiaw,GB1,0,0,0,0,90
4625950_520624,4625950,520624,762,762,2025-12-26,Bruno Guimarães,GB1,0,0,0,0,90
4625950_670858,4625950,670858,762,762,2025-12-26,Lewis Hall,GB1,0,0,0,0,90
4625950_627442,4625950,627442,985,985,2025-12-26,Benjamin Sesko,GB1,0,0,0,0,60
4641344_780136,4641344,780136,2282,2282,2025-12-26,Aleksandar Stanković,BE1,0,0,1,0,90
4680807_445939,4680807,445939,3672,281,2025-12-26,Omar Marmoush,AFCN,0,0,0,0,45
4680795_724520,4680795,724520,3575,150,2025-12-26,Abde Ezzalzouli,AFCN,0,0,0,0,19
4680795_702869,4680795,702869,3575,383,2025-12-26,Ismael Saibari,AFCN,0,0,0,0,82
4680795_654982,4680795,654982,3575,79,2025-12-26,Bilal El Khannouss,AFCN,0,0,0,0,19
4680795_314678,4680795,314678,3575,418,2025-12-26,Brahim Díaz,AFCN,0,0,1,0,71
4641344_990148,4641344,990148,1184,1184,2025-12-26,Konstantinos Karetsas,BE1,0,0,0,0,90
4641344_893661,4641344,893661,2282,2282,2025-12-26,Joel Ordóñez,BE1,1,0,0,0,90
4641344_717329,4641344,717329,2282,2282,2025-12-26,Nicolò Tresoldi,BE1,0,0,0,1,16
4641344_451677,4641344,451677,2282,2282,2025-12-26,Christos Tzolis,BE1,0,0,0,3,90
4641343_1105541,4641343,1105541,58,58,2025-12-26,Nathan De Cat,BE1,0,0,0,0,90
4625950_926952,4625950,926952,985,985,2025-12-26,Patrick Dorgu,GB1,0,0,1,0,90
4625950_923831,4625950,923831,985,985,2025-12-26,Leny Yoro,GB1,0,0,0,0,29
4625950_922769,4625950,922769,762,762,2025-12-26,Lewis Miley,GB1,0,0,0,0,90
4680812_413039,4680812,413039,3434,985,2025-12-24,Bryan Mbeumo,AFCN,1,0,0,1,90
4680811_1390649,4680811,1390649,3591,23826,2025-12-24,Yan Diomande,AFCN,1,0,0,0,90
4680811_371149,4680811,371149,3591,12,2025-12-24,Evan Ndicka,AFCN,0,0,0,0,90
4680811_536835,4680811,536835,3591,985,2025-12-24,Amad Diallo,AFCN,0,0,1,0,81
4680811_701979,4680811,701979,5129,336,2025-12-24,Geny Catamo,AFCN,0,0,0,0,90
4680812_973085,4680812,973085,3434,1237,2025-12-24,Carlos Baleba,AFCN,0,0,0,0,45
4680823_578391,4680823,578391,3614,281,2025-12-24,Rayan Aït-Nouri,AFCN,0,0,0,0,61
4680824_564545,4680824,564545,5872,15,2025-12-24,Edmond Tapsoba,AFCN,0,0,1,0,90
4680824_823231,4680824,823231,5872,1148,2025-12-24,Dango Ouattara,AFCN,0,0,0,1,90
4680799_461883,4680799,461883,3444,931,2025-12-23,Calvin Bassey,AFCN,0,0,0,0,90
4680818_727089,4680818,727089,3854,289,2025-12-23,Noah Sadiki,AFCN,0,0,0,0,90
4680817_918969,4680817,918969,3499,162,2025-12-23,Lamine Camara,AFCN,0,0,0,0,21
4680817_776890,4680817,776890,3499,27,2025-12-23,Nicolas Jackson,AFCN,0,0,2,0,78
4680817_623570,4680817,623570,3499,29,2025-12-23,Iliman Ndiaye,AFCN,0,0,0,0,69
4680817_485963,4680817,485963,3499,1050,2025-12-23,Pape Gueye,AFCN,0,0,0,0,69
4680817_410225,4680817,410225,3499,873,2025-12-23,Ismaïla Sarr,AFCN,0,0,0,1,85
4680817_1185888,4680817,1185888,3499,583,2025-12-23,Ibrahim Mbaye,AFCN,0,0,0,0,21
4680799_401923,4680799,401923,3444,141,2025-12-23,Victor Osimhen,AFCN,0,0,0,0,86
4680799_406040,4680799,406040,3444,800,2025-12-23,Ademola Lookman,AFCN,1,0,1,0,90
4769165_316264,4769165,316264,11,11,2025-12-23,Martin Ødegaard,CGB,0,0,0,0,23
4648786_830365,4648786,830365,336,6195,2025-12-23,Alisson Santos,PO1,0,0,0,0,6
4648786_572675,4648786,572675,336,336,2025-12-23,Maxi Araújo,PO1,1,0,1,0,84
4648786_549006,4648786,549006,336,336,2025-12-23,Gonçalo Inácio,PO1,0,0,0,0,90
4648786_461496,4648786,461496,336,336,2025-12-23,Morten Hjulmand,PO1,1,0,0,0,90
4648786_424784,4648786,424784,336,336,2025-12-23,Luis Suárez,PO1,0,0,0,1,90
4648786_412669,4648786,412669,336,336,2025-12-23,Francisco Trincão,PO1,0,0,1,0,90
4769165_1006411,4769165,1006411,873,873,2025-12-23,Jaydee Canvot,CGB,0,0,0,0,45
4769165_392757,4769165,392757,873,281,2025-12-23,Marc Guéhi,CGB,0,0,1,0,90
4769165_338424,4769165,338424,11,11,2025-12-23,Mikel Merino,CGB,0,0,0,0,90
4769165_502821,4769165,502821,11,11,2025-12-23,Riccardo Calafiori,CGB,0,0,0,0,90
4769165_357662,4769165,357662,11,11,2025-12-23,Declan Rice,CGB,0,0,0,0,4
4769165_890721,4769165,890721,11,11,2025-12-23,Myles Lewis-Skelly,CGB,0,0,0,0,90
4769165_744149,4769165,744149,873,873,2025-12-23,Adam Wharton,CGB,0,0,0,0,90
4769165_730893,4769165,730893,873,873,2025-12-23,Tyrick Mitchell,CGB,0,0,0,0,90
4769165_655488,4769165,655488,11,11,2025-12-23,Gabriel Martinelli,CGB,0,0,0,0,59
4769165_568157,4769165,568157,873,1050,2025-12-23,Yéremy Pino,CGB,0,0,0,0,86
4769165_503987,4769165,503987,11,11,2025-12-23,Noni Madueke,CGB,0,0,0,0,67
4769165_578539,4769165,578539,873,873,2025-12-23,Chris Richards,CGB,0,0,0,0,75
4769165_495666,4769165,495666,11,11,2025-12-23,William Saliba,CGB,0,0,0,0,90
4769165_479999,4769165,479999,11,11,2025-12-23,Eberechi Eze,CGB,0,0,0,0,67
4769165_434224,4769165,434224,873,873,2025-12-23,Maxence Lacroix,CGB,0,0,0,0,90
4769165_433177,4769165,433177,11,11,2025-12-23,Bukayo Saka,CGB,0,0,0,0,23
4769165_420243,4769165,420243,11,11,2025-12-23,Jurriën Timber,CGB,0,0,0,0,90
4769165_420002,4769165,420002,873,873,2025-12-23,Jean-Philippe Mateta,CGB,0,0,0,0,90
4625938_1005649,4625938,1005649,703,703,2025-12-22,Murillo,GB1,1,0,0,0,90
4645846_938729,4645846,938729,621,621,2025-12-22,Mikel Jauregizar,ES1,0,0,0,0,90
4648783_1004725,4648783,1004725,720,720,2025-12-22,William Gomes,PO1,0,0,0,0,31
4645846_709372,4645846,709372,714,714,2025-12-22,Carlos Romero,ES1,0,0,1,0,83
4645846_709187,4645846,709187,621,621,2025-12-22,Nico Williams,ES1,1,0,0,0,57
4645846_571020,4645846,571020,621,621,2025-12-22,Oihan Sancet,ES1,0,0,0,0,90
4625938_900195,4625938,900195,931,660,2025-12-22,Kevin,GB1,0,0,0,1,78
4625938_741238,4625938,741238,703,703,2025-12-22,Omari Hutchinson,GB1,0,0,0,0,90
4625938_585959,4625938,585959,703,24,2025-12-22,Arnaud Kalimuendo,GB1,0,0,0,0,1
4625938_279455,4625938,279455,931,931,2025-12-22,Harry Wilson,GB1,1,0,0,0,84
4625938_567576,4625938,567576,703,703,2025-12-22,Elliot Anderson,GB1,0,0,0,0,90
4625938_503680,4625938,503680,703,703,2025-12-22,Neco Williams,GB1,0,0,0,0,90
4625938_432164,4625938,432164,703,703,2025-12-22,Igor Jesus,GB1,0,0,0,0,72
4625938_429014,4625938,429014,703,703,2025-12-22,Morgan Gibbs-White,GB1,0,0,0,0,73
4625938_413507,4625938,413507,703,703,2025-12-22,Nikola Milenković,GB1,1,0,0,0,90
4625938_392768,4625938,392768,703,703,2025-12-22,Callum Hudson-Odoi,GB1,0,0,0,0,90
4625938_333014,4625938,333014,931,931,2025-12-22,Sander Berge,GB1,1,0,0,0,66
4625938_1011131,4625938,1011131,931,931,2025-12-22,Josh King,GB1,0,0,0,0,12
4648783_425918,4648783,425918,720,11,2025-12-22,Jakub Kiwior,PO1,0,0,0,0,90
4648783_357153,4648783,357153,720,720,2025-12-22,Diogo Costa,PO1,0,0,0,0,90
4648785_650568,4648785,650568,294,294,2025-12-22,António Silva,PO1,0,0,0,0,34
4648783_699704,4648783,699704,720,720,2025-12-22,Gabri Veiga,PO1,0,0,0,0,31
4648785_982575,4648785,982575,3329,3329,2025-12-22,Gustavo Sá,PO1,0,0,0,0,90
4648783_756990,4648783,756990,720,720,2025-12-22,Alan Varela,PO1,0,0,1,0,75
4786004_849520,4786004,849520,1025,1025,2025-12-22,Santiago Castro,SCI,0,0,0,0,79
4786004_672381,4786004,672381,1025,244,2025-12-22,Jonathan Rowe,SCI,0,0,0,0,21
4786004_610442,4786004,610442,6195,6195,2025-12-22,Rasmus Højlund,SCI,0,0,0,0,90
4786004_469822,4786004,469822,6195,6195,2025-12-22,David Neres,SCI,0,0,2,0,78
4786004_315969,4786004,315969,6195,6195,2025-12-22,Scott McTominay,SCI,0,0,0,0,90
4680805_445939,4680805,445939,3672,281,2025-12-22,Omar Marmoush,AFCN,0,0,1,0,90
4786004_386446,4786004,386446,6195,6195,2025-12-22,Alessandro Buongiorno,SCI,0,0,0,0,6
4648785_735573,4648785,735573,294,294,2025-12-22,Richard Ríos,PO1,0,0,0,0,90
4648785_623325,4648785,623325,294,660,2025-12-22,Georgiy Sudakov,PO1,0,0,0,0,81
4648785_537844,4648785,537844,294,294,2025-12-22,Anatoliy Trubin,PO1,0,0,0,0,90
4648785_504087,4648785,504087,294,294,2025-12-22,Tomás Araújo,PO1,0,0,0,0,56
4648785_324503,4648785,324503,294,294,2025-12-22,Vangelis Pavlidis,PO1,0,0,1,0,81
4648783_991268,4648783,991268,720,720,2025-12-22,Samu Aghehowa,PO1,0,0,0,0,90
4648783_957653,4648783,957653,720,720,2025-12-22,Rodrigo Mora,PO1,0,0,0,1,59
4648783_926993,4648783,926993,720,720,2025-12-22,Victor Froholdt,PO1,0,0,0,0,90
4634255_643574,4634255,643574,39,39,2025-12-21,Kaishu Sano,L1,1,0,0,0,90
4625934_485706,4625934,485706,405,405,2025-12-21,Amadou Onana,GB1,0,0,0,0,84
4625934_500689,4625934,500689,405,873,2025-12-21,Evann Guessand,GB1,0,0,0,0,6
4625934_503743,4625934,503743,405,405,2025-12-21,Morgan Rogers,GB1,0,0,2,0,90
4625934_503883,4625934,503883,985,1096,2025-12-21,Senne Lammens,GB1,0,0,0,0,90
4625934_517894,4625934,517894,985,985,2025-12-21,Matheus Cunha,GB1,0,0,1,0,90
4625934_627442,4625934,627442,985,985,2025-12-21,Benjamin Sesko,GB1,0,0,0,0,73
4625934_926952,4625934,926952,985,985,2025-12-21,Patrick Dorgu,GB1,0,0,0,1,90
4634260_566723,4634260,566723,27,27,2025-12-21,Michael Olise,L1,0,0,1,0,90
4634260_1075147,4634260,1075147,27,27,2025-12-21,Lennart Karl,L1,0,0,0,0,63
4634260_132098,4634260,132098,27,27,2025-12-21,Harry Kane,L1,0,0,1,0,90
4634260_196357,4634260,196357,27,27,2025-12-21,Jonathan Tah,L1,0,0,0,0,90
4634260_344695,4634260,344695,27,27,2025-12-21,Dayot Upamecano,L1,0,0,0,0,90
4634260_424204,4634260,424204,27,27,2025-12-21,Alphonso Davies,L1,0,0,0,0,17
4634260_480692,4634260,480692,27,27,2025-12-21,Luis Díaz,L1,0,0,1,0,90
4634260_483046,4634260,483046,27,27,2025-12-21,Josip Stanisic,L1,0,0,1,1,90
4625934_480762,4625934,480762,985,985,2025-12-21,Lisandro Martínez,GB1,0,0,0,0,45
4625934_485585,4625934,485585,405,405,2025-12-21,Ian Maatsen,GB1,0,0,0,0,75
4625934_240306,4625934,240306,985,985,2025-12-21,Bruno Fernandes,GB1,0,0,0,0,45
4625934_476701,4625934,476701,985,985,2025-12-21,Manuel Ugarte,GB1,1,0,0,0,73
4625934_413403,4625934,413403,405,405,2025-12-21,Ezri Konsa,GB1,0,0,0,0,90
4620852_895937,4620852,895937,1390,1390,2025-12-21,Marco Palestra,IT1,0,0,0,0,90
4620854_364135,4620854,364135,430,430,2025-12-21,Moise Kean,IT1,0,0,2,0,71
4620855_315867,4620855,315867,800,800,2025-12-21,Gianluca Scamacca,IT1,0,0,0,0,90
4620855_434433,4620855,434433,800,1005,2025-12-21,Nikola Krstović,IT1,0,0,0,0,8
4620855_435772,4620855,435772,800,800,2025-12-21,Charles De Ketelaere,IT1,0,0,0,0,90
4620855_459763,4620855,459763,800,800,2025-12-21,Marco Carnesecchi,IT1,0,0,0,0,90
4620855_607854,4620855,607854,800,800,2025-12-21,Éderson,IT1,0,0,0,0,82
4620860_679423,4620860,679423,6574,6574,2025-12-21,Tarik Muharemović,IT1,0,0,0,0,90
4620860_921655,4620860,921655,6574,6574,2025-12-21,Ismaël Koné,IT1,0,0,0,0,90
4625934_1078163,4625934,1078163,985,985,2025-12-21,Ayden Heaven,GB1,0,0,0,0,90
4641383_780136,4641383,780136,2282,2282,2025-12-21,Aleksandar Stanković,BE1,0,0,0,0,90
4625934_249565,4625934,249565,405,405,2025-12-21,Youri Tielemans,GB1,0,0,0,0,90
4625934_324358,4625934,324358,405,405,2025-12-21,Ollie Watkins,GB1,0,0,0,1,75
4625934_326029,4625934,326029,405,12,2025-12-21,Donyell Malen,GB1,0,0,0,0,15
4625934_346483,4625934,346483,985,985,2025-12-21,Mason Mount,GB1,0,0,0,0,90
4625934_357147,4625934,357147,985,985,2025-12-21,Diogo Dalot,GB1,1,0,0,0,90
4625934_394327,4625934,394327,405,405,2025-12-21,Boubacar Kamara,GB1,0,0,0,0,88
4641383_717329,4641383,717329,2282,2282,2025-12-21,Nicolò Tresoldi,BE1,0,0,1,0,21
4625934_923831,4625934,923831,985,985,2025-12-21,Leny Yoro,GB1,0,0,0,0,84
4641383_893661,4641383,893661,2282,2282,2025-12-21,Joel Ordóñez,BE1,0,0,0,0,90
4645843_411975,4645843,411975,131,131,2025-12-21,Jules Koundé,ES1,0,0,0,0,79
4645843_561613,4645843,561613,131,131,2025-12-21,Joan García,ES1,0,0,0,0,90
4645843_636688,4645843,636688,131,131,2025-12-21,Alejandro Balde,ES1,0,0,0,0,90
4645843_636703,4645843,636703,131,131,2025-12-21,Fermín López,ES1,0,0,0,0,63
4645843_705395,4645843,705395,131,131,2025-12-21,Gerard Martín,ES1,0,0,0,0,90
4645843_729814,4645843,729814,1050,1050,2025-12-21,Georges Mikautadze,ES1,0,0,0,0,26
4645843_733576,4645843,733576,1050,1050,2025-12-21,Alberto Moleiro,ES1,0,0,0,0,90
4645843_805714,4645843,805714,1050,1050,2025-12-21,Renato Veiga,ES1,0,0,0,0,39
4645843_937958,4645843,937958,131,131,2025-12-21,Lamine Yamal,ES1,0,0,1,0,90
4645847_602105,4645847,602105,150,150,2025-12-21,Antony,ES1,0,0,0,1,66
4645847_735568,4645847,735568,150,150,2025-12-21,Natan,ES1,0,0,0,0,67
4647918_541537,4647918,541537,141,141,2025-12-21,Barış Alper Yılmaz,TR1,0,0,0,2,90
4647918_553469,4647918,553469,141,141,2025-12-21,Gabriel Sara,TR1,0,0,1,0,17
4680829_314678,4680829,314678,3575,418,2025-12-21,Brahim Díaz,AFCN,1,0,1,0,76
4680829_654982,4680829,654982,3575,79,2025-12-21,Bilal El Khannouss,AFCN,0,0,0,0,14
4680829_702869,4680829,702869,3575,383,2025-12-21,Ismael Saibari,AFCN,0,0,0,0,76
4680829_724520,4680829,724520,3575,150,2025-12-21,Abde Ezzalzouli,AFCN,0,0,0,0,26
4641385_1105541,4641385,1105541,58,58,2025-12-21,Nathan De Cat,BE1,0,0,0,0,90
4645843_466794,4645843,466794,131,131,2025-12-21,Eric García,ES1,1,0,0,0,66
4645843_962110,4645843,962110,131,131,2025-12-21,Pau Cubarsí,ES1,0,0,0,0,90
4645843_411295,4645843,411295,131,131,2025-12-21,Raphinha,ES1,0,0,1,0,90
4645842_576024,4645842,576024,13,13,2025-12-21,Julián Alvarez,ES1,0,0,0,1,77
4641494_408574,4641494,408574,383,383,2025-12-21,Joey Veerman,NL1,0,0,0,1,86
4645843_398184,4645843,398184,131,131,2025-12-21,Ferran Torres,ES1,0,0,0,0,62
4641494_627207,4641494,627207,383,383,2025-12-21,Ricardo Pepi,NL1,0,0,1,0,89
4641496_420213,4641496,420213,234,244,2025-12-21,Quinten Timber,NL1,0,0,0,0,90
4641497_552655,4641497,552655,1090,1090,2025-12-21,Troy Parrott,NL1,0,0,1,0,90
4645842_1005575,4645842,1005575,12321,12321,2025-12-21,Vitor Reis,ES1,0,0,0,0,90
4645842_404418,4645842,404418,13,13,2025-12-21,Dávid Hancko,ES1,0,0,0,0,90
4645842_488362,4645842,488362,13,148,2025-12-21,Conor Gallagher,ES1,0,0,1,0,49
4641497_859035,4641497,859035,1090,1090,2025-12-21,Kees Smit,NL1,0,0,0,0,90
4645843_258923,4645843,258923,131,131,2025-12-21,Marcus Rashford,ES1,0,0,0,0,27
4645842_742201,4645842,742201,13,13,2025-12-21,Giuliano Simeone,ES1,0,0,0,0,90
4645842_775605,4645842,775605,13,13,2025-12-21,Pablo Barrios,ES1,0,0,0,0,90
4645842_844637,4645842,844637,13,13,2025-12-21,Marc Pubill,ES1,0,0,0,0,90
4645843_1018920,4645843,1018920,131,131,2025-12-21,Marc Bernal,ES1,0,0,0,0,24
4645842_616631,4645842,616631,13,13,2025-12-21,Matteo Ruggeri,ES1,0,0,0,0,90
4645843_326330,4645843,326330,131,131,2025-12-21,Frenkie de Jong,ES1,0,0,0,1,90
4625939_420002,4625939,420002,873,873,2025-12-20,Jean-Philippe Mateta,GB1,0,0,0,0,77
4625939_346890,4625939,346890,399,399,2025-12-20,Noah Okafor,GB1,0,0,0,0,77
4625939_392757,4625939,392757,873,281,2025-12-20,Marc Guéhi,GB1,1,0,0,0,90
4625939_392771,4625939,392771,399,399,2025-12-20,Ethan Ampadu,GB1,0,0,1,0,87
4625939_730893,4625939,730893,873,873,2025-12-20,Tyrick Mitchell,GB1,0,0,0,0,90
4625939_434224,4625939,434224,873,873,2025-12-20,Maxence Lacroix,GB1,1,0,0,0,90
4625939_568157,4625939,568157,873,1050,2025-12-20,Yéremy Pino,GB1,0,0,0,0,86
4625939_578539,4625939,578539,873,873,2025-12-20,Chris Richards,GB1,0,0,0,0,90
4625939_258919,4625939,258919,873,873,2025-12-20,Dean Henderson,GB1,0,0,0,0,90
4625939_344069,4625939,344069,399,399,2025-12-20,Anton Stach,GB1,0,0,1,0,90
4625937_423440,4625937,423440,11,11,2025-12-20,Martín Zubimendi,GB1,0,0,0,0,90
4625937_937941,4625937,937941,29,29,2025-12-20,Thierno Barry,GB1,0,0,0,0,66
4625937_659813,4625937,659813,11,11,2025-12-20,Piero Hincapié,GB1,0,0,0,0,90
4625937_655488,4625937,655488,11,11,2025-12-20,Gabriel Martinelli,GB1,1,0,0,0,10
4625937_505219,4625937,505219,29,29,2025-12-20,James Garner,GB1,0,0,0,0,90
4625937_502821,4625937,502821,11,11,2025-12-20,Riccardo Calafiori,GB1,0,0,0,0,90
4625937_495666,4625937,495666,11,11,2025-12-20,William Saliba,GB1,0,0,0,0,90
4625937_433177,4625937,433177,11,11,2025-12-20,Bukayo Saka,GB1,0,0,0,0,90
4625937_420243,4625937,420243,11,11,2025-12-20,Jurriën Timber,GB1,0,0,0,0,90
4625940_258004,4625940,258004,281,281,2025-12-20,Rúben Dias,GB1,0,0,0,0,90
4625939_744149,4625939,744149,873,873,2025-12-20,Adam Wharton,GB1,1,0,0,0,90
4625941_397033,4625941,397033,762,762,2025-12-20,Sandro Tonali,GB1,0,0,0,0,90
4625940_314875,4625940,314875,379,379,2025-12-20,Jarrod Bowen,GB1,1,0,0,0,90
4625940_315858,4625940,315858,281,281,2025-12-20,Gianluigi Donnarumma,GB1,0,0,0,0,90
4625937_357662,4625937,357662,11,11,2025-12-20,Declan Rice,GB1,0,0,0,0,90
4625941_398065,4625941,398065,762,762,2025-12-20,Harvey Barnes,GB1,0,0,0,0,18
4625941_388165,4625941,388165,762,762,2025-12-20,Yoane Wissa,GB1,1,0,0,0,17
4625941_346314,4625941,346314,631,631,2025-12-20,Trevoh Chalobah,GB1,0,0,0,0,90
4625941_284857,4625941,284857,631,631,2025-12-20,Marc Cucurella,GB1,0,0,0,0,90
4625940_880245,4625940,880245,379,379,2025-12-20,Mateus Fernandes,GB1,0,0,0,0,79
4625940_763079,4625940,763079,281,281,2025-12-20,Abdukodir Khusanov,GB1,0,0,0,0,23
4625940_743591,4625940,743591,281,281,2025-12-20,Savinho,GB1,0,0,0,0,23
4625940_743413,4625940,743413,281,281,2025-12-20,Nico O'Reilly,GB1,0,0,0,0,90
4625940_701057,4625940,701057,281,281,2025-12-20,Rico Lewis,GB1,0,0,0,0,23
4625940_607223,4625940,607223,281,281,2025-12-20,Rayan Cherki,GB1,0,0,0,0,67
4625940_601883,4625940,601883,281,281,2025-12-20,Matheus Nunes,GB1,0,0,0,0,90
4625940_475959,4625940,475959,281,281,2025-12-20,Josko Gvardiol,GB1,0,0,0,0,90
4625940_474701,4625940,474701,379,379,2025-12-20,Crysencio Summerville,GB1,0,0,0,0,79
4625940_466805,4625940,466805,281,281,2025-12-20,Nico González,GB1,1,0,0,0,67
4625940_460939,4625940,460939,281,281,2025-12-20,Tijjani Reijnders,GB1,0,0,1,0,67
4625940_444523,4625940,444523,379,379,2025-12-20,Lucas Paquetá,GB1,0,0,0,0,78
4625940_418560,4625940,418560,281,281,2025-12-20,Erling Haaland,GB1,0,0,2,1,90
4625940_406635,4625940,406635,281,281,2025-12-20,Phil Foden,GB1,0,0,0,0,90
4625937_404842,4625937,404842,29,29,2025-12-20,Vitaliy Mykolenko,GB1,1,0,0,0,90
4625941_472423,4625941,472423,631,631,2025-12-20,Reece James,GB1,0,0,1,0,90
4625937_338424,4625937,338424,11,11,2025-12-20,Mikel Merino,GB1,0,0,0,0,2
4625937_325443,4625937,325443,11,11,2025-12-20,Viktor Gyökeres,GB1,1,0,1,0,65
4625935_465555,4625935,465555,989,989,2025-12-20,Djordje Petrovic,GB1,0,0,0,0,90
4625935_463605,4625935,463605,989,989,2025-12-20,Bafodé Diakité,GB1,0,0,0,0,90
4625935_399434,4625935,399434,989,989,2025-12-20,Marcus Tavernier,GB1,0,0,0,0,90
4625935_330659,4625935,330659,989,989,2025-12-20,Justin Kluivert,GB1,0,0,0,0,64
4620858_618341,4620858,618341,398,398,2025-12-20,Mario Gila,IT1,1,0,0,0,90
4620858_522784,4620858,522784,398,379,2025-12-20,Taty Castellanos,IT1,0,0,0,0,90
4620858_465830,4620858,465830,398,398,2025-12-20,Mattéo Guendouzi,IT1,1,0,0,0,90
4620857_964580,4620857,964580,12,12,2025-12-20,Wesley,IT1,0,0,0,0,90
4620857_845654,4620857,845654,506,506,2025-12-20,Kenan Yıldız,IT1,0,0,0,0,89
4620857_668951,4620857,668951,12,12,2025-12-20,Matías Soulé,IT1,1,0,0,0,56
4620857_585949,4620857,585949,506,506,2025-12-20,Pierre Kalulu,IT1,0,0,0,0,90
4620857_533738,4620857,533738,506,506,2025-12-20,Jonathan David,IT1,0,0,0,0,8
4620857_516716,4620857,516716,506,506,2025-12-20,Bremer,IT1,0,0,0,0,61
4620857_487474,4620857,487474,506,506,2025-12-20,Francisco Conceição,IT1,1,0,1,0,61
4620857_463618,4620857,463618,506,506,2025-12-20,Khéphren Thuram,IT1,0,0,0,0,90
4620857_368887,4620857,368887,506,506,2025-12-20,Loïs Openda,IT1,0,0,1,0,82
4620857_338670,4620857,338670,12,12,2025-12-20,Mile Svilar,IT1,0,0,0,0,90
4620857_332697,4620857,332697,506,506,2025-12-20,Weston McKennie,IT1,1,0,0,1,90
4620857_265088,4620857,265088,506,506,2025-12-20,Manuel Locatelli,IT1,0,0,0,0,90
4625935_469781,4625935,469781,989,989,2025-12-20,Marcos Senesi,GB1,0,0,0,0,90
4625935_583255,4625935,583255,989,281,2025-12-20,Antoine Semenyo,GB1,0,0,1,0,90
4625935_654539,4625935,654539,989,989,2025-12-20,Adrien Truffert,GB1,0,0,0,0,90
4625936_633992,4625936,633992,289,289,2025-12-20,Enzo Le Fée,GB1,1,0,0,0,90
4625937_316264,4625937,316264,11,11,2025-12-20,Martin Ødegaard,GB1,0,0,0,0,88
4625937_262749,4625937,262749,11,11,2025-12-20,David Raya,GB1,0,0,0,0,90
4625936_947411,4625936,947411,289,289,2025-12-20,Chris Rigg,GB1,0,0,0,0,64
4625936_876631,4625936,876631,289,289,2025-12-20,Habib Diarra,GB1,0,0,0,0,26
4625936_867688,4625936,867688,1237,1237,2025-12-20,Jack Hinshelwood,GB1,0,0,0,0,71
4625936_700106,4625936,700106,1237,23826,2025-12-20,Brajan Gruda,GB1,1,0,0,0,87
4625936_667287,4625936,667287,1237,1237,2025-12-20,Yasin Ayari,GB1,0,0,0,0,90
4625936_646991,4625936,646991,289,289,2025-12-20,Robin Roefs,GB1,0,0,0,0,90
4625936_565093,4625936,565093,1237,1237,2025-12-20,Bart Verbruggen,GB1,0,0,0,0,90
4625935_711337,4625935,711337,989,989,2025-12-20,Evanilson,GB1,0,0,0,0,63
4625936_538977,4625936,538977,1237,1237,2025-12-20,Georginio Rutter,GB1,0,0,0,0,90
4625936_473169,4625936,473169,289,289,2025-12-20,Brian Brobbey,GB1,0,0,0,0,72
4625936_415381,4625936,415381,1237,1237,2025-12-20,Mats Wieffer,GB1,0,0,0,0,45
4625936_369316,4625936,369316,1237,1237,2025-12-20,Ferdi Kadıoğlu,GB1,0,0,0,0,90
4625936_1060087,4625936,1060087,1237,1237,2025-12-20,Charalampos Kostoulas,GB1,0,0,0,0,19
4625936_1012534,4625936,1012534,1237,1237,2025-12-20,Yankuba Minteh,GB1,0,0,0,0,71
4625935_955357,4625935,955357,989,989,2025-12-20,Junior Kroupi,GB1,0,0,0,0,26
4625935_855256,4625935,855256,989,989,2025-12-20,Alex Scott,GB1,0,0,0,0,1
4625941_455661,4625941,455661,762,762,2025-12-20,Nick Woltemade,GB1,0,0,2,0,73
4620857_624690,4620857,624690,12,12,2025-12-20,Manu Koné,IT1,1,0,0,0,90
4625941_475411,4625941,475411,631,631,2025-12-20,Wesley Fofana,GB1,0,0,0,0,90
4634262_691892,4634262,691892,24,24,2025-12-20,Nathaniel Brown,L1,0,0,0,1,90
4634258_927353,4634258,927353,60,60,2025-12-20,Johan Manzambi,L1,0,0,0,1,79
4634258_669380,4634258,669380,82,82,2025-12-20,Konstantinos Koulierakis,L1,0,0,0,0,90
4634258_668606,4634258,668606,60,60,2025-12-20,Yuito Suzuki,L1,0,0,0,1,90
4634258_526845,4634258,526845,60,60,2025-12-20,Noah Atubolu,L1,0,0,0,0,90
4634257_924117,4634257,924117,79,79,2025-12-20,Finn Jeltsch,L1,0,0,0,0,45
4634257_667457,4634257,667457,533,533,2025-12-20,Leon Avdullahu,L1,0,0,0,0,90
4634257_579459,4634257,579459,533,533,2025-12-20,Albian Hajdari,L1,1,0,0,0,73
4634257_524290,4634257,524290,533,533,2025-12-20,Fisnik Asllani,L1,0,0,0,0,65
4634257_518505,4634257,518505,79,79,2025-12-20,Jamie Leweling,L1,0,0,0,0,90
4634257_443710,4634257,443710,79,79,2025-12-20,Angelo Stiller,L1,1,0,0,0,90
4634256_957874,4634256,957874,23826,23826,2025-12-20,Rômulo,L1,0,0,0,0,70
4634256_618472,4634256,618472,23826,23826,2025-12-20,Castello Lukeba,L1,1,0,0,0,90
4634256_467437,4634256,467437,15,15,2025-12-20,Malik Tillman,L1,0,0,0,0,90
4634256_404950,4634256,404950,23826,23826,2025-12-20,Nicolas Seiwald,L1,0,0,0,0,89
4634256_324278,4634256,324278,23826,23826,2025-12-20,Christoph Baumgartner,L1,0,0,0,1,90
4634256_318204,4634256,318204,23826,23826,2025-12-20,David Raum,L1,0,0,0,0,90
4634256_1364454,4634256,1364454,15,15,2025-12-20,Christian Kofane,L1,0,0,0,0,13
4625943_823486,4625943,823486,1148,1148,2025-12-20,Michael Kayode,GB1,1,0,0,0,90
4625943_800176,4625943,800176,543,543,2025-12-20,André,GB1,0,0,0,0,90
4634261_1168219,4634261,1168219,3,3,2025-12-20,Said El Mala,L1,0,0,0,0,22
4634262_816585,4634262,816585,24,24,2025-12-20,Can Uzun,L1,0,0,0,0,19
4625943_735570,4625943,735570,543,543,2025-12-20,João Gomes,GB1,1,0,0,0,90
4634262_892160,4634262,892160,41,148,2025-12-20,Luka Vuskovic,L1,0,0,0,0,90
4665109_964426,4665109,964426,683,683,2025-12-20,Christos Mouzakitis,GR1,0,0,0,0,90
4647914_454567,4647914,454567,114,114,2025-12-20,Orkun Kökçü,TR1,0,0,0,0,90
4645849_711374,4645849,711374,681,681,2025-12-20,Jon Gorrotxategi,ES1,1,0,0,0,90
4645849_351478,4645849,351478,681,681,2025-12-20,Mikel Oyarzabal,ES1,0,0,0,0,90
4645849_1018938,4645849,1018938,681,681,2025-12-20,Jon Martín,ES1,0,0,0,0,90
4645841_935231,4645841,935231,331,331,2025-12-20,Víctor Muñoz,ES1,0,0,0,0,90
4645840_935230,4645840,935230,418,418,2025-12-20,Gonzalo García,ES1,0,0,0,0,7
4645840_890290,4645840,890290,418,418,2025-12-20,Dean Huijsen,ES1,0,0,0,0,90
4645840_861410,4645840,861410,418,418,2025-12-20,Arda Güler,ES1,0,0,0,0,72
4625941_487465,4625941,487465,631,631,2025-12-20,Pedro Neto,GB1,0,0,0,0,90
4645840_640428,4645840,640428,418,418,2025-12-20,Eduardo Camavinga,ES1,0,0,0,0,18
4645840_581678,4645840,581678,418,418,2025-12-20,Jude Bellingham,ES1,0,0,1,0,90
4645840_413112,4645840,413112,418,418,2025-12-20,Aurélien Tchouaméni,ES1,0,0,0,0,90
4645840_412363,4645840,412363,418,418,2025-12-20,Rodrygo,ES1,1,0,0,2,90
4645840_371998,4645840,371998,418,418,2025-12-20,Vinicius Junior,ES1,0,0,0,0,83
4641500_748804,4641500,748804,610,610,2025-12-20,Mika Godts,NL1,1,0,1,0,90
4641500_470394,4641500,470394,610,398,2025-12-20,Kenneth Taylor,NL1,0,0,0,0,45
4634262_939964,4634262,939964,24,24,2025-12-20,Jean-Mattéo Bahoya,L1,0,0,0,0,45
4634262_931838,4634262,931838,24,24,2025-12-20,Hugo Larsson,L1,0,0,1,0,71
4625943_739443,4625943,739443,1148,1148,2025-12-20,Igor Thiago,GB1,0,0,0,0,90
4645840_342229,4645840,342229,418,418,2025-12-20,Kylian Mbappé,ES1,0,0,1,0,90
4625943_717411,4625943,717411,1148,1148,2025-12-20,Yegor Yarmolyuk,GB1,0,0,0,0,90
4625942_470607,4625942,470607,148,148,2025-12-20,Brennan Johnson,GB1,0,0,0,0,32
4625942_433188,4625942,433188,31,31,2025-12-20,Curtis Jones,GB1,0,0,0,0,90
4625942_378710,4625942,378710,148,148,2025-12-20,Richarlison,GB1,0,0,1,0,10
4625942_355915,4625942,355915,148,148,2025-12-20,Cristian Romero,GB1,0,0,0,0,90
4625942_349066,4625942,349066,31,31,2025-12-20,Alexander Isak,GB1,0,0,1,0,14
4625941_922769,4625941,922769,762,762,2025-12-20,Lewis Miley,GB1,0,0,0,0,90
4625941_811779,4625941,811779,631,631,2025-12-20,Alejandro Garnacho,GB1,1,0,0,0,90
4625941_743600,4625941,743600,631,631,2025-12-20,Andrey Santos,GB1,1,0,0,0,11
4625941_687626,4625941,687626,631,631,2025-12-20,Moisés Caicedo,GB1,1,0,0,0,90
4625941_670858,4625941,670858,762,762,2025-12-20,Lewis Hall,GB1,1,0,0,0,90
4625941_648195,4625941,648195,631,631,2025-12-20,Enzo Fernández,GB1,0,0,0,0,36
4625941_626724,4625941,626724,631,631,2025-12-20,João Pedro,GB1,1,0,1,0,90
4625941_620322,4625941,620322,631,631,2025-12-20,Malo Gusto,GB1,1,0,0,0,54
4625941_583189,4625941,583189,762,762,2025-12-20,Anthony Elanga,GB1,0,0,0,0,17
4625941_568177,4625941,568177,631,631,2025-12-20,Cole Palmer,GB1,0,0,0,0,79
4625941_521964,4625941,521964,762,762,2025-12-20,Malick Thiaw,GB1,0,0,0,0,90
4625941_520624,4625941,520624,762,762,2025-12-20,Bruno Guimarães,GB1,0,0,0,0,90
4625941_503749,4625941,503749,762,762,2025-12-20,Jacob Ramsey,GB1,0,0,0,0,89
4625941_503733,4625941,503733,762,762,2025-12-20,Anthony Gordon,GB1,0,0,0,1,72
4625943_644401,4625943,644401,1148,1148,2025-12-20,Keane Lewis-Potter,GB1,0,0,2,0,90
4625942_451276,4625942,451276,31,31,2025-12-20,Dominik Szoboszlai,GB1,1,0,0,0,90
4625942_357119,4625942,357119,31,31,2025-12-20,Ibrahima Konaté,GB1,1,0,0,0,90
4625942_478573,4625942,478573,31,31,2025-12-20,Ryan Gravenberch,GB1,0,0,0,0,90
4625942_709726,4625942,709726,31,31,2025-12-20,Hugo Ekitiké,GB1,0,0,1,0,90
4625943_541231,4625943,541231,1148,1148,2025-12-20,Sepp van den Berg,GB1,1,0,0,0,90
4625943_540941,4625943,540941,1148,1148,2025-12-20,Mikkel Damsgaard,GB1,0,0,0,1,26
4625943_473050,4625943,473050,1148,1148,2025-12-20,Kevin Schade,GB1,0,0,0,0,90
4625943_469050,4625943,469050,1148,1148,2025-12-20,Nathan Collins,GB1,0,0,0,0,90
4625943_429983,4625943,429983,543,543,2025-12-20,Jørgen Strand Larsen,GB1,0,0,0,0,90
4625943_340918,4625943,340918,1148,1148,2025-12-20,Caoimhín Kelleher,GB1,0,0,0,0,90
4625942_483348,4625942,483348,148,148,2025-12-20,Djed Spence,GB1,0,0,0,0,90
4625942_866246,4625942,866246,148,148,2025-12-20,Lucas Bergvall,GB1,0,0,0,0,71
4625942_730861,4625942,730861,31,31,2025-12-20,Milos Kerkez,GB1,0,0,0,0,90
4625942_922693,4625942,922693,148,148,2025-12-20,Archie Gray,GB1,0,0,0,0,71
4625942_624258,4625942,624258,31,31,2025-12-20,Conor Bradley,GB1,0,0,0,0,45
4625942_566931,4625942,566931,148,23826,2025-12-20,Xavi Simons,GB1,0,0,0,0,33
4625942_557459,4625942,557459,148,148,2025-12-20,Micky van de Ven,GB1,1,0,0,0,90
4625942_553875,4625942,553875,148,148,2025-12-20,Pedro Porro,GB1,0,0,0,0,90
4625942_543499,4625942,543499,148,148,2025-12-20,Mohammed Kudus,GB1,0,0,0,0,58
4625942_484547,4625942,484547,31,31,2025-12-20,Jeremie Frimpong,GB1,0,0,0,0,30
4625942_534033,4625942,534033,31,31,2025-12-20,Alexis Mac Allister,GB1,1,0,0,0,90
4625942_598577,4625942,598577,31,31,2025-12-20,Florian Wirtz,GB1,0,0,0,1,90
4634254_406640,4634254,406640,16,16,2025-12-19,Felix Nmecha,L1,0,0,0,0,90
4641389_990148,4641389,990148,1184,1184,2025-12-19,Konstantinos Karetsas,BE1,0,0,0,1,90
4634254_578392,4634254,578392,16,16,2025-12-19,Maximilian Beier,L1,0,0,1,0,30
4634254_496094,4634254,496094,16,16,2025-12-19,Karim Adeyemi,L1,0,0,0,0,60
4634254_270541,4634254,270541,16,16,2025-12-19,Serhou Guirassy,L1,0,0,0,0,82
4634254_388198,4634254,388198,16,16,2025-12-19,Nico Schlotterbeck,L1,1,0,0,0,90
4634254_370789,4634254,370789,16,16,2025-12-19,Julian Ryerson,L1,0,0,0,0,82
4641400_255942,4641400,255942,46,46,2025-12-19,Nicolò Barella,SCI,0,0,0,0,90
4634254_257814,4634254,257814,16,16,2025-12-19,Gregor Kobel,L1,0,0,0,0,90
4641400_198116,4641400,198116,46,46,2025-12-19,Federico Dimarco,SCI,0,0,0,0,90
4641400_406625,4641400,406625,46,46,2025-12-19,Lautaro Martínez,SCI,0,0,0,0,19
4641400_315853,4641400,315853,46,46,2025-12-19,Alessandro Bastoni,SCI,0,0,0,1,90
4641400_441986,4641400,441986,46,46,2025-12-19,Yann Bisseck,SCI,0,0,0,0,90
4641400_668207,4641400,668207,46,46,2025-12-19,Petar Sučić,SCI,0,0,0,0,4
4641400_672381,4641400,672381,1025,244,2025-12-19,Jonathan Rowe,SCI,0,0,0,0,50
4641400_827734,4641400,827734,46,46,2025-12-19,Ange-Yoan Bonny,SCI,0,0,0,0,90
4641400_849520,4641400,849520,1025,1025,2025-12-19,Santiago Castro,SCI,0,0,0,0,75
4645845_834764,4645845,834764,1049,1049,2025-12-19,Javi Guerra,ES1,0,0,0,0,18
4648789_606752,4648789,606752,1075,1075,2025-12-19,Rodrigo Zalazar,PO1,0,0,0,0,90
4641400_318528,4641400,318528,46,46,2025-12-19,Marcus Thuram,SCI,0,0,1,0,71
4641399_608172,4641399,608172,5,5,2025-12-18,Ardon Jashari,SCI,0,0,0,0,75
4641399_315779,4641399,315779,5,5,2025-12-18,Christian Pulisic,SCI,0,0,0,0,90
4641399_315969,4641399,315969,6195,6195,2025-12-18,Scott McTominay,SCI,1,0,0,0,90
4641399_344381,4641399,344381,5,5,2025-12-18,Christopher Nkunku,SCI,0,0,0,0,90
4641399_469822,4641399,469822,6195,6195,2025-12-18,David Neres,SCI,0,0,1,0,88
4641399_569598,4641399,569598,5,5,2025-12-18,Youssouf Fofana,SCI,0,0,0,0,21
4641399_574671,4641399,574671,5,5,2025-12-18,Strahinja Pavlović,SCI,0,0,0,0,90
4641399_610442,4641399,610442,6195,6195,2025-12-18,Rasmus Højlund,SCI,0,0,1,1,82
4784350_571020,4784350,571020,621,621,2025-12-18,Oihan Sancet,CDR,0,0,0,0,98
4784350_709187,4784350,709187,621,621,2025-12-18,Nico Williams,CDR,0,0,0,0,51
4784350_938729,4784350,938729,621,621,2025-12-18,Mikel Jauregizar,CDR,1,0,1,0,57
4784351_602105,4784351,602105,150,150,2025-12-18,Antony,CDR,0,0,0,0,21
4784351_735568,4784351,735568,150,150,2025-12-18,Natan,CDR,1,0,0,0,45
4769163_823486,4769163,823486,1148,1148,2025-12-17,Michael Kayode,CGB,0,0,0,0,75
4769163_701057,4769163,701057,281,281,2025-12-17,Rico Lewis,CGB,0,0,0,0,90
4769163_717411,4769163,717411,1148,1148,2025-12-17,Yegor Yarmolyuk,CGB,0,0,0,0,88
4769163_743413,4769163,743413,281,281,2025-12-17,Nico O'Reilly,CGB,0,0,0,0,65
4769163_743591,4769163,743591,281,281,2025-12-17,Savinho,CGB,0,0,1,0,90
4769163_763079,4769163,763079,281,281,2025-12-17,Abdukodir Khusanov,CGB,1,0,0,0,90
4769164_333014,4769164,333014,931,931,2025-12-17,Sander Berge,CGB,0,0,0,0,90
4769164_1011131,4769164,1011131,931,931,2025-12-17,Josh King,CGB,0,0,0,0,16
4769164_279455,4769164,279455,931,931,2025-12-17,Harry Wilson,CGB,0,0,0,0,90
4769163_644401,4769163,644401,1148,1148,2025-12-17,Keane Lewis-Potter,CGB,0,0,0,0,14
4769164_397033,4769164,397033,762,762,2025-12-17,Sandro Tonali,CGB,0,0,0,1,18
4769164_388165,4769164,388165,762,762,2025-12-17,Yoane Wissa,CGB,0,0,1,0,72
4769163_661207,4769163,661207,281,281,2025-12-17,Oscar Bobb,CGB,0,0,0,0,19
4761075_420213,4761075,420213,234,244,2025-12-17,Quinten Timber,NLP,0,0,0,0,90
4769163_607223,4769163,607223,281,281,2025-12-17,Rayan Cherki,CGB,0,0,1,0,66
4769163_601883,4769163,601883,281,281,2025-12-17,Matheus Nunes,CGB,1,0,0,0,24
4769163_566799,4769163,566799,281,281,2025-12-17,James Trafford,CGB,0,0,0,0,90
4769163_541231,4769163,541231,1148,1148,2025-12-17,Sepp van den Berg,CGB,0,0,0,0,90
4769163_540941,4769163,540941,1148,1148,2025-12-17,Mikkel Damsgaard,CGB,0,0,0,0,90
4769163_475959,4769163,475959,281,281,2025-12-17,Josko Gvardiol,CGB,0,0,0,0,25
4769163_469050,4769163,469050,1148,1148,2025-12-17,Nathan Collins,CGB,0,0,0,0,90
4769163_466805,4769163,466805,281,281,2025-12-17,Nico González,CGB,0,0,0,0,66
4769163_460939,4769163,460939,281,281,2025-12-17,Tijjani Reijnders,CGB,0,0,0,1,90
4769163_406635,4769163,406635,281,281,2025-12-17,Phil Foden,CGB,0,0,0,0,63
4761068_748804,4761068,748804,610,610,2025-12-17,Mika Godts,NLP,0,0,0,1,45
4769164_455661,4769164,455661,762,762,2025-12-17,Nick Woltemade,CGB,1,0,0,0,18
4769164_398065,4769164,398065,762,762,2025-12-17,Harvey Barnes,CGB,0,0,0,0,85
4769163_473050,4769163,473050,1148,1148,2025-12-17,Kevin Schade,CGB,0,0,0,0,88
4769164_503733,4769164,503733,762,762,2025-12-17,Anthony Gordon,CGB,0,0,0,0,5
4784346_742201,4784346,742201,13,13,2025-12-17,Giuliano Simeone,CDR,0,0,0,0,25
4784347_971570,4784347,971570,418,418,2025-12-17,Endrick,CDR,0,0,0,0,77
4784347_935230,4784347,935230,418,418,2025-12-17,Gonzalo García,CDR,0,0,0,0,90
4784347_890290,4784347,890290,418,418,2025-12-17,Dean Huijsen,CDR,0,0,0,0,90
4784347_861410,4784347,861410,418,418,2025-12-17,Arda Güler,CDR,0,0,0,0,77
4784347_811778,4784347,811778,418,418,2025-12-17,Álvaro Carreras,CDR,0,0,0,0,90
4784347_581678,4784347,581678,418,418,2025-12-17,Jude Bellingham,CDR,1,0,0,0,13
4769164_503749,4769164,503749,762,762,2025-12-17,Jacob Ramsey,CGB,0,0,0,0,90
4784347_412363,4784347,412363,418,418,2025-12-17,Rodrygo,CDR,0,0,0,0,24
4784347_342229,4784347,342229,418,418,2025-12-17,Kylian Mbappé,CDR,0,0,2,1,90
4784347_1057316,4784347,1057316,418,418,2025-12-17,Franco Mastantuono,CDR,0,0,0,0,66
4784346_775605,4784346,775605,13,13,2025-12-17,Pablo Barrios,CDR,0,0,0,0,24
4784347_413112,4784347,413112,418,418,2025-12-17,Aurélien Tchouaméni,CDR,0,0,0,1,13
4784346_488362,4784346,488362,13,148,2025-12-17,Conor Gallagher,CDR,0,0,0,1,66
4769164_922769,4769164,922769,762,762,2025-12-17,Lewis Miley,CGB,0,0,1,0,90
4784346_404418,4784346,404418,13,13,2025-12-17,Dávid Hancko,CDR,0,0,0,0,80
4769164_520624,4769164,520624,762,762,2025-12-17,Bruno Guimarães,CGB,0,0,0,0,90
4769164_521964,4769164,521964,762,762,2025-12-17,Malick Thiaw,CGB,0,0,0,0,90
4769164_583189,4769164,583189,762,762,2025-12-17,Anthony Elanga,CGB,0,0,0,0,5
4769164_900195,4769164,900195,931,660,2025-12-17,Kevin,CGB,0,0,0,0,74
4769164_503981,4769164,503981,762,762,2025-12-17,Tino Livramento,CGB,0,0,0,0,76
4784343_729814,4784343,729814,1050,1050,2025-12-17,Georges Mikautadze,CDR,0,0,0,0,83
4784343_733576,4784343,733576,1050,1050,2025-12-17,Alberto Moleiro,CDR,1,0,0,0,90
4784343_805714,4784343,805714,1050,1050,2025-12-17,Renato Veiga,CDR,0,0,0,0,34
4784344_935231,4784344,935231,331,331,2025-12-17,Víctor Muñoz,CDR,0,0,0,1,51
4769166_626724,4769166,626724,631,631,2025-12-16,João Pedro,CGB,0,0,0,1,45
4769166_904802,4769166,904802,631,631,2025-12-16,Jorrel Hato,CGB,0,0,0,0,90
4769166_811779,4769166,811779,631,631,2025-12-16,Alejandro Garnacho,CGB,0,0,2,0,45
4769166_743600,4769166,743600,631,631,2025-12-16,Andrey Santos,CGB,0,0,0,1,90
4769166_687626,4769166,687626,631,631,2025-12-16,Moisés Caicedo,CGB,1,0,0,0,90
4769166_670882,4769166,670882,631,631,2025-12-16,Jamie Gittens,CGB,0,0,0,0,66
4769166_487465,4769166,487465,631,631,2025-12-16,Pedro Neto,CGB,0,0,1,0,24
4769166_620322,4769166,620322,631,631,2025-12-16,Malo Gusto,CGB,0,0,0,0,24
4784340_258923,4784340,258923,131,131,2025-12-16,Marcus Rashford,CDR,0,0,1,0,90
4769166_346314,4769166,346314,631,631,2025-12-16,Trevoh Chalobah,CGB,0,0,0,0,6
4769166_1004708,4769166,1004708,631,631,2025-12-16,Josh Acheampong,CGB,0,0,0,0,84
4761062_627207,4761062,627207,383,383,2025-12-16,Ricardo Pepi,NLP,0,0,0,0,90
4784340_1018920,4784340,1018920,131,131,2025-12-16,Marc Bernal,CDR,1,0,0,0,45
4784340_411975,4784340,411975,131,131,2025-12-16,Jules Koundé,CDR,0,0,0,0,15
4784340_326330,4784340,326330,131,131,2025-12-16,Frenkie de Jong,CDR,0,0,0,1,90
4784340_705395,4784340,705395,131,131,2025-12-16,Gerard Martín,CDR,0,0,0,0,4
4784341_711374,4784341,711374,681,681,2025-12-16,Jon Gorrotxategi,CDR,0,0,0,0,90
4784341_1018938,4784341,1018938,681,681,2025-12-16,Jon Martín,CDR,0,0,0,0,90
4784340_962110,4784340,962110,131,131,2025-12-16,Pau Cubarsí,CDR,0,0,0,0,45
4784340_937958,4784340,937958,131,131,2025-12-16,Lamine Yamal,CDR,0,0,0,1,90
4784342_834764,4784342,834764,1049,1049,2025-12-16,Javi Guerra,CDR,0,0,0,0,90
4784340_683840,4784340,683840,131,131,2025-12-16,Pedri,CDR,0,0,0,0,15
4784340_636703,4784340,636703,131,131,2025-12-16,Fermín López,CDR,0,0,0,0,90
4784340_636688,4784340,636688,131,131,2025-12-16,Alejandro Balde,CDR,0,0,0,0,27
4784340_466794,4784340,466794,131,131,2025-12-16,Eric García,CDR,0,0,0,0,90
4625930_1078163,4625930,1078163,985,985,2025-12-15,Ayden Heaven,GB1,0,0,0,0,90
4625930_469781,4625930,469781,989,989,2025-12-15,Marcos Senesi,GB1,1,0,0,0,90
4625930_465555,4625930,465555,989,989,2025-12-15,Djordje Petrovic,GB1,0,0,0,0,90
4625930_463605,4625930,463605,989,989,2025-12-15,Bafodé Diakité,GB1,0,0,0,0,90
4625930_413039,4625930,413039,985,985,2025-12-15,Bryan Mbeumo,GB1,0,0,0,0,90
4625930_399434,4625930,399434,989,989,2025-12-15,Marcus Tavernier,GB1,0,0,1,1,90
4625930_357147,4625930,357147,985,985,2025-12-15,Diogo Dalot,GB1,1,0,0,0,90
4625930_346483,4625930,346483,985,985,2025-12-15,Mason Mount,GB1,0,0,0,0,69
4625930_332705,4625930,332705,989,989,2025-12-15,Tyler Adams,GB1,0,0,0,0,5
4625930_330659,4625930,330659,989,989,2025-12-15,Justin Kluivert,GB1,0,0,0,0,90
4625930_240306,4625930,240306,985,985,2025-12-15,Bruno Fernandes,GB1,0,0,1,1,90
4620849_624690,4620849,624690,12,12,2025-12-15,Manu Koné,IT1,0,0,0,0,90
4620849_964580,4620849,964580,12,12,2025-12-15,Wesley,IT1,1,0,1,0,90
4620849_948294,4620849,948294,1047,1047,2025-12-15,Nico Paz,IT1,1,0,0,0,90
4620849_948278,4620849,948278,1047,1047,2025-12-15,Jacobo Ramón,IT1,1,0,0,0,90
4620849_668951,4620849,668951,12,12,2025-12-15,Matías Soulé,IT1,0,0,0,1,82
4625930_503883,4625930,503883,985,1096,2025-12-15,Senne Lammens,GB1,0,0,0,0,90
4620849_580451,4620849,580451,1047,1047,2025-12-15,Martin Baturina,IT1,0,0,0,0,79
4620849_523318,4620849,523318,1047,1047,2025-12-15,Anastasios Douvikas,IT1,0,0,0,0,53
4620849_371149,4620849,371149,12,12,2025-12-15,Evan Ndicka,IT1,0,0,0,0,90
4620849_1061282,4620849,1061282,1047,1047,2025-12-15,Assane Diao,IT1,0,0,0,0,37
4620849_1190411,4620849,1190411,1047,1047,2025-12-15,Jesús Rodríguez,IT1,0,0,0,0,25
4625930_480762,4625930,480762,985,985,2025-12-15,Lisandro Martínez,GB1,0,0,0,0,21
4620849_338670,4620849,338670,12,12,2025-12-15,Mile Svilar,IT1,0,0,0,0,90
4625930_517894,4625930,517894,985,985,2025-12-15,Matheus Cunha,GB1,0,0,1,0,90
4645782_602105,4645782,602105,150,150,2025-12-15,Antony,ES1,0,0,0,0,90
4648678_991268,4648678,991268,720,720,2025-12-15,Samu Aghehowa,PO1,0,0,2,0,82
4648678_957653,4648678,957653,720,720,2025-12-15,Rodrigo Mora,PO1,0,0,0,0,75
4648678_926993,4648678,926993,720,720,2025-12-15,Victor Froholdt,PO1,0,0,0,0,90
4648678_756990,4648678,756990,720,720,2025-12-15,Alan Varela,PO1,0,0,0,0,65
4648678_699704,4648678,699704,720,720,2025-12-15,Gabri Veiga,PO1,0,0,0,0,15
4648678_357153,4648678,357153,720,720,2025-12-15,Diogo Costa,PO1,0,0,0,0,90
4648678_1004725,4648678,1004725,720,720,2025-12-15,William Gomes,PO1,0,0,0,0,25
4648675_606752,4648675,606752,1075,1075,2025-12-15,Rodrigo Zalazar,PO1,0,0,0,0,59
4645782_735568,4645782,735568,150,150,2025-12-15,Natan,ES1,0,0,0,0,90
4648678_425918,4648678,425918,720,11,2025-12-15,Jakub Kiwior,PO1,0,0,0,0,90
4625930_955357,4625930,955357,989,989,2025-12-15,Junior Kroupi,GB1,0,0,1,0,12
4625930_711337,4625930,711337,989,989,2025-12-15,Evanilson,GB1,0,0,1,0,78
4625930_926952,4625930,926952,985,985,2025-12-15,Patrick Dorgu,GB1,0,0,0,0,1
4625930_583255,4625930,583255,989,281,2025-12-15,Antoine Semenyo,GB1,1,0,1,0,90
4625930_627442,4625930,627442,985,985,2025-12-15,Benjamin Sesko,GB1,0,0,0,0,21
4625930_654539,4625930,654539,989,989,2025-12-15,Adrien Truffert,GB1,0,0,0,0,90
4625930_536835,4625930,536835,985,985,2025-12-15,Amad Diallo,GB1,0,0,1,0,90
4625930_820374,4625930,820374,985,985,2025-12-15,Kobbie Mainoo,GB1,0,0,0,0,29
4625930_855256,4625930,855256,989,989,2025-12-15,Alex Scott,GB1,0,0,0,0,85
4625930_923831,4625930,923831,985,985,2025-12-15,Leny Yoro,GB1,0,0,0,0,69
4625928_701057,4625928,701057,281,281,2025-12-14,Rico Lewis,GB1,0,0,0,0,1
4625931_378710,4625931,378710,148,148,2025-12-14,Richarlison,GB1,0,0,0,0,90
4625931_365108,4625931,365108,703,703,2025-12-14,Dan Ndoye,GB1,0,0,0,0,1
4625931_355915,4625931,355915,148,148,2025-12-14,Cristian Romero,GB1,0,0,0,0,90
4625931_1005649,4625931,1005649,703,703,2025-12-14,Murillo,GB1,0,0,0,0,90
4625928_744149,4625928,744149,873,873,2025-12-14,Adam Wharton,GB1,0,0,0,0,90
4625928_743591,4625928,743591,281,281,2025-12-14,Savinho,GB1,0,0,0,1,5
4625928_743413,4625928,743413,281,281,2025-12-14,Nico O'Reilly,GB1,0,0,0,0,90
4625928_730893,4625928,730893,873,873,2025-12-14,Tyrick Mitchell,GB1,0,0,0,0,90
4625931_392768,4625931,392768,703,703,2025-12-14,Callum Hudson-Odoi,GB1,0,0,2,1,90
4625928_434224,4625928,434224,873,873,2025-12-14,Maxence Lacroix,GB1,0,0,0,0,90
4625928_607223,4625928,607223,281,281,2025-12-14,Rayan Cherki,GB1,0,0,0,1,90
4625928_601883,4625928,601883,281,281,2025-12-14,Matheus Nunes,GB1,0,0,0,1,90
4625928_578539,4625928,578539,873,873,2025-12-14,Chris Richards,GB1,0,0,0,0,90
4625928_578391,4625928,578391,281,281,2025-12-14,Rayan Aït-Nouri,GB1,0,0,0,0,1
4625928_568157,4625928,568157,873,1050,2025-12-14,Yéremy Pino,GB1,0,0,0,0,90
4625928_475959,4625928,475959,281,281,2025-12-14,Josko Gvardiol,GB1,0,0,0,0,90
4625928_466805,4625928,466805,281,281,2025-12-14,Nico González,GB1,0,0,0,0,90
4625928_460939,4625928,460939,281,281,2025-12-14,Tijjani Reijnders,GB1,0,0,0,0,85
4625928_445939,4625928,445939,281,281,2025-12-14,Omar Marmoush,GB1,0,0,0,0,1
4625931_429014,4625931,429014,703,703,2025-12-14,Morgan Gibbs-White,GB1,0,0,0,0,90
4625931_413507,4625931,413507,703,703,2025-12-14,Nikola Milenković,GB1,0,0,0,0,90
4625931_741238,4625931,741238,703,703,2025-12-14,Omari Hutchinson,GB1,0,0,0,0,90
4625931_432164,4625931,432164,703,703,2025-12-14,Igor Jesus,GB1,0,0,0,0,85
4625932_388165,4625932,388165,762,762,2025-12-14,Yoane Wissa,GB1,0,0,0,0,15
4625932_583189,4625932,583189,762,762,2025-12-14,Anthony Elanga,GB1,0,0,0,0,59
4625932_521964,4625932,521964,762,762,2025-12-14,Malick Thiaw,GB1,1,0,0,0,90
4625932_520624,4625932,520624,762,762,2025-12-14,Bruno Guimarães,GB1,1,0,0,0,90
4625932_503981,4625932,503981,762,762,2025-12-14,Tino Livramento,GB1,0,0,0,0,90
4625932_503733,4625932,503733,762,762,2025-12-14,Anthony Gordon,GB1,0,0,0,0,59
4625932_473169,4625932,473169,289,289,2025-12-14,Brian Brobbey,GB1,1,0,0,0,70
4625932_455661,4625932,455661,762,762,2025-12-14,Nick Woltemade,GB1,0,0,0,0,75
4625932_398065,4625932,398065,762,762,2025-12-14,Harvey Barnes,GB1,0,0,0,0,31
4625932_397033,4625932,397033,762,762,2025-12-14,Sandro Tonali,GB1,1,0,0,0,59
4625931_922693,4625931,922693,148,148,2025-12-14,Archie Gray,GB1,1,0,0,0,59
4625931_470607,4625931,470607,148,148,2025-12-14,Brennan Johnson,GB1,0,0,0,0,10
4625931_866246,4625931,866246,148,148,2025-12-14,Lucas Bergvall,GB1,1,0,0,0,31
4625928_418560,4625928,418560,281,281,2025-12-14,Erling Haaland,GB1,0,0,2,0,90
4625931_567576,4625931,567576,703,703,2025-12-14,Elliot Anderson,GB1,0,0,0,0,90
4625931_566931,4625931,566931,148,23826,2025-12-14,Xavi Simons,GB1,0,0,0,0,90
4625931_557459,4625931,557459,148,148,2025-12-14,Micky van de Ven,GB1,0,0,0,0,90
4625931_553875,4625931,553875,148,148,2025-12-14,Pedro Porro,GB1,1,0,0,0,90
4625931_543499,4625931,543499,148,148,2025-12-14,Mohammed Kudus,GB1,0,0,0,0,80
4625931_503680,4625931,503680,703,703,2025-12-14,Neco Williams,GB1,0,0,0,0,90
4625931_483348,4625931,483348,148,148,2025-12-14,Djed Spence,GB1,0,0,0,0,59
4625928_420002,4625928,420002,873,873,2025-12-14,Jean-Philippe Mateta,GB1,0,0,0,0,63
4625925_644401,4625925,644401,1148,1148,2025-12-14,Keane Lewis-Potter,GB1,0,0,0,0,61
4625928_410225,4625928,410225,873,873,2025-12-14,Ismaïla Sarr,GB1,0,0,0,0,90
4620843_849520,4620843,849520,1025,1025,2025-12-14,Santiago Castro,IT1,0,0,0,0,24
4620847_315779,4620847,315779,5,5,2025-12-14,Christian Pulisic,IT1,0,0,0,0,73
4620845_930781,4620845,930781,46,46,2025-12-14,Pio Esposito,IT1,0,0,0,0,74
4620845_668207,4620845,668207,46,46,2025-12-14,Petar Sučić,IT1,0,0,0,0,74
4620845_441986,4620845,441986,46,46,2025-12-14,Yann Bisseck,IT1,1,0,1,0,90
4620845_406625,4620845,406625,46,46,2025-12-14,Lautaro Martínez,IT1,0,0,1,1,84
4620845_318528,4620845,318528,46,46,2025-12-14,Marcus Thuram,IT1,0,0,0,0,16
4620845_315853,4620845,315853,46,46,2025-12-14,Alessandro Bastoni,IT1,0,0,0,0,90
4620845_255942,4620845,255942,46,46,2025-12-14,Nicolò Barella,IT1,1,0,0,0,90
4620844_364135,4620844,364135,430,430,2025-12-14,Moise Kean,IT1,0,0,0,0,90
4620843_845654,4620843,845654,506,506,2025-12-14,Kenan Yıldız,IT1,0,0,0,1,90
4625928_406635,4625928,406635,281,281,2025-12-14,Phil Foden,GB1,0,0,1,0,90
4620843_585949,4620843,585949,506,506,2025-12-14,Pierre Kalulu,IT1,0,0,0,0,90
4620843_533738,4620843,533738,506,506,2025-12-14,Jonathan David,IT1,0,0,0,0,61
4620843_516716,4620843,516716,506,506,2025-12-14,Bremer,IT1,0,0,0,0,14
4620843_487474,4620843,487474,506,506,2025-12-14,Francisco Conceição,IT1,0,0,0,0,88
4620843_463618,4620843,463618,506,506,2025-12-14,Khéphren Thuram,IT1,0,0,0,0,90
4620843_368887,4620843,368887,506,506,2025-12-14,Loïs Openda,IT1,0,0,0,0,29
4620843_332697,4620843,332697,506,506,2025-12-14,Weston McKennie,IT1,0,0,0,0,90
4620843_265088,4620843,265088,506,506,2025-12-14,Manuel Locatelli,IT1,0,0,0,0,90
4625932_646991,4625932,646991,289,289,2025-12-14,Robin Roefs,GB1,0,0,0,0,90
4620847_344381,4620847,344381,5,5,2025-12-14,Christopher Nkunku,IT1,0,0,0,1,90
4620847_574671,4620847,574671,5,5,2025-12-14,Strahinja Pavlović,IT1,0,0,0,0,90
4620847_679423,4620847,679423,6574,6574,2025-12-14,Tarik Muharemović,IT1,1,0,0,0,90
4620847_921655,4620847,921655,6574,6574,2025-12-14,Ismaël Koné,IT1,0,0,1,0,90
4625928_392757,4625928,392757,873,281,2025-12-14,Marc Guéhi,GB1,0,0,0,0,90
4625928_315858,4625928,315858,281,281,2025-12-14,Gianluigi Donnarumma,GB1,0,0,0,0,90
4625928_258919,4625928,258919,873,873,2025-12-14,Dean Henderson,GB1,1,0,0,0,90
4625928_258004,4625928,258004,281,281,2025-12-14,Rúben Dias,GB1,0,0,0,0,90
4625925_823486,4625925,823486,1148,1148,2025-12-14,Michael Kayode,GB1,0,0,0,0,90
4625925_823231,4625925,823231,1148,1148,2025-12-14,Dango Ouattara,GB1,0,0,0,0,90
4625925_739443,4625925,739443,1148,1148,2025-12-14,Igor Thiago,GB1,0,0,0,0,90
4625925_717411,4625925,717411,1148,1148,2025-12-14,Yegor Yarmolyuk,GB1,0,0,0,0,10
4625925_541231,4625925,541231,1148,1148,2025-12-14,Sepp van den Berg,GB1,0,0,0,0,90
4625925_540941,4625925,540941,1148,1148,2025-12-14,Mikkel Damsgaard,GB1,0,0,0,0,29
4625925_469050,4625925,469050,1148,1148,2025-12-14,Nathan Collins,GB1,0,0,0,0,90
4625925_392771,4625925,392771,399,399,2025-12-14,Ethan Ampadu,GB1,0,0,0,0,90
4625925_346890,4625925,346890,399,399,2025-12-14,Noah Okafor,GB1,0,0,0,0,90
4625925_344069,4625925,344069,399,399,2025-12-14,Anton Stach,GB1,0,0,0,0,90
4625925_340918,4625925,340918,1148,1148,2025-12-14,Caoimhín Kelleher,GB1,0,0,0,0,90
4620851_610442,4620851,610442,6195,6195,2025-12-14,Rasmus Højlund,IT1,0,0,0,0,90
4620851_469822,4620851,469822,6195,6195,2025-12-14,David Neres,IT1,0,0,0,0,90
4620851_386446,4620851,386446,6195,6195,2025-12-14,Alessandro Buongiorno,IT1,0,0,0,0,75
4620851_315969,4620851,315969,6195,6195,2025-12-14,Scott McTominay,IT1,0,0,0,0,90
4625932_633992,4625932,633992,289,289,2025-12-14,Enzo Le Fée,GB1,1,0,0,0,90
4625932_727089,4625932,727089,289,289,2025-12-14,Noah Sadiki,GB1,0,0,0,0,90
4625932_670858,4625932,670858,762,762,2025-12-14,Lewis Hall,GB1,0,0,0,0,90
4635149_532826,4635149,532826,244,244,2025-12-14,Mason Greenwood,FR1,1,0,1,0,90
4641502_420213,4641502,420213,234,244,2025-12-14,Quinten Timber,NL1,0,0,0,0,90
4641310_893661,4641310,893661,2282,2282,2025-12-14,Joel Ordóñez,BE1,0,0,0,0,90
4641310_780136,4641310,780136,2282,2282,2025-12-14,Aleksandar Stanković,BE1,0,0,1,1,90
4641310_717329,4641310,717329,2282,2282,2025-12-14,Nicolò Tresoldi,BE1,0,0,0,0,61
4641310_451677,4641310,451677,2282,2282,2025-12-14,Christos Tzolis,BE1,0,0,2,1,90
4641304_990148,4641304,990148,1184,1184,2025-12-14,Konstantinos Karetsas,BE1,0,0,0,0,25
4635149_918969,4635149,918969,162,162,2025-12-14,Lamine Camara,FR1,0,0,0,0,86
4635149_745200,4635149,745200,162,162,2025-12-14,Maghnes Akliouche,FR1,0,0,0,0,90
4635149_653610,4635149,653610,244,244,2025-12-14,Igor Paixão,FR1,0,0,0,0,32
4635149_503770,4635149,503770,162,162,2025-12-14,Folarin Balogun,FR1,0,0,0,0,90
4635143_652275,4635143,652275,1082,1082,2025-12-14,Hákon Arnar Haraldsson,FR1,0,0,1,0,74
4635149_334526,4635149,334526,162,162,2025-12-14,Denis Zakaria,FR1,0,0,0,0,90
4635148_808348,4635148,808348,826,826,2025-12-14,Mamadou Sangaré,FR1,0,0,0,0,90
4635148_743515,4635148,743515,826,826,2025-12-14,Robin Risser,FR1,0,0,0,0,90
4635148_655217,4635148,655217,826,826,2025-12-14,Samson Baidoo,FR1,0,0,0,0,90
4635146_849410,4635146,849410,667,667,2025-12-14,Valentín Barco,FR1,0,0,0,0,90
4635146_834397,4635146,834397,667,667,2025-12-14,Mike Penders,FR1,0,0,0,0,90
4635146_660867,4635146,660867,667,667,2025-12-14,Julio Enciso,FR1,0,0,0,0,75
4635146_655006,4635146,655006,667,667,2025-12-14,Diego Moreira,FR1,0,0,0,0,90
4635146_1064871,4635146,1064871,667,667,2025-12-14,Joaquín Panichelli,FR1,0,0,0,0,90
4641502_748804,4641502,748804,610,610,2025-12-14,Mika Godts,NL1,0,0,0,1,90
4645781_571020,4645781,571020,621,621,2025-12-14,Oihan Sancet,ES1,0,0,0,0,45
4645781_709187,4645781,709187,621,621,2025-12-14,Nico Williams,ES1,0,0,0,0,76
4645781_938729,4645781,938729,621,621,2025-12-14,Mikel Jauregizar,ES1,0,0,0,0,90
4665147_964426,4665147,964426,683,683,2025-12-14,Christos Mouzakitis,GR1,1,0,0,0,90
4648680_735573,4648680,735573,294,294,2025-12-14,Richard Ríos,PO1,0,0,0,0,90
4648680_670103,4648680,670103,294,294,2025-12-14,Andreas Schjelderup,PO1,0,0,0,0,13
4648680_623325,4648680,623325,294,660,2025-12-14,Georgiy Sudakov,PO1,0,0,0,0,77
4648680_537844,4648680,537844,294,294,2025-12-14,Anatoliy Trubin,PO1,0,0,0,0,90
4648680_504087,4648680,504087,294,294,2025-12-14,Tomás Araújo,PO1,0,0,0,0,90
4648680_324503,4648680,324503,294,294,2025-12-14,Vangelis Pavlidis,PO1,0,0,3,0,77
4648677_982575,4648677,982575,3329,3329,2025-12-14,Gustavo Sá,PO1,1,0,1,1,90
4647869_454567,4647869,454567,114,114,2025-12-14,Orkun Kökçü,TR1,1,0,0,0,73
4645787_935230,4645787,935230,418,418,2025-12-14,Gonzalo García,ES1,0,0,0,0,12
4645787_890290,4645787,890290,418,418,2025-12-14,Dean Huijsen,ES1,0,0,0,0,12
4645787_861410,4645787,861410,418,418,2025-12-14,Arda Güler,ES1,0,0,0,0,78
4645787_413112,4645787,413112,418,418,2025-12-14,Aurélien Tchouaméni,ES1,0,0,0,0,90
4645787_412363,4645787,412363,418,418,2025-12-14,Rodrygo,ES1,0,0,1,0,83
4645787_371998,4645787,371998,418,418,2025-12-14,Vinicius Junior,ES1,1,0,0,1,89
4645787_369081,4645787,369081,418,418,2025-12-14,Federico Valverde,ES1,0,0,0,0,90
4645787_342229,4645787,342229,418,418,2025-12-14,Kylian Mbappé,ES1,0,0,1,0,90
4645787_314678,4645787,314678,418,418,2025-12-14,Brahim Díaz,ES1,0,0,0,0,7
4645787_1057316,4645787,1057316,418,418,2025-12-14,Franco Mastantuono,ES1,0,0,0,0,1
4635145_618494,4635145,618494,1041,1041,2025-12-14,Tyler Morton,FR1,1,0,0,0,90
4645787_581678,4645787,581678,418,418,2025-12-14,Jude Bellingham,ES1,0,0,0,1,90
4635143_548254,4635143,548254,1082,1082,2025-12-14,Nathan Ngoy,FR1,0,0,0,0,38
4634245_483046,4634245,483046,27,27,2025-12-14,Josip Stanisic,L1,0,0,0,0,90
4634245_223967,4634245,223967,27,27,2025-12-14,Konrad Laimer,L1,1,0,0,0,29
4634245_161056,4634245,161056,27,27,2025-12-14,Joshua Kimmich,L1,0,0,0,0,90
4634245_132098,4634245,132098,27,27,2025-12-14,Harry Kane,L1,0,0,1,0,90
4634245_1075147,4634245,1075147,27,27,2025-12-14,Lennart Karl,L1,0,0,1,0,90
4625933_880245,4625933,880245,379,379,2025-12-14,Mateus Fernandes,GB1,0,0,1,0,90
4625933_503743,4625933,503743,405,405,2025-12-14,Morgan Rogers,GB1,0,0,2,0,90
4625933_485706,4625933,485706,405,405,2025-12-14,Amadou Onana,GB1,0,0,0,0,64
4625933_485585,4625933,485585,405,405,2025-12-14,Ian Maatsen,GB1,0,0,0,0,75
4625933_474701,4625933,474701,379,379,2025-12-14,Crysencio Summerville,GB1,0,0,0,0,89
4625933_444523,4625933,444523,379,379,2025-12-14,Lucas Paquetá,GB1,0,0,0,0,89
4625933_413403,4625933,413403,405,405,2025-12-14,Ezri Konsa,GB1,0,0,0,0,90
4625933_394327,4625933,394327,405,405,2025-12-14,Boubacar Kamara,GB1,1,0,0,0,90
4625933_324358,4625933,324358,405,405,2025-12-14,Ollie Watkins,GB1,0,0,0,0,75
4625933_314875,4625933,314875,379,379,2025-12-14,Jarrod Bowen,GB1,0,0,1,0,90
4625933_249565,4625933,249565,405,405,2025-12-14,Youri Tielemans,GB1,0,0,0,1,90
4625933_1111589,4625933,1111589,379,379,2025-12-14,El Hadji Malick Diouf,GB1,1,0,0,0,90
4625932_922769,4625932,922769,762,762,2025-12-14,Lewis Miley,GB1,0,0,0,0,90
4625932_743384,4625932,743384,289,289,2025-12-14,Chemsdine Talbi,GB1,0,0,0,0,83
4634249_924117,4634249,924117,79,79,2025-12-14,Finn Jeltsch,L1,0,0,0,1,89
4634245_424204,4634245,424204,27,27,2025-12-14,Alphonso Davies,L1,1,0,0,0,29
4625933_326029,4625933,326029,405,12,2025-12-14,Donyell Malen,GB1,0,0,0,0,26
4634245_566723,4634245,566723,27,27,2025-12-14,Michael Olise,L1,0,0,0,0,90
4634248_526845,4634248,526845,60,60,2025-12-14,Noah Atubolu,L1,0,0,0,0,90
4634249_654982,4634249,654982,79,79,2025-12-14,Bilal El Khannouss,L1,0,0,1,0,76
4634245_643574,4634245,643574,39,39,2025-12-14,Kaishu Sano,L1,0,0,0,0,90
4634249_518505,4634249,518505,79,79,2025-12-14,Jamie Leweling,L1,0,0,1,2,82
4634249_443710,4634249,443710,79,79,2025-12-14,Angelo Stiller,L1,0,0,0,0,90
4634249_436064,4634249,436064,79,79,2025-12-14,Ramon Hendriks,L1,0,0,0,0,90
4634248_927353,4634248,927353,60,60,2025-12-14,Johan Manzambi,L1,1,0,0,0,90
4634248_796297,4634248,796297,16,16,2025-12-14,Jobe Bellingham,L1,0,0,0,0,53
4634248_668606,4634248,668606,60,60,2025-12-14,Yuito Suzuki,L1,0,0,0,0,90
4634248_578392,4634248,578392,16,16,2025-12-14,Maximilian Beier,L1,0,0,0,0,12
4634249_1084638,4634249,1084638,86,86,2025-12-14,Karim Coulibaly,L1,0,0,0,0,59
4634248_496094,4634248,496094,16,16,2025-12-14,Karim Adeyemi,L1,0,0,0,0,1
4634248_388198,4634248,388198,16,16,2025-12-14,Nico Schlotterbeck,L1,0,0,0,0,90
4634248_370789,4634248,370789,16,16,2025-12-14,Julian Ryerson,L1,1,0,0,0,90
4634245_776890,4634245,776890,27,27,2025-12-14,Nicolas Jackson,L1,0,0,0,0,17
4634248_270541,4634248,270541,16,16,2025-12-14,Serhou Guirassy,L1,0,0,0,0,78
4634248_257814,4634248,257814,16,16,2025-12-14,Gregor Kobel,L1,0,0,0,0,90
4634245_822959,4634245,822959,27,27,2025-12-14,Tom Bischof,L1,0,0,0,0,61
4634248_406640,4634248,406640,16,16,2025-12-14,Felix Nmecha,L1,0,0,0,0,90
4634245_792380,4634245,792380,27,27,2025-12-14,Aleksandar Pavlovic,L1,0,0,0,0,29
4625927_623570,4625927,623570,29,29,2025-12-13,Iliman Ndiaye,GB1,0,0,0,0,90
4625927_937941,4625927,937941,29,29,2025-12-13,Thierno Barry,GB1,0,0,0,0,68
4625927_811779,4625927,811779,631,631,2025-12-13,Alejandro Garnacho,GB1,0,0,0,0,65
4625927_743600,4625927,743600,631,631,2025-12-13,Andrey Santos,GB1,0,0,0,0,32
4625927_670882,4625927,670882,631,631,2025-12-13,Jamie Gittens,GB1,0,0,0,0,25
4625927_648195,4625927,648195,631,631,2025-12-13,Enzo Fernández,GB1,0,0,0,0,90
4625927_626724,4625927,626724,631,631,2025-12-13,João Pedro,GB1,0,0,0,0,81
4625927_505219,4625927,505219,29,29,2025-12-13,James Garner,GB1,0,0,0,0,84
4625927_620322,4625927,620322,631,631,2025-12-13,Malo Gusto,GB1,0,0,1,1,90
4625927_568177,4625927,568177,631,631,2025-12-13,Cole Palmer,GB1,0,0,1,0,58
4625927_487465,4625927,487465,631,631,2025-12-13,Pedro Neto,GB1,0,0,0,1,90
4625927_475411,4625927,475411,631,631,2025-12-13,Wesley Fofana,GB1,1,0,0,0,90
4625929_1060087,4625929,1060087,1237,1237,2025-12-13,Charalampos Kostoulas,GB1,0,0,0,0,8
4625927_475188,4625927,475188,29,29,2025-12-13,Kiernan Dewsbury-Hall,GB1,0,0,0,0,16
4625927_472423,4625927,472423,631,631,2025-12-13,Reece James,GB1,0,0,0,0,90
4625929_1012534,4625929,1012534,1237,1237,2025-12-13,Yankuba Minteh,GB1,0,0,0,0,90
4625929_538977,4625929,538977,1237,1237,2025-12-13,Georginio Rutter,GB1,0,0,0,0,82
4625929_349066,4625929,349066,31,31,2025-12-13,Alexander Isak,GB1,0,0,0,0,12
4625929_357119,4625929,357119,31,31,2025-12-13,Ibrahima Konaté,GB1,1,0,0,0,90
4625929_369316,4625929,369316,1237,1237,2025-12-13,Ferdi Kadıoğlu,GB1,0,0,0,0,90
4625929_415381,4625929,415381,1237,1237,2025-12-13,Mats Wieffer,GB1,0,0,0,0,90
4625929_433188,4625929,433188,31,31,2025-12-13,Curtis Jones,GB1,0,0,0,0,90
4625929_451276,4625929,451276,31,31,2025-12-13,Dominik Szoboszlai,GB1,0,0,0,0,83
4625929_478573,4625929,478573,31,31,2025-12-13,Ryan Gravenberch,GB1,0,0,0,0,90
4625929_534033,4625929,534033,31,31,2025-12-13,Alexis Mac Allister,GB1,0,0,0,0,90
4625929_576314,4625929,576314,1237,1237,2025-12-13,Jan Paul van Hecke,GB1,0,0,0,0,90
4625929_598577,4625929,598577,31,31,2025-12-13,Florian Wirtz,GB1,0,0,0,0,78
4625929_667287,4625929,667287,1237,1237,2025-12-13,Yasin Ayari,GB1,0,0,0,0,26
4625929_700106,4625929,700106,1237,23826,2025-12-13,Brajan Gruda,GB1,0,0,0,0,64
4625929_709726,4625929,709726,31,31,2025-12-13,Hugo Ekitiké,GB1,0,0,2,0,78
4625927_346314,4625927,346314,631,631,2025-12-13,Trevoh Chalobah,GB1,0,0,0,0,90
4625929_730861,4625929,730861,31,31,2025-12-13,Milos Kerkez,GB1,0,0,0,0,90
4625927_404842,4625927,404842,29,29,2025-12-13,Vitaliy Mykolenko,GB1,0,0,0,0,90
4625924_325443,4625924,325443,11,11,2025-12-13,Viktor Gyökeres,GB1,0,0,0,0,81
4625927_284857,4625927,284857,631,631,2025-12-13,Marc Cucurella,GB1,0,0,0,0,90
4620842_895937,4620842,895937,1390,1390,2025-12-13,Marco Palestra,IT1,0,0,0,0,90
4625924_338424,4625924,338424,11,11,2025-12-13,Mikel Merino,GB1,0,0,0,0,32
4625924_335721,4625924,335721,11,11,2025-12-13,Ben White,GB1,0,0,0,0,31
4625924_316264,4625924,316264,11,11,2025-12-13,Martin Ødegaard,GB1,0,0,0,0,33
4625924_262749,4625924,262749,11,11,2025-12-13,David Raya,GB1,0,0,0,0,90
4620848_522784,4620848,522784,398,379,2025-12-13,Taty Castellanos,IT1,0,0,0,0,70
4620848_465830,4620848,465830,398,398,2025-12-13,Mattéo Guendouzi,IT1,0,0,0,0,90
4620842_607854,4620842,607854,800,800,2025-12-13,Éderson,IT1,0,0,0,0,66
4625927_1056993,4625927,1056993,631,631,2025-12-13,Estêvão,GB1,0,0,0,0,9
4620842_459763,4620842,459763,800,800,2025-12-13,Marco Carnesecchi,IT1,0,0,0,0,90
4620842_435772,4620842,435772,800,800,2025-12-13,Charles De Ketelaere,IT1,0,0,0,0,90
4620842_406040,4620842,406040,800,800,2025-12-13,Ademola Lookman,IT1,0,0,0,0,90
4620842_315867,4620842,315867,800,800,2025-12-13,Gianluca Scamacca,IT1,0,0,2,0,90
4620842_1077175,4620842,1077175,800,800,2025-12-13,Honest Ahanor,IT1,0,0,0,0,35
4625929_973085,4625929,973085,1237,1237,2025-12-13,Carlos Baleba,GB1,0,0,0,0,64
4625924_357662,4625924,357662,11,11,2025-12-13,Declan Rice,GB1,0,0,0,0,90
4625924_420243,4625924,420243,11,11,2025-12-13,Jurriën Timber,GB1,0,0,0,0,90
4625924_423440,4625924,423440,11,11,2025-12-13,Martín Zubimendi,GB1,0,0,0,0,58
4625924_429983,4625924,429983,543,543,2025-12-13,Jørgen Strand Larsen,GB1,0,0,0,0,69
4625924_433177,4625924,433177,11,11,2025-12-13,Bukayo Saka,GB1,0,0,0,2,90
4625924_479999,4625924,479999,11,11,2025-12-13,Eberechi Eze,GB1,0,0,0,0,57
4625924_495666,4625924,495666,11,11,2025-12-13,William Saliba,GB1,0,0,0,0,90
4625924_655488,4625924,655488,11,11,2025-12-13,Gabriel Martinelli,GB1,0,0,0,0,57
4625924_659813,4625924,659813,11,11,2025-12-13,Piero Hincapié,GB1,0,0,0,0,90
4625924_735570,4625924,735570,543,543,2025-12-13,João Gomes,GB1,0,0,0,0,90
4625924_800176,4625924,800176,543,543,2025-12-13,André,GB1,0,0,0,0,90
4625924_890721,4625924,890721,11,11,2025-12-13,Myles Lewis-Skelly,GB1,0,0,0,0,59
4625926_1011131,4625926,1011131,931,931,2025-12-13,Josh King,GB1,0,0,0,0,11
4625926_279455,4625926,279455,931,931,2025-12-13,Harry Wilson,GB1,0,0,1,2,89
4625926_333014,4625926,333014,931,931,2025-12-13,Sander Berge,GB1,0,0,0,0,90
4625926_461883,4625926,461883,931,931,2025-12-13,Calvin Bassey,GB1,0,0,1,0,90
4625926_842341,4625926,842341,1132,1132,2025-12-13,Maxime Estève,GB1,0,0,0,0,90
4625929_867688,4625929,867688,1237,1237,2025-12-13,Jack Hinshelwood,GB1,0,0,0,0,82
4625929_565093,4625929,565093,1237,1237,2025-12-13,Bart Verbruggen,GB1,0,0,0,0,90
4625929_996897,4625929,996897,1237,1237,2025-12-13,Diego Gómez,GB1,1,0,0,0,87
4645788_844637,4645788,844637,13,13,2025-12-13,Marc Pubill,ES1,1,0,0,1,90
4645789_561613,4645789,561613,131,131,2025-12-13,Joan García,ES1,0,0,0,0,90
4645789_411975,4645789,411975,131,131,2025-12-13,Jules Koundé,ES1,0,0,0,0,90
4645789_411295,4645789,411295,131,131,2025-12-13,Raphinha,ES1,0,0,2,0,88
4645789_398184,4645789,398184,131,131,2025-12-13,Ferran Torres,ES1,0,0,0,0,90
4645789_326330,4645789,326330,131,131,2025-12-13,Frenkie de Jong,ES1,0,0,0,0,16
4645789_258923,4645789,258923,131,131,2025-12-13,Marcus Rashford,ES1,0,0,0,0,74
4645788_834764,4645788,834764,1049,1049,2025-12-13,Javi Guerra,ES1,0,0,0,0,18
4645789_636703,4645789,636703,131,131,2025-12-13,Fermín López,ES1,0,0,0,0,15
4645788_775605,4645788,775605,13,13,2025-12-13,Pablo Barrios,ES1,0,0,0,0,59
4645788_742201,4645788,742201,13,13,2025-12-13,Giuliano Simeone,ES1,0,0,0,0,90
4645788_616631,4645788,616631,13,13,2025-12-13,Matteo Ruggeri,ES1,0,0,0,0,90
4645788_576024,4645788,576024,13,13,2025-12-13,Julián Alvarez,ES1,0,0,0,0,59
4645788_488362,4645788,488362,13,148,2025-12-13,Conor Gallagher,ES1,0,0,0,0,31
4645788_404418,4645788,404418,13,13,2025-12-13,Dávid Hancko,ES1,0,0,0,0,90
4645789_636688,4645789,636688,131,131,2025-12-13,Alejandro Balde,ES1,0,0,0,0,88
4645789_683840,4645789,683840,131,131,2025-12-13,Pedri,ES1,0,0,0,1,88
4641508_702869,4641508,702869,383,383,2025-12-13,Ismael Saibari,NL1,0,0,1,0,45
4648676_424784,4648676,424784,336,336,2025-12-13,Luis Suárez,PO1,0,0,2,0,73
4634246_1168219,4634246,1168219,3,3,2025-12-13,Said El Mala,L1,0,0,0,0,73
4648676_974982,4648676,974982,336,336,2025-12-13,Ousmane Diomande,PO1,0,0,0,0,90
4648676_830365,4648676,830365,336,6195,2025-12-13,Alisson Santos,PO1,0,0,0,0,17
4648676_701979,4648676,701979,336,336,2025-12-13,Geny Catamo,PO1,0,0,2,0,90
4648676_572675,4648676,572675,336,336,2025-12-13,Maxi Araújo,PO1,0,0,2,0,55
4648676_549006,4648676,549006,336,336,2025-12-13,Gonçalo Inácio,PO1,0,0,0,0,45
4648676_412669,4648676,412669,336,336,2025-12-13,Francisco Trincão,PO1,0,0,0,1,90
4645789_705395,4645789,705395,131,131,2025-12-13,Gerard Martín,ES1,0,0,0,0,90
4647868_553469,4647868,553469,141,141,2025-12-13,Gabriel Sara,TR1,0,0,0,0,23
4647868_541537,4647868,541537,141,141,2025-12-13,Barış Alper Yılmaz,TR1,0,0,0,1,82
4647868_401923,4647868,401923,141,141,2025-12-13,Victor Osimhen,TR1,1,0,1,0,90
4645789_962110,4645789,962110,131,131,2025-12-13,Pau Cubarsí,ES1,0,0,0,0,75
4645789_937958,4645789,937958,131,131,2025-12-13,Lamine Yamal,ES1,0,0,0,0,90
4645789_935231,4645789,935231,331,331,2025-12-13,Víctor Muñoz,ES1,0,0,0,0,65
4645784_709372,4645784,709372,714,714,2025-12-13,Carlos Romero,ES1,0,0,0,0,90
4645789_466794,4645789,466794,131,131,2025-12-13,Eric García,ES1,0,0,0,0,90
4641508_627207,4641508,627207,383,383,2025-12-13,Ricardo Pepi,NL1,0,0,1,0,90
4634247_816585,4634247,816585,24,24,2025-12-13,Can Uzun,L1,0,0,0,0,45
4634253_667457,4634253,667457,533,533,2025-12-13,Leon Avdullahu,L1,0,0,0,0,90
4634253_579459,4634253,579459,533,533,2025-12-13,Albian Hajdari,L1,0,0,0,0,90
4634253_524290,4634253,524290,533,533,2025-12-13,Fisnik Asllani,L1,0,0,1,0,23
4634253_1067904,4634253,1067904,533,533,2025-12-13,Bazoumana Touré,L1,0,0,0,1,67
4634250_669380,4634250,669380,82,82,2025-12-13,Konstantinos Koulierakis,L1,0,0,0,0,90
4634247_939964,4634247,939964,24,24,2025-12-13,Jean-Mattéo Bahoya,L1,0,0,0,0,10
4634247_691892,4634247,691892,24,24,2025-12-13,Nathaniel Brown,L1,0,0,0,0,45
4635142_597659,4635142,597659,415,415,2025-12-13,Charlie Cresswell,FR1,0,0,0,0,90
4634246_905011,4634246,905011,15,15,2025-12-13,Ibrahim Maza,L1,0,0,0,0,90
4634246_718303,4634246,718303,15,1090,2025-12-13,Ernest Poku,L1,0,0,0,0,62
4634246_632349,4634246,632349,15,15,2025-12-13,Jarell Quansah,L1,1,0,0,0,90
4634246_564545,4634246,564545,15,15,2025-12-13,Edmond Tapsoba,L1,0,0,0,0,90
4641508_408574,4641508,408574,383,383,2025-12-13,Joey Veerman,NL1,1,0,1,0,83
4634246_1364454,4634246,1364454,15,15,2025-12-13,Christian Kofane,L1,0,0,0,0,77
4634253_892160,4634253,892160,41,148,2025-12-13,Luka Vuskovic,L1,0,0,0,0,90
4634246_467437,4634246,467437,15,15,2025-12-13,Malik Tillman,L1,0,0,0,0,86
4635144_461607,4635144,461607,273,273,2025-12-13,Estéban Lepaul,FR1,0,0,1,0,78
4635147_557149,4635147,557149,583,583,2025-12-13,Kang-in Lee,FR1,0,0,0,1,90
4635147_914562,4635147,914562,583,583,2025-12-13,Désiré Doué,FR1,0,0,1,0,45
4635147_810092,4635147,810092,583,583,2025-12-13,Warren Zaïre-Emery,FR1,1,0,0,0,90
4635147_708265,4635147,708265,583,583,2025-12-13,Bradley Barcola,FR1,0,0,0,0,24
4635147_661171,4635147,661171,583,583,2025-12-13,Willian Pacho,FR1,0,0,0,0,90
4635147_659089,4635147,659089,583,583,2025-12-13,Ilya Zabarnyi,FR1,0,0,0,0,90
4635147_1185888,4635147,1185888,583,583,2025-12-13,Ibrahim Mbaye,FR1,0,0,0,2,90
4635147_550550,4635147,550550,583,583,2025-12-13,Gonçalo Ramos,FR1,0,0,1,0,66
4635147_502670,4635147,502670,583,583,2025-12-13,Khvicha Kvaratskhelia,FR1,0,0,0,0,24
4635147_487469,4635147,487469,583,583,2025-12-13,Vitinha,FR1,0,0,0,0,90
4635147_350219,4635147,350219,583,583,2025-12-13,Fabián Ruiz,FR1,0,0,0,0,45
4635147_318470,4635147,318470,583,583,2025-12-13,Matvey Safonov,FR1,0,0,0,0,90
4641303_1105541,4641303,1105541,58,58,2025-12-13,Nathan De Cat,BE1,1,0,0,0,90
4634251_618472,4634251,618472,23826,23826,2025-12-12,Castello Lukeba,L1,0,0,0,0,90
4634251_318204,4634251,318204,23826,23826,2025-12-12,David Raum,L1,1,0,0,0,90
4634251_324278,4634251,324278,23826,23826,2025-12-12,Christoph Baumgartner,L1,0,0,0,0,90
4634251_404950,4634251,404950,23826,23826,2025-12-12,Nicolas Seiwald,L1,0,0,0,0,90
4634251_1390649,4634251,1390649,23826,23826,2025-12-12,Yan Diomande,L1,0,0,0,0,90
4635141_1241207,4635141,1241207,995,995,2025-12-12,Tylel Tati,FR1,0,0,0,0,90
4645785_1018938,4645785,1018938,681,681,2025-12-12,Jon Martín,ES1,0,0,0,0,90
4645785_711374,4645785,711374,681,681,2025-12-12,Jon Gorrotxategi,ES1,0,0,0,0,90
4645785_1005575,4645785,1005575,12321,12321,2025-12-12,Vitor Reis,ES1,0,0,0,0,90
4715991_485706,4715991,485706,405,405,2025-12-11,Amadou Onana,EL,0,0,0,0,65
4715991_394327,4715991,394327,405,405,2025-12-11,Boubacar Kamara,EL,0,0,0,0,25
4715991_326029,4715991,326029,405,12,2025-12-11,Donyell Malen,EL,0,0,0,0,79
4715991_324358,4715991,324358,405,405,2025-12-11,Ollie Watkins,EL,0,0,0,0,26
4715991_249565,4715991,249565,405,405,2025-12-11,Youri Tielemans,EL,0,0,1,0,45
4715987_652275,4715987,652275,1082,1082,2025-12-11,Hákon Arnar Haraldsson,EL,0,0,0,0,76
4715987_548254,4715987,548254,1082,1082,2025-12-11,Nathan Ngoy,EL,0,0,0,0,90
4715987_1097139,4715987,1097139,1082,1082,2025-12-11,Ayyoub Bouaddi,EL,0,0,0,0,32
4715979_813137,4715979,813137,12,12,2025-12-11,Niccolò Pisilli,EL,0,0,0,0,85
4715979_668951,4715979,668951,12,12,2025-12-11,Matías Soulé,EL,1,0,0,2,69
4715979_371149,4715979,371149,12,12,2025-12-11,Evan Ndicka,EL,1,0,0,0,90
4715966_618494,4715966,618494,1041,1041,2025-12-11,Tyler Morton,EL,0,0,0,1,90
4715979_338670,4715979,338670,12,12,2025-12-11,Mile Svilar,EL,0,0,0,0,90
4715935_735568,4715935,735568,150,150,2025-12-11,Natan,EL,0,0,0,0,90
4715935_724520,4715935,724520,150,150,2025-12-11,Abde Ezzalzouli,EL,0,0,0,0,90
4715935_602105,4715935,602105,150,150,2025-12-11,Antony,EL,0,0,1,0,78
4715922_991268,4715922,991268,720,720,2025-12-11,Samu Aghehowa,EL,0,0,2,0,58
4715922_957653,4715922,957653,720,720,2025-12-11,Rodrigo Mora,EL,0,0,0,1,57
4715922_926993,4715922,926993,720,720,2025-12-11,Victor Froholdt,EL,0,0,0,0,90
4715922_425918,4715922,425918,720,11,2025-12-11,Jakub Kiwior,EL,0,0,0,0,90
4715922_357153,4715922,357153,720,720,2025-12-11,Diogo Costa,EL,0,0,0,0,90
4715922_1004725,4715922,1004725,720,720,2025-12-11,William Gomes,EL,0,0,0,0,20
4715991_413403,4715991,413403,405,405,2025-12-11,Ezri Konsa,EL,1,0,0,0,90
4716028_654982,4716028,654982,79,79,2025-12-11,Bilal El Khannouss,EL,1,0,0,0,28
4715991_500689,4715991,500689,405,873,2025-12-11,Evann Guessand,EL,0,0,1,0,90
4716028_924117,4716028,924117,79,79,2025-12-11,Finn Jeltsch,EL,0,0,0,0,90
4715991_503743,4715991,503743,405,405,2025-12-11,Morgan Rogers,EL,0,0,0,0,25
4716257_990148,4716257,990148,1184,1184,2025-12-11,Konstantinos Karetsas,EL,0,0,0,0,71
4716045_585959,4716045,585959,703,24,2025-12-11,Arnaud Kalimuendo,EL,0,0,1,0,87
4716045_567576,4716045,567576,703,703,2025-12-11,Elliot Anderson,EL,1,0,0,0,45
4716045_432164,4716045,432164,703,703,2025-12-11,Igor Jesus,EL,1,0,1,0,3
4716045_413507,4716045,413507,703,703,2025-12-11,Nikola Milenković,EL,0,0,0,0,21
4716045_392768,4716045,392768,703,703,2025-12-11,Callum Hudson-Odoi,EL,0,0,0,0,90
4716045_365108,4716045,365108,703,703,2025-12-11,Dan Ndoye,EL,0,0,0,0,90
4716045_1005649,4716045,1005649,703,703,2025-12-11,Murillo,EL,0,0,0,0,69
4716045_429014,4716045,429014,703,703,2025-12-11,Morgan Gibbs-White,EL,0,0,0,0,12
4716028_518505,4716028,518505,79,79,2025-12-11,Jamie Leweling,EL,0,0,0,0,28
4716028_436064,4716028,436064,79,79,2025-12-11,Ramon Hendriks,EL,0,0,0,0,90
4716026_849520,4716026,849520,1025,1025,2025-12-11,Santiago Castro,EL,0,0,0,0,80
4716026_672381,4716026,672381,1025,244,2025-12-11,Jonathan Rowe,EL,0,0,0,0,67
4716011_420213,4716011,420213,234,244,2025-12-11,Quinten Timber,EL,0,0,1,0,90
4716008_1073632,4716008,1073632,159,159,2025-12-11,Vasilije Kostov,EL,0,0,0,0,1
4715995_927353,4715995,927353,60,60,2025-12-11,Johan Manzambi,EL,0,0,0,0,85
4715995_668606,4715995,668606,60,60,2025-12-11,Yuito Suzuki,EL,1,0,0,0,90
4715995_526845,4715995,526845,60,60,2025-12-11,Noah Atubolu,EL,0,0,0,0,90
4716028_443710,4716028,443710,79,79,2025-12-11,Angelo Stiller,EL,0,0,0,0,62
4715051_487469,4715051,487469,583,583,2025-12-10,Vitinha,CL,0,0,0,0,90
4715051_616341,4715051,616341,583,583,2025-12-10,Nuno Mendes,CL,0,0,0,0,90
4715051_571020,4715051,571020,621,621,2025-12-10,Oihan Sancet,CL,0,0,0,0,73
4715051_550550,4715051,550550,583,583,2025-12-10,Gonçalo Ramos,CL,0,0,0,0,12
4715051_502670,4715051,502670,583,583,2025-12-10,Khvicha Kvaratskhelia,CL,0,0,0,0,90
4715007_845654,4715007,845654,506,506,2025-12-10,Kenan Yıldız,CL,0,0,0,1,84
4715051_350219,4715051,350219,583,583,2025-12-10,Fabián Ruiz,CL,0,0,0,0,90
4715051_318470,4715051,318470,583,583,2025-12-10,Matvey Safonov,CL,0,0,0,0,90
4715051_181767,4715051,181767,583,583,2025-12-10,Marquinhos,CL,0,0,0,0,45
4715007_585949,4715007,585949,506,506,2025-12-10,Pierre Kalulu,CL,0,0,0,0,90
4715051_661171,4715051,661171,583,583,2025-12-10,Willian Pacho,CL,0,0,0,0,90
4715051_659089,4715051,659089,583,583,2025-12-10,Ilya Zabarnyi,CL,0,0,0,0,45
4715065_315858,4715065,315858,281,281,2025-12-10,Gianluigi Donnarumma,CL,0,0,0,0,90
4715051_670681,4715051,670681,583,583,2025-12-10,João Neves,CL,0,0,0,0,90
4715051_708265,4715051,708265,583,583,2025-12-10,Bradley Barcola,CL,0,0,0,0,78
4715051_709187,4715051,709187,621,621,2025-12-10,Nico Williams,CL,0,0,0,0,90
4715051_810092,4715051,810092,583,583,2025-12-10,Warren Zaïre-Emery,CL,1,0,0,0,90
4715051_903693,4715051,903693,583,583,2025-12-10,Senny Mayulu,CL,0,0,0,0,62
4715051_914562,4715051,914562,583,583,2025-12-10,Désiré Doué,CL,0,0,0,0,28
4715051_938729,4715051,938729,621,621,2025-12-10,Mikel Jauregizar,CL,1,0,0,0,73
4715065_258004,4715065,258004,281,281,2025-12-10,Rúben Dias,CL,0,0,0,0,90
4715065_314678,4715065,314678,418,418,2025-12-10,Brahim Díaz,CL,0,0,0,0,23
4715007_487474,4715007,487474,506,506,2025-12-10,Francisco Conceição,CL,0,0,0,0,45
4715065_369081,4715065,369081,418,418,2025-12-10,Federico Valverde,CL,0,0,0,0,90
4715065_371998,4715065,371998,418,418,2025-12-10,Vinicius Junior,CL,0,0,0,0,90
4715007_533738,4715007,533738,506,506,2025-12-10,Jonathan David,CL,0,0,1,0,74
4714998_655488,4714998,655488,11,11,2025-12-10,Gabriel Martinelli,CL,0,0,1,0,90
4715007_463618,4715007,463618,506,506,2025-12-10,Khéphren Thuram,CL,0,0,0,0,16
4715007_368887,4715007,368887,506,506,2025-12-10,Loïs Openda,CL,0,0,0,0,30
4715065_412363,4715065,412363,418,418,2025-12-10,Rodrygo,CL,1,0,1,0,90
4714996_485963,4714996,485963,1050,1050,2025-12-10,Pape Gueye,CL,1,0,0,0,90
4714996_729814,4714996,729814,1050,1050,2025-12-10,Georges Mikautadze,CL,0,0,0,0,45
4714996_733576,4714996,733576,1050,1050,2025-12-10,Alberto Moleiro,CL,0,0,0,0,63
4714996_805714,4714996,805714,1050,1050,2025-12-10,Renato Veiga,CL,0,0,0,0,90
4714998_262749,4714998,262749,11,11,2025-12-10,David Raya,CL,0,0,0,0,90
4714998_316264,4714998,316264,11,11,2025-12-10,Martin Ødegaard,CL,0,0,0,0,71
4714998_325443,4714998,325443,11,11,2025-12-10,Viktor Gyökeres,CL,0,0,0,0,62
4714998_335721,4714998,335721,11,11,2025-12-10,Ben White,CL,1,0,0,0,83
4714998_338424,4714998,338424,11,11,2025-12-10,Mikel Merino,CL,0,0,0,0,90
4714998_423440,4714998,423440,11,11,2025-12-10,Martín Zubimendi,CL,0,0,0,2,90
4714998_433177,4714998,433177,11,11,2025-12-10,Bukayo Saka,CL,0,0,0,0,19
4714998_451677,4714998,451677,2282,2282,2025-12-10,Christos Tzolis,CL,0,0,0,0,90
4714998_502821,4714998,502821,11,11,2025-12-10,Riccardo Calafiori,CL,0,0,0,0,27
4714998_503987,4714998,503987,11,11,2025-12-10,Noni Madueke,CL,0,0,2,0,71
4714998_659813,4714998,659813,11,11,2025-12-10,Piero Hincapié,CL,0,0,0,0,63
4714998_717329,4714998,717329,2282,2282,2025-12-10,Nicolò Tresoldi,CL,0,0,0,0,67
4714998_780136,4714998,780136,2282,2282,2025-12-10,Aleksandar Stanković,CL,0,0,0,0,90
4714998_890719,4714998,890719,11,244,2025-12-10,Ethan Nwaneri,CL,0,0,0,0,19
4714998_890721,4714998,890721,11,11,2025-12-10,Myles Lewis-Skelly,CL,0,0,0,1,90
4714998_893661,4714998,893661,2282,2282,2025-12-10,Joel Ordóñez,CL,0,0,0,0,90
4715007_265088,4715007,265088,506,506,2025-12-10,Manuel Locatelli,CL,1,0,0,0,60
4715007_332697,4715007,332697,506,506,2025-12-10,Weston McKennie,CL,0,0,1,0,90
4715065_406635,4715065,406635,281,281,2025-12-10,Phil Foden,CL,1,0,0,0,70
4715116_315969,4715116,315969,6195,6195,2025-12-10,Scott McTominay,CL,0,0,0,0,90
4715065_413112,4715065,413112,418,418,2025-12-10,Aurélien Tchouaméni,CL,0,0,0,0,90
4715126_333241,4715126,333241,762,762,2025-12-10,Joelinton,CL,0,0,0,0,60
4715126_397033,4715126,397033,762,762,2025-12-10,Sandro Tonali,CL,0,0,0,0,90
4715126_398065,4715126,398065,762,762,2025-12-10,Harvey Barnes,CL,0,0,0,0,78
4715126_455661,4715126,455661,762,762,2025-12-10,Nick Woltemade,CL,0,0,0,1,90
4715126_467437,4715126,467437,15,15,2025-12-10,Malik Tillman,CL,0,0,0,0,85
4715126_503733,4715126,503733,762,762,2025-12-10,Anthony Gordon,CL,0,0,1,1,90
4715126_503749,4715126,503749,762,762,2025-12-10,Jacob Ramsey,CL,0,0,0,0,1
4715126_503981,4715126,503981,762,762,2025-12-10,Tino Livramento,CL,0,0,0,0,90
4715126_520624,4715126,520624,762,762,2025-12-10,Bruno Guimarães,CL,0,0,0,0,90
4715126_521964,4715126,521964,762,762,2025-12-10,Malick Thiaw,CL,1,0,0,0,90
4715126_564545,4715126,564545,15,15,2025-12-10,Edmond Tapsoba,CL,0,0,0,0,90
4715126_632349,4715126,632349,15,15,2025-12-10,Jarell Quansah,CL,0,0,0,0,90
4715126_670858,4715126,670858,762,762,2025-12-10,Lewis Hall,CL,0,0,0,0,90
4715126_718303,4715126,718303,15,1090,2025-12-10,Ernest Poku,CL,1,0,0,0,71
4715126_905011,4715126,905011,15,15,2025-12-10,Ibrahim Maza,CL,0,0,0,1,90
4715126_922769,4715126,922769,762,762,2025-12-10,Lewis Miley,CL,0,0,1,0,30
4715133_748804,4715133,748804,610,610,2025-12-10,Mika Godts,CL,0,0,0,1,14
4715136_257814,4715136,257814,16,16,2025-12-10,Gregor Kobel,CL,0,0,0,0,90
4715136_270541,4715136,270541,16,16,2025-12-10,Serhou Guirassy,CL,0,0,0,0,23
4715136_370789,4715136,370789,16,16,2025-12-10,Julian Ryerson,CL,0,0,0,0,13
4715136_388198,4715136,388198,16,16,2025-12-10,Nico Schlotterbeck,CL,0,0,0,0,90
4715136_406640,4715136,406640,16,16,2025-12-10,Felix Nmecha,CL,0,0,0,0,90
4715136_496094,4715136,496094,16,16,2025-12-10,Karim Adeyemi,CL,1,0,0,0,23
4715136_796297,4715136,796297,16,16,2025-12-10,Jobe Bellingham,CL,0,0,0,0,90
4715126_388165,4715126,388165,762,762,2025-12-10,Yoane Wissa,CL,0,0,0,0,1
4715136_578392,4715136,578392,16,16,2025-12-10,Maximilian Beier,CL,0,0,0,0,67
4715126_1364454,4715126,1364454,15,15,2025-12-10,Christian Kofane,CL,0,0,0,0,45
4715065_861410,4715065,861410,418,418,2025-12-10,Arda Güler,CL,0,0,0,0,32
4715065_445939,4715065,445939,281,281,2025-12-10,Omar Marmoush,CL,0,0,0,0,20
4715065_460939,4715065,460939,281,281,2025-12-10,Tijjani Reijnders,CL,0,0,0,0,20
4715065_466805,4715065,466805,281,281,2025-12-10,Nico González,CL,0,0,0,0,90
4715065_475959,4715065,475959,281,281,2025-12-10,Josko Gvardiol,CL,0,0,0,1,90
4715065_486049,4715065,486049,281,281,2025-12-10,Jérémy Doku,CL,0,0,0,0,87
4715065_581678,4715065,581678,418,418,2025-12-10,Jude Bellingham,CL,0,0,0,1,90
4715065_607223,4715065,607223,281,281,2025-12-10,Rayan Cherki,CL,0,0,0,0,71
4715065_743413,4715065,743413,281,281,2025-12-10,Nico O'Reilly,CL,1,0,1,0,90
4715065_743591,4715065,743591,281,281,2025-12-10,Savinho,CL,0,0,0,0,19
4715065_811778,4715065,811778,418,418,2025-12-10,Álvaro Carreras,CL,1,0,0,0,90
4715065_601883,4715065,601883,281,281,2025-12-10,Matheus Nunes,CL,0,0,0,0,90
4715065_935230,4715065,935230,418,418,2025-12-10,Gonzalo García,CL,0,0,0,0,58
4715116_504087,4715116,504087,294,294,2025-12-10,Tomás Araújo,CL,0,0,0,0,90
4715116_650568,4715116,650568,294,294,2025-12-10,António Silva,CL,0,0,0,0,14
4715065_971570,4715065,971570,418,418,2025-12-10,Endrick,CL,0,0,0,0,11
4715116_623325,4715116,623325,294,660,2025-12-10,Georgiy Sudakov,CL,0,0,0,0,76
4715116_610442,4715116,610442,6195,6195,2025-12-10,Rasmus Højlund,CL,0,0,0,0,90
4715116_537844,4715116,537844,294,294,2025-12-10,Anatoliy Trubin,CL,0,0,0,0,90
4715116_735573,4715116,735573,294,294,2025-12-10,Richard Ríos,CL,0,0,1,1,90
4715116_469822,4715116,469822,6195,6195,2025-12-10,David Neres,CL,0,0,0,0,90
4715116_386446,4715116,386446,6195,6195,2025-12-10,Alessandro Buongiorno,CL,0,0,0,0,59
4715116_324503,4715116,324503,294,294,2025-12-10,Vangelis Pavlidis,CL,0,0,0,0,14
4715065_418560,4715065,418560,281,281,2025-12-10,Erling Haaland,CL,0,0,1,0,70
4715058_827734,4715058,827734,46,46,2025-12-09,Ange-Yoan Bonny,CL,0,0,0,0,7
4715058_433188,4715058,433188,31,31,2025-12-09,Curtis Jones,CL,1,0,0,0,90
4715058_441986,4715058,441986,46,46,2025-12-09,Yann Bisseck,CL,0,0,0,0,59
4715058_451276,4715058,451276,31,31,2025-12-09,Dominik Szoboszlai,CL,0,0,1,0,90
4715058_478573,4715058,478573,31,31,2025-12-09,Ryan Gravenberch,CL,0,0,0,0,90
4715058_534033,4715058,534033,31,31,2025-12-09,Alexis Mac Allister,CL,0,0,0,0,90
4715058_598577,4715058,598577,31,31,2025-12-09,Florian Wirtz,CL,0,0,0,1,22
4715058_624258,4715058,624258,31,31,2025-12-09,Conor Bradley,CL,0,0,0,0,22
4715058_668207,4715058,668207,46,46,2025-12-09,Petar Sučić,CL,0,0,0,0,8
4715058_709726,4715058,709726,31,31,2025-12-09,Hugo Ekitiké,CL,1,0,0,0,90
4715058_406625,4715058,406625,46,46,2025-12-09,Lautaro Martínez,CL,1,0,0,0,90
4715092_483046,4715092,483046,27,27,2025-12-09,Josip Stanisic,CL,0,0,0,0,88
4715064_532826,4715064,532826,244,244,2025-12-09,Mason Greenwood,CL,0,0,2,0,88
4715064_653610,4715064,653610,244,244,2025-12-09,Igor Paixão,CL,0,0,1,0,90
4715092_1075147,4715092,1075147,27,27,2025-12-09,Lennart Karl,CL,0,0,1,0,77
4715092_132098,4715092,132098,27,27,2025-12-09,Harry Kane,CL,0,0,0,0,90
4715092_161056,4715092,161056,27,27,2025-12-09,Joshua Kimmich,CL,1,0,0,0,90
4715092_196357,4715092,196357,27,27,2025-12-09,Jonathan Tah,CL,0,0,1,0,90
4715092_344695,4715092,344695,27,27,2025-12-09,Dayot Upamecano,CL,0,0,0,0,90
4715092_424204,4715092,424204,27,27,2025-12-09,Alphonso Davies,CL,0,0,0,0,2
4715092_424784,4715092,424784,336,336,2025-12-09,Luis Suárez,CL,0,0,0,0,90
4715092_461496,4715092,461496,336,336,2025-12-09,Morten Hjulmand,CL,1,0,0,0,90
4715058_349066,4715058,349066,31,31,2025-12-09,Alexander Isak,CL,0,0,0,0,68
4715058_357119,4715058,357119,31,31,2025-12-09,Ibrahima Konaté,CL,0,0,0,0,90
4714993_378710,4714993,378710,148,148,2025-12-09,Richarlison,CL,0,0,0,0,68
4715058_318528,4715058,318528,46,46,2025-12-09,Marcus Thuram,CL,0,0,0,0,83
4714988_844637,4714988,844637,13,13,2025-12-09,Marc Pubill,CL,0,0,0,0,90
4715092_572675,4715092,572675,336,336,2025-12-09,Maxi Araújo,CL,0,0,0,0,90
4714988_404418,4714988,404418,13,13,2025-12-09,Dávid Hancko,CL,0,0,1,0,90
4714988_408574,4714988,408574,383,383,2025-12-09,Joey Veerman,CL,0,0,0,0,90
4714988_488362,4714988,488362,13,148,2025-12-09,Conor Gallagher,CL,0,0,0,0,21
4714988_576024,4714988,576024,13,13,2025-12-09,Julián Alvarez,CL,0,0,1,0,90
4714988_616631,4714988,616631,13,13,2025-12-09,Matteo Ruggeri,CL,1,0,0,0,90
4714988_627207,4714988,627207,383,383,2025-12-09,Ricardo Pepi,CL,0,0,1,0,17
4714988_702869,4714988,702869,383,383,2025-12-09,Ismael Saibari,CL,1,0,0,0,90
4714988_742201,4714988,742201,13,13,2025-12-09,Giuliano Simeone,CL,1,0,0,0,89
4714988_775605,4714988,775605,13,13,2025-12-09,Pablo Barrios,CL,1,0,0,1,90
4714993_355915,4714993,355915,148,148,2025-12-09,Cristian Romero,CL,0,0,0,1,90
4715058_315853,4715058,315853,46,46,2025-12-09,Alessandro Bastoni,CL,1,0,0,0,90
4714993_483348,4714993,483348,148,148,2025-12-09,Djed Spence,CL,0,0,0,0,90
4714993_543499,4714993,543499,148,148,2025-12-09,Mohammed Kudus,CL,0,0,1,0,58
4714993_553875,4714993,553875,148,148,2025-12-09,Pedro Porro,CL,0,0,0,1,68
4714993_557459,4714993,557459,148,148,2025-12-09,Micky van de Ven,CL,1,0,0,0,90
4714993_566931,4714993,566931,148,23826,2025-12-09,Xavi Simons,CL,0,0,1,0,90
4714993_568693,4714993,568693,148,148,2025-12-09,Pape Matar Sarr,CL,0,0,0,0,31
4714993_866246,4714993,866246,148,148,2025-12-09,Lucas Bergvall,CL,0,0,0,0,14
4714993_922693,4714993,922693,148,148,2025-12-09,Archie Gray,CL,0,0,0,0,59
4715058_198116,4715058,198116,46,46,2025-12-09,Federico Dimarco,CL,0,0,0,0,83
4715058_255942,4715058,255942,46,46,2025-12-09,Nicolò Barella,CL,0,0,0,0,90
4715092_566723,4715092,566723,27,27,2025-12-09,Michael Olise,CL,0,0,0,1,90
4715092_223967,4715092,223967,27,27,2025-12-09,Konrad Laimer,CL,1,0,0,1,90
4715092_701979,4715092,701979,336,336,2025-12-09,Geny Catamo,CL,0,0,0,0,81
4715135_561613,4715135,561613,131,131,2025-12-09,Joan García,CL,0,0,0,0,90
4715112_626724,4715112,626724,631,631,2025-12-09,João Pedro,CL,0,0,1,0,90
4715112_648195,4715112,648195,631,631,2025-12-09,Enzo Fernández,CL,0,0,0,0,67
4715112_687626,4715112,687626,631,631,2025-12-09,Moisés Caicedo,CL,0,0,0,0,90
4715112_811779,4715112,811779,631,631,2025-12-09,Alejandro Garnacho,CL,0,0,0,0,24
4715135_258923,4715135,258923,131,131,2025-12-09,Marcus Rashford,CL,0,0,0,1,45
4715135_326330,4715135,326330,131,131,2025-12-09,Frenkie de Jong,CL,0,0,0,0,24
4715135_398184,4715135,398184,131,131,2025-12-09,Ferran Torres,CL,0,0,0,0,24
4715135_411295,4715135,411295,131,131,2025-12-09,Raphinha,CL,0,0,0,0,66
4715135_411975,4715135,411975,131,131,2025-12-09,Jules Koundé,CL,0,0,2,0,90
4715135_466794,4715135,466794,131,131,2025-12-09,Eric García,CL,0,0,0,0,90
4715135_636688,4715135,636688,131,131,2025-12-09,Alejandro Balde,CL,0,0,0,0,89
4715112_607854,4715112,607854,800,800,2025-12-09,Éderson,CL,0,0,0,0,87
4715135_636703,4715135,636703,131,131,2025-12-09,Fermín López,CL,0,0,0,0,45
4715135_683840,4715135,683840,131,131,2025-12-09,Pedri,CL,0,0,0,0,90
4715135_691892,4715135,691892,24,24,2025-12-09,Nathaniel Brown,CL,0,0,0,1,90
4715135_705395,4715135,705395,131,131,2025-12-09,Gerard Martín,CL,1,0,0,0,90
4715135_816585,4715135,816585,24,24,2025-12-09,Can Uzun,CL,0,0,0,0,13
4715135_931838,4715135,931838,24,24,2025-12-09,Hugo Larsson,CL,0,0,0,0,68
4715135_937958,4715135,937958,131,131,2025-12-09,Lamine Yamal,CL,1,0,0,1,89
4715135_939964,4715135,939964,24,24,2025-12-09,Jean-Mattéo Bahoya,CL,0,0,0,0,13
4715135_962110,4715135,962110,131,131,2025-12-09,Pau Cubarsí,CL,0,0,0,0,90
4717485_964426,4717485,964426,683,683,2025-12-09,Christos Mouzakitis,CL,0,0,0,0,90
4715112_620322,4715112,620322,631,631,2025-12-09,Malo Gusto,CL,0,0,0,0,23
4715112_670882,4715112,670882,631,631,2025-12-09,Jamie Gittens,CL,0,0,0,0,90
4715112_487465,4715112,487465,631,631,2025-12-09,Pedro Neto,CL,0,0,0,0,66
4715112_1004708,4715112,1004708,631,631,2025-12-09,Josh Acheampong,CL,0,0,0,0,90
4715092_792380,4715092,792380,27,27,2025-12-09,Aleksandar Pavlovic,CL,0,0,0,0,88
4715092_830365,4715092,830365,336,6195,2025-12-09,Alisson Santos,CL,0,0,0,0,66
4715092_974982,4715092,974982,336,336,2025-12-09,Ousmane Diomande,CL,0,0,0,0,90
4715096_334526,4715096,334526,162,162,2025-12-09,Denis Zakaria,CL,0,0,0,0,90
4715096_401923,4715096,401923,141,141,2025-12-09,Victor Osimhen,CL,0,0,0,0,90
4715096_503770,4715096,503770,162,162,2025-12-09,Folarin Balogun,CL,0,0,1,0,86
4715112_475411,4715112,475411,631,631,2025-12-09,Wesley Fofana,CL,0,0,0,0,30
4715096_553469,4715096,553469,141,141,2025-12-09,Gabriel Sara,CL,0,0,0,0,90
4715096_745200,4715096,745200,162,162,2025-12-09,Maghnes Akliouche,CL,0,0,0,0,90
4715096_918969,4715096,918969,162,162,2025-12-09,Lamine Camara,CL,0,0,0,0,90
4715096_541537,4715096,541537,141,141,2025-12-09,Barış Alper Yılmaz,CL,1,0,0,0,90
4715112_1077175,4715112,1077175,800,800,2025-12-09,Honest Ahanor,CL,0,0,0,0,19
4715112_434433,4715112,434433,800,1005,2025-12-09,Nikola Krstović,CL,0,0,0,0,18
4715112_284857,4715112,284857,631,631,2025-12-09,Marc Cucurella,CL,0,0,0,0,90
4715112_459763,4715112,459763,800,800,2025-12-09,Marco Carnesecchi,CL,0,0,0,0,90
4715112_435772,4715112,435772,800,800,2025-12-09,Charles De Ketelaere,CL,0,0,1,1,90
4715112_472423,4715112,472423,631,631,2025-12-09,Reece James,CL,0,0,0,1,90
4715112_406040,4715112,406040,800,800,2025-12-09,Ademola Lookman,CL,0,0,0,0,87
4715112_346314,4715112,346314,631,631,2025-12-09,Trevoh Chalobah,CL,1,0,0,0,45
4715112_315867,4715112,315867,800,800,2025-12-09,Gianluca Scamacca,CL,0,0,1,0,72
4715092_776890,4715092,776890,27,27,2025-12-09,Nicolas Jackson,CL,0,0,0,0,1
4620839_315779,4620839,315779,5,5,2025-12-08,Christian Pulisic,IT1,0,0,2,0,24
4625923_429983,4625923,429983,543,543,2025-12-08,Jørgen Strand Larsen,GB1,1,0,0,0,69
4620839_344381,4620839,344381,5,5,2025-12-08,Christopher Nkunku,IT1,0,0,0,0,90
4620839_357164,4620839,357164,5,5,2025-12-08,Rafael Leão,IT1,0,0,0,0,31
4620839_574671,4620839,574671,5,5,2025-12-08,Strahinja Pavlović,IT1,0,0,0,0,90
4625923_1078163,4625923,1078163,985,985,2025-12-08,Ayden Heaven,GB1,0,0,0,0,69
4625923_240306,4625923,240306,985,985,2025-12-08,Bruno Fernandes,GB1,0,0,2,1,90
4625923_346483,4625923,346483,985,985,2025-12-08,Mason Mount,GB1,0,0,1,0,84
4625923_357147,4625923,357147,985,985,2025-12-08,Diogo Dalot,GB1,0,0,0,1,84
4625923_413039,4625923,413039,985,985,2025-12-08,Bryan Mbeumo,GB1,1,0,1,0,90
4625923_503883,4625923,503883,985,1096,2025-12-08,Senne Lammens,GB1,0,0,0,0,90
4625923_480762,4625923,480762,985,985,2025-12-08,Lisandro Martínez,GB1,0,0,0,0,21
4625923_536835,4625923,536835,985,985,2025-12-08,Amad Diallo,GB1,0,0,0,0,90
4625923_800176,4625923,800176,543,543,2025-12-08,André,GB1,0,0,0,0,90
4625923_820374,4625923,820374,985,985,2025-12-08,Kobbie Mainoo,GB1,0,0,0,0,12
4625923_923831,4625923,923831,985,985,2025-12-08,Leny Yoro,GB1,0,0,0,1,21
4625923_926952,4625923,926952,985,985,2025-12-08,Patrick Dorgu,GB1,0,0,0,0,6
4645775_935231,4645775,935231,331,331,2025-12-08,Víctor Muñoz,ES1,0,0,1,0,74
4647860_454567,4647860,454567,114,114,2025-12-08,Orkun Kökçü,TR1,1,0,0,0,90
4625923_517894,4625923,517894,985,985,2025-12-08,Matheus Cunha,GB1,0,0,0,1,90
4625916_444523,4625916,444523,379,379,2025-12-07,Lucas Paquetá,GB1,0,0,0,0,82
4625916_565093,4625916,565093,1237,1237,2025-12-07,Bart Verbruggen,GB1,0,0,0,0,90
4625916_538977,4625916,538977,1237,1237,2025-12-07,Georginio Rutter,GB1,0,0,1,0,90
4625916_474701,4625916,474701,379,379,2025-12-07,Crysencio Summerville,GB1,0,0,0,0,72
4625916_1111589,4625916,1111589,379,379,2025-12-07,El Hadji Malick Diouf,GB1,0,0,0,0,83
4625916_415381,4625916,415381,1237,1237,2025-12-07,Mats Wieffer,GB1,0,0,0,0,90
4625916_369316,4625916,369316,1237,1237,2025-12-07,Ferdi Kadıoğlu,GB1,1,0,0,0,83
4625916_314875,4625916,314875,379,379,2025-12-07,Jarrod Bowen,GB1,0,0,1,0,90
4625916_700106,4625916,700106,1237,23826,2025-12-07,Brajan Gruda,GB1,0,0,0,0,18
4625916_576314,4625916,576314,1237,1237,2025-12-07,Jan Paul van Hecke,GB1,0,0,0,1,90
4625916_996897,4625916,996897,1237,1237,2025-12-07,Diego Gómez,GB1,0,0,0,0,90
4625916_867688,4625916,867688,1237,1237,2025-12-07,Jack Hinshelwood,GB1,0,0,0,0,30
4625916_880245,4625916,880245,379,379,2025-12-07,Mateus Fernandes,GB1,0,0,0,0,82
4625916_973085,4625916,973085,1237,1237,2025-12-07,Carlos Baleba,GB1,0,0,0,0,60
4625916_1012534,4625916,1012534,1237,1237,2025-12-07,Yankuba Minteh,GB1,0,0,0,0,72
4625918_1006411,4625918,1006411,873,873,2025-12-07,Jaydee Canvot,GB1,0,0,0,0,13
4625918_1011131,4625918,1011131,931,931,2025-12-07,Josh King,GB1,0,0,0,0,14
4625918_258919,4625918,258919,873,873,2025-12-07,Dean Henderson,GB1,0,0,0,0,90
4625918_279455,4625918,279455,931,931,2025-12-07,Harry Wilson,GB1,0,0,1,0,88
4625918_333014,4625918,333014,931,931,2025-12-07,Sander Berge,GB1,0,0,0,0,76
4625918_392757,4625918,392757,873,281,2025-12-07,Marc Guéhi,GB1,0,0,1,0,90
4625918_420002,4625918,420002,873,873,2025-12-07,Jean-Philippe Mateta,GB1,0,0,0,0,66
4625916_1060087,4625916,1060087,1237,1237,2025-12-07,Charalampos Kostoulas,GB1,0,0,0,0,18
4620836_533738,4620836,533738,506,506,2025-12-07,Jonathan David,IT1,0,0,0,0,45
4620836_845654,4620836,845654,506,506,2025-12-07,Kenan Yıldız,IT1,0,0,1,0,76
4620835_672381,4620835,672381,1025,244,2025-12-07,Jonathan Rowe,IT1,0,0,0,0,26
4625918_461883,4625918,461883,931,931,2025-12-07,Calvin Bassey,GB1,0,0,0,0,90
4620832_338670,4620832,338670,12,12,2025-12-07,Mile Svilar,IT1,0,0,0,0,90
4620832_371149,4620832,371149,12,12,2025-12-07,Evan Ndicka,IT1,0,0,0,0,90
4620832_624690,4620832,624690,12,12,2025-12-07,Manu Koné,IT1,0,0,0,0,90
4620832_668951,4620832,668951,12,12,2025-12-07,Matías Soulé,IT1,0,0,0,0,62
4620832_895937,4620832,895937,1390,1390,2025-12-07,Marco Palestra,IT1,0,0,0,0,90
4620835_465830,4620835,465830,398,398,2025-12-07,Mattéo Guendouzi,IT1,0,0,0,0,90
4620835_522784,4620835,522784,398,379,2025-12-07,Taty Castellanos,IT1,0,0,0,0,60
4620835_618341,4620835,618341,398,398,2025-12-07,Mario Gila,IT1,1,0,0,0,78
4620835_849520,4620835,849520,1025,1025,2025-12-07,Santiago Castro,IT1,0,0,0,0,84
4620836_610442,4620836,610442,6195,6195,2025-12-07,Rasmus Højlund,IT1,0,0,2,0,90
4620836_265088,4620836,265088,506,506,2025-12-07,Manuel Locatelli,IT1,0,0,0,0,90
4620836_315969,4620836,315969,6195,6195,2025-12-07,Scott McTominay,IT1,0,0,0,0,90
4620836_332697,4620836,332697,506,506,2025-12-07,Weston McKennie,IT1,0,0,0,1,90
4620836_368887,4620836,368887,506,506,2025-12-07,Loïs Openda,IT1,0,0,0,0,14
4620836_386446,4620836,386446,6195,6195,2025-12-07,Alessandro Buongiorno,IT1,1,0,0,0,90
4620836_463618,4620836,463618,506,506,2025-12-07,Khéphren Thuram,IT1,0,0,0,0,82
4620836_469822,4620836,469822,6195,6195,2025-12-07,David Neres,IT1,0,0,0,1,80
4620836_487474,4620836,487474,506,506,2025-12-07,Francisco Conceição,IT1,0,0,0,0,76
4620836_585949,4620836,585949,506,506,2025-12-07,Pierre Kalulu,IT1,1,0,0,0,90
4625918_434224,4625918,434224,873,873,2025-12-07,Maxence Lacroix,GB1,0,0,0,0,90
4641655_859035,4641655,859035,1090,1090,2025-12-07,Kees Smit,NL1,0,0,0,0,90
4625918_568157,4625918,568157,873,1050,2025-12-07,Yéremy Pino,GB1,0,0,0,1,90
4645777_834764,4645777,834764,1049,1049,2025-12-07,Javi Guerra,ES1,0,0,0,0,63
4645773_342229,4645773,342229,418,418,2025-12-07,Kylian Mbappé,ES1,0,0,0,0,90
4645773_369081,4645773,369081,418,418,2025-12-07,Federico Valverde,ES1,1,0,0,0,90
4645773_371998,4645773,371998,418,418,2025-12-07,Vinicius Junior,ES1,0,0,0,0,90
4645773_412363,4645773,412363,418,418,2025-12-07,Rodrygo,ES1,1,0,0,0,36
4645773_413112,4645773,413112,418,418,2025-12-07,Aurélien Tchouaméni,ES1,0,0,0,0,90
4645773_581678,4645773,581678,418,418,2025-12-07,Jude Bellingham,ES1,1,0,0,0,90
4645773_811778,4645773,811778,418,418,2025-12-07,Álvaro Carreras,ES1,1,0,0,0,90
4645773_861410,4645773,861410,418,418,2025-12-07,Arda Güler,ES1,0,0,0,0,74
4645773_935230,4645773,935230,418,418,2025-12-07,Gonzalo García,ES1,0,0,0,0,16
4648689_1004725,4648689,1004725,720,720,2025-12-07,William Gomes,PO1,0,0,1,0,63
4645770_1005575,4645770,1005575,12321,12321,2025-12-07,Vitor Reis,ES1,0,0,0,0,90
4648689_425918,4648689,425918,720,11,2025-12-07,Jakub Kiwior,PO1,0,0,0,0,90
4648689_756990,4648689,756990,720,720,2025-12-07,Alan Varela,PO1,0,0,0,0,90
4648689_926993,4648689,926993,720,720,2025-12-07,Victor Froholdt,PO1,0,0,0,0,90
4648689_957653,4648689,957653,720,720,2025-12-07,Rodrigo Mora,PO1,0,0,0,0,63
4648689_991268,4648689,991268,720,720,2025-12-07,Samu Aghehowa,PO1,0,0,1,0,78
4649294_515744,4649294,515744,16704,16704,2025-12-07,Eduard Spertsyan,RU1,0,0,0,1,90
4649294_651580,4649294,651580,2410,2410,2025-12-07,Matvey Kislyak,RU1,0,0,0,0,90
4649298_720286,4649298,720286,932,932,2025-12-07,Aleksey Batrakov,RU1,0,0,1,1,90
4625918_578539,4625918,578539,873,873,2025-12-07,Chris Richards,GB1,0,0,0,0,90
4645771_709372,4645771,709372,714,714,2025-12-07,Carlos Romero,ES1,0,0,0,0,90
4648689_357153,4648689,357153,720,720,2025-12-07,Diogo Costa,PO1,0,0,0,0,90
4634236_270541,4634236,270541,16,16,2025-12-07,Serhou Guirassy,L1,0,0,0,0,90
4625918_730893,4625918,730893,873,873,2025-12-07,Tyrick Mitchell,GB1,0,0,0,0,90
4625918_900195,4625918,900195,931,660,2025-12-07,Kevin,GB1,0,0,0,0,22
4634236_1067904,4634236,1067904,533,533,2025-12-07,Bazoumana Touré,L1,0,0,0,0,80
4634236_257814,4634236,257814,16,16,2025-12-07,Gregor Kobel,L1,0,0,0,0,90
4634236_370789,4634236,370789,16,16,2025-12-07,Julian Ryerson,L1,0,0,0,0,1
4634236_388198,4634236,388198,16,16,2025-12-07,Nico Schlotterbeck,L1,0,0,1,0,90
4634236_406640,4634236,406640,16,16,2025-12-07,Felix Nmecha,L1,0,0,0,1,90
4641655_552655,4641655,552655,1090,1090,2025-12-07,Troy Parrott,NL1,0,0,1,0,90
4634236_496094,4634236,496094,16,16,2025-12-07,Karim Adeyemi,L1,0,0,0,0,80
4634236_524290,4634236,524290,533,533,2025-12-07,Fisnik Asllani,L1,0,0,0,0,62
4634236_578392,4634236,578392,16,16,2025-12-07,Maximilian Beier,L1,0,0,0,0,10
4634236_579459,4634236,579459,533,533,2025-12-07,Albian Hajdari,L1,1,0,0,0,90
4634236_667457,4634236,667457,533,533,2025-12-07,Leon Avdullahu,L1,0,0,0,0,90
4634236_796297,4634236,796297,16,16,2025-12-07,Jobe Bellingham,L1,0,0,0,0,1
4634244_1084638,4634244,1084638,86,86,2025-12-07,Karim Coulibaly,L1,1,0,0,0,90
4634244_892160,4634244,892160,41,148,2025-12-07,Luka Vuskovic,L1,1,0,1,0,90
4635138_618494,4635138,618494,1041,1041,2025-12-07,Tyler Morton,FR1,0,0,0,0,90
4641288_990148,4641288,990148,1184,1184,2025-12-07,Konstantinos Karetsas,BE1,0,0,0,0,90
4641294_1105541,4641294,1105541,58,58,2025-12-07,Nathan De Cat,BE1,0,0,0,0,45
4625918_744149,4625918,744149,873,873,2025-12-07,Adam Wharton,GB1,0,0,0,1,90
4625919_392771,4625919,392771,399,399,2025-12-06,Ethan Ampadu,GB1,0,0,0,0,87
4625919_346890,4625919,346890,399,399,2025-12-06,Noah Okafor,GB1,0,0,0,0,65
4625919_357119,4625919,357119,31,31,2025-12-06,Ibrahima Konaté,GB1,0,0,0,0,90
4625919_349066,4625919,349066,31,31,2025-12-06,Alexander Isak,GB1,0,0,0,0,6
4625919_434675,4625919,434675,31,31,2025-12-06,Cody Gakpo,GB1,0,0,0,0,83
4625919_433188,4625919,433188,31,31,2025-12-06,Curtis Jones,GB1,0,0,0,0,90
4625915_711337,4625915,711337,989,989,2025-12-06,Evanilson,GB1,0,0,0,0,87
4625919_451276,4625919,451276,31,31,2025-12-06,Dominik Szoboszlai,GB1,0,0,1,0,90
4625919_478573,4625919,478573,31,31,2025-12-06,Ryan Gravenberch,GB1,0,0,0,1,90
4625919_534033,4625919,534033,31,31,2025-12-06,Alexis Mac Allister,GB1,0,0,0,0,22
4625919_598577,4625919,598577,31,31,2025-12-06,Florian Wirtz,GB1,0,0,0,0,68
4625917_937941,4625917,937941,29,29,2025-12-06,Thierno Barry,GB1,1,0,1,0,62
4625919_624258,4625919,624258,31,31,2025-12-06,Conor Bradley,GB1,1,0,0,0,68
4625919_344069,4625919,344069,399,399,2025-12-06,Anton Stach,GB1,0,0,1,0,90
4625917_392768,4625917,392768,703,703,2025-12-06,Callum Hudson-Odoi,GB1,0,0,0,0,45
4625917_741238,4625917,741238,703,703,2025-12-06,Omari Hutchinson,GB1,0,0,0,0,90
4625917_623570,4625917,623570,29,29,2025-12-06,Iliman Ndiaye,GB1,0,0,0,1,90
4625917_567576,4625917,567576,703,703,2025-12-06,Elliot Anderson,GB1,0,0,0,0,90
4625917_505219,4625917,505219,29,29,2025-12-06,James Garner,GB1,0,0,0,0,90
4625917_503680,4625917,503680,703,703,2025-12-06,Neco Williams,GB1,0,0,0,0,90
4625917_475188,4625917,475188,29,29,2025-12-06,Kiernan Dewsbury-Hall,GB1,0,0,1,1,90
4625917_432164,4625917,432164,703,703,2025-12-06,Igor Jesus,GB1,0,0,0,0,90
4625917_429014,4625917,429014,703,703,2025-12-06,Morgan Gibbs-White,GB1,0,0,0,0,90
4625917_413507,4625917,413507,703,703,2025-12-06,Nikola Milenković,GB1,1,0,0,0,90
4625917_404842,4625917,404842,29,29,2025-12-06,Vitaliy Mykolenko,GB1,1,0,0,0,90
4625917_365108,4625917,365108,703,703,2025-12-06,Dan Ndoye,GB1,0,0,0,0,45
4625915_855256,4625915,855256,989,989,2025-12-06,Alex Scott,GB1,0,0,0,0,90
4625915_811779,4625915,811779,631,631,2025-12-06,Alejandro Garnacho,GB1,0,0,0,0,77
4625919_730861,4625919,730861,31,31,2025-12-06,Milos Kerkez,GB1,0,0,0,0,90
4625919_709726,4625919,709726,31,31,2025-12-06,Hugo Ekitiké,GB1,0,0,2,0,84
4625921_397033,4625921,397033,762,762,2025-12-06,Sandro Tonali,GB1,0,0,0,0,1
4625920_258004,4625920,258004,281,281,2025-12-06,Rúben Dias,GB1,0,0,1,0,90
4625920_743384,4625920,743384,289,289,2025-12-06,Chemsdine Talbi,GB1,0,0,0,0,34
4625921_670858,4625921,670858,762,762,2025-12-06,Lewis Hall,GB1,0,0,0,0,27
4625921_583189,4625921,583189,762,762,2025-12-06,Anthony Elanga,GB1,0,0,0,0,90
4625921_521964,4625921,521964,762,762,2025-12-06,Malick Thiaw,GB1,0,0,0,0,90
4625921_520624,4625921,520624,762,762,2025-12-06,Bruno Guimarães,GB1,0,0,1,0,90
4625921_503981,4625921,503981,762,762,2025-12-06,Tino Livramento,GB1,1,0,0,0,90
4625921_503749,4625921,503749,762,762,2025-12-06,Jacob Ramsey,GB1,1,0,0,0,90
4625921_503733,4625921,503733,762,762,2025-12-06,Anthony Gordon,GB1,0,0,1,0,74
4625921_455661,4625921,455661,762,762,2025-12-06,Nick Woltemade,GB1,0,0,0,0,74
4625915_648195,4625915,648195,631,631,2025-12-06,Enzo Fernández,GB1,0,0,0,0,90
4625921_388165,4625921,388165,762,762,2025-12-06,Yoane Wissa,GB1,0,0,0,0,16
4625921_333241,4625921,333241,762,762,2025-12-06,Joelinton,GB1,0,0,0,0,16
4625920_743591,4625920,743591,281,281,2025-12-06,Savinho,GB1,0,0,0,0,8
4625920_743413,4625920,743413,281,281,2025-12-06,Nico O'Reilly,GB1,0,0,0,0,90
4625920_727089,4625920,727089,289,289,2025-12-06,Noah Sadiki,GB1,0,0,0,0,72
4625920_315858,4625920,315858,281,281,2025-12-06,Gianluigi Donnarumma,GB1,0,0,0,0,90
4625920_701057,4625920,701057,281,281,2025-12-06,Rico Lewis,GB1,0,0,0,0,8
4625920_646991,4625920,646991,289,289,2025-12-06,Robin Roefs,GB1,0,0,0,0,90
4625920_633992,4625920,633992,289,289,2025-12-06,Enzo Le Fée,GB1,0,0,0,0,90
4625920_607223,4625920,607223,281,281,2025-12-06,Rayan Cherki,GB1,0,0,0,2,82
4625920_601883,4625920,601883,281,281,2025-12-06,Matheus Nunes,GB1,0,0,0,0,90
4625920_486049,4625920,486049,281,281,2025-12-06,Jérémy Doku,GB1,0,0,0,0,90
4625920_475959,4625920,475959,281,281,2025-12-06,Josko Gvardiol,GB1,1,0,1,0,70
4625920_473169,4625920,473169,289,289,2025-12-06,Brian Brobbey,GB1,0,0,0,0,34
4625920_466805,4625920,466805,281,281,2025-12-06,Nico González,GB1,0,0,0,0,90
4625920_460939,4625920,460939,281,281,2025-12-06,Tijjani Reijnders,GB1,0,0,0,0,21
4625920_445939,4625920,445939,281,281,2025-12-06,Omar Marmoush,GB1,0,0,0,0,21
4625920_418560,4625920,418560,281,281,2025-12-06,Erling Haaland,GB1,0,0,0,0,69
4625920_406635,4625920,406635,281,281,2025-12-06,Phil Foden,GB1,0,0,1,1,69
4625915_654539,4625915,654539,989,989,2025-12-06,Adrien Truffert,GB1,0,0,0,0,90
4625914_503743,4625914,503743,405,405,2025-12-06,Morgan Rogers,GB1,0,0,0,0,90
4625915_626724,4625915,626724,631,631,2025-12-06,João Pedro,GB1,0,0,0,0,32
4620838_679423,4620838,679423,6574,6574,2025-12-06,Tarik Muharemović,IT1,0,0,1,1,90
4625914_326029,4625914,326029,405,12,2025-12-06,Donyell Malen,GB1,0,0,0,0,24
4625914_325443,4625914,325443,11,11,2025-12-06,Viktor Gyökeres,GB1,0,0,0,0,45
4625914_324358,4625914,324358,405,405,2025-12-06,Ollie Watkins,GB1,0,0,0,0,66
4625914_316264,4625914,316264,11,11,2025-12-06,Martin Ødegaard,GB1,0,0,0,0,90
4625914_262749,4625914,262749,11,11,2025-12-06,David Raya,GB1,0,0,0,0,90
4625914_249565,4625914,249565,405,405,2025-12-06,Youri Tielemans,GB1,0,0,0,0,90
4620841_607854,4620841,607854,800,800,2025-12-06,Éderson,IT1,0,0,0,0,61
4620841_459763,4620841,459763,800,800,2025-12-06,Marco Carnesecchi,IT1,0,0,0,0,90
4620841_435772,4620841,435772,800,800,2025-12-06,Charles De Ketelaere,IT1,0,0,0,0,70
4620841_434433,4620841,434433,800,1005,2025-12-06,Nikola Krstović,IT1,0,0,0,0,45
4620841_406040,4620841,406040,800,800,2025-12-06,Ademola Lookman,IT1,0,0,0,0,90
4620841_315867,4620841,315867,800,800,2025-12-06,Gianluca Scamacca,IT1,0,0,1,0,45
4620838_921655,4620838,921655,6574,6574,2025-12-06,Ismaël Koné,IT1,0,0,1,0,90
4620838_364135,4620838,364135,430,430,2025-12-06,Moise Kean,IT1,0,0,0,0,90
4625915_620322,4625915,620322,631,631,2025-12-06,Malo Gusto,GB1,0,0,0,0,90
4620834_948294,4620834,948294,1047,1047,2025-12-06,Nico Paz,IT1,0,0,0,0,90
4620834_948278,4620834,948278,1047,1047,2025-12-06,Jacobo Ramón,IT1,0,0,0,0,90
4620834_930781,4620834,930781,46,46,2025-12-06,Pio Esposito,IT1,0,0,0,0,13
4620834_668547,4620834,668547,1047,1047,2025-12-06,Máximo Perrone,IT1,1,0,0,0,82
4620834_668207,4620834,668207,46,46,2025-12-06,Petar Sučić,IT1,0,0,0,0,5
4620834_523318,4620834,523318,1047,1047,2025-12-06,Anastasios Douvikas,IT1,0,0,0,0,58
4620834_406625,4620834,406625,46,46,2025-12-06,Lautaro Martínez,IT1,0,0,1,0,85
4620834_318528,4620834,318528,46,46,2025-12-06,Marcus Thuram,IT1,0,0,1,0,77
4620834_315853,4620834,315853,46,46,2025-12-06,Alessandro Bastoni,IT1,0,0,0,0,90
4620834_255942,4620834,255942,46,46,2025-12-06,Nicolò Barella,IT1,0,0,0,0,85
4620834_198116,4620834,198116,46,46,2025-12-06,Federico Dimarco,IT1,0,0,0,2,90
4620834_1190411,4620834,1190411,1047,1047,2025-12-06,Jesús Rodríguez,IT1,0,0,0,0,82
4625921_922769,4625921,922769,762,762,2025-12-06,Lewis Miley,GB1,0,0,0,0,27
4625914_335721,4625914,335721,11,11,2025-12-06,Ben White,GB1,0,0,0,0,90
4625914_338424,4625914,338424,11,11,2025-12-06,Mikel Merino,GB1,0,0,0,0,45
4625914_357662,4625914,357662,11,11,2025-12-06,Declan Rice,GB1,0,0,0,0,90
4625914_394327,4625914,394327,405,405,2025-12-06,Boubacar Kamara,GB1,0,0,0,1,90
4625915_610849,4625915,610849,631,631,2025-12-06,Liam Delap,GB1,0,0,0,0,32
4625915_583255,4625915,583255,989,281,2025-12-06,Antoine Semenyo,GB1,0,0,0,0,90
4620834_1061282,4620834,1061282,1047,1047,2025-12-06,Assane Diao,IT1,0,0,0,0,45
4625915_568177,4625915,568177,631,631,2025-12-06,Cole Palmer,GB1,0,0,0,0,58
4625915_487465,4625915,487465,631,631,2025-12-06,Pedro Neto,GB1,1,0,0,0,90
4625915_475411,4625915,475411,631,631,2025-12-06,Wesley Fofana,GB1,0,0,0,0,90
4625915_472423,4625915,472423,631,631,2025-12-06,Reece James,GB1,0,0,0,0,90
4625915_469781,4625915,469781,989,989,2025-12-06,Marcos Senesi,GB1,0,0,0,0,62
4625915_465555,4625915,465555,989,989,2025-12-06,Djordje Petrovic,GB1,0,0,0,0,90
4625915_463605,4625915,463605,989,989,2025-12-06,Bafodé Diakité,GB1,0,0,0,0,90
4625915_399434,4625915,399434,989,989,2025-12-06,Marcus Tavernier,GB1,0,0,0,0,90
4625915_346314,4625915,346314,631,631,2025-12-06,Trevoh Chalobah,GB1,0,0,0,0,90
4625915_330659,4625915,330659,989,989,2025-12-06,Justin Kluivert,GB1,0,0,0,0,74
4625915_284857,4625915,284857,631,631,2025-12-06,Marc Cucurella,GB1,0,0,0,0,90
4625915_1056993,4625915,1056993,631,631,2025-12-06,Estêvão,GB1,0,0,0,0,13
4625914_890721,4625914,890721,11,11,2025-12-06,Myles Lewis-Skelly,GB1,0,0,0,0,4
4625914_659813,4625914,659813,11,11,2025-12-06,Piero Hincapié,GB1,0,0,0,0,90
4625914_655488,4625914,655488,11,11,2025-12-06,Gabriel Martinelli,GB1,0,0,0,0,4
4625914_503987,4625914,503987,11,11,2025-12-06,Noni Madueke,GB1,0,0,0,0,11
4625914_502821,4625914,502821,11,11,2025-12-06,Riccardo Calafiori,GB1,1,0,0,0,86
4625914_485706,4625914,485706,405,405,2025-12-06,Amadou Onana,GB1,0,0,0,0,75
4625914_485585,4625914,485585,405,405,2025-12-06,Ian Maatsen,GB1,0,0,0,0,90
4625914_479999,4625914,479999,11,11,2025-12-06,Eberechi Eze,GB1,0,0,0,0,45
4625914_433177,4625914,433177,11,11,2025-12-06,Bukayo Saka,GB1,1,0,0,0,79
4625914_423440,4625914,423440,11,11,2025-12-06,Martín Zubimendi,GB1,0,0,0,0,90
4625914_420243,4625914,420243,11,11,2025-12-06,Jurriën Timber,GB1,0,0,0,0,90
4625914_413403,4625914,413403,405,405,2025-12-06,Ezri Konsa,GB1,0,0,0,0,90
4625921_842341,4625921,842341,1132,1132,2025-12-06,Maxime Estève,GB1,0,0,0,0,90
4635140_288230,4635140,288230,583,583,2025-12-06,Ousmane Dembélé,FR1,0,0,0,1,26
4625922_340918,4625922,340918,1148,1148,2025-12-06,Caoimhín Kelleher,GB1,0,0,0,0,90
4641293_451677,4641293,451677,2282,2282,2025-12-06,Christos Tzolis,BE1,0,0,0,2,90
4645772_411975,4645772,411975,131,131,2025-12-06,Jules Koundé,ES1,1,0,0,1,90
4645772_398184,4645772,398184,131,131,2025-12-06,Ferran Torres,ES1,0,0,3,0,90
4645772_326330,4645772,326330,131,131,2025-12-06,Frenkie de Jong,ES1,0,0,0,0,27
4645772_258923,4645772,258923,131,131,2025-12-06,Marcus Rashford,ES1,0,0,0,1,90
4645772_1018920,4645772,1018920,131,131,2025-12-06,Marc Bernal,ES1,0,0,0,0,27
4641662_702869,4641662,702869,383,383,2025-12-06,Ismael Saibari,NL1,0,0,0,1,64
4641662_627207,4641662,627207,383,383,2025-12-06,Ricardo Pepi,NL1,0,0,1,0,90
4641662_408574,4641662,408574,383,383,2025-12-06,Joey Veerman,NL1,0,0,1,0,90
4641660_748804,4641660,748804,610,610,2025-12-06,Mika Godts,NL1,0,0,0,0,80
4641659_420213,4641659,420213,234,244,2025-12-06,Quinten Timber,NL1,0,0,1,1,90
4641293_893661,4641293,893661,2282,2282,2025-12-06,Joel Ordóñez,BE1,0,0,0,0,90
4641293_780136,4641293,780136,2282,2282,2025-12-06,Aleksandar Stanković,BE1,0,0,0,0,45
4641293_717329,4641293,717329,2282,2282,2025-12-06,Nicolò Tresoldi,BE1,0,0,0,0,64
4635140_903693,4635140,903693,583,583,2025-12-06,Senny Mayulu,FR1,0,0,1,1,90
4635139_660867,4635139,660867,667,667,2025-12-06,Julio Enciso,FR1,0,0,0,0,90
4635140_810092,4635140,810092,583,583,2025-12-06,Warren Zaïre-Emery,FR1,0,0,0,0,80
4635140_708265,4635140,708265,583,583,2025-12-06,Bradley Barcola,FR1,0,0,0,0,90
4635140_670681,4635140,670681,583,583,2025-12-06,João Neves,FR1,0,0,0,1,80
4635140_661171,4635140,661171,583,583,2025-12-06,Willian Pacho,FR1,0,0,0,0,90
4635140_557149,4635140,557149,583,583,2025-12-06,Kang-in Lee,FR1,0,0,0,0,64
4635140_550550,4635140,550550,583,583,2025-12-06,Gonçalo Ramos,FR1,0,0,1,0,19
4635140_502670,4635140,502670,583,583,2025-12-06,Khvicha Kvaratskhelia,FR1,0,0,2,0,71
4635140_487469,4635140,487469,583,583,2025-12-06,Vitinha,FR1,0,0,0,0,71
4635140_461607,4635140,461607,273,273,2025-12-06,Estéban Lepaul,FR1,0,0,0,0,76
4635140_318470,4635140,318470,583,583,2025-12-06,Matvey Safonov,FR1,0,0,0,0,90
4635140_181767,4635140,181767,583,583,2025-12-06,Marquinhos,FR1,0,0,0,0,90
4635140_1185888,4635140,1185888,583,583,2025-12-06,Ibrahim Mbaye,FR1,0,0,1,0,10
4635140_1004301,4635140,1004301,273,273,2025-12-06,Jérémy Jacquet,FR1,0,0,0,0,74
4645772_466794,4645772,466794,131,131,2025-12-06,Eric García,ES1,0,0,0,0,81
4645772_561613,4645772,561613,131,131,2025-12-06,Joan García,ES1,0,0,0,0,90
4645772_602105,4645772,602105,150,150,2025-12-06,Antony,ES1,0,0,1,0,75
4645772_636688,4645772,636688,131,131,2025-12-06,Alejandro Balde,ES1,0,0,0,0,45
4625922_355915,4625922,355915,148,148,2025-12-06,Cristian Romero,GB1,1,0,0,0,81
4665095_964426,4665095,964426,683,683,2025-12-06,Christos Mouzakitis,GR1,0,0,0,0,90
4649291_800175,4649291,800175,964,964,2025-12-06,Luiz Henrique,RU1,0,0,1,0,49
4648690_982575,4648690,982575,3329,3329,2025-12-06,Gustavo Sá,PO1,0,0,0,0,66
4648690_606752,4648690,606752,1075,1075,2025-12-06,Rodrigo Zalazar,PO1,0,0,0,0,36
4645779_938729,4645779,938729,621,621,2025-12-06,Mikel Jauregizar,ES1,1,0,0,0,90
4645779_844637,4645779,844637,13,13,2025-12-06,Marc Pubill,ES1,0,0,0,0,90
4645779_775605,4645779,775605,13,13,2025-12-06,Pablo Barrios,ES1,0,0,0,0,90
4645779_742201,4645779,742201,13,13,2025-12-06,Giuliano Simeone,ES1,0,0,0,0,90
4645779_709187,4645779,709187,621,621,2025-12-06,Nico Williams,ES1,0,0,0,1,90
4645779_616631,4645779,616631,13,13,2025-12-06,Matteo Ruggeri,ES1,0,0,0,0,28
4645779_576024,4645779,576024,13,13,2025-12-06,Julián Alvarez,ES1,0,0,0,0,66
4645779_571020,4645779,571020,621,621,2025-12-06,Oihan Sancet,ES1,0,0,0,0,82
4645779_488362,4645779,488362,13,148,2025-12-06,Conor Gallagher,ES1,1,0,0,0,45
4645779_404418,4645779,404418,13,13,2025-12-06,Dávid Hancko,ES1,0,0,0,0,90
4645778_711374,4645778,711374,681,681,2025-12-06,Jon Gorrotxategi,ES1,1,0,0,0,78
4645778_1018938,4645778,1018938,681,681,2025-12-06,Jon Martín,ES1,0,0,0,0,90
4645774_805714,4645774,805714,1050,1050,2025-12-06,Renato Veiga,ES1,0,0,0,0,90
4645774_733576,4645774,733576,1050,1050,2025-12-06,Alberto Moleiro,ES1,0,0,0,0,70
4645774_729814,4645774,729814,1050,1050,2025-12-06,Georges Mikautadze,ES1,0,0,1,0,80
4645772_962110,4645772,962110,131,131,2025-12-06,Pau Cubarsí,ES1,0,0,0,0,90
4645772_937958,4645772,937958,131,131,2025-12-06,Lamine Yamal,ES1,0,0,1,0,90
4645772_735568,4645772,735568,150,150,2025-12-06,Natan,ES1,0,0,0,0,60
4645772_724520,4645772,724520,150,150,2025-12-06,Abde Ezzalzouli,ES1,0,0,0,2,90
4645772_705395,4645772,705395,131,131,2025-12-06,Gerard Martín,ES1,1,0,0,0,63
4645772_683840,4645772,683840,131,131,2025-12-06,Pedri,ES1,0,0,0,2,63
4645772_636703,4645772,636703,131,131,2025-12-06,Fermín López,ES1,0,0,0,0,22
4635139_834397,4635139,834397,667,667,2025-12-06,Mike Penders,FR1,0,0,0,0,90
4635140_350219,4635140,350219,583,583,2025-12-06,Fabián Ruiz,FR1,0,0,0,0,19
4635139_655006,4635139,655006,667,667,2025-12-06,Diego Moreira,FR1,1,0,0,0,87
4625922_823231,4625922,823231,1148,1148,2025-12-06,Dango Ouattara,GB1,0,0,0,0,88
4634239_132098,4634239,132098,27,27,2025-12-06,Harry Kane,L1,0,0,3,0,30
4634239_1075147,4634239,1075147,27,27,2025-12-06,Lennart Karl,L1,0,0,0,0,30
4634238_939964,4634238,939964,24,24,2025-12-06,Jean-Mattéo Bahoya,L1,0,0,0,0,56
4635139_597659,4635139,597659,415,415,2025-12-06,Charlie Cresswell,FR1,0,0,0,0,90
4634238_894914,4634238,894914,23826,23826,2025-12-06,Antonio Nusa,L1,0,0,0,0,90
4634238_691892,4634238,691892,24,24,2025-12-06,Nathaniel Brown,L1,0,0,0,0,69
4634238_618472,4634238,618472,23826,23826,2025-12-06,Castello Lukeba,L1,0,0,0,0,90
4634238_404950,4634238,404950,23826,23826,2025-12-06,Nicolas Seiwald,L1,0,0,0,1,72
4634238_324278,4634238,324278,23826,23826,2025-12-06,Christoph Baumgartner,L1,0,0,1,2,67
4634238_318204,4634238,318204,23826,23826,2025-12-06,David Raum,L1,1,0,1,0,67
4634238_1390649,4634238,1390649,23826,23826,2025-12-06,Yan Diomande,L1,0,0,3,0,87
4625922_922693,4625922,922693,148,148,2025-12-06,Archie Gray,GB1,1,0,0,0,90
4625922_823486,4625922,823486,1148,1148,2025-12-06,Michael Kayode,GB1,1,0,0,0,76
4625922_739443,4625922,739443,1148,1148,2025-12-06,Igor Thiago,GB1,0,0,0,0,90
4634239_223967,4634239,223967,27,27,2025-12-06,Konrad Laimer,L1,0,0,1,0,90
4625922_717411,4625922,717411,1148,1148,2025-12-06,Yegor Yarmolyuk,GB1,1,0,0,0,76
4625922_644401,4625922,644401,1148,1148,2025-12-06,Keane Lewis-Potter,GB1,0,0,0,0,2
4625922_568693,4625922,568693,148,148,2025-12-06,Pape Matar Sarr,GB1,0,0,0,0,10
4625922_566931,4625922,566931,148,23826,2025-12-06,Xavi Simons,GB1,0,0,1,1,90
4625922_557459,4625922,557459,148,148,2025-12-06,Micky van de Ven,GB1,0,0,0,0,90
4625922_553875,4625922,553875,148,148,2025-12-06,Pedro Porro,GB1,1,0,0,0,90
4625922_543499,4625922,543499,148,148,2025-12-06,Mohammed Kudus,GB1,0,0,0,0,80
4625922_541231,4625922,541231,1148,1148,2025-12-06,Sepp van den Berg,GB1,0,0,0,0,90
4625922_540941,4625922,540941,1148,1148,2025-12-06,Mikkel Damsgaard,GB1,0,0,0,0,61
4625922_483348,4625922,483348,148,148,2025-12-06,Djed Spence,GB1,0,0,0,0,90
4625922_473050,4625922,473050,1148,1148,2025-12-06,Kevin Schade,GB1,1,0,0,0,90
4625922_469050,4625922,469050,1148,1148,2025-12-06,Nathan Collins,GB1,0,0,0,0,90
4625922_378710,4625922,378710,148,148,2025-12-06,Richarlison,GB1,0,0,1,0,90
4634239_161056,4634239,161056,27,27,2025-12-06,Joshua Kimmich,L1,0,0,0,1,90
4634238_931838,4634238,931838,24,24,2025-12-06,Hugo Larsson,L1,0,0,0,0,34
4634239_344695,4634239,344695,27,27,2025-12-06,Dayot Upamecano,L1,1,0,0,0,83
4634241_564545,4634241,564545,15,15,2025-12-06,Edmond Tapsoba,L1,1,0,0,0,90
4635139_1064871,4635139,1064871,667,667,2025-12-06,Joaquín Panichelli,FR1,0,0,0,0,90
4635135_808348,4635135,808348,826,826,2025-12-06,Mamadou Sangaré,FR1,0,0,0,0,90
4635135_743515,4635135,743515,826,826,2025-12-06,Robin Risser,FR1,0,0,0,0,90
4635135_655217,4635135,655217,826,826,2025-12-06,Samson Baidoo,FR1,0,0,0,0,90
4635135_1241207,4635135,1241207,995,995,2025-12-06,Tylel Tati,FR1,0,0,0,0,90
4634243_1168219,4634243,1168219,3,3,2025-12-06,Said El Mala,L1,0,0,1,0,82
4634242_927353,4634242,927353,60,60,2025-12-06,Johan Manzambi,L1,0,0,1,0,67
4634239_436064,4634239,436064,79,79,2025-12-06,Ramon Hendriks,L1,0,0,0,0,90
4634242_526845,4634242,526845,60,60,2025-12-06,Noah Atubolu,L1,0,0,0,0,90
4634241_905011,4634241,905011,15,15,2025-12-06,Ibrahim Maza,L1,0,0,0,0,61
4634241_718303,4634241,718303,15,1090,2025-12-06,Ernest Poku,L1,0,0,0,0,90
4634241_632349,4634241,632349,15,15,2025-12-06,Jarell Quansah,L1,1,0,0,0,45
4634242_668606,4634242,668606,60,60,2025-12-06,Yuito Suzuki,L1,0,0,0,0,23
4634241_467437,4634241,467437,15,15,2025-12-06,Malik Tillman,L1,0,0,0,0,81
4634239_654982,4634239,654982,79,79,2025-12-06,Bilal El Khannouss,L1,0,0,0,0,74
4634239_443710,4634239,443710,79,79,2025-12-06,Angelo Stiller,L1,0,0,0,0,90
4634241_1364454,4634241,1364454,15,15,2025-12-06,Christian Kofane,L1,0,0,0,0,45
4634239_480692,4634239,480692,27,27,2025-12-06,Luis Díaz,L1,1,0,0,1,90
4634239_483046,4634239,483046,27,27,2025-12-06,Josip Stanisic,L1,0,0,1,0,45
4634239_566723,4634239,566723,27,27,2025-12-06,Michael Olise,L1,0,0,0,2,90
4634239_518505,4634239,518505,79,79,2025-12-06,Jamie Leweling,L1,1,0,0,0,89
4634239_776890,4634239,776890,27,27,2025-12-06,Nicolas Jackson,L1,0,0,0,0,60
4634239_792380,4634239,792380,27,27,2025-12-06,Aleksandar Pavlovic,L1,0,0,0,0,29
4634239_822959,4634239,822959,27,27,2025-12-06,Tom Bischof,L1,1,0,0,0,45
4634239_924117,4634239,924117,79,79,2025-12-06,Finn Jeltsch,L1,0,0,0,0,1
4634240_669380,4634240,669380,82,82,2025-12-06,Konstantinos Koulierakis,L1,1,0,0,0,90
4635137_745200,4635137,745200,162,162,2025-12-05,Maghnes Akliouche,FR1,0,0,0,0,90
4648686_1138758,4648686,1138758,336,336,2025-12-05,Geovany Quenda,PO1,0,0,0,0,29
4647864_553469,4647864,553469,141,141,2025-12-05,Gabriel Sara,TR1,0,0,0,0,84
4647864_541537,4647864,541537,141,141,2025-12-05,Barış Alper Yılmaz,TR1,0,0,0,0,90
4647864_401923,4647864,401923,141,141,2025-12-05,Victor Osimhen,TR1,0,0,2,0,90
4635137_918969,4635137,918969,162,162,2025-12-05,Lamine Camara,FR1,0,0,0,0,77
4634237_643574,4634237,643574,39,39,2025-12-05,Kaishu Sano,L1,0,0,0,0,90
4635132_653610,4635132,653610,244,244,2025-12-05,Igor Paixão,FR1,0,0,0,0,80
4635132_652275,4635132,652275,1082,1082,2025-12-05,Hákon Arnar Haraldsson,FR1,0,0,0,0,84
4635132_548254,4635132,548254,1082,1082,2025-12-05,Nathan Ngoy,FR1,0,0,0,0,90
4635132_532826,4635132,532826,244,244,2025-12-05,Mason Greenwood,FR1,0,0,0,0,90
4648686_412669,4648686,412669,336,336,2025-12-05,Francisco Trincão,PO1,0,0,0,0,86
4648686_324503,4648686,324503,294,294,2025-12-05,Vangelis Pavlidis,PO1,1,0,0,0,86
4648686_735573,4648686,735573,294,294,2025-12-05,Richard Ríos,PO1,0,0,0,0,90
4648686_424784,4648686,424784,336,336,2025-12-05,Luis Suárez,PO1,1,0,0,0,86
4648686_623325,4648686,623325,294,660,2025-12-05,Georgiy Sudakov,PO1,0,0,1,0,81
4648686_426620,4648686,426620,336,336,2025-12-05,Pedro Gonçalves,PO1,1,0,1,0,61
4648686_974982,4648686,974982,336,336,2025-12-05,Ousmane Diomande,PO1,0,0,0,0,90
4648686_701979,4648686,701979,336,336,2025-12-05,Geny Catamo,PO1,0,0,0,0,90
4648686_650568,4648686,650568,294,294,2025-12-05,António Silva,PO1,0,0,0,0,90
4648686_830365,4648686,830365,336,6195,2025-12-05,Alisson Santos,PO1,0,0,0,0,4
4648686_572675,4648686,572675,336,336,2025-12-05,Maxi Araújo,PO1,1,0,0,0,90
4648686_549006,4648686,549006,336,336,2025-12-05,Gonçalo Inácio,PO1,0,0,0,0,90
4648686_537844,4648686,537844,294,294,2025-12-05,Anatoliy Trubin,PO1,0,0,0,0,90
4648686_461496,4648686,461496,336,336,2025-12-05,Morten Hjulmand,PO1,0,0,0,1,90
4625911_240306,4625911,240306,985,985,2025-12-04,Bruno Fernandes,GB1,0,0,0,0,90
4625911_480762,4625911,480762,985,985,2025-12-04,Lisandro Martínez,GB1,0,0,0,0,2
4625911_476701,4625911,476701,985,985,2025-12-04,Manuel Ugarte,GB1,0,0,0,0,13
4625911_413039,4625911,413039,985,985,2025-12-04,Bryan Mbeumo,GB1,0,0,0,0,90
4625911_357147,4625911,357147,985,985,2025-12-04,Diogo Dalot,GB1,0,0,1,0,68
4625911_346483,4625911,346483,985,985,2025-12-04,Mason Mount,GB1,0,0,0,0,12
4625911_314875,4625911,314875,379,379,2025-12-04,Jarrod Bowen,GB1,0,0,0,0,90
4612542_699704,4612542,699704,720,720,2025-12-04,Gabri Veiga,POCP,1,0,1,0,45
4625911_1111589,4625911,1111589,379,379,2025-12-04,El Hadji Malick Diouf,GB1,1,0,0,0,90
4625911_1078163,4625911,1078163,985,985,2025-12-04,Ayden Heaven,GB1,1,0,0,0,45
4612542_991268,4612542,991268,720,720,2025-12-04,Samu Aghehowa,POCP,0,0,0,0,45
4612542_756990,4612542,756990,720,720,2025-12-04,Alan Varela,POCP,0,0,0,0,64
4625911_517894,4625911,517894,985,985,2025-12-04,Matheus Cunha,GB1,0,0,0,0,77
4612542_1004725,4612542,1004725,720,720,2025-12-04,William Gomes,POCP,1,0,0,0,26
4625911_503883,4625911,503883,985,1096,2025-12-04,Senne Lammens,GB1,0,0,0,0,90
4612542_957653,4612542,957653,720,720,2025-12-04,Rodrigo Mora,POCP,1,0,0,0,45
4625911_536835,4625911,536835,985,985,2025-12-04,Amad Diallo,GB1,0,0,0,0,90
4736144_357164,4736144,357164,5,5,2025-12-04,Rafael Leão,CIT,0,0,0,0,90
4625911_880245,4625911,880245,379,379,2025-12-04,Mateus Fernandes,GB1,0,0,0,0,90
4807306_834764,4807306,834764,1049,1049,2025-12-04,Javi Guerra,CDR,0,0,0,0,48
4736144_618341,4736144,618341,398,398,2025-12-04,Mario Gila,CIT,0,0,0,0,90
4736144_608172,4736144,608172,5,5,2025-12-04,Ardon Jashari,CIT,0,0,0,0,81
4736144_522784,4736144,522784,398,379,2025-12-04,Taty Castellanos,CIT,0,0,0,0,58
4736144_465830,4736144,465830,398,398,2025-12-04,Mattéo Guendouzi,CIT,0,0,0,0,90
4736144_574671,4736144,574671,5,5,2025-12-04,Strahinja Pavlović,CIT,1,0,0,0,90
4736144_344381,4736144,344381,5,5,2025-12-04,Christopher Nkunku,CIT,0,0,0,0,26
4736144_315779,4736144,315779,5,5,2025-12-04,Christian Pulisic,CIT,0,0,0,0,9
4736143_849520,4736143,849520,1025,1025,2025-12-04,Santiago Castro,CIT,0,0,1,0,20
4736143_672381,4736143,672381,1025,244,2025-12-04,Jonathan Rowe,CIT,0,0,1,0,70
4625911_926952,4625911,926952,985,985,2025-12-04,Patrick Dorgu,GB1,0,0,0,0,22
4625911_923831,4625911,923831,985,985,2025-12-04,Leny Yoro,GB1,0,0,0,0,45
4625907_392757,4625907,392757,873,281,2025-12-03,Marc Guéhi,GB1,0,0,0,1,90
4625907_744149,4625907,744149,873,873,2025-12-03,Adam Wharton,GB1,0,0,0,0,76
4625907_730893,4625907,730893,873,873,2025-12-03,Tyrick Mitchell,GB1,0,0,0,0,90
4625907_578539,4625907,578539,873,873,2025-12-03,Chris Richards,GB1,0,0,0,0,90
4625907_568157,4625907,568157,873,1050,2025-12-03,Yéremy Pino,GB1,0,0,0,0,64
4625907_434224,4625907,434224,873,873,2025-12-03,Maxence Lacroix,GB1,0,0,0,0,90
4625907_420002,4625907,420002,873,873,2025-12-03,Jean-Philippe Mateta,GB1,0,0,0,0,64
4625906_576314,4625906,576314,1237,1237,2025-12-03,Jan Paul van Hecke,GB1,0,0,2,0,90
4625907_258919,4625907,258919,873,873,2025-12-03,Dean Henderson,GB1,0,0,0,0,90
4625907_1006411,4625907,1006411,873,873,2025-12-03,Jaydee Canvot,GB1,0,0,0,0,2
4625906_996897,4625906,996897,1237,1237,2025-12-03,Diego Gómez,GB1,1,0,0,0,90
4625906_973085,4625906,973085,1237,1237,2025-12-03,Carlos Baleba,GB1,0,0,0,0,78
4625906_867688,4625906,867688,1237,1237,2025-12-03,Jack Hinshelwood,GB1,0,0,0,2,66
4625906_700106,4625906,700106,1237,23826,2025-12-03,Brajan Gruda,GB1,0,0,0,0,77
4625909_1056993,4625909,1056993,631,631,2025-12-03,Estêvão,GB1,1,0,0,0,45
4625906_565093,4625906,565093,1237,1237,2025-12-03,Bart Verbruggen,GB1,1,0,0,0,90
4625907_842341,4625907,842341,1132,1132,2025-12-03,Maxime Estève,GB1,0,0,0,0,90
4625909_568177,4625909,568177,631,631,2025-12-03,Cole Palmer,GB1,0,0,0,0,29
4625909_284857,4625909,284857,631,631,2025-12-03,Marc Cucurella,GB1,0,0,0,0,90
4625910_433188,4625910,433188,31,31,2025-12-03,Curtis Jones,GB1,0,0,0,0,25
4625906_500689,4625906,500689,405,873,2025-12-03,Evann Guessand,GB1,0,0,0,0,86
4625910_357119,4625910,357119,31,31,2025-12-03,Ibrahima Konaté,GB1,0,0,0,0,90
4625910_349066,4625910,349066,31,31,2025-12-03,Alexander Isak,GB1,0,0,0,0,86
4625909_811779,4625909,811779,631,631,2025-12-03,Alejandro Garnacho,GB1,0,0,0,0,29
4625909_743600,4625909,743600,631,631,2025-12-03,Andrey Santos,GB1,0,0,0,0,77
4625909_670882,4625909,670882,631,631,2025-12-03,Jamie Gittens,GB1,0,0,0,1,61
4625909_648195,4625909,648195,631,631,2025-12-03,Enzo Fernández,GB1,0,0,0,0,90
4625909_626724,4625909,626724,631,631,2025-12-03,João Pedro,GB1,0,0,0,0,90
4625909_620322,4625909,620322,631,631,2025-12-03,Malo Gusto,GB1,0,0,0,0,45
4625909_610849,4625909,610849,631,631,2025-12-03,Liam Delap,GB1,0,0,0,0,61
4625909_487465,4625909,487465,631,631,2025-12-03,Pedro Neto,GB1,0,0,1,0,45
4625909_392771,4625909,392771,399,399,2025-12-03,Ethan Ampadu,GB1,0,0,0,0,90
4625909_346890,4625909,346890,399,399,2025-12-03,Noah Okafor,GB1,0,0,0,0,23
4625909_346314,4625909,346314,631,631,2025-12-03,Trevoh Chalobah,GB1,0,0,0,0,90
4625909_344069,4625909,344069,399,399,2025-12-03,Anton Stach,GB1,1,0,0,1,90
4625906_503743,4625906,503743,405,405,2025-12-03,Morgan Rogers,GB1,0,0,0,1,90
4625904_540941,4625904,540941,1148,1148,2025-12-03,Mikkel Damsgaard,GB1,0,0,0,0,29
4625906_485706,4625906,485706,405,405,2025-12-03,Amadou Onana,GB1,0,0,1,0,90
4625904_541231,4625904,541231,1148,1148,2025-12-03,Sepp van den Berg,GB1,0,0,0,0,90
